A,B
P00907,P00968
P0A6F5,P04273
P07622,P02928
P21891,P0A8P6
P0AB67,P07001
P13458,P03702
P03702,P08394
P11191,P08394
P15027,P0A7H6
P15027,P02339
P25798,P0ABZ1
P0ABZ1,P09120
P15070,P06974
P00824,P00822
P00837,P00832
P00822,P00831
P00831,P00824
P00837,P00831
P00831,P00832
P06974,P06974
P0ABZ1,P06974
P24169,P02378
P24169,P0A7P5
P15027,P03016
P03033,P03033
P21156,P23845
P11458,P10902
P09159,P09159
P07459,P07459
P07460,P07460
P07459,P07460
P77173,P06138
P0A879,P00928
P00822,P00837
P68699,P00837
P00837,P00824
P00831,P68699
P39180,P39180
P06864,P0AC73
P23721,P23721
P25437,P25437
P17547,P17547
P19926,P19926
P00561,P00561
P10177,P10177
P28629,P28629
P0AE67,P07363
P00479,P00478
P68699,P00855
P08837,P07006
P02997,P0CE47
P00274,P0A9P4
P43529,P43528
P15319,P42190
P09372,P04475
P0A6F5,P25845
P00575,P00574
P00887,P0A6F5
P25665,P0A6F5
P0A6F5,P0AEZ1
P04384,P0A6F5
P0A6F5,P09151
P0A6J5,P0A6F5
P80063,P0A6F5
P0A6F5,P0A9P0
P37190,P0A6F5
P37191,P0A6F5
P37192,P0A6F5
P08324,P0A6F5
P0A6F5,P06977
P0A6F5,P0AF24
P0A6F5,P39184
P0A6F5,P37747
P14374,P0A6F5
P0A6F5,P21155
P0A6F5,P00479
P25532,P0A6F5
P0A6F5,P76422
P0A6F5,P30139
P0A6F5,P30140
P0A6F5,P12998
P0A6F5,P00575
P0A6F5,P08374
P0A6F5,P02392
P0A6F5,P02418
P0A7V0,P0A6F5
P0A6F5,P08312
P0A6F5,P07395
P0A6F5,P00961
P00955,P0A6F5
P03003,P0A6F5
P0A6F5,P16921
P25663,P0A6F5
P09097,P0A6F5
P0A6F5,P39407
P11028,P00574
P0ACN7,P03020
P0ACN7,P0ACN7
P0A6F5,P0CE47
P00893,P0A6F5
P00574,P0A6F5
P0A6F5,P07913
P0A6F5,P33138
P0A6F5,P09372
P0A6F5,P18197
P0A6F5,P07655
P0A6F5,P23887
P0A6F5,P23306
P0ACB0,P16525
P03017,P0A6F5
P06138,P0AFZ5
P18196,P18197
P31223,P31223
P30855,P30854
P0A9I3,P0A9F6
P03032,P03032
P06996,P06996
P0AEF0,P0AEF0
P00575,P00577
P03020,P03020
P08756,P06984
P25528,P36539
P39171,P77310
P06993,P23872
P10408,P10408
P03844,P10408
P15040,P15040
P22763,P0AE67
P52094,P0AEU0
P06609,P06609
P0ACQ4,P0ACQ4
P19934,P45955
P41069,P41066
P41066,P41067
P18197,P18197
P09184,P23367
P36658,P36658
O85626,O85626
P00968,P00968
P18196,P18196
P02914,P07622
P02916,P02914
P23909,P23909
P09097,P33012
P06982,P33012
P07008,P07007
P00903,P05041
P15040,P10408
P04381,P02364
P33927,P69490
P33927,P33925
P69428,O69415
P0AFX9,P38106
P0AGB6,P38106
P0AFX9,P0AGB6
P78055,P78055
P30148,P30148
P0AFG8,P0AFG8
P24182,P24182
P16920,P03844
P03844,P33582
P16920,P16920
P00816,P00816
P00583,P00583
P19245,P19245
P0A6F5,P0A6F5
P09986,P10089
P09983,P09986
P10089,P09983
P09986,P09986
P09986,P02930
P02930,P02930
P37905,P37905
P48838,P48838
P02980,P02980
P13738,P13738
P0ACB0,P0ACB0
P0AEF0,P0ACB0
P02920,P02920
P77310,P36540
P77310,P36541
P39171,P25528
P39171,P16070
P36541,P36539
P36541,P25528
P07604,P07604
P23875,P23875
P09743,P09743
P0AB80,P0AB80
P0A9D4,P0A9D4
P07464,P07464
P0A9C5,P0A9C5
P39099,P39099
P03017,P03017
P03002,P03002
Q04230,Q04230
P08577,P08577
P02932,P02932
P02943,P02943
P02931,P19934
P0ABU9,P05829
P05829,P05829
P05825,P05825
P03004,P0ACB0
P04995,P02339
P02339,P02339
P18783,P18784
P05833,P03004
Q47523,P03004
P0ACB0,P07696
P02923,P0ACB0
P21513,P24229
P21513,P21513
P21513,P08324
P08324,P08324
P04475,P21513
P05055,P24229
P05055,P04475
P28304,P28304
P02901,P02901
P23485,P13036
P23485,P23484
P11666,P11666
P03815,P03815
P14926,P14926
P27245,P27245
P42589,P42589
P0AG18,P0AG18
P07016,P07016
P0AGG2,P0AGG2
P03020,P00574
P0A6F9,P0A6F5
P0A6F9,P0A6F9
P10485,P10484
P30749,P30749
Q46731,Q46731
P0ACR9,P0ACR9
P12281,P12281
P32173,P32173
P09148,P09148
P25520,P78083
P0A6C8,P0A6C8
P77444,P77444
P06721,P06721
P23256,P23256
P06993,P06993
P11989,P00577
P11989,P11989
P08722,P08722
P04153,P03017
P03017,P03034
P03033,P03017
P04153,P04153
P04152,P04153
P24229,P24229
P0AG20,P0AG20
P06720,P23872
P06720,P06720
P08867,P08867
P06974,P0AE67
P07017,P07017
P33582,P10408
P33582,P33582
P06136,P10408
P03844,P06136
P06136,P25714
P25714,P03623
P03623,P07019
P0AE67,P0A9H9
P11028,P11028
P06137,P06138
P03018,P23367
P22523,P22523
P36541,P36540
P05055,P08324
P11989,P08722
P08866,P08867
P06138,P06138
P02931,P02931
P0A9G8,P0A9G8
P06137,P06137
P0A9T0,P0A9T0
P23867,P23867
P12282,P12282
P0A9H9,P0A9H9
P23872,P23872
P05055,P21513
P02914,P02914
P06611,P06611
P0A8V6,P0A8V6
P23367,P23367
P23367,P23909
P23909,P06722
P23909,P03018
P31224,P31223
P19934,P05829
P0ABU9,P19934
P18783,P18783
P18784,P18784
P38489,P38489
P17117,P17117
P12282,P30748
P30748,P30749
P0A738,P0A738
P28694,P28694
P00478,P00478
P39330,P39330
P03017,P0ABR1
P06609,P06611
P36673,P36673
P38504,P38504
P46883,P46883
P77791,P77791
P04968,P04968
P0A9P4,P0A9P4
P00859,P00831
P0A6A3,P0A6A3
P02392,P02392
P00579,P00577
P00574,P00574
P00574,P00577
P08866,P08866
P07364,P07017
P22538,P22538
P00577,P08374
P08374,P00574
P0A9H9,P07363
P46003,P46003
P37309,P37309
P09147,P09147
P04425,P04425
P08338,P08338
P69428,P69428
O69415,O69415
P03017,P33596
P0AG74,P0AG74
P06999,P06999
P06998,P06998
P02342,P02342
P02342,P02341
P02341,P02341
P0AFB8,P0AFB8
P05704,P05704
P05826,P05826
P38504,P05826
P05826,P0AFB5
P06971,P06971
P30014,P30014
P68699,P68699
P75832,P15716
P19245,P15716
P15716,P15716
P33138,P33138
P19245,P33138
P00935,P00935
P0AF12,P0AF12
P02934,P07176
P06993,P23256
Q47112,Q03708
P09883,P13479
P00646,P02984
P0A6T5,P0A6T5
P06616,P33646
P33646,P33646
P0A6L4,P0A6L4
P11604,P11604
P42908,P42908
P16921,P03002
P03003,P00574
P00575,P03003
P03003,P00577
P07912,P07912
Q47454,Q47454
P61714,P61714
P23895,P23895
P19494,P19494
P37344,P37344
P27299,P27299
P00805,P00805
P00891,P00891
P13458,P0AG76
P00642,P00642
P07001,P07001
P08203,P08203
P31217,P31217
P04391,P04391
P09546,P09546
P00363,P0AC47
P0AC47,P03805
P0A8Q3,P03805
P0AC47,P0A8Q3
P00363,P03805
P0A8Q3,P0A8Q3
P19624,P19624
P37353,P37353
P0A9D2,P0A9D2
P28694,P12281
P32173,P12281
P32125,P12281
P42501,P42501
P23367,P06722
P07014,P69054
P07014,P0AC44
P0AC44,P0AC44
P10486,P10484
P10485,P10486
P07650,P07650
P00963,P00963
P0AB67,P0AB67
P0A9E0,P0A9E0
P26607,P07027
P23890,P23890
P04079,P04079
P28305,P28305
P05020,P05020
P0CF10,P0CF10
P00859,P00859
P0AC44,P69054
P03023,P03023
P15039,P15039
P15282,P15282
P11648,P11648
P25521,P25521
P27857,O69415
P08690,P08690
P08690,P08691
P10413,P10413
P0A784,P0A784
P23484,P00577
P13458,P13458
P0AG76,P0AG76
P0AFM6,P37344
P32125,P28694
P32173,P32125
P32125,P32125
P11351,P09152
P0A7Z0,P0A7Z0
P10902,P10902
P06709,P06709
P08837,P08837
P02920,P08837
P00550,P00550
P05053,P05053
P0A6A3,P08839
P12758,P12758
P00888,P00888
P05707,P05707
P08936,P08936
P07375,P07376
P07376,P07376
P03017,P07376
P07376,P02339
P07375,P02339
P80645,P80645
P80644,P80644
P37610,P37610
P00832,P68699
P00859,P68699
P00855,P00859
P00824,P00855
P00859,P00824
P00822,P00859
P00822,P00822
P08622,P00580
P00580,P04475
P08622,P04475
P06137,P04286
P06136,P06136
P10408,P16920
P03856,P03856
P06710,P00583
P20083,P20082
P27187,P18033
P02374,P07012
P30017,P30017
P13031,P13031
P10026,P10026
P02392,P02374
P03018,P03018
P24239,P24239
P06138,P18196
P18198,P18197
P09372,P08622
P09372,P00580
P02916,P07622
P38504,P0AFB5
P0AFB5,P0AFB8
P0AFB5,P04422
P0AFB5,P0AFB5
P77214,P77239
P77214,P77211
P06129,P06129
P0AFX4,P00579
P0ACH8,P00579
P0ACH8,P00574
P00574,P00579
P0ABL5,P33934
P06138,P46889
P22187,P06136
P29131,P06136
P04286,P06136
P16457,P06136
P46889,P06136
P16457,P22187
P22187,P46889
P29131,P04286
P16457,P29131
P04286,P04286
P16457,P04286
P46889,P04286
P77173,P77173
P06137,P77173
P20082,P36658
P24255,P00575
P31804,P00575
P24255,P00577
P24255,P00574
P31804,P00574
P24255,P0AFX4
P13445,P0AFX4
P00580,P0AFX4
P31804,P0AFX4
P03007,P10443
P03007,P28689
P05053,P50456
P08837,P05053
P50456,P50456
P28630,P28631
P06710,P06710
P28630,P06710
P28632,P28905
P03052,P03052
P28632,P06710
P28905,P06710
P28630,P28905
P28631,P28905
P28631,P28632
P10443,P06710
P10443,P00583
P10443,P28630
P28630,P00583
P0AFX4,P00575
P77071,P00574
P77071,P00575
P00579,P77071
P13685,P13685
P13685,P25521
P05055,P13685
P25521,P05055
P06613,P06613
P0A9E2,P00574
P20082,P46889
P46889,P20083
P22995,P22995
P20083,P20083
P20082,P20082
P45803,P45803
P50466,P50466
P17802,P17802
Q9AJ15,Q47015
Q47015,O50190
Q9AJ15,O50190
P00556,P00556
P11244,P11244
P10443,P28689
P02932,P11457
P00583,P28905
P06993,P02914
P22257,P22257
P02408,P02392
P02392,P02409
P02392,P02387
P0A7V0,P02392
P02392,P0A7W1
P02392,P02359
P02392,P02370
P02390,P02392
P02392,P02418
P02392,P02411
P02392,P02416
P02408,P02409
P02389,P02390
P02435,P02416
P02995,P02392
P02420,P60438
P02410,P02422
P02411,P02420
P02387,P02418
P02410,P60438
P02428,P02418
P02410,P02421
P02427,P02414
P02421,P02422
P02387,P02428
P02426,P02420
P02424,P0A7P5
P02352,P02369
P02379,P02369
P02370,P02375
P02359,P02367
P02369,P02363
P02366,P02379
P02379,P02358
P02379,P02374
P02374,P02358
P02420,P02390
P02419,P02423
P02436,P02427
P02349,P02374
P0A7V0,P02349
P02364,P02349
P02387,P07012
P07012,P02409
P02423,P02435
P02352,P02354
P02352,P0A7W1
P0A7W1,P02354
P02354,P02384
P02384,P0A7W1
P02363,P02420
P0A7W1,P02361
P02352,P0A7V0
P02366,P02999
P02369,P02999
P02375,P02999
P02998,P02995
P0ACE3,P08936
P0ACE3,P30017
P0ACE3,P0ACE3
P30017,P08936
P0A7V0,P02384
P02354,P02420
P02361,P02384
P02361,P02428
P02363,P02435
P02410,P02367
P02367,P02414
P02435,P02367
P02369,P02419
P02436,P02422
P29464,P29464
P39271,P39271
P39271,P0AEC8
P0A9E5,P0A9E5
P03026,P03026
P0A8S9,P0A8S9
P0ABY7,P0A8S9
P71295,P71295
P0A7E5,P0A7E5
P02419,P02420
P18196,P09557
P00577,P31804
P0AGB6,P0AFX4
P28632,P28630
P02392,P02389
P02424,P02429
P07012,P02358
P02999,P02359
P10026,P09130
P00574,P06613
P07012,P02373
P0AEZ1,P0AEZ1
P0ABR9,P0ABR9
P06710,P0ACB0
P77319,P00579
P00579,P00579
P00579,P00575
P00577,P0AFX4
P00574,P0AFX4
P0AFX4,P08374
P00575,P08374
P08374,P00579
P77071,P77071
P20083,P22995
P00579,P09377
P29209,P29209
P29210,P29210
P31658,P31658
P11457,P11457
P11457,P02934
P02934,P10408
P02369,P02375
P02367,P02998
P02374,P02998
P02995,P02369
P08936,P76179
P76179,P30017
P29131,P29131
P07006,P13031
P06710,P28631
P07294,P07294
P32159,P32159
P00583,P03007
P02436,P02384
P02416,P02430
P02995,P02999
P02422,P02367
P00579,P06134
P25537,P25537
P02392,P07012
P02354,P02361
P24182,P00583
P0A6F5,P75990
P76086,P0A9P0
P76086,P02423
P02352,P76195
P0AFG8,P76257
P76558,P76558
P02901,P21774
P76503,P77399
P30750,Q57083
P30750,P71237
P30750,P23842
P30750,P37640
P08193,P30867
P30867,P04475
P0A9F1,P30750
P30750,P06982
P16433,P30750
P30750,P39353
P30867,P02995
P14825,P30867
P60438,P30867
P30867,P02419
P02424,P30867
P24182,P30867
P02905,P24182
P08193,P24182
P16703,P24182
P04475,P08193
P15288,P08193
P08193,P36938
P08193,P27128
P02422,P08193
P08193,P02423
P76398,P08193
P31119,P02901
P02901,P30867
P02901,P0AFG8
P06959,P02901
P02901,P33224
P0AB65,P02901
P02901,Q47718
P14926,P02901
P02901,P24249
P02901,P17114
P02901,P02341
P0A9P0,P02901
P21645,P02901
P06993,P02901
P22523,P02901
P02901,P00482
P02901,P08391
P02901,P02413
P02428,P02901
P02358,P02901
P02901,P02359
P02901,P02361
P02901,P02369
P02901,P08999
P17547,P0A7V0
P00577,P05082
P17963,P33224
P33224,P02410
P02375,P33224
P28629,P28692
P28629,P77187
P75743,P28629
P77806,P05082
P33224,P33224
P06959,P33224
P33224,P04475
P0A6F5,P33224
P33224,P02384
P33224,P60438
P02420,P33224
P02422,P33224
P02423,P33224
P02428,P33224
P33224,P0A7V0
P02354,P33224
P02359,P33224
P33224,P02367
P02370,P33224
P02378,P33224
P33224,P42550
P04475,P00957
P0A7V0,P00957
P0CE47,P00957
P06959,P04395
P31064,P15770
P30858,P28688
P30858,P06612
P30858,P06967
P04422,P04475
P04422,P10408
P21889,P0A8M0
P09832,P21889
P00837,P02424
P02392,P75874
P76028,P06959
P38038,P75863
P0AFG8,P75990
P06959,P75990
P75990,P0A9P0
P02392,P75990
P75990,P33633
P76015,P76015
P15344,P76015
P76015,P37624
P07682,P76028
P76028,P02416
P76049,P0AFG8
P0AFG8,P77302
P77302,P06959
P0A9P0,P77302
P0CE47,P77302
P77574,P0A9P0
P06959,P76086
P60438,P76086
P02410,P76086
P02413,P76086
P02359,P76086
P76086,P02367
P76170,P0AFG8
P0A9P0,P76170
P52083,P76170
P04951,P76189
P77788,P03813
P77721,P0A9P0
P77704,P77202
P31456,P77704
P76195,P17963
P76195,P37692
P76195,P0A7W1
P17580,P76195
P0AFG8,P76211
P06959,P76211
P76211,P08936
P60438,P76211
P00575,P76211
P00577,P76211
P76211,P00579
P76211,P08374
P76211,P02371
P0A6F5,P76213
P06722,P76217
P77704,P77561
P77704,P02392
P76257,P0CE47
P76351,P06961
P00452,P76351
P76069,P76351
P08622,P71295
P71295,P04475
P71295,P0A6F5
P71295,P77395
P76092,P77398
P0A9P0,P76503
P76503,P17963
P00452,P76558
P77399,P04825
P76503,P02420
P76503,P02422
P76091,P76558
P43329,P76558
P02901,P10408
P75819,P75819
P04475,P77225
P06959,P77399
P24182,P45768
P00957,P00957
P75960,P77376
P65556,P31663
P24182,P04475
P02436,P08193
P02423,P02901
P02358,P33224
P75863,P17846
P02364,P76028
P02421,P76086
P77399,P77293
P76086,P02422
P02901,P39435
P75744,P02901
P02901,P42550
P32148,P02901
P28629,P02387
P02413,P28629
P42908,P02392
P33224,P0A7W1
P75960,P75869
P76028,P0AFG8
P76195,P76092
P00574,P76211
P77398,P77398
P0A7W1,P76503
P76503,P75838
P77439,P0AFG8
P05791,P30750
P02423,P30867
P60438,P24182
P08193,P13518
P28629,P07015
P37163,P33224
P77574,P06959
P76086,P02428
P02359,P76195
P22257,P76195
P06961,P76558
P02901,P17580
P00957,P76160
P75819,P17963
P77399,P0A9P0
P77225,P00583
P15877,Q46925
P36659,P15716
P36659,P0A7W1
P15716,P02410
P15716,P02429
P02422,P03815
P19245,P02408
P19245,P0CE47
P02436,P33138
P15277,P02370
P36996,P24245
P36996,P08622
P36996,P36929
P24245,P60438
P24245,P02379
P36997,P02359
P04475,P25537
P32661,P25537
P15716,P22523
P0A6F5,P19245
P60438,P15277
P36996,P02349
P05055,P36997
P0A7W1,P11876
P00475,P02420
P77333,P76558
P26282,P11989
P77700,P11989
P76092,P77254
P77254,P02387
P02388,P77254
P77254,P02411
P77254,P0A7V0
P77254,P02352
P76578,P02392
P02428,P76578
P76578,P0A7V0
P76578,P0A7W1
P76578,P02364
Q46925,Q46925
P76197,P11989
P0AFA5,P06709
P02422,P06709
P02423,P06709
P06709,P02370
P06709,P45426
P15298,P37316
P15298,P0AC69
P33361,P15298
P15298,P77645
P23892,P0AFG8
P75960,P23892
P23892,P00583
P23892,P52095
P0A9P0,P23892
P23892,P60438
P02389,P23892
P0A7V0,P23892
P23892,P02364
P23892,P10408
P75905,P23892
P02354,P25537
P0A7W1,P25537
P25537,P02371
P36659,P33224
P36659,P03815
P36659,P23304
P36659,P02999
P04384,P36659
P36659,P22523
P05054,P36659
P03002,P36659
P36659,P02387
P60438,P36659
P36659,P02388
P36659,P02389
P02390,P36659
P36659,P02418
P36659,P02392
P02425,P36659
P36659,P02429
P02436,P36659
P36659,P00577
P36659,P02349
P0A7V0,P36659
P36659,P02352
P02354,P36659
P36659,P02359
P02369,P36659
P36659,P02372
P36659,P21507
P77625,P36659
P36659,P30871
P36659,P45531
P39293,P36659
P06961,P09373
P06961,P60438
P06961,P0A7V0
P0AE67,P0AFG8
P06959,P0AE67
P0AE67,P0A9P0
P06977,P0A9H9
P15716,P26607
P04475,P15716
P15716,P14175
P15716,P15254
P15716,P03002
P15716,P16918
P15716,P60438
P02388,P15716
P02408,P15716
P15716,P00575
P15716,P00577
P02349,P15716
P15716,P02358
P02359,P15716
P15716,P02370
P02372,P15716
P02379,P15716
P15716,P30871
P42550,P15716
P03815,P77561
P33930,P03815
P0A8V0,P03815
P30855,P03815
P03815,P37330
P03815,P37005
P69829,P03815
P03815,P60438
P03815,P02410
P03815,P02423
P02429,P03815
P0A7V0,P03815
P03815,P02359
P02361,P03815
P03815,P02364
P03815,P02370
P0AGH5,P03815
P03815,P30139
P03815,P39169
P03815,P45546
P75884,P03815
P19245,P0AFG8
P42912,P19245
P76195,P19245
P76396,P19245
P19245,P04475
P19245,P77202
P19245,P21346
P19245,P09097
P19245,P03819
P08177,P19245
P19245,P04384
P19245,P00550
P19245,P09152
P19245,P19319
P19245,P03017
P17963,P19245
P19245,P03002
P02384,P19245
P19245,P60438
P19245,P02388
P19245,P02389
P19245,P02410
P19245,P02436
P00577,P19245
P0A7V0,P19245
P19245,P02358
P19245,P02359
P19245,P33635
P19245,P37163
P26427,P33138
P15716,P33138
P03815,P33138
P33138,P04475
P33138,P09372
P33138,P04384
P33138,P13519
P33138,P07655
P37759,P33138
P33138,P36540
P02370,P75960
P75960,P02378
P60438,P03020
P02392,P03020
P0A7W1,P03020
P15277,P30867
P00837,P15277
P06961,P15277
P15277,P36995
Q47130,P15277
P15277,P23304
P15277,P77202
P15277,P25521
P15277,P02342
P02341,P15277
P15277,P02384
P02388,P15277
P02392,P15277
P15277,P02419
P15277,P02420
P00574,P15277
P15277,P02352
P02354,P15277
P15277,P0A7W1
P15277,P02359
P02364,P15277
P15277,P75776
P75864,P15277
P37765,P15277
P36995,P25521
P60438,P36995
P36995,P02392
P36995,P02423
P0A7V0,P36995
P36995,P02364
P30867,P36996
P08193,P36996
P36996,P33224
P36996,P23304
P36996,P0ADI4
P25521,P36996
P43329,P36996
P36996,P02342
P02341,P36996
P0A9F9,P36996
P05055,P36996
P77243,P36996
P36996,P09546
P36996,P14374
P05824,P36996
P36996,P27129
P03002,P36996
P02384,P36996
P02387,P36996
P36996,P60438
P36996,P02389
P02418,P36996
P36996,P02410
P02419,P36996
P36996,P02420
P02422,P36996
P02423,P36996
P02424,P36996
P36996,P02425
P36996,P0A7V0
P02352,P36996
P36996,P02354
P0A7W1,P36996
P02358,P36996
P02359,P36996
P02363,P36996
P36996,P02369
P02370,P36996
P02378,P36996
P21499,P36996
P36996,P75864
P36996,P37765
P77334,P36996
P76069,P36996
P33635,P36996
P42550,P36996
P30845,P36996
P24245,P30867
P0AFG8,P24245
P24245,P37314
P24245,P11457
P02342,P24245
P24245,P05055
P24245,P03002
P02384,P24245
P02420,P24245
P02425,P24245
P02349,P24245
P24245,P0A7V0
P02352,P24245
P24245,P02354
P24245,P0A7W1
P24245,P02359
P02364,P24245
P24245,P02369
P21499,P24245
P75864,P24245
P24245,P37765
P24245,P03822
P33635,P24245
P36997,P00583
P17114,P36997
P28691,P36997
P36997,P25521
P36997,P43329
P77329,P36997
P36997,P03002
P36997,P02384
P36997,P02387
P60438,P36997
P36997,P02388
P02420,P36997
P02425,P36997
P02349,P36997
P02354,P36997
P0A7W1,P36997
P36997,P02364
P36997,P02372
P36997,P10408
P36997,P09156
P36997,P21499
P36997,P75864
P36997,P37765
P39271,P36997
P26612,Q47130
Q47130,P02384
P60438,Q47130
P02392,Q47130
Q47130,P02423
Q47130,P0A7V0
Q47130,P0A7W1
P76396,P36654
P13035,P00475
P02363,P25537
P15716,P02389
P02409,P19245
P15277,P76069
P36996,P36837
P00907,P00907
P06709,P02352
P36659,P02423
P07363,P07363
P02422,P15716
P15716,P75826
P20083,P19245
P15277,P00583
P55140,P15277
P25888,P36996
P02364,P36996
P24245,P77308
P24245,P02370
P36997,P02342
P15716,P02427
P36996,P76347
P08401,P36996
P02378,P24245
Q46877,Q46877
P02375,P25537
P02378,P25537
P02379,P25537
P36659,P04475
P36659,P21774
P36659,P02384
P36659,P02420
P02392,P15716
P15716,P02419
P0A7V0,P15716
P02354,P15716
P13458,P15716
P15716,P10408
P15716,P17580
P19245,P02420
P19245,P02422
P19245,P02428
P19245,P02429
P02372,P19245
P02392,P33138
P33138,P02429
P36995,P0AFG8
P36995,P06959
Q46848,P36995
P36997,P36995
P36995,Q47130
P36995,P00583
P36995,P08324
P36995,P00891
P36996,P75966
P24245,P24177
P04422,P24245
P36997,P24245
P23844,P24245
P02387,P24245
P24245,P02410
P00475,P37342
P06959,P11876
P11876,P02384
P11876,P02359
P11876,P02370
P06709,P13033
P08324,P25537
P36659,P36541
P10904,P36659
P02436,P15716
P15716,P02364
P03815,P77694
P19245,P02364
P10408,P19245
P19245,P10904
P03020,P02364
P0A9P0,P36995
P36997,P36996
P36996,P02388
P24245,P23304
P24245,P25397
P36997,P22256
P0AFG8,P00475
P02423,P00475
P02418,P15716
P19245,P02392
P36996,P37634
P02410,Q47130
P25537,P02369
P75960,P02352
P02354,P75960
P00475,P0A9P0
P09156,P00475
P11876,P60438
P02410,P11876
P02422,P11876
P11876,P02423
P11876,P02352
P02378,P11876
P07672,P23844
P76128,P23844
P04475,P23844
P04286,P23844
P07004,P23844
P23844,P30864
P08622,P02995
P08622,P02423
P06986,P04475
P02429,P03007
P06616,P0A7W1
P02349,P29132
P60438,P04742
P11028,P60438
P11028,P02424
P02901,P23304
P02392,P02923
P39336,P77488
P02390,P21774
P00577,P11028
P02418,P23304
P02375,P23304
P23304,P32138
P02352,P03004
P02388,P10443
P23304,P02379
P23304,P02349
P0A7W1,P0ACB0
P10443,P02410
P02422,P10443
P02349,P10443
P10443,P0A7V0
P10443,P02372
P02923,P02384
P15716,P08622
P08622,P09152
P03002,P08622
P02359,P02923
P02923,P33635
P37350,P02923
P08622,P08622
P08622,P0AFG8
P22333,P08622
P08622,P00824
P31554,P08622
P08622,P06993
P04384,P08622
P08622,P13519
P22523,P08622
P07655,P08622
P08622,P03017
P08622,P07008
P08622,P02384
P02408,P08622
P02425,P08622
P08622,P00577
P08622,P0A7V0
P08622,P0A7W1
P02369,P08622
P02370,P08622
P21507,P08622
P33636,P08622
P08622,P0CE47
P08622,P32691
P04475,P0AE22
P04475,P77730
P04475,P77228
P04475,P80063
P04475,P36541
P08177,P04475
P04475,P02418
P04475,P02436
P0A7V0,P04475
Q47622,P04475
P0CE47,P04475
P04475,P42630
P45428,P04475
P24172,P04475
P04475,P32134
P28905,P03007
P03007,P28632
P03007,P08177
P16921,P03007
P03007,P02384
P06710,P16921
P06710,P02392
P03007,P00855
P03007,P76195
P36996,P03007
P06710,P03007
P03007,P15028
P28630,P03007
P03007,P28631
P02410,P03007
P03007,P02420
P03007,P30856
P02339,P03007
P33635,P03007
P07904,P07904
P06710,P15028
P06710,P28689
P06710,P02384
P06710,P02429
P02358,P06710
P06710,P10904
P33635,P06710
P06710,P37163
P24991,P42908
P24991,P41052
P07018,P24991
P24991,P77409
P24991,P75883
P77488,P0AFG8
P17547,P77488
P77488,P15716
P08177,P77488
P07655,P77488
P03017,P77488
P03002,P77488
P04805,P08324
Q46942,P77488
P08324,P77574
P08324,P21774
P0A7W1,P08324
P08324,P77247
P06616,P08177
P0A7V0,P06616
P0CE47,P06616
P38506,P04475
P30867,P18391
P76214,P18391
P18391,P23304
P07019,P18391
P18391,P02342
P04384,P18391
P18391,P02387
P02420,P18391
P02349,P18391
P18391,P0A7V0
P18391,P0A7W1
P18391,P02359
P02363,P18391
P02369,P18391
P18391,P02374
P22257,P18391
P18391,P0CE47
P04475,P39435
P29132,P76573
P75864,P29132
P00962,P21774
P08177,P21774
P21774,P02384
P02387,P21774
P60438,P21774
P21774,P02408
P21774,P02410
P21774,P02420
P21774,P02423
P02349,P21774
P0A7V0,P21774
P21774,P02352
P15716,P07019
P0A7W1,P21774
P02359,P21774
P21774,P0CE47
P04475,P11604
P23243,P11604
P11604,P0A7V0
P0ACR7,P11604
P0AFG8,P32177
P32177,P06959
P0A9P0,P32177
P14825,P32177
P32177,P0A7V0
P0AFG8,P24183
P13024,P24183
P24183,P0CE47
P07019,P17547
P07019,P08177
P07019,P04384
P07019,P02384
P07019,P02388
P07019,P02408
P07019,P02354
P0A7W1,P07019
P02366,P07019
P0CE47,P07019
P04742,P06959
P04742,P02387
P02410,P04742
P02420,P04742
P02422,P04742
P04742,P02423
P02425,P04742
P02428,P04742
P04742,P02352
P02354,P04742
P02359,P04742
P04742,P02372
P04742,P02374
P04742,P02378
P11028,P02410
P02420,P11028
P11028,P02423
P23243,P15716
P0A7V0,P11028
P0A7W1,P11028
P11028,P02364
P11028,P30139
P39311,P0ADI4
P11244,P39311
P77327,P39311
P45523,P76440
P45523,P00907
P45523,P77432
P33224,P23243
P23243,P00583
P23243,P27433
P08177,P23243
P23243,P09550
P39174,P0A6F5
P75767,P39174
P30871,P39174
P00379,P39401
P00379,P16659
P00379,P02410
P46130,P00379
P80645,P00379
P31474,P00379
P08192,P77783
P76111,P00363
P00363,P0CF93
P04475,P0ADI4
P00583,P29132
P0A7W1,P04742
P24285,P24285
P08622,P02358
P77488,P0CE47
P45523,P10378
P02923,P16921
P08622,P02364
P02408,P04475
P24991,P31804
P08324,P04475
P02384,P18391
P02418,P21774
P32177,P39171
P02369,P11028
P51024,P39174
P02423,P03004
P02420,P08622
P02354,P21774
P11028,P02342
P02408,P29132
P02388,P23304
P23304,P02390
P21507,P23304
P23304,P07459
P23304,P75864
P37765,P23304
P23304,P33635
P30871,P23304
P23304,P37634
P02339,P10443
P04790,P10443
P10443,P0CE47
P10443,P77806
P37653,P10443
P28302,P04475
P27896,P04475
P37095,P04475
P16659,P04475
P04475,P02388
P04475,P02390
P02392,P03007
P24991,P37312
P24991,P37181
P24991,P21179
P13519,P77488
P29132,P37163
P15716,P21774
P21774,P07019
P21774,P02389
P07019,P0A7V0
P04742,P02361
P02370,P04742
P04475,P11028
P39311,P21166
P0AFG8,P23304
P37192,P08622
P08622,P02424
P04475,P02420
P02436,P03007
P03007,P0CE47
P24991,P75978
P38506,P0A7V0
P29132,P02364
P21774,P21774
P02388,P21774
P11028,P02388
P11028,P02421
P02436,P11028
P42617,P39174
P04475,P14926
P03002,P29132
P02358,P04742
P23304,Q46829
P25516,P24991
P23844,P03818
P23844,P32718
P30867,P23304
P23304,P76502
P04287,P23304
P08622,P23304
P0AEG1,P23304
P23304,P30854
P22937,P23304
P23304,P43329
P23304,P02342
P02341,P23304
P02384,P23304
P23304,P02387
P23304,P60438
P23304,P02409
P23304,P02410
P02414,P23304
P02416,P23304
P02419,P23304
P02420,P23304
P23304,P02422
P02423,P23304
P23304,P02424
P23304,P02425
P23304,P02427
P23304,P02428
P23304,P0A7V0
P23304,P02352
P23304,P02354
P0A7W1,P23304
P02358,P23304
P02359,P23304
P02361,P23304
P23304,P02363
P23304,P02364
P02366,P23304
P23304,P02369
P23304,P02370
P23304,P02371
P23304,P02372
P23304,P02374
P02378,P23304
P23304,P0AGM7
P21499,P23304
P23304,P75825
P23304,P77499
P27251,P02388
P27251,P08390
P02384,P24285
P24285,P00574
P03004,P03004
P03004,P21889
P06961,P03004
P03004,P08401
P03004,P08622
P0A9P0,P03004
P03004,P18843
P02387,P03004
P60438,P03004
P03004,P02388
P03004,P02392
P03004,P02411
P03004,P02413
P03004,P02414
P02424,P03004
P03004,P02425
P02428,P03004
P03004,P0A7V0
P0A7W1,P03004
P03004,P02359
P03004,P02363
P02364,P03004
P03004,P02369
P02370,P03004
P02378,P03004
P0CE47,P03004
P76193,P03004
P0AFG8,P0ACB0
P0ACB0,P77732
P39264,P0ACB0
P0ACB0,P10121
P0ACB0,P00923
P02384,P0ACB0
P0ACB0,P02388
P02392,P0ACB0
P0ACB0,P02413
P0ACB0,P02424
P02429,P0ACB0
P0A7V0,P0ACB0
P00561,P0ACB0
P0ACB0,P0CE47
P10443,P0AFG8
P22106,P10443
P10443,P04475
P28631,P10443
P10443,P28905
P28632,P10443
P10443,P37024
P10443,P0A9P0
P33593,P10443
P16919,P10443
P10443,P02384
P60438,P10443
P10443,P02392
P10115,P0A6F5
P02359,P10115
P37192,P06138
P06977,P04475
P06977,P00579
P21346,P00955
P33666,P09372
P06982,P23304
P00575,P23852
P02418,P25521
P25521,P02425
P25521,P10408
P06984,P02389
P28630,P33195
P52137,P10115
P09097,P07655
P02384,P25521
P08756,P02361
P02418,P11457
P00960,P02352
P02392,P28630
P28630,P02414
P28630,P02436
P28630,P02352
P28631,P38038
P02384,P28631
P02364,P28631
P28631,P10408
P10904,P28631
P28905,P76257
P15716,P28905
P21168,P21168
P21168,P17963
P21168,P0CE47
P02352,P21168
P06137,P08193
P36654,P06137
P06137,P08622
P06137,P04475
P13519,P06137
P06137,P16921
P02392,P06137
P30856,P06137
P06137,P42632
P0CE47,P06137
P10115,P77658
P10115,P13652
P10115,P02387
P02409,P10115
P02414,P10115
P02419,P10115
P02422,P10115
P02423,P10115
P10115,P0A7W1
P02363,P10115
P02364,P10115
P10115,P02372
P10115,P13458
P10115,P0CE47
P10115,P07024
P06959,P28692
P15716,P28692
P28692,P07019
P28692,P08177
P28692,P02384
P28692,P60438
P02388,P28692
P28692,P02408
P0A7V0,P28692
P28692,P02354
P28692,P0A7W1
P02359,P28692
P28692,P0CE47
P0AFG8,P46889
P04475,P06138
P02996,P06138
P02914,P06138
P06138,P13519
P06138,P07655
P06138,P03017
P06138,P02389
P06138,P0A7V0
P0A7W1,P06138
P06138,P02364
P06138,P10408
P06138,P0CE47
P0A9P0,P11555
P02392,P11555
P11555,P02410
P33129,P02996
P02996,P18843
P61887,P02996
P06977,P16244
P02996,P0CE47
P02996,P39263
P28302,P80063
P02339,P80063
P28302,P28302
P28302,P36879
P06977,P37191
P06977,P00574
P00575,P06977
P76092,P37188
P06961,P37188
P37192,P04475
P37192,P0CE47
P27433,P06138
P03002,P27433
P0AFG8,P17113
P06959,P17113
P17113,P31224
P17113,P02995
P0A9P0,P17113
P30011,P17113
P0A7V0,P17113
P17169,P08622
P17169,P02423
P21166,P17169
P17169,P76093
P33366,P17169
P17114,P0A7V0
P00575,P05826
P05826,P22257
P37163,P05826
P08401,Q59384
Q59384,P04475
Q59384,P0A6F5
P09832,P09831
P02410,P00960
P23865,P00960
P02388,P00960
P02390,P00960
P00960,P02423
P02428,P00960
P0A7V0,P00960
P0A7W1,P00960
P00960,P02369
P00960,P0CE47
P0AFG8,P21346
P17547,P21346
P21346,P00968
P33138,P21346
P04475,P21346
P21346,P06977
P02387,P21346
P21346,P02388
P21346,P02389
P21346,P02408
P02410,P21346
P21346,P00574
P00575,P21346
P21346,P00577
P21346,P0A7W1
P21346,P02359
P02364,P21346
P21346,P77391
P33635,P21346
P30128,P60438
P00574,P30128
P30128,P00575
P00577,P30128
P30128,P0A7V0
P0A7W1,P30128
P09372,P77145
P33930,P09372
P09372,P52600
P09372,P0ADI4
P30854,P09372
P33235,P09372
P80063,P09372
P09372,P28302
P09372,P04384
P09372,P02392
P09372,P02420
P13519,P09097
P06982,P00961
P06982,P04384
P06982,P20083
P02408,P06982
P06982,P02424
P06982,P0A7V0
P0CE47,P06982
P15038,P02905
P15038,P00824
P31803,P15038
P04475,P15038
P28302,P15038
P15038,P06977
P15038,P02995
P15038,P02422
P15038,P02349
P15038,P02359
P04790,P15038
P0CE47,P15038
P23852,P76464
P23852,Q47153
P03003,P23852
P23852,P60438
P23852,P00577
P23852,P0A7W1
P77196,P23852
P25661,P28691
P28691,P32679
P02388,P28691
P28691,P02392
P02359,P28691
P33224,P25521
P25537,P25521
P25521,P31803
P25521,P23304
P25521,P08622
P25521,P04475
P08324,P25521
P43329,P25521
P25521,P02342
P25521,P02341
P08177,P25521
P25521,P21645
P32679,P25521
P25521,P03002
P21513,P25521
P02388,P25521
P02421,P25521
P02422,P25521
P25521,P02423
P02428,P25521
P25521,P00574
P25521,P02349
P25521,P0A7V0
P02352,P25521
P25521,P02354
P25521,P0A7W1
P02358,P25521
P25521,P02374
P25521,P17580
P25521,P19675
P25521,P22257
P0CE47,P25521
P21499,P25521
P25521,P75864
P25521,P37765
P25521,P33635
P25521,P30871
P02384,P06984
P06984,P60438
P06984,P02354
P08756,P19933
P02342,P08756
P08756,P02341
P08756,P03003
P08756,P02384
P08756,P02387
P08756,P60438
P02388,P08756
P08756,P02389
P02410,P08756
P02413,P08756
P02414,P08756
P08756,P02420
P08756,P02422
P02423,P08756
P02424,P08756
P08756,P02429
P08756,P02436
P02352,P08756
P02354,P08756
P0A7W1,P08756
P02358,P08756
P02359,P08756
P08756,P02369
P08756,P02375
P08756,P39160
P08756,P42550
P02413,P11457
P11457,P02420
P11457,P02422
P11457,P02423
P02369,P11457
P0AFG8,P08936
P08936,P76092
P08936,P02342
P08936,P00490
P08936,P15977
P02423,P08936
P02425,P08936
P00575,P08936
P00577,P08936
P0A7V0,P08936
P10408,P08936
P28630,P28630
P02905,P28630
P24182,P28630
P28630,P76100
P02995,P28630
P28630,P29014
P03002,P06137
P11555,P02423
P03002,P21346
P25521,P02387
P08756,P37163
P80063,P80063
P09372,P08555
P33195,P15038
P75830,P28630
P28630,P33341
P06137,P0AFG8
P22333,P06138
P07672,P02996
P37192,P07649
P17169,P00957
P76552,P17169
P02414,P00960
P21346,P10408
P09372,P02388
P04384,P09097
P02392,P15038
P02422,P28691
P06984,P0A7V0
P00577,P08756
P11457,P02425
P28630,P04475
P02423,P28630
P10115,P29209
P06977,P00577
P21346,P25665
P36681,P06982
P24184,P28630
P09372,P02436
P0A7V0,P09372
P09372,P28690
P30139,P09372
P07019,P09097
P09097,P06138
P09097,P00961
P06982,P09097
P14377,P09097
P09097,P0A9P0
P25845,P15038
P0A6F5,P15038
P15038,P09373
P11665,P15038
P08839,P15038
P15038,P60438
P15038,P02388
P06137,P02421
P02422,P06137
P0A7V0,P06137
P33635,P06137
P06137,P23850
P02429,P10115
P0A7V0,P10115
P02996,P07639
P02996,P76204
O32528,P02996
P0A9I1,P02996
P37192,P06993
P76160,P04805
P00960,P08622
P00960,P02420
P00960,P02372
P21346,P37191
P06981,P21346
P09372,P02359
P06959,P09097
P09097,P22333
P09097,P15716
P09097,P08622
P04475,P09097
P03017,P09097
P03002,P09097
P09097,P0A7V0
P0CE47,P09097
P37349,P09097
P09097,P39308
P25521,P11457
P25521,P02392
P02410,P25521
P25521,P02413
P02420,P25521
P25521,P00577
P25521,P02359
P02369,P25521
P02372,P25521
P11457,P00961
P04804,P11457
P02389,P11457
P11457,P02410
P21499,P11457
P08936,P02339
P22257,P08936
P28631,P28631
P60438,P28631
P28631,P02408
P28631,P02428
P02372,P28631
P77395,P28631
P77574,P28905
P17963,P10115
P28692,P02423
P25522,P17112
P17113,P02410
P00960,P02422
P0A7V0,P21346
P06982,P39404
P23852,P00574
P00575,P25521
P14081,P25521
P07639,P08756
P17580,P11457
P28630,P09372
P28631,P0AFG8
P06137,P02409
P09097,P02914
P25521,P60438
P37095,P28630
P02420,P28905
P02342,P00490
P24191,P13030
P21517,P29209
P16528,P06959
P16528,P02361
P0A9P0,P08142
P02999,P02349
P37326,Q47130
P02392,P17579
P04475,P04951
P0CE47,P04951
P29210,P0A9P0
P02999,P02409
P17579,P04951
P28905,P04475
P28905,P15043
P28905,P02388
P28905,P02392
P28905,P02423
P28905,P02428
P28905,P02429
P28905,P10408
P06612,P28905
P28632,P76092
P02392,P28632
P28632,P02410
P28632,P02422
P28632,P00577
P28689,P04475
P08936,P28689
P13029,P28689
P02384,P28689
P28689,P02392
P02358,P28689
P28689,P02339
P28689,P06612
P06959,P43329
P0A9P0,P43329
P0A7V0,P43329
P02352,P43329
P0A7W1,P43329
P43329,P02369
P37024,P06959
P0A9P0,P37024
P37024,P02392
P02387,P28905
P36541,Q46797
P37095,P36541
P36541,P02408
P02392,P36541
P36541,P02421
P10408,P36541
P10904,P36541
P77329,P10413
P10413,P15005
P37095,P10413
P10413,P02387
P10413,P02436
P10413,P02358
P02359,P10413
P10904,P10413
P52052,P10413
P04475,P02342
P15977,P02342
P00574,P02342
P02342,P37765
P02341,P11028
P02341,P06984
P02341,P11457
P08936,P02341
P02341,P15977
P00582,P02341
P02341,P02359
P36658,P02341
P36767,P02341
P21165,P37181
P02392,P37181
P37181,P02428
P0A7V0,P37181
P02364,P37181
P02370,P37181
P37181,P0CE47
Q46847,P37183
Q57451,P0AFG8
P0A9P0,Q57451
Q47149,Q57451
P16431,P24191
P24191,P77329
P24192,P24191
P24191,P02359
P24191,P22257
P24193,P24192
P0A6F5,P24192
P24192,P0CE47
P29209,P15716
P37188,P29209
P29209,P37192
P29209,P31217
P29210,P29209
P02995,P29209
P29209,P0A9P0
P29209,P02914
P29209,P06993
P04384,P29209
P13519,P29209
P29209,P06996
P29209,P09373
P05055,P29209
P29209,P23865
P29209,P16659
P29209,P07655
P29209,P00575
P00577,P29209
P29209,P02349
P0A7V0,P29209
P02358,P29209
P29209,P02359
P29209,P0CE47
P29209,P28242
P39177,P29209
P75794,P29209
P36660,P29209
P29209,P39398
P37192,P29210
P16528,P16528
P02388,P16528
P02914,P29210
P06993,P29210
P13519,P29210
P07655,P29210
P24194,P24194
P24194,P0A6F5
P16528,P17963
P16528,P02384
P16528,P02410
P16528,P02421
P02422,P16528
P02423,P16528
P16528,P02425
P16528,P0A7V0
P16528,P0A7W1
P02370,P16528
P0A9P0,P39346
P39346,P13030
P00956,P0CE47
P77734,P00956
P39336,P00956
P08142,P00923
P08142,P02392
P27300,P08142
P02995,P30750
P02995,P04475
P02995,P09372
P25539,P02995
P02995,P60438
P02410,P02995
P02995,P02436
P25537,P02999
P33930,P02999
P04287,P02999
P02999,P02341
P02999,P02387
P60438,P02999
P02999,P02388
P02999,P02389
P02418,P02999
P02999,P02408
P02410,P02999
P02413,P02999
P02414,P02999
P02999,P02420
P02999,P02421
P02999,P02422
P02999,P02423
P02999,P02425
P02436,P02999
P02999,P02352
P02354,P02999
P02999,P0A7W1
P02999,P02358
P02361,P02999
P02999,P02363
P02999,P02364
P02999,P02370
P02372,P02999
P02374,P02999
P02999,P02378
P02379,P02999
P02999,P33635
P42550,P02999
P02999,P77499
P75960,P39171
P04475,P39171
P39171,P23931
P39171,P37618
P04475,P22939
P77609,P22939
P22939,P33221
P22939,P60438
P22939,P02409
P02392,P22939
P22939,P02410
P02436,P22939
P02364,P22939
P17579,P76539
P09097,P17579
P17579,P02342
P17579,P04384
P0A6F5,P17579
P17579,P14376
P17579,P17963
P60438,P17579
P02388,P17579
P02389,P17579
P17579,P02390
P17579,P02418
P17579,P02410
P02411,P17579
P02420,P17579
P02422,P17579
P17579,P02423
P17579,P02425
P17579,P02426
P17579,P02428
P17579,P02436
P17579,P0A7V0
P02352,P17579
P02354,P17579
P0A7W1,P17579
P17579,P02363
P02364,P17579
P02366,P17579
P17579,P02369
P02370,P17579
P02378,P17579
P17579,P0CE47
P75683,P17579
P17579,P32139
P04951,P02349
P22333,P29209
P37774,P39346
P32053,P06959
P77216,P17579
P77329,P0A6F5
P02358,P16528
P76555,P22939
P28905,P17888
P10413,P00577
P02341,P60438
P29209,P24205
P29210,P28302
P28688,P00956
P02999,P76092
P0A7V0,P02999
P22188,P17579
P02359,P17579
P33635,P28689
P16528,P02359
P06959,P37326
P28689,P10904
P28905,P27249
P28689,P28905
P75969,P28905
P08177,P28905
P02436,P28905
P0A7V0,P28905
P28905,P0A7W1
P28905,P02364
P28905,P02370
P04995,P28905
P28905,P14294
P37634,P28905
P28632,P28689
P28632,P15043
P02428,P28632
P10408,P28632
P28632,P02339
P14294,P28632
P28630,P28689
P28689,P28631
P02424,P28689
P0A7V0,P28689
P28689,P02364
P02372,P28689
P43329,P02418
P43329,P02349
P02359,P43329
P43329,P02375
P43329,P33635
P75862,P10413
P76236,P10413
P00490,P02341
P00574,P02341
P29209,P03815
P08622,P29209
P29209,P08324
P29209,P06138
P29209,P80063
P37187,P29209
P19930,P00956
P02925,P00956
P02410,P08142
P08142,P0A7V0
P02995,P00892
P00634,P02995
P02371,P02999
P0A7V0,P22939
P04951,P08622
P04951,P02341
P37095,P04951
P02388,P04951
P04951,P02409
P02392,P04951
P28905,P02339
P43329,P0AFG8
P02429,P10413
P37181,P02423
P29209,P37024
P29210,P22333
P16528,P02369
P0AFG8,P08142
P02392,P02999
P37326,P0A9P0
P17579,P02384
P60438,P28905
P28632,P60438
P00824,P29209
P32130,P32053
P17579,P33635
P60438,P07813
P39178,P02392
P02410,P39178
P39178,P02423
P08177,P02339
P21645,P07023
P14825,P02996
P00490,P0A9P0
P02420,P00490
P15032,P07906
P04384,P03017
P0A738,P02428
P0A6F5,P09152
P13519,P16921
P31120,P0CE47
P0CE47,P22523
P0A7V0,P23282
P02421,P21645
P08324,P14825
P14825,P52083
P15005,P15005
P02996,P13519
P31120,P02364
P22523,P02392
P23282,P23282
P0ADI4,P23282
P23282,P22188
P23282,P02384
P23282,P02389
P23282,P02410
P23282,P02420
P02421,P23282
P23282,P02422
P02423,P23282
P23282,P02436
P02428,P33232
P07813,P02409
P0AFG8,P15042
P02392,P15042
P15042,P36767
P15042,P77212
Q46924,P39178
P23282,P0A7W1
P23282,P02364
P22188,P23875
P23875,P60438
P23875,P02388
P23875,P02392
P0A7W1,P23875
P04379,P23875
P00960,P33232
P25531,P33232
P33232,P17963
P33232,P02423
P08205,P07682
P07682,P75830
P07682,P76054
P77524,P07682
P15032,P07682
P07682,P02388
P07682,P02418
P02410,P07682
P02423,P07682
P07682,P02425
P0A7W1,P07682
P02358,P07682
P07682,P02359
P02364,P07682
P07682,P76037
P07682,P33025
P31461,P07682
P02388,P07813
P07813,P02392
P03033,P0A7W1
P21645,P15042
P15042,P16926
P15042,P15032
P0A7V0,P15042
P39178,P0AFG8
P08177,P39178
P04422,P21645
P76160,P21645
P77429,P21645
P21645,P00962
P23830,P21645
P21645,P02387
P02422,P21645
P08177,P78055
P08177,P60438
P08177,P02418
P02410,P08177
P02422,P08177
P08177,P02423
P08177,P0A7V0
P02352,P08177
P08177,P02361
P33666,P08177
P08177,P39336
P32099,P10377
P32099,P45579
P10441,P02420
P0A7V0,P10441
Q46925,P21645
P36659,P21645
P21645,P33930
P17963,P21645
P21645,P03002
P40679,P21645
P60438,P21645
P21645,P02388
P02418,P21645
P21645,P02392
P02410,P21645
P02413,P21645
P21645,P02414
P21645,P02420
P21645,P02423
P02425,P21645
P02354,P21645
P21645,P0A7W1
P21645,P02359
P02361,P21645
P02364,P21645
P02372,P21645
P21645,P02374
P02378,P21645
P21645,P33635
P42550,P21645
P21645,P39291
P12995,P13030
P13030,P15877
P14825,P13030
P24223,P13030
P13030,P09377
P16916,P13030
P13030,P11868
P13030,Q46802
P13030,P39315
P14825,P0AFG8
P17547,P14825
P14825,P76185
P14825,P76504
P03815,P14825
P14825,P36996
P11096,P14825
P14825,P00583
P77733,P14825
P14825,P80063
P14825,P28302
P06977,P14825
P21179,P14825
P00861,P14825
P14825,P0A6F5
P14825,P02387
P14825,P02352
P14825,P02359
P14825,P02364
P14825,P09156
P0CE47,P14825
P32057,P14825
P30849,P14825
P14825,P77169
P14825,P33633
P02418,P00490
P39833,P14825
P37662,P14825
P22565,P0A6F5
P02388,P22565
P02392,P22565
P00490,P06959
P05055,P00490
P02384,P00490
P00490,P60438
P02388,P00490
P00490,P02423
P42550,P00490
P31574,P06993
P06993,P52613
P06993,P04384
P07655,P06993
P03002,P06993
P06993,P02420
P76161,P00946
P00946,P18196
P75864,P00946
P00946,P45748
P02428,P08186
P07906,P23304
P02388,P07906
P07906,P02418
P07906,P02392
P02410,P07906
P07906,P02420
P02423,P07906
P02424,P07906
P07906,P02436
P0A7V0,P07906
P0A7W1,P07906
P02378,P07906
P33646,P52084
P33646,P0A6F5
P27290,P02370
P04384,P13519
P0A6F5,P30745
P17963,P27290
P04384,P00960
P04384,P07655
P10408,P04384
P30958,P11867
P30958,P24178
P30745,P06982
P30745,P02422
P30745,P02359
P30745,P32052
P0CE47,P30745
P02384,P0A738
P0A738,P02420
P02392,P30748
P02423,P32173
P06998,P12281
P12282,P04475
P28694,P04475
P28694,P09097
P0AFG8,P0A6F5
P0A6F5,P03815
P04475,P0A6F5
P0A6F5,P08177
P05021,P0A6F5
P0A6F5,P77395
P0A6F5,P76010
P0A6F5,P28638
P24172,P0A6F5
P04475,P0A6F9
P00583,P0A6F9
P0A6F9,P0AEL6
P02996,P0A6F9
P0A6F9,P10413
P0A6F9,P13519
P0A6F9,P17963
P0A7V0,P0A6F9
P77504,P0A6F9
P13519,P13519
P03017,P31120
P31120,P02409
P13519,P37188
P00960,P13519
P13519,P03819
P14825,P13519
P02914,P13519
P18197,P13519
P0A6F5,P13519
P09152,P13519
P33599,P13519
P13519,P02934
P13519,P06996
P13519,P05055
P13519,P07655
P03017,P13519
P13519,P60438
P13519,P02389
P13519,P00577
P02358,P13519
P13519,P10408
P24554,P13519
P0CE47,P13519
P13519,P39177
P13519,P30977
P37163,P13519
P77645,P13519
P24202,P24202
P17952,P31120
P16921,P31120
P31120,P02392
P02410,P31120
P02423,P31120
P0A7V0,P31120
P0A7W1,P31120
P31120,P11666
P09424,P23847
P09424,P0ADI4
P09424,P77504
P22523,P22524
P22523,P36567
P22523,P20082
P22523,P60438
P02388,P22523
P28909,P76387
P04286,P28909
P17952,P17952
P17952,P04475
P08373,P17952
P16921,P17952
P02423,P22523
P36567,P36567
P28909,P39099
P23852,P28909
P37095,P28909
P02388,P28909
P02409,P28909
P02392,P28909
P28909,P02410
P02423,P28909
P28909,P0A7V0
P0CE47,P28909
P46837,P28909
P52600,P08373
P76069,P08373
P08373,P42593
P17952,P76175
P25845,P17952
P07813,P33129
P10441,P31054
P09373,P14825
P07906,P02364
P0A6F9,P30856
P22523,P02410
P32681,P04951
P08177,P08177
P21645,P37765
P0CE47,P06993
P32125,P30749
P76119,P09424
P33232,P0A7V0
P08177,P02421
P14825,P00913
P06993,P0A6F5
P02428,P07906
P32165,P32165
P76195,P13519
P00575,P13519
P22523,P02372
P02392,P23282
P02436,P21645
P02423,P0A738
P00490,P02410
P0A7V0,P07682
P02424,P07813
P0A7V0,P07813
P07813,P02364
P02372,P07813
P07813,P76245
P02359,P08177
P10441,P33226
P10441,P0CE47
P21645,P21645
P02409,P21645
P13030,P77399
P02418,P14825
P14825,P02425
P02426,P14825
P14825,P00575
P00577,P14825
P14825,P0A7V0
P08186,P02423
Q59431,P07906
P76245,P07906
P07906,P76398
P42550,P07906
P77791,P07906
P04475,P04384
P0A6F9,P33666
P13519,P30867
P13519,P22333
P00824,P13519
P13519,P03815
P13519,P04475
P03002,P13519
P22523,P02428
P22523,P0A7V0
P22523,P02352
P0A7W1,P22523
P02359,P22523
P02364,P22523
P02364,P28909
P77741,P04951
P04951,P39271
P07813,P15042
P39178,P02422
P39178,P02364
P21645,P0A7V0
P16244,P00861
P14825,P02366
P02422,P00490
P13519,P06993
P31806,P15005
P37192,P13519
P31120,P31120
P22524,P36567
P07813,P07906
P02410,P10441
P21645,P08622
P11665,P14825
P02372,P07906
P0A6F9,P22257
P02387,P22523
P22523,P02419
P21645,P02352
P0CE47,P17952
P22523,P11880
P33938,P39184
P50465,P02354
P12638,P06959
P09168,P06977
P25742,P20082
P20083,P10408
P29745,P32130
P00582,P11880
P00582,P33666
P15040,P17288
P16921,P02358
P02420,P17288
P00583,P24233
P00482,P02388
P14900,P37127
P45751,P14900
P00907,P22188
P22188,P13029
P17952,P02392
P0A7V0,P17952
P37669,P17952
P17952,P39328
P15034,P22188
P22188,P05055
P22188,P0A7V0
P22188,P37764
P76069,P22188
P11880,P62066
P11880,P15035
P17443,P23482
P02409,P17443
P17443,P02410
P17443,P02420
P22634,P02409
P33937,P45567
P33938,P06959
P09152,P0CE47
P11351,P0AA91
P04825,P19318
P22188,P17443
P17443,P02392
P17443,P76586
P16921,P22634
P22634,P02392
P22634,P0CE47
P04475,P23367
P02349,P23367
P04475,P17802
P17802,P02996
P77398,P18843
P52043,P18843
P0AFG8,P33937
P33937,P0A9P0
P31663,P33937
P33937,P02428
P33937,P02370
P33937,P07024
P33938,P0A6F5
P02424,P33938
P77482,P33938
P09152,P03017
P17963,P09152
P11349,P09152
P0CE47,P11349
P11349,P42593
P06959,P11351
P0A9P0,P11351
P11351,P11349
P11351,P19318
P02934,P11351
P15034,P11351
P11351,P02392
P19317,P09152
P11349,P19317
P19317,P19318
P24233,P09160
P50465,P0A6F5
P32679,P50465
P02388,P50465
P50465,P02422
P02428,P50465
P32679,P06959
P32679,P06984
P08756,P32679
P08936,P32679
P02342,P32679
P32679,P02341
P32679,P0A9P0
P00490,P32679
P0A6F5,P32679
P60438,P32679
P02388,P32679
P02392,P32679
P02358,P32679
P02359,P32679
P02369,P32679
P32679,P02371
P32679,P02374
P36767,P32679
P12638,P08177
P12638,P00490
P12638,P10408
P0AFG8,P33593
P04475,P33593
P33593,P0A6F5
P02387,P33594
P02352,P33594
P02359,P33594
P10408,P33594
P33594,P21507
P00452,P00452
P00452,P13519
P00452,P07004
P0CE47,P00452
P00453,P04475
P00583,P00453
P0AFG8,P0AFC0
P04475,P0AFC0
P0A9P0,P0AFC0
P03003,P06128
P02384,P03003
P03003,P02387
P60438,P03003
P03003,P02388
P02420,P03003
P02423,P03003
P02425,P03003
P00579,P03003
P03003,P00580
P03003,P08374
P03003,P02352
P03003,P02354
P03003,P0A7W1
P03003,P02359
P03003,P28242
P04381,P60438
P02410,P04381
P0A7V0,P04381
P04381,P02354
P77338,P16921
P16921,P75830
P77398,P16921
P23304,P16921
P16921,P08622
P16921,P23852
P16921,P23830
P16921,P02387
P16921,P02388
P16921,P02389
P02392,P16921
P16921,P02423
P02424,P16921
P02428,P16921
P00574,P16921
P00575,P16921
P16921,P00577
P16921,P0A7V0
P16921,P02352
P0A7W1,P16921
P02359,P16921
P16921,P02370
P16921,P02372
P16921,P10408
P16921,P37678
P16921,P45567
P0AFG8,P09168
P31663,P31057
P21155,P31663
P20082,P09097
P0A9P0,P20082
P20082,P13519
P20082,P11880
P02392,P20082
P20082,P02423
P20082,P02427
P20082,P02436
P20082,P0A7V0
P20082,P02364
P10408,P20082
P20082,P30856
P76092,P20083
Q46889,P20083
P20083,P52106
P20083,P11549
P20083,P02388
P20083,P0A7V0
P02339,P20083
P36679,P20083
P33220,P20083
P20083,P45476
P20083,P31448
P20083,P77031
P37095,P24249
P04475,P15288
P15344,P15288
P15288,P15034
P32666,P37095
P04825,P77329
P0CE47,P29745
P71243,P29745
P30958,P07395
P19673,P07395
P32715,P07395
P08402,P08402
P15344,P15034
P29745,P02996
P32666,P29745
P09373,P29745
P07004,P29745
P04790,P29745
P04790,P09373
P09373,P22992
P02418,P11665
P02370,P11665
P11665,P02378
P08312,P37011
P08312,P39176
P07395,P08312
P07395,P76237
Q46841,P07395
P00482,P03002
P02387,P00482
P60438,P00482
P00482,P02390
P00482,P02418
P00482,P02409
P00482,P02392
P02410,P00482
P00482,P02413
P02423,P00482
P02425,P00482
P00482,P02428
P00482,P02436
P00482,P0A7V0
P00482,P02352
P00482,P02354
P02363,P00482
P02364,P00482
P00482,P21507
P00482,P0CE47
P37765,P00482
P05055,P02425
P00582,P06959
P77182,P00582
P00490,P00582
P02392,P00582
P02420,P18133
P02423,P18133
P0A7V0,P18133
P02342,P05055
P04384,P05055
P05055,P03017
P02384,P05055
P05055,P02387
P02389,P05055
P02390,P05055
P02418,P05055
P05055,P02410
P05055,P02422
P02423,P05055
P02371,P05055
P02374,P05055
P21507,P05055
P05055,P37765
P00582,P11028
P00582,P08936
P00582,P43329
P00582,P02342
P00582,P0A9P0
P04384,P00582
P00582,P02388
P02410,P00582
P00582,P02428
P00574,P00582
P00582,P00575
P00582,P00577
P0A7V0,P00582
P30856,P00582
P00582,P31461
P76458,P17288
P04475,P17288
P00583,P17288
P13029,P17288
P17288,P0A6F5
P02388,P17288
P02418,P17288
P17288,P02410
P02423,P17288
P17288,P02428
P17288,P0A7V0
P17288,P02352
P17288,P0A7W1
P17288,P02359
P17288,P02361
P02370,P17288
P17288,P02378
P30856,P17288
P22257,P17288
P0CE47,P17288
P17288,P75750
P17288,P37623
P13519,P00453
P02413,P05055
P30130,P17443
P23482,P22188
P22564,P11880
P42593,P19318
P07024,P31663
P20083,P76015
P33024,P18133
P00582,P0CE47
P09832,P11880
P19318,P11349
P02370,P50465
P02354,P33594
P02413,P03003
P02364,P16921
P20082,P02410
P00482,P02420
P05055,P02375
P60438,P17288
P02370,P32679
P00914,P32679
P02425,P17443
P17443,P02436
P0A7V0,P17443
P17443,P33666
P33635,P17443
P02341,P50465
P0A9P0,P50465
P02420,P32679
P02428,P32679
P00574,P32679
P32679,P0A7W1
P00453,P0CE47
P0AFG8,P20625
P0A9P0,P20625
P0AFG8,P03003
P02995,P03003
P03003,P08338
P03003,P0CE47
P06959,P09168
P0A9P0,P09168
P0A6F5,P09168
P31663,P04475
P33633,P09373
P11665,P04475
P08324,P11665
P11665,P25521
P05055,P11665
P21513,P11665
P0A9P0,P00482
P00482,P02361
P00574,P05055
P05055,P02352
P05055,P02354
P0A7W1,P05055
P05055,P02359
P02369,P05055
P02364,P17288
P17952,P39263
P11880,P76339
P22634,P0A7V0
P19318,P09152
P19319,P11349
P50465,P30856
P12638,P0A9P0
P20625,P02424
P0A7W1,P04381
P06959,P20082
P02934,P37095
P04825,P0A6F5
P11665,P02358
P00482,P0A7W1
P05055,P02378
P17963,P17288
P17288,P02411
P17443,P02342
P00453,P16917
P21599,P09373
P05055,P02388
P05055,P02416
P24233,P04475
P32052,P33998
P23830,P77241
P09152,P07655
P0AB89,P02423
P29464,P02422
P24210,P22333
P02423,P14374
P07648,P08394
P08394,P0A7V0
P02372,P24229
P25539,P02354
P21513,P21168
P02364,P21513
P07004,P0AFG8
P23830,P0A7V0
P37188,P29464
P04475,P14374
P08193,P25539
P30867,P39159
P39159,P08193
P07012,P02341
P07012,P20083
P07012,P00574
P17288,P37163
P28691,P23869
P39159,P02388
P02409,P39159
P39159,P02392
P02410,P39159
P02359,P39159
P33360,P39159
P37339,P39159
P28688,P06959
P07011,P76049
P30844,P07011
P07011,P03805
P07011,P71229
P07011,P07022
P27242,P07011
P31667,P07011
P77374,P07012
P76440,P07012
P07012,P33930
P07012,P02342
P07012,P00582
P24235,P07012
P07012,P02423
P07012,P0A7V0
P07012,P0A7W1
P07012,P02364
P06982,P33998
P33998,P06998
P07004,P16659
P07004,P18273
P25718,P28637
P28637,P27299
P28637,P02409
P76069,P28637
P28637,P33924
Q46840,P07004
P07004,P16676
P07004,P00583
P21645,P07004
P07004,P10904
P33356,P07004
P0AFG8,P16659
P00583,P16659
P05055,P23830
P23830,P60438
P02392,P23830
P23830,P02422
P02349,P23830
P23830,P02352
P23830,P02354
P0A7W1,P23830
P23830,P02359
P23830,P02370
P25437,P07655
P30010,P07655
P07655,P37192
P16918,P07655
P07655,P0CE47
P07655,P75954
P08622,P39184
P0CE47,P39184
P33930,P23932
P23932,P22565
P0A6F5,P23932
P23932,P02388
P23932,P02409
P23932,P02423
P0AB89,P76069
P21155,P06961
P21155,P04475
P21155,P30854
P21155,P15344
P21155,P30015
P21155,P02392
P21155,P22257
P31463,P21155
P21599,P04475
P21599,P00583
P21599,P23930
P21599,P19642
P21599,P22257
P52052,P21599
P29464,P76272
P23891,P29464
P29464,P15716
P04475,P29464
P02996,P29464
P29464,P37187
P29464,P37191
P29464,P08936
P29464,P02342
P29464,P02341
P07652,P29464
P29464,P0A6F5
P03017,P29464
P03002,P29464
P02384,P29464
P60438,P29464
P02388,P29464
P29464,P02389
P02418,P29464
P29464,P02409
P29464,P02392
P29464,P02410
P02424,P29464
P29464,P02427
P02436,P29464
P02349,P29464
P0A7V0,P29464
P02352,P29464
P0A7W1,P29464
P29464,P02359
P02364,P29464
P02372,P29464
P10408,P29464
P29464,P30856
P29464,P30137
P29464,P33635
P28304,P04475
P23892,P24210
P24210,P04475
P02342,P24210
P16429,P24210
P24210,P60438
P24210,P02388
P02389,P24210
P02410,P24210
P02420,P24210
P02421,P24210
P24210,P02422
P24210,P02423
P24210,P02424
P24210,P0A7V0
P02358,P24210
P02359,P24210
P02369,P24210
P02370,P24210
P77215,P14374
P14374,P77808
P14374,Q46811
P14374,P03020
P14374,P33231
P14374,P52097
P14374,P39168
P14374,P00582
P28637,P14374
P14374,P02389
P02418,P14374
P02420,P14374
P14374,P02428
P00574,P14374
P14374,P02352
P02354,P14374
P02364,P14374
P02379,P14374
P37007,P14374
P14374,P80645
P14374,P38134
P33666,P14374
P29688,P14374
P14374,P37655
P14374,P75882
P39838,P14374
P08394,P0AFG8
P08394,P06959
P0A9P0,P08394
P0AFG8,P04993
P04993,P0A9P0
P15032,P15032
P0A6F5,P03016
Q47706,P03016
P24230,P06959
P0AFG8,P21893
P08622,P21893
P04475,P21893
P03024,P21893
P21893,P0A9P0
P21893,P09424
P00647,P21893
P02388,P21893
P02423,P21893
P02428,P21893
P21893,P02372
P21893,P04995
P02339,P21893
P21893,P14294
P21893,P0CE47
P02384,P24229
P42550,P21893
P06612,P15043
P16703,P17963
P17963,P04475
P17963,P11454
P17963,P60438
P17963,P02413
P02420,P17963
P02359,P17963
P10408,P17963
P17963,P33225
P76069,P17963
P17963,P0ADI9
P37657,P17963
P0A6F5,P37745
P24229,P0AFG8
P24229,P04475
P24229,P08324
P60438,P24229
P24229,P02418
P24229,P02409
P24229,P02410
P24229,P02420
P24229,P02422
P02423,P24229
P02428,P24229
P02358,P24229
P02378,P24229
P03002,P43675
P03002,P38051
P60438,P03002
P24199,P22763
P00824,P24199
P24199,P78093
P39830,P24199
P02905,P25539
P0A6F5,P25539
P76577,P25539
P02388,P25539
P25539,P02389
P42902,P25539
P76172,P25539
P08550,P25539
P24217,P25539
P25539,P02342
P61714,P25539
P25539,P60438
P0A7V0,P25539
P25539,P02359
P08391,P0AFG8
P04993,P08391
P80668,P61714
P61714,P41074
P17963,P61714
P60438,P61714
P02388,P61714
P61714,P02410
P61714,P02421
P02422,P61714
P61714,P02423
P02436,P61714
P61714,P0CE47
P61714,P33353
P30850,P05797
P21513,P23304
P21513,P21774
P21513,P02384
P21513,P02387
P60438,P21513
P21513,P02388
P02392,P21513
P0A7W1,P21513
P21513,P02379
P02392,P23932
P0A6F5,P04993
P02354,P24229
P21513,P02418
P05852,P07012
P23830,P75864
P24182,P25539
P21513,P02358
P17288,P32705
P0A9P0,P28688
P07012,P39301
P28637,P36554
P08365,P39184
P0AFG8,P0AB89
P08622,P29464
P02419,P29464
P24210,P02429
P14374,P02410
P15032,P0AFG8
P17963,P75829
P42550,P03002
P25539,P31070
P0A7W1,P30850
P07012,P32704
P02379,P23830
P02420,P29464
P39177,P29464
P04993,P08394
P24229,P02359
P02359,P21513
P23869,P16918
P37659,P23869
P02420,P39159
P39159,P02423
P02429,P39159
Q46833,P07011
P23932,P02428
P02436,P23932
P23932,P0A7V0
P23932,P02364
P23932,P0CE47
P75832,P23932
P42550,P29464
P24210,P02414
P02436,P24210
P14374,P05826
P05824,P76104
P15043,P0AFG8
P15043,P06959
P0A9P0,P15043
P02428,P15043
P15043,P02370
P15043,P02339
P02364,P24229
P03002,P02388
P03002,P02392
P03002,P0A7V0
P03002,P0CE47
P25539,P02420
P02422,P25539
P21513,P02410
P02422,P21513
P02423,P21513
P21513,P02424
P21513,P02425
P21513,P0A7V0
P21513,P02352
P21513,P02354
P39159,P02424
P07012,P75959
P19675,P33998
P02424,P23830
P23830,P33635
P0A7V0,P0AB89
P02387,P29464
P02423,P29464
P02387,P24210
P60438,P14374
P21893,P06959
P17963,P77268
P24229,P02352
P24229,P02375
P08391,P24177
P02372,P21513
P21513,P02378
P11553,P23869
P02410,P23932
P28242,P29464
P04993,P07648
P24229,P0A7W1
P02409,P21513
P00647,P02378
P06277,P02420
P06959,P30014
P02388,P00577
P06959,P00574
P00574,P02372
P00575,P75776
P00577,P02413
P00579,P02995
P13445,P00577
P02363,P0A7W1
P0A7W1,P02364
P18197,P10408
P14081,P39184
P32052,P02428
P06959,P00647
P32661,P04475
P02424,P02420
P00575,P0A7W1
P04475,P08577
P21507,P21513
P0CE47,P21513
P21513,P21499
P75864,P21513
P37765,P21513
P21513,P33635
P21513,P76594
P00647,P02342
P00490,P00647
P00647,P17888
P00647,P15043
P00647,P02387
P02428,P00647
P00647,P02352
P0A7W1,P00647
P00647,P02363
P00647,P02370
P00647,P04995
P02339,P00647
P06612,P00647
P14294,P00647
P42550,P00647
P06277,P06959
P06277,P23304
P06277,P02342
P0A9P0,P06277
P06277,P23830
P06277,P03002
P06277,P02384
P06277,P02387
P60438,P06277
P06277,P02388
P06277,P02390
P06277,P02418
P02409,P06277
P02392,P06277
P06277,P02410
P06277,P02411
P06277,P02413
P02414,P06277
P02416,P06277
P06277,P02419
P02421,P06277
P02422,P06277
P02423,P06277
P06277,P02425
P02429,P06277
P06277,P0A7V0
P02352,P06277
P02354,P06277
P06277,P02359
P06277,P02364
P06277,P02366
P06277,P02369
P02379,P06277
P17580,P06277
P75864,P06277
P06277,P75946
P06277,P37765
P06277,P33635
P00583,P32661
P32661,P08324
P32661,P16456
P05704,P32661
P76069,P32661
P31063,P32661
P32661,Q46839
P32661,P45543
P0CG19,P04475
P0CG19,P13519
P09152,P0CG19
P03017,P0CG19
P0CG19,P17963
P0CE47,P0CG19
P37351,P02408
P02392,P37351
P37351,P02436
P02388,P02996
P02388,P37191
P09373,P02388
P02384,P02388
P02388,P02387
P02388,P02389
P02390,P02388
P02388,P02408
P02388,P02410
P02388,P02416
P02388,P02423
P02388,P02425
P02388,P0A7V0
P02352,P02388
P02388,P02354
P0A7W1,P02388
P02359,P02388
P02388,P02364
P02366,P02388
P02369,P02388
P10408,P02388
P02388,P21507
P21499,P02388
P02424,P02389
P02390,P02424
P02424,P02418
P02424,P02408
P02419,P02424
P02422,P02424
P02424,P02423
P02425,P02424
P02426,P02424
P02428,P02424
P02436,P02424
P02424,P02352
P10408,P02424
P00574,P0AFG8
P21889,P00574
P00574,P03002
P00574,P02384
P02387,P00574
P00574,P60438
P02388,P00574
P02389,P00574
P02392,P00574
P00574,P02410
P00574,P02413
P02420,P00574
P00574,P02422
P02424,P00574
P02425,P00574
P00574,P02427
P00574,P02349
P0A7V0,P00574
P00574,P02352
P02354,P00574
P0A7W1,P00574
P02358,P00574
P00574,P02359
P02364,P00574
P00574,P02369
P02370,P00574
P00574,P02371
P00574,P02375
P00574,P02378
P02379,P00574
P00574,P27836
P00824,P00575
P00575,P76008
P00575,P77611
P06961,P00575
P00575,P0AAE0
P00575,P06613
P00575,P02342
P23367,P00575
P00575,P07655
P00575,P03002
P00575,P02387
P02388,P00575
P02358,P00575
P00575,P02370
P00575,P02379
P10408,P00575
P00575,P38684
P0CE47,P00575
P00575,P45567
P00575,P75694
P60872,P00575
P00577,P77759
P00577,P0AA49
P22255,P00577
P77609,P00577
P0AC23,P00577
P06983,P00577
P00577,P02342
P00577,P00490
P02387,P00577
P00577,P60438
P02418,P00577
P00577,P02416
P00577,P02420
P00577,P02423
P00577,P02425
P02352,P00577
P02354,P00577
P00577,P02359
P00577,P02364
P02369,P00577
P02372,P00577
P00577,P32689
P30867,P00579
P03002,P00579
P00579,P02384
P00579,P02387
P00579,P02388
P00579,P02392
P00579,P02413
P02420,P00579
P02422,P00579
P02423,P00579
P00579,P02428
P02349,P00579
P0A7V0,P00579
P02352,P00579
P00579,P02354
P00579,P0A7W1
P02358,P00579
P02359,P00579
P00579,P76367
P02392,P00580
P00580,P00574
P00577,P00580
P00580,P02354
P02384,P13445
P08186,P13445
P00574,P13445
P13445,P0A7V0
P08374,P04475
P08374,P16921
P02387,P08374
P08374,P02392
P08374,P02424
P0A7V0,P08374
P08374,P02359
P08374,P02364
P02369,P08374
P02378,P08374
P17580,P08374
P08374,P30139
P22257,P08374
P42590,P08374
P77212,P08374
P09097,P0A7W1
P06982,P0A7W1
P0A7W1,P60438
P02349,P0A7W1
P0A7V0,P0A7W1
P02359,P0A7W1
P02367,P0A7W1
P0A7W1,P02369
P02375,P0A7W1
P02378,P0A7W1
P0CE47,P0A7W1
P0A7V0,P33918
P02354,P33918
P02363,P33918
P33918,P02364
P33918,P02369
P02372,P33918
P03815,P08577
P10408,P37191
P02999,P10408
P02423,P10408
P15040,P08177
P60438,P14081
P14081,P02423
P21499,P14081
P08577,P03002
P0A7V0,P08577
P08577,P02364
P76092,P13458
Q46877,P10408
P12996,P10408
P04475,P10408
P10408,P33898
P10408,P09348
P10408,P02409
P02392,P10408
P10408,P0A7V0
P15040,P16244
P0AFG8,P14081
P06959,P14081
P14081,P08622
P03002,P14081
P02384,P14081
P02387,P14081
P14081,P02388
P14081,P02418
P02392,P14081
P14081,P02410
P02413,P14081
P14081,P02420
P14081,P02421
P14081,P02422
P02425,P14081
P02428,P14081
P14081,P02352
P14081,P02354
P02359,P14081
P14081,P02378
P14081,P21507
P37765,P14081
P33635,P14081
P09156,P03016
P09156,P33030
P09156,P37908
P37652,P09156
P09156,P39296
P33643,P21165
P41076,P30856
P02342,P30856
P30856,P02341
P24190,P30856
P0AAH4,P30856
P09156,P30856
P31130,P30856
P43337,P30856
P30856,P33633
P30856,P37655
P32052,P33224
P32052,P15716
P32052,P09097
P32052,P06982
P32052,P11457
P02342,P32052
P02341,P32052
P32052,P02995
P32052,P00490
P02390,P32052
P02410,P32052
P32052,P02425
P32052,P02349
P0A7V0,P32052
P06277,P0A7W1
P02388,P30871
P00575,P24211
P08622,P08577
P0CG19,P08622
P14081,P23721
P00647,P0A9P0
P28688,P06277
P02349,P06277
P0CG19,P07655
P02411,P02388
P02428,P00574
Q46814,P00575
P02378,P00575
P00580,P28304
P08374,P23852
P30856,P39306
P02352,P32052
P13519,P00574
P02410,P00577
P02358,P0A7W1
P02372,P0A7W1
P04475,P23721
P02424,P02388
P31119,P10408
P02361,P06277
P06277,P02363
P02370,P06277
P06277,P02371
P02372,P06277
P06277,P02374
P02388,P60438
P02384,P02424
P02424,P02387
P60438,P02424
P02424,P02409
P02424,P02392
P02424,P02413
P23830,P00574
P02414,P00574
P00575,P02409
P00575,P02392
P00575,P02423
P02436,P00575
P00575,P00580
P00575,P13445
P00575,P02352
P04475,P24255
P24255,P08186
P02388,P24255
P24255,P02410
P24255,P45464
P33918,P45525
P0CE47,P10408
P75791,P10408
P75838,P10408
P25745,P10408
P0A7W1,P14081
P14081,P02358
P32052,P20082
P00647,P0AFG8
P06277,P15716
P02378,P06277
P02410,P02424
P27242,P00574
P02436,P00574
P00575,P02364
P00577,P02414
P00579,P37095
P02422,P0A7W1
P10408,P03002
P02426,P14081
P02349,P14081
P06277,P02358
P00574,P36996
P00575,P25539
P00577,P0A7W1
P60438,P00580
P0A6F5,P08577
Q46906,P00577
P02420,P17580
P02423,P17580
P02366,P17580
P02428,P02339
P02354,P02339
P25663,P52084
P19675,P23304
P19675,P02420
P25522,P02342
P23839,P00955
P25527,P06612
P14294,P0A9P0
P33633,P04790
P0CE47,P04384
P37440,P06998
P17580,P02428
P15082,P02424
P02339,P20082
P05100,P0AFG8
P02349,P00955
P02369,P06612
P02997,P33128
P0A7W1,P32052
P10408,P32052
P14081,P32052
P32052,P22525
P32052,P76367
P32052,P33635
P23304,P17580
P17580,P43329
P02342,P17580
P17580,P22523
P02387,P17580
P17580,P60438
P02388,P17580
P17580,P02418
P17580,P02392
P02410,P17580
P17580,P02413
P17580,P02416
P02341,P15082
P02384,P21507
P02339,P75697
P00577,P17580
P02349,P17580
P17580,P0A7V0
P02352,P17580
P17580,P02358
P02361,P17580
P17580,P02363
P02364,P17580
P17580,P02367
P02370,P17580
P02372,P17580
P17580,P02374
P17580,P02378
P17580,P19396
P15082,P76092
P15082,P04475
P10377,P15082
P15082,P02342
P09373,P15082
P15082,P02387
P60438,P15082
P15082,P02388
P02389,P15082
P02410,P15082
P02413,P15082
P02419,P15082
P15082,P02421
P02422,P15082
P02423,P15082
P15082,P02429
P02436,P15082
P02349,P15082
P15082,P0A7V0
P15082,P0A7W1
P21507,P02387
P21507,P02392
P02424,P21507
P02425,P21507
P21507,P0A7V0
P02352,P21507
P0CE47,P21507
P21507,P75864
P37765,P21507
P02339,P04475
P02339,P09097
P02339,P02342
P02339,P00490
P02339,P46022
P02339,P31061
P02339,P02388
P17888,P02339
P02339,P24230
P02339,P02387
P02339,P60438
P02339,P02392
P02339,P02420
P02339,P02423
P02339,P00574
P02339,P02364
P02339,P02379
P02339,P10408
P30856,P02339
P25522,P02339
P14294,P02339
P02339,P0CE47
P77398,P02339
P33635,P02339
P04475,P05838
P05838,P09373
P05838,P02418
P00574,P05838
P00575,P05838
P00577,P05838
P09156,P05838
P05838,P30139
P05838,P18199
P77400,P05838
P25663,P15716
P10443,P25663
P04475,P25663
P25663,P03002
P02388,P25663
P02359,P25663
P25663,P77216
P37127,P25663
P07015,P25662
P25845,P07015
P07015,P07016
P07016,P0A9P0
P77717,P07016
P07016,P76316
P21202,P17334
P04968,P21202
P0A9P0,P21202
P02392,P21202
P02370,P21202
P21202,P76069
P19675,P0AFG8
P02429,P05100
P0A7W1,P05100
P09156,P05100
P11868,P37747
P19675,P06959
P02342,P19675
P02341,P19675
P60438,P19675
P19675,P02418
P02392,P19675
P19675,P02422
P19675,P02423
P02425,P19675
P0A7W1,P19675
P19675,P02359
P02367,P19675
P02370,P19675
P19675,P32052
P19675,P75864
P37765,P19675
P33635,P19675
P25522,P25522
P0AFG8,P25522
P25522,P11876
P24991,P25522
P25522,P0A9P0
Q60150,P25522
P25522,P60438
P25522,P02388
P02410,P25522
P02358,P25522
P25522,P02359
P02364,P25522
P25522,P02370
P36637,P25522
P10408,P25522
P25522,P75904
P00955,P04475
P08324,P00955
P29209,P00955
P00955,P32661
P02384,P00955
P60438,P00955
P00955,P02418
P02410,P00955
P00955,P02420
P00955,P02423
P00955,P0A7V0
P0A7W1,P00955
P02358,P00955
P02359,P00955
P00955,P02364
P02369,P00955
P00955,P02370
P00955,P02378
P00955,P77558
P00955,P42550
P22257,P04422
P76149,P22257
P76208,P22257
P41074,P22257
P00861,P22257
P22257,P02424
P22257,P02429
P02349,P22257
P37345,P02392
P00913,P04475
P06612,P06959
P00957,P06612
P06612,P75830
P06612,P02342
P02341,P06612
P37647,P06612
P06612,P0A9P0
P23830,P06612
P21893,P06612
P06612,P27243
P27292,P06612
P02387,P06612
P60438,P06612
P02410,P06612
P02420,P06612
P02423,P06612
P06612,P02428
P02436,P06612
P00574,P06612
P06612,P00575
P06612,P00577
P08374,P06612
P06612,P0A7W1
P02359,P06612
P06612,P37765
P14294,P06959
P02392,P14294
P04475,P04790
P06612,P02378
P21507,P06612
P06612,P02339
P14294,P06612
P06612,P0A9U3
P14294,P0AFG8
P33930,P14294
P30146,P14294
P14294,P02342
P14294,P04993
P14294,P15043
P60438,P14294
P14294,P02388
P14294,P02408
P14294,P02410
P14294,P02420
P02422,P14294
P14294,P02423
P02425,P14294
P14294,P0A7V0
P04790,P14825
P02428,P04790
P00574,P04790
P04790,P0A7V0
P04790,P36979
P0AFG8,P23003
P21513,P23003
P02392,P23003
P23003,P33995
P00954,P02410
P02423,P00954
P0A7V0,P00954
P00954,P0A7W1
P33636,Q46966
P33636,P25524
P33636,P13031
P33636,P02927
P33636,P14900
P33636,P33666
P07118,P0CE47
P00944,P0CE47
P30977,P0CE47
P02997,P0A7W1
P0CE47,P37009
P0CE47,P77552
P39177,P0CE47
P00951,P04475
P00951,P10408
P07016,P00951
P00951,P45955
P06959,P26602
P17993,P02423
P17963,P25534
P37440,P13030
P45468,P37440
P08390,P16921
P21599,P08390
P08390,P02392
P08390,P00577
P08390,P02352
P08390,P0CE47
P39179,P08390
P43672,P25553
P76440,P43672
P13030,P43672
P02354,P17580
P02339,P00575
P02384,P19675
P60438,P22257
P14294,P02428
P15082,P15082
P25663,P25663
P75786,P25522
P06612,P00490
P0CE47,P24181
P76069,P43672
P17580,P02359
P21507,P02423
P30856,P25663
P06612,P08936
P52108,P06612
P02436,P14294
P33636,P04475
P43672,Q47536
P17580,P02419
P02425,P02339
P19675,P02416
P06959,P07604
P05829,P17580
P37765,P17580
P17580,P37768
P15082,P76064
P15082,P33635
P05838,P54745
P05838,P14825
P0A6F5,P05838
P0A9P0,P07015
P19675,P02388
P19675,P02410
P19675,P02428
P00575,P19675
P25522,P02423
P25522,P02436
P25522,P0A7V0
P22257,P02428
P22257,P0A7V0
P22257,P0A7W1
P22257,P02359
P22257,P0ACQ7
P22257,Q47319
P31441,P22257
P14294,P02352
P14294,P0A7W1
P14294,P02370
P02372,P14294
P14294,P77319
P14294,P46133
P32702,P14294
P02428,P26602
P27851,P0A9P0
P08390,P00574
P08390,P00575
P02370,P32052
P17580,P02422
P02425,P17580
P17580,P21507
P02436,P02339
P07015,P60438
P19675,P02421
P19675,P02349
P37653,P19675
P25522,P09997
P06612,P02352
P02364,P06612
P0ADI4,P04790
P02997,P36560
P17580,P0A7W1
P15082,P02384
P00577,P02339
P02387,P19675
P02388,P22257
P0AFG8,P26602
P14294,P02429
P02342,P21499
P02374,P21499
P60438,P45567
P45567,P30856
P02409,P45571
P04475,P39177
P39177,P0A6F5
P77349,Q46877
P77349,P02369
P46889,P75767
P02413,P75829
P02370,P03018
P23845,P36681
P02341,P45571
P15716,P77319
P08999,P02424
P06974,P75849
P08531,P03018
P03018,P08936
P02341,P03018
P03018,P02392
P03018,P02410
P02423,P03018
P03018,P30750
P03018,P30867
P03018,P0AFG8
P03018,P42902
P03018,Q46812
P15716,P03018
P15723,P03018
P03018,P11028
P02342,P03018
P0A9P0,P03018
P03018,P00490
P03018,P04825
P03018,P43671
P03018,P60438
P03018,P02424
P02429,P03018
P00575,P03018
P03018,P0A7V0
P0A7W1,P03018
P03018,P02358
P03018,P02359
P10408,P03018
P03018,P19675
P07027,P0A9P0
P02392,P07027
P77319,P07027
P21499,P06961
P21499,P06984
P02999,P21499
P21499,P36938
P21499,P02384
P02387,P21499
P02390,P21499
P02418,P21499
P21499,P02410
P02411,P21499
P21499,P02413
P02414,P21499
P21499,P02421
P21499,P02422
P21499,P02423
P21499,P02424
P21499,P02425
P21499,P02349
P02352,P21499
P21499,P02354
P21499,P0A7W1
P02358,P21499
P02359,P21499
P21499,P02366
P21499,P02370
P02371,P21499
P30871,P21499
P02901,P21891
P21891,P22523
P76168,P04994
P09030,P0AFG8
P09030,P06959
P0A9P0,P09030
P09030,P00490
P60438,P18595
P02392,P18595
P02364,P18595
P09097,P36681
P45567,P77398
P45567,P03020
P45567,P52084
P06975,P45567
P00891,P45567
P45567,P25521
P45567,P03003
P45567,P05055
P45567,P14175
P45567,P02387
P45567,P02410
P45567,P02411
P02413,P45567
P02414,P45567
P45567,P02416
P02422,P45567
P45567,P02423
P02428,P45567
P00574,P45567
P08374,P45567
P02349,P45567
P45567,P0A7V0
P02352,P45567
P02354,P45567
P0A7W1,P45567
P02358,P45567
P45567,P02364
P45567,P02366
P45567,P02367
P02369,P45567
P02370,P45567
P45567,P02378
P45567,P39177
Q46872,P45567
P06959,P27305
P27305,P30861
P27305,P02392
P52143,P27305
P08531,P28635
P77808,P28635
P31577,P28635
P28635,P75691
P28635,P75885
P77482,P00583
P02364,P25538
P77756,P02364
P17577,P23304
P77377,P17577
P17577,P39164
P25538,P25538
P25538,P76578
P25538,P00961
P02422,P25538
P25538,P52647
P76042,P37175
P08331,P37175
P0A9P0,P37175
P37175,P02392
P0A7V0,P37175
P02364,P37175
P37175,P24250
P37175,P23524
P77756,P33224
P77756,P04475
P77756,P33938
P77756,P02392
P76417,P77756
P02342,P75707
P75707,P13030
P75707,P27246
P02384,P75707
P75707,P02408
P75707,P02392
P0A7V0,P75707
P02364,P75707
P77804,P75707
P75707,P55135
P00583,P77395
P28689,P77395
P77734,P77734
P77734,P02342
P02384,P77734
P02387,P77734
P77734,P02419
P77734,P02420
P77734,P02422
P77734,P02425
P0A7W1,P77734
P02359,P77734
P06959,P45571
P45571,P33224
P23304,P45571
P45571,P08324
P45571,P0A9P0
P45571,P05055
P23830,P45571
P24229,P45571
P45571,P21513
P45571,P02384
P45571,P60438
P45571,P02388
P45571,P02390
P45571,P02418
P45571,P02392
P02410,P45571
P02416,P45571
P45571,P02419
P45571,P02421
P45571,P02423
P45571,P02436
P00574,P45571
P45571,P00577
P45571,P02349
P0A7V0,P45571
P02352,P45571
P0A7W1,P45571
P02358,P45571
P02363,P45571
P77349,P39199
P02422,P75829
P75829,P02378
P75829,P37765
P45526,P45526
P23891,P45526
P75829,P02425
P75829,P02428
P75829,P02429
P75829,P02436
P00577,P75829
P02349,P75829
P75829,P0A7V0
P02352,P75829
P75829,P02354
P75829,P0A7W1
P75829,P02358
P02375,P75829
P0CE47,P75829
P75829,P21499
P45526,P33934
P45526,P23859
P32135,P45526
P77554,P75849
P02361,P21499
P45567,P02379
P75829,P02359
P23830,P21499
P46474,P27305
P77279,P0A6F5
P39177,P08622
P75838,P32721
P06959,P03018
P02372,P21499
P00577,P45567
P0A9P0,P27305
P02392,P25538
P77756,P33633
P77395,P77395
P45571,P08622
P45571,P02425
P02392,P05848
P23304,P77349
P77349,P02428
P02354,P08999
P75829,P02423
P75829,P02392
P21499,P0A7V0
P21499,P02369
P21499,P02378
P21499,P02379
P19675,P21499
P21499,P75864
P36857,P0CE47
P02367,P77734
P77734,P02369
P77734,P02370
P02371,P77734
P02342,P45571
P45571,P02420
P21499,P45571
P45571,P77482
P75864,P45571
P45571,P32130
P02390,P77349
P02418,P77349
P02408,P77349
P77349,P02392
P02410,P77349
P02413,P77349
P02414,P77349
P75767,P10408
P75829,P08622
P02342,P75829
P02341,P75829
P75829,P0A9P0
P75829,P23830
P02408,P75829
P21507,P75829
P45526,P02392
P07027,P21502
P60438,P21499
P21499,P33635
P23852,P45567
P02388,P45567
P16918,P37175
P75707,P77376
P02422,P45571
P17963,P39177
P75838,P02429
P07015,P75849
P02363,P21499
P45567,P33602
P33918,P45567
P37797,P77395
P77734,P02358
P33635,P77349
P75829,P02369
P45571,P21507
P45571,P37765
P45571,P33635
P45571,P30871
P37634,P45571
P36564,P45571
P39177,P02392
P02424,P39177
P39177,P10408
P39177,P15040
P39177,P75838
P0A8I8,P0A7V0
P05848,P76015
P05848,P06961
P02388,P05848
P05848,P02411
P05848,P02420
P33348,P05848
P05848,P33353
P32142,P05848
P05848,P32704
P76543,P77319
P77319,P02408
P77319,P0A7V0
P00913,P77319
P37649,P77319
P77385,P77349
P77385,P32132
P77349,P77349
P77349,P0AFG8
P06959,P77349
P77349,P21774
P02342,P77349
P0A9P0,P77349
P77349,P23830
P02384,P77349
P02387,P77349
P77349,P02388
P77349,P02420
P02421,P77349
P77349,P02422
P77349,P02425
P77349,P02426
P77349,P02436
P02349,P77349
P0A7V0,P77349
P02352,P77349
P02354,P77349
P0A7W1,P77349
P77349,P02359
P77349,P02370
P02372,P77349
P77349,P02378
P77349,P10408
P77349,P03018
P21499,P77349
P45571,P77349
P77349,P75864
P25745,P77349
P37765,P77349
P42550,P77349
P08999,P08999
P76092,P08999
P02387,P08999
P08999,P60438
P75776,P0AFG8
P75767,P0AFG8
P75767,P77215
P75767,P30844
P33925,P75767
P75767,P00584
P75767,P22937
P39344,P75767
P0A9P0,P75767
P75767,P11350
P60438,P75767
P02388,P75767
P75767,P02410
P75767,P02422
P75767,P02423
P75767,P02424
P00575,P75767
P75767,P0A7V0
P0A7W1,P75767
P02358,P75767
P02359,P75767
P75767,P07118
P75767,P75776
P75767,P76518
P06959,P75829
P75829,P02387
P75829,P60438
P02388,P75829
P75829,P02389
P02390,P75829
P75829,P02418
P02410,P75829
P75829,P02416
P02420,P75829
P75829,P02421
P60438,P77349
P02423,P77349
P75776,P06959
P02384,P75829
P77349,P02389
P23931,P36950
P37765,P02384
P37631,P37765
P02436,P76104
P15723,P77391
P76316,P02352
P08885,P36979
P11457,P36979
P02418,P36979
P76104,P36979
P33021,P36979
P36540,P02384
P33635,P60438
P76594,P0A6F5
P02392,P24188
P02359,P37765
P36979,P02921
P20083,P33633
Q46906,P33925
P75864,P76092
P24188,P06959
P24188,P0A9P0
P52129,P24188
P29217,P29217
P23931,P25745
P0ACH8,P25745
P77561,P36950
P36950,P39359
P15877,P37346
P36676,P75959
P37349,P76558
P37349,P16700
P37349,P04475
P39277,P37349
P75989,P23874
P17169,P24209
P23482,P37052
P37765,P0AFG8
P37765,P33224
P37765,P00957
P37765,P43329
P23830,P37765
P37765,P02387
P60438,P37765
P37765,P02388
P02389,P37765
P02390,P37765
P02418,P37765
P37765,P02410
P02420,P37765
P02422,P37765
P37765,P02423
P02425,P37765
P02426,P37765
P02428,P37765
P37765,P02349
P37765,P0A7V0
P37765,P02352
P37765,P02354
P0A7W1,P37765
P02358,P37765
P37765,P02372
P37765,P30871
P37765,P42550
P37634,P37765
P02384,P76104
P37765,P02374
P02378,P37765
P36564,P37765
P38522,P38522
P76104,P07912
P03002,P76104
P76104,P60438
P76104,P02418
P02392,P76104
P02420,P76104
P02352,P76104
P76104,P0A7W1
P76104,P02359
P02370,P76104
P0AFG8,P03822
P03822,P37095
P03822,P33643
P03822,P0CE47
P25894,P28244
P00583,P77391
P76251,P76251
P24167,P76256
P76256,P05852
P11875,P24237
P50457,P24237
P26603,P24237
P46118,P46118
P76168,P46118
P46118,P28691
P52648,P0AFG8
P52648,P06959
P52648,P76092
P52648,P0A9P0
P39199,P76072
P36979,P0AFG8
P52648,P02392
P52648,P02423
P76316,P60438
P02388,P76316
P76316,P02354
P76340,P76092
P10443,P33916
P0A9P0,P33916
P33916,P76027
P60438,P33916
P33916,P39199
P39199,P04475
P60438,P39199
P39199,P02364
P22257,P39199
P39199,P76114
P36979,P31119
P06959,P36979
P36979,P15716
P36979,P52084
P21168,P36979
P02996,P36979
P37192,P36979
P06982,P36979
P43329,P36979
P02995,P36979
P02999,P36979
P36979,P0A9P0
P36979,P13030
P36979,P14825
P36979,P06993
P06996,P36979
P14374,P36979
P36979,P03017
P02384,P36979
P02387,P36979
P02422,P36979
P36979,P02372
P02942,P36979
P36979,P21499
P71238,P36979
P75864,P36979
P36950,P36979
P37765,P36979
P76367,P36979
P36979,Q47413
P36979,P30871
P04384,P36979
P36979,P13519
P36979,P08400
P36979,P02388
P02389,P36979
P36979,P02390
P02421,P36979
P02423,P36979
P36979,P02424
P02425,P36979
P02427,P36979
P02428,P36979
P36979,P02429
P36979,P00577
P02349,P36979
P36979,P02352
P36979,P02354
P0A7W1,P36979
P36979,P02358
P36979,P02364
P02370,P36979
P36979,P02374
P10408,P36979
P14081,P36979
P36979,P17580
P21507,P36979
P0CE47,P36979
P33635,P36979
P36979,P42550
P36979,P37634
P36979,P36564
P36540,P03815
P36540,P02409
P36540,P02392
P02429,P36540
P02436,P36540
P36540,P00577
P36540,P0A7V0
P36540,P02359
P02370,P36540
P0CE47,P36540
P36540,P45428
P77402,P33633
P76594,P60438
P02378,P33633
P33633,P42632
P33635,P76578
P04287,P33635
P33635,P28631
P02384,P33635
P02387,P33635
P33635,P02390
P02418,P33635
P33635,P02414
P33635,P02419
P33635,P02421
P02352,P33635
P02354,P33635
P33635,P0A7W1
P02359,P33635
P02361,P33635
P02366,P33635
P33635,P02367
P02369,P33635
P02370,P33635
Q46930,P08885
P37765,P02364
P02349,P76104
P36979,P33599
P37349,P76072
P08622,P36979
P00583,P36950
P02369,P37765
P31142,P24237
P76316,P0A7W1
P36979,P05055
P0A7V0,P36979
P10904,P36540
P33635,P02423
P76594,P76539
P36950,P04475
P76104,P02425
P36540,P10413
P02384,P75864
P75864,P33635
P0A9P0,P75989
P02379,P37765
P37765,P21499
P75776,P37765
P75864,P37765
P33635,P37765
P45471,P37765
P02421,P76104
P02423,P76104
P52648,P02436
P0A7W1,P52648
P76316,P02384
P08177,P36979
P36979,P21513
P60438,P36979
P36979,P02392
P02410,P36979
P36979,P02413
P36979,P02419
P02359,P36979
P33635,P02375
P02378,P33635
P02379,P33635
P77499,P33635
P02414,P76594
P76594,P02416
P02423,P76594
P76594,P02369
P76594,P02370
P76594,P02375
P36663,P36663
P04475,P24188
P75966,P37765
P76104,P14081
P39903,P52005
P0A6F5,P52648
P45463,P76316
P03815,P36979
P23304,P36979
P36979,P02342
P36979,P02420
P02358,P33635
P37765,P02370
P02932,P36979
P36540,P02408
P02342,P33635
Q46930,P23304
P02388,P52648
P33635,P02371
P33635,P02372
P33635,P02374
P08622,P76594
P76594,P02341
P24191,P76594
P76594,P02410
P02428,P76594
P76594,P0A7V0
P0A7W1,P76594
P02364,P76594
P39299,P76594
P37768,P37768
P04475,P52126
P06977,P52126
P0A6F5,P52126
P52126,P60438
P52126,P02392
P02424,P52126
P45578,P04475
P75936,P36663
P36663,P17963
P36663,P02364
P04475,Q46906
Q46906,P60438
P02388,Q46906
P02422,Q46906
Q46906,P02423
P00574,Q46906
Q46906,P02354
P75816,Q46906
P02342,Q46930
Q46930,P02384
Q46930,P02387
P60438,Q46930
Q46930,P02388
Q46930,P02389
P02390,Q46930
Q46930,P02418
Q46930,P02408
P02410,Q46930
Q46930,P02411
Q46930,P02413
P02414,Q46930
P02416,Q46930
P02419,Q46930
Q46930,P02420
P02421,Q46930
P02422,Q46930
Q46930,P02423
P02425,Q46930
Q46930,P02426
P02349,Q46930
Q46930,P0A7V0
Q46930,P02352
Q46930,P02354
Q46930,P0A7W1
Q46930,P02358
P02359,Q46930
Q46930,P02369
P02374,Q46930
Q46930,P02375
Q46930,P02378
Q46930,P17580
P21507,Q46930
P21499,Q46930
P77482,Q46930
P75864,Q46930
Q46930,P37765
P33635,Q46930
Q46802,Q46802
Q46802,P08177
P0A9P0,P76594
P76594,P02378
P02436,Q46906
Q46930,P02428
P76594,P02413
P45527,P0CE47
P36564,P0A7V0
P23839,P0CE47
P60438,P32130
P31805,P06977
P31805,P09373
P39286,P71241
P39299,P02384
P39299,P02352
P37163,P37773
P0AFG8,P33371
P0AFG8,P45465
P32130,P03843
P37618,P00575
P31473,P0A7V0
P02423,P39286
P39299,P0CE47
P02341,P45465
P02387,P32049
P60438,P32049
P02389,P32049
P02390,P32049
P02418,P32049
P02408,P32049
P32049,P02423
P02359,P32049
P32049,P02369
P32049,P02372
P02379,P32049
P21507,P32049
P32049,P77349
P32049,P75864
P33635,P32049
P32049,P30871
P24183,P67080
P02364,P67080
P25887,P04475
P00583,P25887
P0AFG8,P30871
P30871,P06959
P30871,P02428
P05852,P0AFG8
P37185,P05852
P05852,P00574
P00575,P05852
P05852,P02364
P03843,P0A7W1
P03843,P02359
P31221,P00583
P33995,P02901
P36996,P33995
P0A6F5,P33995
P33995,P02423
P33995,P02370
P0AFG8,P45527
P45527,P06959
P45527,P08177
P45527,P0A9P0
P42550,P02388
P42550,P02410
P42550,P02421
P42550,P33635
P42550,P37617
P42641,P76195
P42641,P71295
P32666,P42641
P42641,P27298
P02392,P42641
P00574,P42641
P33643,P42641
P02932,P45476
P46482,P45476
P76316,P45426
P07015,P45535
P45544,P14294
P04475,P10120
P37618,P06977
P37618,P11457
P37618,P02392
P31805,P37618
P0A6F5,P37195
P14374,P37195
P37195,P02384
P02387,P37195
P00577,P37195
P0A7V0,P37195
P02354,P37195
P37634,P0AFG8
P37634,P0A6F5
P32130,P37634
P36564,P06959
P02384,P36564
P36564,P60438
P36564,P02410
P36564,P02419
P36564,P02423
P33635,P36564
P42550,P36564
P75966,P36564
P23839,P04475
P23839,P0A9P0
P23839,P0A7V0
P02372,P23839
P31462,P23839
P04475,P09997
P0A6F5,P09997
P03818,P77247
P31473,P31473
P30867,P31473
P31473,P02905
P76168,P31473
P31473,P23892
P04475,P31473
P00363,P31473
P18956,P31473
P31473,P09372
P02995,P31473
P52095,P31473
P31473,P0A9P0
P31473,P02408
P32147,P02423
P27862,P06612
P27862,P32132
P02387,P32130
P32130,P02388
P10408,P32130
P32130,P17580
P75864,P32130
P32144,P32144
P32147,P06961
P60438,P32147
P32147,P32130
P32148,P04475
P32148,P28302
P06977,P32148
P32148,P52138
P31805,P0A6F5
P31805,P02392
P31805,P02349
P31805,P31806
P31806,P06959
P31806,P0A9P0
P22186,P31806
P0AFG8,P39286
P39286,P76551
P04475,P39286
P39286,P02996
P06977,P39286
P39286,P0A6F5
P39286,P05041
P02392,P39286
P39286,P02410
P39286,P76069
P39286,P03822
P77779,P39290
P39299,P76578
P02424,P39286
P39286,P02436
P39286,P02349
P39286,P0A7V0
P39286,P02352
P39286,P02359
P39286,P02364
P02370,P39286
P77562,P39286
P39286,P39830
P77627,P39286
P39290,P02390
P39290,P02418
P39290,P02410
P02419,P39290
P39290,P02420
P02423,P39290
P02428,P39290
P39290,P02436
P0A7V0,P39290
P39290,P0A7W1
P39290,P02359
P02364,P39290
P39290,P02379
P39290,P31805
P39299,P39299
P39299,P06959
P39299,P08622
P39299,P02392
P02410,P39299
P39299,P02420
P39299,P02422
P02423,P39299
P39299,P02428
P02349,P39299
P39299,P0A7W1
P02359,P39299
P39299,P02361
P39299,P02363
P39299,P02364
P02367,P39299
P39299,P02369
P02375,P39299
P02378,P39299
P77522,P77499
P0A9P0,P33371
P33371,P12638
P02410,P33371
P02423,P33371
P77802,P39299
P39299,P75742
P42623,P39299
P06959,P37163
P06980,P37163
P15344,P37163
P0A9P0,P37163
P45539,P37163
P37163,P77247
P39336,P02424
P04475,P37342
P77645,P08622
P77645,P04475
P77645,P07655
P0CE47,P77645
P60438,P76114
P77689,P77522
P05042,P33371
P33371,P02342
P33371,P32053
P33371,P24230
P0A7W1,P33371
P02359,P33371
P02364,P33371
P33371,P10408
P33371,P76069
P28244,P33371
P52138,P33371
P77475,P04475
P77475,P0A6F5
P06959,P67087
P45465,P0A9P0
P45465,P02410
P45465,P02428
P45393,P04475
P45393,P37181
P45393,P0A6F5
P45748,P02423
P45748,P0A7V0
P0A7W1,P45748
P45748,P02364
P02372,P45748
P45802,P02418
P45802,P02410
P45802,P02411
P45802,P02420
P45802,P02352
P02410,P32049
P02387,P42550
P02420,P36564
P0AEX5,P32148
P76092,P39299
P77499,P02384
P23839,P23839
P31806,P31806
P75728,P33230
P16433,P45464
P45527,P0A6F5
P0CE47,P05852
P32049,P02425
P0A7V0,P42550
P00575,P37195
P31473,P11555
P32148,P31805
P39286,P02369
P39290,P31806
P39299,P02370
P02392,P45393
P76115,P32049
P36564,P02428
P23839,P00575
P31473,P02392
P28302,P31805
P39299,P0A7V0
P37666,P36938
P39290,P60438
P02349,P32049
P0A7V0,P32049
P02352,P32049
P02354,P32049
P32049,P0A7W1
P32049,P02358
P02934,P30871
P30871,P06996
P30871,P02932
P02409,P42550
P42550,P02422
P42550,P02359
P45476,P05050
P02388,P37195
P36564,P02359
P36564,P02370
P08622,P23839
P24182,P31473
P75728,P32148
P0A8N7,P0AFG8
P31805,P04475
P39286,P60438
P02388,P39286
P04475,P39299
P39299,P02341
P39299,P0A9P0
P03030,P39299
P0A6F5,P39299
P60438,P39299
P39299,P02388
P17582,P33371
P33371,P10378
P33371,P02411
P02419,P33371
P02423,P45802
P45802,P02428
P45802,P0A7V0
P32049,P02388
P02378,P32049
P02392,P05852
P45475,P45527
P36564,P0A7W1
P02424,P23839
P31473,P02372
P31805,P25665
P31805,P12283
P39286,P02372
P39299,P02411
P39299,P02354
P39332,P39184
P0A7V0,P33371
P37678,P36651
P45465,P06959
P02409,P45748
P32049,P02420
P42550,P60438
P37618,P0AFG8
P02421,P36564
P02392,P32148
P39299,P66948
P77689,P77499
P33371,P13017
P0A9P0,Q46802
P0CE47,Q46802
P09160,P76440
P09160,P40681
P0A6F5,P09160
P09160,P43671
P0A7V0,P09160
P75782,P09160
P0A9P0,P52037
P0AFG8,P32049
P76092,P32049
P32049,P23304
P04475,P32049
P00962,P32049
P32049,P43329
P0A9P0,P32049
P02927,P32049
P32049,P23830
P02424,P45748
P60438,P45803
P45802,P02359
P02364,P45802
P13458,P45802
P45802,P75683
P75954,P45802
P45802,P28224
P22763,P45803
P45803,P33593
P45803,P0A7W1
P45803,P02359
P45803,P0A7V0
P0A7W1,P45802
P02364,P45803
P45803,P02367
P0CE47,P45803
P02352,P45803
P16926,P16926
P16926,P13519
P16926,P0ABH4
P14497,P15069
P18471,P15069
P18006,P15069
P18472,P18471
P18035,P18472
P17580,P42641
P23304,P42641
P09152,P12281
P09152,P32125
P09152,P28694
P09152,P32173
P0AFM6,P0AFM6
P24255,P37344
P0AFM9,P0AFM6
P23855,P23855
P0AFM6,P23855
P42902,P42902
P0A962,P0A962
P08202,P08202
P18335,P18335
P11447,P11447
P0ACI6,P0ACI6
Q06065,Q06065
P17445,P17445
P60584,P60584
P37047,P37047
P69791,P69791
P0A9I1,P0A9I1
P27111,P27111
P17582,P17582
P23845,P23845
P0ACK5,P0ACK5
P46068,P46068
P06846,P06846
P15047,P15047
P0A9B6,P0A9B6
P76541,P76541
P0ABF4,P0ABF4
P65643,P65643
P0ACU5,P0ACU5
P13669,P13669
P80668,P80668
P26266,P26266
P31068,P31068
P15070,P15070
P0AC19,P0AC19
P0AB87,P0AB87
P25748,P25748
P23522,P23522
P0ABQ2,P0ABQ2
P0A9F6,P0A9F6
P00370,P00370
P0AEQ1,P0AEQ1
P32665,P32665
P00584,P00584
P0ACL0,P0ACL0
P0ACP5,P0ACP5
P0AET8,P0AET8
P15002,P15002
P06989,P06989
P36645,P36645
P39377,P39377
P00894,P00894
P00893,P00893
P05827,P05827
P0C8K0,P0C8K0
P31069,P31069
P76268,P76268
P0ACL7,P0ACL7
P76143,P76143
P76141,P76141
P18811,P18811
P03841,P03841
P77044,P77044
P33599,P33599
P76082,P76082
P76084,P76084
P31057,P31057
P24223,P24223
P16686,P16686
P0A9K1,P0A9K1
P0A9K7,P0A9K7
P43671,P43671
P07013,P07013
P23862,P23862
P00373,P00373
P31660,P31660
P27826,P27826
P32670,P32670
P24554,P24554
P0A7H6,P0A7H6
P33228,P33228
P32170,P32170
P22564,P22564
P37053,P37053
P38035,P38035
P0A821,P0A821
P39361,P39361
P39366,P39366
P60651,P60651
Q46812,Q46812
P76072,P76072
P36664,P36664
P30139,P30139
P39304,P39304
P39161,P39161
P22938,P22938
P30864,P30864
P75682,P75682
P55756,P55756
P19677,P19677
P0ACJ5,P0ACJ5
P64435,P64435
P0A8Y8,P0A8Y8
P39455,P39455
P45955,P45955
P21367,P21367
P75839,P75839
P75897,P75897
P04379,P04379
P76034,P76034
P76065,P76065
P77515,P77515
P52109,P52109
P77147,P77147
P76272,P76272
P76341,P76341
P76367,P76367
P0ACM5,P0ACM5
P0ACR4,P0ACR4
P33020,P33020
P76469,P76469
P77808,P77808
P76491,P76491
P76492,P76492
P76508,P76508
P76513,P76513
P0AD37,P0AD37
P27238,P27238
P77245,P77245
P76543,P76543
P76550,P76550
P37767,P37767
P52101,P52101
P37338,P37338
P52598,P52598
Q46890,Q46890
P42623,P42623
P0ADV1,P0ADV1
P67662,P67662
P64624,P64624
P45545,P45545
P37641,P37641
P0CF43,P0CF43
P37682,P37682
P37686,P37686
P25531,P25531
P31460,P31460
P32698,P32698
P39300,P39300
P39333,P39333
P39356,P39356
P75713,P75713
P75974,P75974
P0AEB5,P0AEB5
P0A6W0,P0A6W0
P77559,P77559
P76227,P76227
P76539,P76539
P76585,P76585
Q46808,Q46808
Q46872,Q46872
P64604,P64604
P0ADV9,P0ADV9
P56262,P56262
P0ACN2,P0ACN2
P39319,P39319
P23305,P23305
P18034,P18034
P52605,P52605
P03052,P52605
P76446,P76446
P33915,P33915
P0AA76,P0AA76
P39386,P39386
P77529,P77529
P31223,P02930
P02930,P31224
P02930,P08716
P06739,P02930
P06739,P08716
P31224,P31224
P31223,P24177
P31223,P18400
P07017,P07365
P07363,P07365
P37013,P37013
P39171,P02901
P22523,P39171
P09097,P05703
P05702,P05703
P05702,P05702
P05703,P05703
P36683,P36683
P03024,P03024
P22523,P06138
P00574,P0A9E5
P02424,P07019
P07019,P02422
P07019,P02427
P07019,P10121
P23893,P0A6X1
P29131,P06137
P06137,P06136
P22187,P04286
P04286,P58034
P58034,P06136
P10122,P06137
P10122,P06136
P29131,P58034
P0A6S5,P04286
P0A6S5,P22187
P0A6S5,P29131
P06136,P0A6S5
P22187,P29131
P58034,P22187
P03025,P03025
P36662,P33225
P00579,P09378
P03020,P00579
P00579,P0A9E5
Q659Z5,Q659Z5
P0A8W0,P0A8W0
P03024,P02342
Q46925,P0AGF2
P0AGF2,P0AGF2
P76194,P76194
P77444,P76194
Q46675,Q46675
P12996,P12996
P28905,Q9ZBB9
P08504,P06612
P00577,P08504
P08504,P00574
P08504,P00579
P03026,P22763
P30847,P69228
P30844,P30843
P07330,P07363
P16244,P08336
P08401,P08368
P0ACZ8,P77485
P14377,P14375
P21865,P21866
P10956,P10957
P27896,P31802
P08400,P08402
P23836,P23837
P52108,P18392
P39453,P38684
P0AGA6,P09835
P76340,P76339
P0AD14,P33356
P52101,P0AFU4
P33226,P39453
P33226,P33225
P0AFZ5,P08177
P60438,P02384
P02413,P02387
P02416,P02387
P02409,P02389
P02390,P02409
P02425,P02411
P02425,P02420
P02413,P02427
P02416,P02413
P02416,P02427
P02420,P02423
P02352,P02392
P00824,P00832
P33138,P25663
P00824,P00824
P76658,P76658
P05054,P05054
P46859,P46859
P76016,P76015
P23883,P76016
P76016,P76016
Q47083,Q47083
P21363,P21363
P21362,P21362
P0A9D4,P11096
P11096,P11096
P76174,P76174
P04475,P18775
P76174,P18775
P33225,P76174
P76387,P76387
P0A930,P0A930
P0A930,P76387
P09375,P09375
P0AF18,P0AF18
P15723,P15723
P0AE06,P0AE06
Q1R8K8,P0A6B7
O33976,O33976
P0AFL6,P0AFL6
P0ACJ8,P0ACJ8
P0A6A8,P0A8Z3
P0A7A7,P0A6A8
P40710,P40710
P31224,P0ADZ7
P11904,P11904
P08083,P02931
P0AG11,P0AG11
P13035,P13035
P04128,P04128
P0A6Z3,P0A6Z3
P0A742,P0A742
P69786,P50456
P0ACS2,P0ACS2
P60785,P60785
P69681,P69681
P0A7F3,P0A786
P0AG30,P0AG30
P0A6F1,P00968
P31697,P08191
P0ABH9,P0A8Q6
P60844,P60844
P21513,P0A6P9
P0A8J8,P21513
P0A9H3,P31473
P08839,P0AA04
P0ABD3,P0ABD3
P63284,P63284
P0ABB0,P0ABB4
P0CE47,P0A6P1
P0AGE9,P0A836
P0A9K9,P0AAN3
P69741,P0AAN1
P0A9H3,P0A9H3
P0A6G7,P0A6G7
P0A6H5,P0A7B8
P08407,P15319
P0A7G6,P0A7G6
P0ABS8,P03007
P22524,P60293
P10408,P00634
P77335,P77335
P00581,P0AA25
P0C0S1,P0C0S1
P0A910,P0A910
P0AC41,P07014
P0AFX7,P0AEE3
P0AEE3,P0AEE3
P0AAM3,P77329
P0ACE0,P24192
P0AAM3,P16431
P24192,P0AAM7
P0AAM7,P0ACD8
P0AAM7,P24193
P24192,P0AAM3
P0ACE0,P0AAM7
P21513,P60422
P21513,P0A9P6
P21513,P0A7L0
P0A6A8,P0AAI5
P0A953,P0A6A8
P0A6A8,P10408
P0A6A8,P22523
P0A6A8,P0AG24
P08190,P31697
P30130,P31697
P0AGD7,P10121
P60752,P60752
P62538,P62538
P37019,P37019
P0AGB3,P08622
P0AGB3,P0A6F5
P0AGB3,P0A6Y8
P0C0V0,P02666
P00698,P0C0V0
P0A6A8,P53554
P0A9I5,P33937
P08408,P15319
Q8VRM4,Q8VPC3
P13423,P0A6F5
P0C0V0,P0C0V0
A1Z2S2,P76136
P07003,P07003
Q0P6M6,Q0P6M6
P28307,P0ABK7
P0ABK7,P0ABK7
P0A8E5,P0A9I5
P0AG30,P0AGK4
P76407,P0ABH7
P24188,P0A7K2
P0AFP6,P00959
P0AFG6,P77717
P77781,P0A7W7
P76536,P76551
P0A9W6,Q46808
P0A825,P0A6E4
P0A7R5,P00968
P21599,P0A9S3
P0A7K2,P39177
P10121,P60390
P0AFI5,P0A9T4
P75745,P0AAV4
P76194,P13024
P0A7C6,P29745
P0ABV6,P0AE78
P0AD99,P08312
P0A7K2,P0AFI2
P0A9P6,P02413
P0AG59,P77718
P0A7U7,P46837
P0A7M2,P76243
P0AAM7,P0A7G6
P0A7K2,P26647
P11988,P0AAN5
P0A6K3,P08390
P76236,P0A6Z3
P0AFG0,P0A9B2
P0A8C4,P0A8T7
P04968,P13029
P42641,P0A7K2
P0A8U6,P0AFF6
P0ADM8,P00894
P32718,P77268
P0A9K9,P68066
P0AF67,P63177
P76418,P76419
P30855,P45531
P76049,P64461
P31130,P0AAC0
P0A850,P0AB77
P12295,P08957
P13035,P0AEE8
P0A6G3,P77748
P09030,P0A9V1
P0AG63,P0A9P6
P19934,P21369
P21367,P0AAB8
P32153,P37689
P45800,P31134
P10443,P0A7K2
P32177,P0AG59
P0AEB2,P13035
P32701,P02358
P0A9W9,P0A9K9
P0A6P9,P28305
P77539,P0AB61
P77454,P0A8L7
P22523,P0A8G9
P0A7K6,P0A8W8
P0AFL3,P27434
P33937,P0AFG0
P0A9F3,P33230
P28631,P0A7M2
P77808,P0AE39
P0AE88,P00861
P0A6P9,P0AG07
P0A8N3,P76524
P0AAM3,P0A8N3
P0A7M2,P0A8W8
P37626,P37689
P63389,P0AFG3
P39177,P0AAC0
P0A9K9,P0AC81
P77434,P77743
P0A7K6,P31433
P0A8V2,P0ACF0
P43674,P0AAM7
P75967,P76268
P0A6A8,P39333
P09372,P0A769
P64554,P0A7K6
P65556,P77546
P78067,P64483
P76562,P0A6F9
P0A7M2,P0A850
P76347,P0ADT5
P0A9M0,P0A7R1
P08365,P0A9M8
P30139,P0A6R3
P38038,P17846
P0AAT6,P33348
P0AE88,P0AG86
P69913,P0AF59
P76503,P77439
P0AAH0,P0A6F9
P62623,P0A6F5
P0AC86,P0AGG4
P0A9P6,P0A8B5
P0A8A0,P50457
P0A8Y3,P39411
P76219,P76403
P27305,P0A7K2
P0A7K2,P37024
P15286,P76938
P0A7V3,P69407
P42632,P31473
P0A7M2,P26602
P76342,P0A6F9
P0A7T3,P0ABJ1
P0A8A8,P0A8H6
P0ACY1,P33363
Q46811,P0AEE1
P0A7U7,P77626
P0ADZ0,P0AB83
P0A7Y4,P21893
P0AFF6,P0A698
P26648,P76484
P32057,P37642
P77509,P0AGG8
P0ADF6,P0AES9
P64612,P23481
P52005,P0A746
P77374,P0A9P6
P25906,P64610
P77561,P0ACE7
P0A715,P0ACF0
P39396,P0A7R1
P0A7M2,P0AGC7
P68767,P15288
P42620,P76655
P17169,P62615
P0AED0,P0AAB8
P0AF90,P0AEK4
P0A7K2,P30748
P0A7K2,P0AF26
P77329,P0A6F9
P0A7R5,P60390
P0A7K2,P0A6Z6
P0A7H0,P0A6F5
P0AFG3,P28629
P0AFP6,P28629
P0A7B1,P0AAF6
P0AAF6,P0AAC6
P0AC13,P11989
P0AEC5,P0ABH9
P0ABH9,P14175
P15254,P0ABH9
P16918,P0ABH9
P0ABH9,P13458
P0AEM0,P06864
P0A955,P0AEM0
P0AEM0,P0A6S3
P25437,P0AEM0
P0AEM0,P0ACF0
P0AFD6,P0AEM0
P0AEM0,P0A7R1
P0AEM0,P0AG67
P0A7S9,P0AEM0
P0AEM0,P0AG59
P0A7T3,P0AEM0
P0AEM0,P75988
P0AEM0,P77409
Q46861,P0AEM0
P0AEM0,P0AGK4
P0A6F5,P0AEM9
P0A6M8,P33129
P36879,P69910
P0A6F5,P0AC81
P0A7E1,P0A6F5
P60240,Q47153
P0AEZ7,P0ACE7
P39359,P0ACE7
P0ADI0,P28905
P77318,P0A6H5
P0A6H5,P77804
P0A9X4,P0A6F5
P0A812,P0A6F5
P0A6F5,P63386
P0ACN4,P00956
P0A7B1,P00956
P0A9H7,P0ACD4
P0ACD4,P11557
P0ACD4,P0ABP6
P24207,P0ACD4
P0ACD4,P07004
P0AGE9,P0ACD4
P75961,P0ACD4
P75936,P62617
P39336,P0A9M0
P12995,P0A8N3
P0A8N3,P15877
P0A794,P0A8N3
P39315,P0A8N3
P0A754,P28635
P0A761,P76316
P0A9I5,P0A6F5
P0A6F5,P68739
P0A6F5,P0AFH0
P0A6F5,P0A7D1
P0A6F5,P0A7E9
P0AES0,P0AG30
P37765,P67762
P25539,P0A8V2
P38684,P0A8V2
P30139,P0A800
P0A800,P42590
P0A800,P77212
P0A8R7,P0AA43
P0AG24,P0A7B3
P0ACA3,P0A6F5
P37127,P0AFZ3
P0AF52,P14294
P0AEY8,P0AGG4
P0AGG4,P0AEE5
P0AEL8,P0AED5
P76578,P0A8D0
P0AAR3,P16918
P0AAR3,P76042
P0AAR3,P0ACY1
P0A9I5,P77756
P0ACH5,P0AFP2
P55135,P0AFP2
P77804,P0AFP2
P77376,P0AFP2
P76015,P0AAT6
P0AAT6,P33353
P0A9V8,P0AAT6
P32704,P0AAT6
P0A898,P32132
P03018,P0A9K3
P0AAE8,P0AAZ4
P0AAZ4,P33934
P0AFK6,P0AAZ4
P0AAZ4,P32135
P75849,P0AFG3
P77704,P0A717
P11875,P0A8A0
P0AET5,P0A8A0
P0A8A0,P31142
P0A8A2,P76069
P0A8B5,P0AB52
P0A8D0,P00961
P0A6F5,P0AC28
P0AF67,P0A6F5
P0A6W9,P0AF90
P60560,P0AF90
P0A840,P51025
P69506,P60723
P45578,P63020
P0AAT2,P0AG59
P0AF20,P62707
P75713,P0AC88
P0AG59,P64483
P24554,P45469
P0AGK4,P0A9K3
P37747,P0A850
P0A7T3,P45530
P30147,P0A761
P0AFK0,P0A6D0
P75835,P76576
P0ADE6,P64540
P0A6F9,P18776
P32053,P0A8H6
P76147,P0A825
P04128,P0AEA5
P0ABG4,P0A7U7
P69908,P0AGE0
P0A7R5,P0A7H3
P77619,P77672
P0A7M2,P69797
P0AFG0,P0ABJ1
P64610,P0AB61
P0A867,P0A796
P0A8U0,P75870
P0ADU5,P76170
P31460,P32132
P0A858,P0A7Z4
P77395,P0A9W3
P75870,P76418
P0AFP6,P76272
P75967,P77316
P0A898,P64429
P76542,P0ADE6
P37765,P0A809
P38521,P0ADS6
P77649,P64479
P00864,P32053
P10408,P0A8V2
P27247,P0A8N3
P15254,P0AEI4
P37659,P0A7R1
P0A6Z3,P0AG80
P0A988,P0ACU7
P17952,P0A6A8
P76085,P0A7M2
P0AGB0,P0A7R5
P0A858,P0A8N5
P76149,P75876
P0AEV9,Q47149
P37631,P05719
P0A6F9,P75718
P0ADZ0,P04152
P0AG80,P28632
P30850,P36548
P0AB40,P77721
P77674,P0AC65
P09373,P39347
P25526,P77775
P08956,P0A7K2
P0A8E7,P0A9I5
P0A7K2,P0AGB3
P0C0L9,P0AG78
P0AF26,P32177
P38521,P0A7N4
P0ACA7,P06987
P0AB10,P24554
P22188,P0AC75
Q46798,P0A7K2
P05852,P0AAM7
P0A6F9,P0A814
P39172,P33218
P0ADR8,P0ABS5
P76008,P77515
P0ADK8,P0A7V3
P0A7K2,P08390
P0AAM3,P76594
P10443,P0A858
P77265,P75967
P75960,P0AG59
P60723,P0AAT6
P32718,P0AEJ2
P0AEB7,P39321
P0A725,P0ABL8
P67910,P0ADS6
P14294,P60723
P0A6F9,P0A8U2
P0ACF0,P77581
P0A6G3,P65367
P0AF90,P0A9Z1
P76502,P0AFS3
P0ABA4,P07604
P39385,P75797
P0A9B2,P00562
P0AF90,P37773
P0ABU7,P25519
P0A7R5,P22188
P05523,P0A742
P28629,P0C0R7
P0AEM0,P76037
P0A6H5,P00561
P0AAF3,P28635
P0AGG4,P25524
P27305,P0AE34
P08331,P0AAR3
P0AFQ7,P15877
P20083,P0AES6
P75869,P0A717
P15288,P60560
P19318,P0AF26
P0A988,P0ADN2
P0AEE3,P37902
P09377,P0A8N3
P0AC16,P42588
P0AEP7,P14294
P0AGK4,P0A6A8
P37095,P68767
P30871,P0A910
P77580,P0AES9
P18776,P18775
P75826,P0ABH9
P0A6H5,P0A8S1
P0A6H5,P0AEE5
P0A8N3,Q46802
P77377,P0A8B5
P23524,P0AAR3
P45539,P0AF90
P0AB40,P39831
P0A7R5,P77717
P76223,P0AFS3
P0A6A8,P02358
P20605,P00509
P0A6M4,P0A8H6
P62617,P0A7R5
P75919,P0A7M2
P29745,P0A8H6
P37351,P75764
P0A7U7,P68066
P37642,P0ADZ0
P30871,P0A7M2
P0ACF0,P0A8T7
P23845,P0A8H8
P0A7U7,P13518
P0AFR2,P32718
P0A8R7,P22525
P0ACD4,P0ADF6
P0A8G6,P0A988
P0A8I5,P02358
P32157,P39384
P39342,P0AF96
P0AFG3,P60716
P0A9M0,P0A7B8
P0AF36,P0A9K3
P77302,P64426
P0A700,P0CE47
P32680,P0A7V8
P75838,P23830
P04335,P69783
P0A7L0,P28631
P75697,P76097
P36979,P0A858
P0A6F9,P45527
P21165,P76512
P77698,P0A7K2
P0A7M2,P0AFG0
P77402,P68066
P0A7K2,P75874
P16678,P0A7M2
P68679,P0A707
P64534,P32718
P76419,P52096
P64517,P75969
P0ADZ0,P77439
P21517,P0AE63
P0AEH5,P0AFA9
P0ABH0,P0ADX7
P05804,P75830
P0AG67,P23367
P77285,P0A847
P69441,P77806
P0AEU7,P0A940
P39831,P0AB91
P08401,P0AC81
P60560,P15034
P0AD24,P0AG67
P0ACC3,P0ADE8
P0A8A0,P39172
P0A7D1,P62623
P31549,P52647
P0A8L1,P05100
P52644,P00893
P0A7K2,P0AAZ4
P0A717,P36938
P77182,P64479
P37440,P0A8N3
P0A7M2,P25397
P0A8N3,P39346
P0ADZ0,P0A8Z3
P37634,P0A8H6
P0A8D6,P32718
P0AF96,P32057
P0C0S1,P31120
P0A6P9,P0ADI0
P0AG59,P05042
P33937,P0A8E5
P0AAM7,P0A9B2
P75870,Q47152
P77316,P0A6F9
P0A8R0,P0A9K3
P0A6F9,P77688
P46130,P0AF36
P0A7S3,P0AF63
P77735,P05707
P0AEA5,P0A6A8
P36938,P0A870
P46923,P76484
P66817,P33668
P0A8A8,P0A7V3
P0A7B8,P0A7K6
P0A6F9,P09372
P77338,P0AFG0
P0AEE1,P0ABT2
P33643,P0A8A4
P0AG03,P07023
P0A8I5,P0A7U7
P0A7K6,P39396
Q46864,P76484
P75769,P64616
P0AB58,P76538
P29012,P0A6F9
P0A7K2,P0A6A8
P76046,P39385
P77756,P0CE47
P76419,P37689
P0AFP6,P30177
P0AE18,P00956
P0AF63,P75876
P75867,P77375
P0AG40,P0A6A8
P28629,P60422
P32177,P0A8N5
P0ADX5,P76243
P0A8X0,P10408
P0A9M8,P0A9I5
P0A988,P0AG84
P0A9X4,P0AAM7
P0A7V8,P0A776
P0A988,P0A8E7
P00490,P0A8T7
P22523,P0A7R5
P0ABT2,P0ADM0
P75946,P0A7Y8
P0A6W5,P0ADG7
P17443,P0CE47
P0AAB6,P0A8P1
P37353,P38051
P23917,P0A7F9
P0A7R5,P0AGK4
P0A8L7,P60785
P0A7K6,P67910
P60723,P28905
P0A988,P0A9S5
P0A870,P0ACG1
P28629,P04395
P37182,P0AE63
P0A853,P21507
P0AG55,P0A9P6
P0A9M0,P0A6F9
P0A6C1,P0A9M0
P0AE08,P0A6H1
P0ABS1,P0A988
P0A8N3,P77399
P0ADX9,P0CE47
P46853,P45532
P0A7Z4,P0AGB3
P67910,P25534
P0AED5,P0CE47
P0AB14,P0ADE8
P31806,P0A8G0
P0A7V8,P10441
P07639,P0A6M8
P0A988,P0A749
P0ABH9,P61949
P80644,P37349
P0A964,P20083
P76086,P64455
P67910,P76503
P33018,P62707
P77721,P77704
P0AEZ3,P0AF20
P0A8N5,P0A988
P77454,P0A988
P0A887,P0CE47
P0A867,P64499
P0ABT2,P24193
P0AC53,P0A988
P0AAG3,P37902
P0ACY3,P0A988
P0A717,P77376
P77488,P0AAH0
P35340,P13039
P13035,P0ACV4
P30745,P0A6F9
P0A6F9,P13024
P39831,P0AAN9
P69503,P0A6J8
P0ABU7,P08622
P28631,P0AGJ5
P77585,P77182
P0CE47,P23909
P0AB03,P09373
P60240,P0A800
P0ABH9,P0AG67
P08245,P0ADI0
P39332,P0A9M8
P76046,P39831
P67910,P0ADZ7
P08622,P0C054
P60472,P21889
P22939,P0A7A7
P0A6F9,P77475
P0A8M3,P0A884
P0ABB0,P07604
P0A7V3,P76102
P0CE47,P63284
P0A988,P0AG07
P0ACV4,P0CE47
P21151,P0A9F3
P07813,P0A6I6
P0ABT2,P0AAM7
P39831,P0A6G3
P0A988,P0AF93
P75905,P0A9H3
P61949,P0AB71
P45425,P0AD12
P0AFI2,P0A9X4
P69488,P0CE47
P37765,P0AG44
P62620,P0A9A6
P04825,P0AB46
P11880,P22188
P76573,P0AEK4
P0A8E7,P36662
P0A7J7,P21513
P07813,P0A7I0
P0A796,P12281
P67910,P62617
P06616,P0A953
P0A9P6,P23830
P0A7T3,P0A707
P0A9F3,P0AEF4
P08957,P05719
P75867,P0AAI5
P76116,P0A9P6
P0A698,P0AAT2
P67910,P0AFH2
P0ACF0,P0AEQ6
P09154,P77656
P33224,P0AAS7
P39199,P0A7R5
P0ABJ1,P0A6A8
P32053,P0AB20
P77748,P39831
P0A796,P37440
P0A7V8,P33594
P76270,P0A988
P76116,P0A7L0
P23874,P25397
P08622,P0A7R5
P0A6F9,P0AEY3
P0AES4,P0AF03
P15977,P64506
P37326,P0A978
P0AG86,P75697
P76113,P39342
P0A720,P0A7K2
P0A7K2,P0AA39
P0AES6,P30750
P43337,P0ACY3
P0AD70,P0A9K9
P0ADX5,P0AG14
P09373,P05852
P0A877,P0A9U6
P37659,P37642
P0AAC8,P0A867
Q46821,P67910
P0CE47,P61517
P0A7C6,P37095
P0A988,P27838
P11454,P77808
P0ABT2,P69783
P0A6A8,P0ABD5
P0AEY3,P0AEH5
P0A8D6,P0A7Y0
P60422,P0AFG0
P76128,P0A890
P76655,P0A8E5
P77206,P0A6F9
P0ADQ2,P52138
P0A9P6,P0A7L3
P76550,P0ACF8
P32693,P69828
P10408,P0A7K2
P0A7D7,P31663
P0AAM3,P0A850
P26612,P0A978
P0A8U6,P0AE60
P77625,Q6BEX0
P0ADM0,P77338
P0A6F9,P0ADV5
P0A7T3,P0ADA3
P0ADY7,P0A8T7
P0AFP6,P77316
P0AEZ7,P0AB61
P0AG59,P28905
P76176,P31061
P0A7R5,P77756
P45470,P69741
P0A988,P39411
P04951,P67430
P0A8R0,P76235
P63228,Q46938
Q46851,P76484
P68739,P00914
P0A9X4,P0AFP6
P33224,P0A6F9
P76576,P0ADY1
P0ADE8,P08390
P39453,P60624
P63264,P36659
P66948,P39831
P21367,P37348
P77395,P0ABS8
P00968,P04128
P77704,P0A7K2
P31827,P34209
P15770,P45748
P67910,P77791
P0A7L0,P75864
P0AA25,P0A988
P0AEI6,P32138
P0ACB7,P16678
P0ABA6,P0ABB0
P0A9K9,P0AAM3
P0A707,P60723
P21645,P0ADY7
P0A776,P0A7S9
P60422,P0A7E9
P37765,P0A7S9
P21499,P0A7T3
P14081,P0A7V8
P0AG55,P0AAS7
P0AAM3,P0A858
P0AFF6,P60240
P0AAM3,P0ACE0
P0A9S3,P77808
P0AEI1,P0AAH0
P0A988,P25738
P0A6P5,P76503
P64588,P42590
P0A9P6,P0AG67
P0A7D7,P0A850
P63020,P0ABU5
P0ADE8,P46853
P67910,P16528
P30850,P0A7Y0
Q47150,P06722
P76118,P77302
P0A6B7,P31063
P0A6Z1,P0A7J3
P0A9K3,P0A809
P0AGG8,P76329
P0A7K6,P0AFF6
P0A988,P77395
P0ABB4,P75830
P00962,P0A8I5
P0AES6,P0A817
P0CE47,P0AG30
P31455,P42604
P76658,P77739
P0CE47,P0A8J4
P0AEF4,P09832
P0A9X9,P0A7K6
P33224,P0A9Y6
P08622,P0A9Y6
P25888,P0A9Y6
P37765,P0A9Y6
P0A9Y6,P0A7L0
P0A9Y6,P60723
P0A9Y6,P0A7R1
P0A9Y6,P0A7K6
P0A9Y6,P0A7V3
P0A9Y6,P0A7R5
P37634,P0A9Y6
P0A7K6,P0A968
P0A968,P0AGJ5
P0A972,P37765
P0A972,P0A7L0
P60723,P0A972
P0A972,P0A7R5
P69913,P0A9P6
P0A988,P69913
P0AF20,P69913
P69913,P0AG30
P69913,P21499
P69913,P0A7L0
P69913,P60723
P0AG55,P69913
P69913,P0AA10
P69913,P0A7K6
P69913,P0AG67
P69913,P0A7V3
P0A7V8,P69913
P0A850,P69913
P0A9P6,P62399
P0A7R9,P0A9P6
P18775,P69853
P69853,P77783
P03004,P60422
P03004,P60723
P03004,P0A7V3
P03004,P0A7V8
P67910,P0ABT2
P63284,P0ABU7
P0ABU7,P69910
P0A9B2,P0ABU7
P0A6F9,P0ABU7
P76403,P0A940
P08373,P0ABH0
P62399,P0A8I5
P0A7J7,P0A707
P0A7R5,P0AFG0
P19926,P09147
P0AFU8,P67910
P0AF93,P32689
P46853,P0AB20
P0A9M0,P0AA10
P60560,P0AEZ7
P0A817,P64517
P71239,P76243
P13035,P46474
P31473,P0A890
P0C079,P09980
P67910,P0A8C1
Q93K97,P37678
P0A796,P32157
P0C0L9,P0AAC8
P69924,P16917
P0ADH5,P0ABB0
P0AA10,P0A8E5
P0ADA3,P0ABU5
P28903,P0AD61
P21507,P0A9P6
P60422,P0AFI2
P46852,P46853
P37024,P77481
P0A9W0,P0A7K6
P0ADN0,P09373
P02925,P0A855
P25553,P36683
P0AA39,P0ADY3
P23839,P32701
P05791,P39405
P77338,P10408
P69407,P37195
P29018,P23886
P0A6G3,P0A796
P0A8Y5,P0CE47
P28905,P60422
P0A853,P0A9U1
P0AAB6,P77335
Q46938,P0A7F9
P0AAM7,P16431
P0A6B7,P0ACY9
P19319,P19317
P0AG30,P32157
P0A817,P05852
P0ADK6,P0AF90
P0A8I5,P0A9K3
P0AFX0,P0A988
P0A9X4,P0A7Z4
P0A9S3,P31434
P60723,P0A7A9
P0AGJ5,P37634
Q46814,P64557
P0AGE6,P0A988
P0A7X3,P21499
P0A9X4,P00452
P32177,P0AE18
P0A9P6,P68679
P0A9X4,P13518
P0A7L0,P0A8M3
P32176,P13024
P0ABH9,P0CE47
P76539,P0A988
P0A6F9,P0A7H0
P0A988,P0AEB7
P14294,P0A7V3
P0A988,P0A763
P0A6A0,P0AGE0
P76085,P67697
P0AA43,P0A7R5
P09546,P0A6F9
P13029,P15977
P0A988,P0ACX3
P31069,P0AAC8
P0A6F9,P0ABH9
P63386,P64602
P67910,P0AAP3
P0AAB6,P0AEP3
P39408,P0AEI1
P08373,P0A6F9
P04805,P00957
P77580,P51020
P33018,P51025
P76004,P75876
P0A7Z4,P0AGE0
P00452,P0A8A2
P33590,P0AC81
P0ABH0,P0CE47
P0A6F9,P76213
P0A8H6,P60422
P0A988,P36995
P0A991,P0A6F9
P0A7L0,P00490
P75959,P77170
P76015,P60560
P64451,P76097
P08622,P0AES4
P76235,P62768
P75906,P09152
P09372,P69910
P36979,P0ABH9
P0A7G6,P0A7E9
P0A7J3,P37351
P0A6J8,P07004
P09373,P0ABU7
P0ABU7,P00634
P0ABU7,P60422
P0ABU7,P0AG67
P0ABU7,P0A853
P0ADH5,P0A7V3
P0A996,P0A7V3
P09832,P67910
P09832,P0A7V3
P77334,P0AFK0
P0AGG8,P77334
P0A6X3,P60723
P0A6X3,P0A7R1
P0A6X3,P60624
P28632,P0AGE0
P0ABS8,P0AGE0
P0A6L9,P0A6Z3
P0A7B8,P60723
P0ACF4,P0ACF0
P69739,P08622
P69739,P0A6F9
P10408,P69739
P19931,P0ACD8
P0ACE0,P37182
P0AAM3,P0AAN3
P24192,P0A6M8
P68187,P0C054
P09831,P0AEF4
P0ABU7,P67910
P0A6Y1,P0ACF4
P00490,P0ACF4
P0ACF4,P15977
P0A7G6,P24192
P0ABH9,P0C054
P0A817,P0C054
P09373,P0C054
P05055,P0C054
P61320,P0A7V3
P60723,P21645
P0A7R1,P21645
P0AG48,P21645
P0A7V3,P21645
P0A7V8,P21645
P0ABT2,P0A8N5
P0A6P9,P0A8N5
P09373,P0A8N5
P0A8G6,P0A8N5
P02918,P0A6P9
P69910,P02918
P0A9B2,P02918
P09373,P02918
P0A799,P02918
P02918,P62399
P02918,P0A7R1
P0AG80,P02918
P0A9X4,P0A9A6
P0A9X4,P0A6F9
P0A6K1,P0A776
P0A9P6,P0A776
P37765,P0A776
P0A776,P21499
P0ADY3,P0A776
P02413,P0A776
P0AG44,P0A776
P0A776,P60624
P0AFG0,P08622
P0A7V3,P0AFG0
P20083,P0AED9
P20083,P60723
P0A7V3,P0ABF1
P0A7A7,P0A7V3
P0A7V8,P0A7A7
P0A7L0,P05055
P05055,P60422
P05055,P0AA10
P0A7S9,P05055
P0A7J7,P0A8T1
P0A9L8,P0A988
P08622,P0A717
P0A6F9,P0A717
P0A717,P37765
P0A717,P60422
P0ADY7,P0A717
P0A7V8,P0A717
P68679,P23830
P09546,P0A799
P0AD61,P60422
P0AD61,P0A7K6
P0A850,P0AD61
P0A7L0,P0A7E9
P0A7V3,P0A7E9
P69407,P0AA10
P07813,P60723
P61320,P67910
P0A776,P0A7V3
P05055,P60723
P0A7R1,P05055
P0A7K6,P0A8J8
P0A7V8,P0A8J8
P37765,P0A6K1
P37765,P0A707
P0AG55,P37765
P0ADY7,P37765
P0A7K6,P37765
P37765,P60624
P37765,P0AG67
P0A7V3,P37765
P0ADK8,P37765
P02413,P0AA39
P0AA39,P0A7K6
P0A7M2,P0AA39
P0AA39,P0A7S9
P76116,P0AA39
P21513,P0AGJ5
P06612,P0A7Y4
P37765,P0A7Y8
P0AA10,P0A7Y8
P21499,P60624
P0A7R9,P21499
P60723,P0ADZ0
P02413,P0ADZ0
P0A7Z4,P21889
P0A7Z4,P0ADY7
P0A7Z4,P0A7R5
P0A7R5,P0A8V2
P00579,P0A7L0
P00579,P0AG67
P0AFG0,P0A800
P0A6F9,P0A812
P60422,P14081
P60723,P14081
P14081,P0AG67
P0A832,P0AG55
P0A832,P0AG67
P08622,P0AG14
P0AG14,P0A7R9
P0A7S9,P0AG14
P60422,P0AG24
P0AG24,P0A7K6
P21507,P60624
P0A7R1,P0A847
P0A8M3,P0A7K6
P0A8M3,P0A7S9
P0A8V2,P06612
P0A6F9,P0A9W0
P0A9W0,P0A7L0
P0A7L0,P0A8G0
P0A8G0,P0A7V8
P0A7S9,P0A8G0
P0A6F9,P37751
P76658,P37751
P0A8E5,P60422
P02413,P0A8E5
P0A7V8,P0A8E5
P0AAS7,P21513
P0AAS7,P0A7L0
P60422,P0AAS7
P0ADZ0,P0A7L0
P0ADZ0,P60422
P21499,P68679
P0A850,P0A9Z1
P00579,P60723
P31828,P0ABS1
P03007,P0A7L0
P0AE85,P0A9W9
P11868,P0CE47
P0A6F9,P60716
P67910,P0ABU0
P37689,Q46864
P33224,P0A7L0
P0A9Q5,P0A9Y6
P69913,P21645
P0A6X3,P0A7T3
P0AAH0,P0C054
P61320,P0A9K9
P22523,P0AA10
P05055,P0A7V8
P0A8J8,P0A7S9
P21499,P0A7S9
P0ADZ0,P0A7R1
P0AG24,P0A7R1
P0AAS7,P60723
P0A7L0,P0AG24
P0AAB6,P39385
P0A988,P10443
P0A972,P0A968
P0A6G7,P0A6F9
P0AG55,P21499
P0A6I6,P67910
P0A6F9,P0A9R7
P0ACU7,P0ABT2
P0ABE2,P0AEI1
P15034,P0AF26
P0A972,P0AD01
P06709,P0A761
P75728,P0ADQ2
P31058,P60390
P0ACI0,P00582
P62707,P0ABC7
P75867,P0A715
P0A6E6,P0ABA6
P0A7T3,P36659
P0A9Y6,P0AA39
P0A9P6,P0ACF4
P0ACF8,P0A850
P0A6F9,P24192
P0A707,P0A7K6
P0ABT2,P33591
P0A7V3,P0A717
P37765,P02413
P0A9P6,P0AAS7
P0A812,P08622
P62399,P75829
P0AG44,P0A8M6
P0A8M6,P0AG67
P25516,P0A7N4
P24186,P25553
P0ADZ4,P0ACN4
P0A7L0,P05637
P09551,P07650
P0AB71,P0A901
P0AD33,P0A901
P0ABE2,P33361
P0A6G7,P0AF90
P0A9X9,P0ACF0
P0ACF4,P0A9Y6
P0AC38,P0A968
P0A7M2,P69913
P0A7S9,P69913
P0A9P6,P0A6A8
P10443,P0AG48
P10443,P0AG67
P10443,P0A7T3
P0AEG4,P0ACE0
P0A6A8,P0ABV2
P0A8M6,P60422
P0AAS7,P0A7R1
P0AAS7,P0A7K6
P0AAS7,P0AG67
P0AAS7,P0A7V3
P0A7V8,P0AAS7
P0AAS7,P0ADK8
P02413,P0A9K3
P0A9K3,P0ADY7
P0A7V3,P0A9K3
P0A7S9,P0A9K3
P0A9K3,P0AG59
P60422,P0A8Z3
P08622,P0AFP6
P60422,P75829
P60723,P75829
P75829,P0AG55
P0A7J3,P75829
P0A7K6,P75829
P0AG67,P75829
P75829,P0A7V3
P0A7V8,P75829
P0AGJ5,P75829
P09127,P0ACV4
P0ACB7,P0ACV4
P76104,P0A7L0
P76104,P60723
P76316,P0A7L0
P60723,P76316
P0A7K6,P76316
P0A7V3,P76316
P76316,P0A7V8
P76316,P0A8M6
P0A8M6,P0A9M0
P23830,P0A8M6
P0A8M6,P67910
P21499,P0A8M6
P0A8M6,P0A7L0
P62399,P0A8M6
P0A7R1,P0A8M6
P0A8M6,P02413
P0A8M6,P0A7K6
P0A7S9,P0A8M6
P0A8M6,P0A7T7
P0A8M6,P68679
P21507,P0A8M6
P75864,P0A8M6
P0AGJ5,P0A8M6
P0AAB6,P77808
P0A7V8,P36979
P0A7S9,P36979
P0ADK8,P36979
P0AGJ5,P60723
P0AGJ5,P0A7R1
P0AGJ5,P0A7K6
P0AGJ5,P0A7X3
P0AGJ5,P0A7R9
P0A7S9,P0AGJ5
P0A7L0,Q46820
Q46820,P0A7R1
P0A7L0,P0ADS6
P0ADS6,P0A7V8
P0A7X3,P0ADS6
P60723,P0AGK4
P0AGK4,P0A7J7
P0AA10,P0AGK4
P08622,P39407
P39407,P0A6F9
P0A8M6,P0A7V8
P0A7R9,P0A8M6
P0AGJ5,P60422
P0A7L0,P39407
P39407,P60723
P02413,P39407
P39407,P0A7K6
P39407,P77395
P63386,P0A6F9
P0ABD5,P24182
P24182,P0A9Q5
P25516,P69913
P69910,P25516
P0AC86,P25516
P25516,P0AG30
P0A7K6,P25516
P0AG67,P25516
P0AGK4,P25516
P04036,P36683
P25526,P36683
P69828,P36683
P36683,P33195
P0A6F9,P36683
P45548,P36683
P0ACF4,P0A6A8
P0A6A8,P02413
P0A7W7,P0A6A8
P0A7S9,P0A6A8
P0AE06,P0A6P9
P0AE06,P69910
P0AE06,P0A9B2
P0AA10,P33224
P33224,P0A7K6
P33224,P0AG48
P0A7S3,P33224
P0AG59,P33224
P33224,P0A7U3
P0A7U7,P33224
P0AGK4,P33224
P33224,P0AF90
P25553,P0ADF6
P0A9A9,P25553
P25553,P25526
P25553,P37330
P36683,P37685
P37685,P00509
P37685,P07650
P0A9A9,P37685
P37685,P25526
P37685,P69828
P33195,P37685
P37685,P37330
P0ACN4,P0ACF0
P0ACN4,P0C018
P0A7K6,P0ACN4
P0ACN4,P0AG48
P02358,P0ACN4
P0AD70,P0AFP6
P0A6N4,P05637
P05637,P0A9B2
P05637,P06987
P0ACF8,P05637
P05637,P0ACF0
P0ACF4,P05637
P05637,P0AEZ3
P05637,P21513
P05637,P0A7J3
P0ACF4,P0AD70
P0A6F9,P05637
P05637,P68919
P0A7M6,P05637
P05637,P0A7W7
P0AG59,P05637
P05637,P0A7T3
P0A7U7,P05637
P0A9K9,P05637
P0A850,P05637
P0AB14,P05637
P0ADU5,P05637
P0AEC3,P0A6E4
P0AGD7,P0AEC3
P0AEC3,P0A825
P09551,P36683
P09551,P0ADF6
P09551,P0A9A9
P25526,P09551
P69828,P09551
P33195,P09551
P0A9S5,P09551
P23325,P00957
P0A7M2,P23325
P23325,P76484
P0AEH5,P28249
P28249,P37751
P64581,P28249
P37747,P00509
P0A850,P00509
P0A6E6,P0ABB0
P0ABB4,P0A6E6
P0A7K2,P37659
P37659,P0ADZ0
P0AG48,P06709
P0AG59,P06709
P0A901,P0A9G6
P0A901,P0A9X9
P0ABT2,P0A901
P0A901,P0A6P9
P0AAI9,P0A901
P0A901,P69910
P0A901,P0A9B2
P0A6F9,P0A901
P0A901,P0ACF0
P0A901,P0AEX9
P09373,P0A901
P0A901,P0A799
P0A901,P0AFJ5
P0AA04,P0A901
P0AD61,P0A901
P0A7L0,P0A901
P60422,P0A901
P0AG55,P0A901
P0A901,P02413
P0ADY7,P0A901
P0A901,P68919
P0A901,P0A7M2
P0A901,P0A7N9
P0A901,P0AG67
P0A7V3,P0A901
P0A901,P0A7R5
P0AG59,P0A901
P0A901,P0AG86
P0A901,P0A850
P0AG80,P0A901
P68066,P0A901
P0AEF8,P0ABE2
P0AE08,P0A901
P0A901,P0AC38
P17315,P0AG59
P0AEF4,P37127
P0ABH9,P0A7K2
P0A7N9,P0ABH9
P02358,P0ABH9
P0ABH9,P0A7R5
P0ABH9,P0AG59
P0ABH9,P68679
P0ABH9,P30871
P0ABH9,P0AGK4
P03819,P0A6G7
P00550,P0A6G7
P0A6H1,P37759
P0A6I6,P22188
P0A6I6,P0A8Z0
P0A6I9,P0ABT2
P0ABA6,P0A9X9
P0A9X9,P0A6X3
P0ACF4,P0A9X9
P0A7K2,P0A9X9
P0A9X9,P0C018
P0A9X9,P0A7R5
P0A9X9,P55140
P36995,P0A978
P0ABH7,P36995
P0A6X3,P36995
P36995,P0A7K2
P36995,P0A7R5
P0A972,P0A9Y6
P0A9Y6,P0A6X3
P0ACF0,P0A9Y6
P05824,P0A9Y6
P0C018,P0A9Y6
P0A9Y6,P0ADZ0
P60624,P0A9Y6
P02358,P0A9Y6
P0A7U7,P0A9Y6
P0A6J8,P0A968
P0A968,P77308
P0A968,P0AAG0
P0AEU7,P0A968
P0A968,P0AG59
P0A968,P68679
P0A8A4,P0A968
P0ACC7,P0A972
P0A6X3,P0A972
P0A972,P0ACF0
P0A972,P0A7T3
P69913,P08622
P69913,P0A6P9
P0AEU7,P69913
P69913,P0ACF0
P69913,P0ACF4
P69913,P0A707
P69913,P0A8J8
P21513,P69913
P69913,P0A7R1
P69913,P02413
P69913,P0AG44
P0C018,P69913
P69913,P0A7L3
P69913,P0AG48
P0A7M6,P69913
P69913,P0A7Z4
P0AE60,P0ADZ4
P0A6P9,P17315
P0ACF0,P17315
P17315,P60723
P0A7J3,P17315
P17315,P0A7K2
P0A7T3,P17315
P0AEF4,P76440
P0C018,P0ABH9
P0ABH9,P0AG48
P0A6I9,P0A7F6
P0AE85,P0ACB2
P0AE85,P0ACF4
P0AE85,P23538
P0AE85,P0ADZ0
P64574,P36995
P69913,P02358
P69913,P0AGJ5
P0ABI8,P69441
P0ABI8,P04128
P0ABT2,P0ABJ3
P04128,P0ABJ3
P0ABJ3,P0ACF0
P0A7R1,P0ABJ3
P0ABJ3,P0A7R5
P68066,P0ABJ3
P04036,P29012
P07650,P29012
P25526,P29012
P29012,P69828
P33195,P29012
P29012,P27431
P0A988,P0A9D8
P0AET2,P0A9D8
P0AED9,P0A7L0
P0AA10,P0AED9
P0AED9,P0AG59
P76128,P0A6J8
P0A6J8,P0AD68
P0A6J8,P30864
P0A6J8,P0ADN0
P0A9P6,P0AEB2
P0A9P6,P75825
P0A7J7,P0A9P6
P0A9P6,P0ADY7
P0C018,P0A9P6
P0A9P6,P0ADZ0
P0A9P6,P0A7L8
P0A7S3,P0A9P6
P0A7U3,P0A9P6
P77499,P0A9P6
P0A9P6,P0ADK8
P07650,P04036
P07650,P25526
P0A6P9,P0ABS1
P0ABS1,P0A7R5
P64476,P0ABS1
P69853,P0A7M2
P03004,P0A7K2
P03004,P0ADY3
P0ADY7,P03004
P60624,P03004
P0A7S9,P03004
P0A7U7,P03004
P0A7L0,P10443
P08622,P60624
P0A7T3,P69913
P0A7U3,P69913
P0A6F9,P0ABJ3
P0ABJ3,P0AES9
P0AG48,P0AED9
P0AED9,P0A7V3
P0AG44,P0A9P6
P77509,P0A9P6
P07650,P0A9A9
P33195,P07650
P0A7R5,P03004
P0AG59,P03004
P0AA10,P10443
P0AG59,P08622
P03007,P0AB98
P03007,P0A7K2
P0A7N9,P03007
P0A8J2,P05637
P0A8J2,P42604
P0AG80,P06710
P0ABT2,P0AEU7
P0ABT2,P0ADZ0
P0ABT2,P60624
P0ABT2,P02358
P0ABT2,P0A7R5
P0ABT2,P0A9K9
P0ADK8,P0ABT2
P0AEG4,P25516
P0A830,P0AEG4
P0AEG6,P0AEG4
P0AEG4,P41052
P0AEG4,P77409
P75883,P0AEG4
P0AEG4,P75978
P38038,P77202
P77202,P16703
P33371,P0AE14
P33371,P0ABE9
P45568,P63284
P45568,P0A972
P45568,P0AFH8
P0A7K6,P45568
P0A7F6,P45568
P45568,P0AFG6
P25516,P0ADF6
P0ADF6,P0AG30
P0A850,P0ADF6
P0ADF6,P76213
P04128,P23895
P23895,P0A7J7
P0A7K2,P23895
P23895,P0A7M2
P23895,P0A7U7
P0A7M2,P76541
P0ABU7,P0A6P9
P0ABU7,P0ACF0
P0ABU7,P0ACF4
P37647,P0ABU7
P0ABU7,P30011
P0AFD1,P0ABU7
P31979,P0ABU7
P31677,P0ABU7
P0A7D4,P0ABU7
P0A7F9,P0ABU7
P0ABU7,P60723
P0A7R1,P0ABU7
P0ABU7,P0AA10
P0ABU7,P0C018
P0AEG4,P21179
P0A6C1,P33371
P33371,P0A6D5
P0A9Y6,P0ABU7
P62707,P0ABU7
P0ACF8,P0ABU7
P0ABU7,P0AG48
P0ABU7,P0ADZ0
P0A7M2,P0ABU7
P02358,P0ABU7
P0A7R5,P0ABU7
P0AG59,P0ABU7
P0A7T3,P0ABU7
P68066,P0ABU7
P0ABV2,P69441
P0A7R9,P0ADS6
P25516,P60624
P37685,P27431
P0ACN4,P0A7S3
P05637,P0A6P9
P68066,P05637
P00509,P33599
P0A9J6,P36659
P0ABH9,P0AA10
P24177,P0A968
P69913,P62399
P0A7X3,P69913
P0A6A8,P0ABJ3
P0A7U7,P0AED9
P02919,P0ABS1
P0A7W7,P0ABT2
P0AEG4,P0AEM6
P07018,P0AEG4
P0AE08,P0ABU7
P68919,P0ABU7
P60624,P0A8M6
P0AA10,P75829
P33224,P0A7M2
P69441,P05637
P0A7R1,P0ABH9
P0ABU7,P0ABT2
P0A8M6,P0AG59
P75829,P0A7L0
P0A7V3,P0A8M6
P0AG48,P0AGK4
P0A6F9,P39367
P0A850,P25516
P25553,P33195
P0ACN4,P0A7S9
P0ACN4,P0AG59
P05637,P0A7K6
P37330,P09551
P0A9Q7,P0A901
P45578,P0A901
P0A901,P0A7D4
P0ACF8,P0AE60
P0ABH9,P0A7L8
P0A6G7,P64476
P0AG59,P0A9Y6
P69913,P60624
P0ABJ3,P0AB14
P0A7M2,P0A9P6
P0ADZ0,P08622
P0CF66,P0AEG4
P0AEG4,P0AB74
P76541,P0A7R5
P0ABU7,P0A7J7
P0ABV2,P23325
P0A8M6,P0AA10
P0AG59,P69913
P0A6Q6,P0A7U3
P52612,P0A7K2
P09373,P39180
P0AAI3,P0AG48
P0A9B2,P00579
P25526,P33195
P0AEQ6,P0ABT2
P0ADY7,P0A996
P00960,P0A7T3
P69931,Q47536
P0A858,P15038
P0A7M2,P28905
P0ADZ0,P0ACF0
P0AEU7,P0ACF4
P69739,P0AEI1
P69739,P60422
P0C054,P24205
P0A707,P0ACF4
P32053,P0A955
P76268,P0A8V2
P22188,P0A715
P60785,P33025
P0AA10,P61316
P07658,P0A7V8
P0A9Y6,P0ABV2
P0ABV2,P0ABT2
P0A6N4,P0ABV2
P0ABV2,P04128
P0A6F9,P0ABV2
P0A6X7,P0ABV2
P0A910,P0ABV2
P0AFH8,P0ABV2
P0A7J3,P0ABV2
P0A7K2,P0ABV2
P0AE08,P0A6Q3
P0A6P9,P0A6Q3
P0A9B2,P0A6Q3
P0A6Q3,P0A6F9
P0A6Q3,P0ACF0
P0A6Q3,P09373
P0A799,P0A6Q3
P0A6Q3,P0A7J7
P0A6Q3,P0AG48
P0A7V3,P0A6Q3
P0A6Q3,P02358
P0A7T7,P0A6Q3
P0A6Q6,P0A7M2
P0A991,P08622
P13024,P0AB91
P0AGK8,P13024
P60723,P13024
P0A9P6,P07658
P07658,P0AA10
P07658,P0A7U3
P0AGJ5,P07658
P20605,P0ABT2
P0ABH7,P20605
P0A7L3,P20605
P75919,P20605
P0ADH5,P0AA10
P0ADH5,P0A7K6
P0ADH5,P0AG48
P60624,P0ADH5
P0ADH5,P02358
P0A7W7,P0ADH5
P0A7T3,P0ADH5
P0A7T7,P0ADH5
P31574,P0AG30
P14081,P31574
P0A9L3,P0AER0
P0AAE2,P0A9L3
P52612,P0A9B2
P51024,P0AEM9
P0AEM9,P75767
P07658,P0A7S9
P0A7T7,P07658
P0AFZ7,P0A9L3
P45523,P0A6F1
P0AEM9,P64581
P0A9Q7,P39180
P0AE08,P39180
P39180,P0A9Y6
P39180,P0ABT2
P39180,P0A6P9
P69910,P39180
P39180,P0A9B2
P39180,P0A6F9
P39180,P0ACF8
P39180,P0ACF0
P39180,P0ACF4
P39180,P0A799
P0AG30,P39180
P39180,P0A7J3
P39180,P0A7L3
P0ADZ0,P39180
P39180,P0AG59
P39180,P68066
P0ABQ4,P31474
P39401,P0ABQ4
P16659,P0ABQ4
P0ABQ4,P80645
P0ABQ4,P46130
P0AFS3,P25526
P0AF90,P0AFS3
P69488,P0ABH0
P42632,P0ABH0
P0ABF6,P0A9R7
P13458,P0A9R7
P07024,P0A9R7
P0A9R7,P77658
P52137,P0A9R7
P0AAI3,P0ABC3
P68739,P0AAI3
P0AAI3,P60723
P0A7R5,P46889
P46889,P68066
P0AEN4,P0AA37
P60723,P0AEN4
P0ABG4,P0A6F9
P00634,P0ABG4
P0ABG4,P0ADY7
P0A6A8,P0AC30
P0AC30,P0ABA0
P0A9Y6,P0AC30
P0A7J7,P0AC30
P0AC30,P0A7K2
P0AC30,P0A7R5
P0AG59,P0AC30
P0AC30,P0A7U7
P0A7K2,P0AEN8
P0AEN8,P0AA10
P25526,P24186
P0A9S5,P25526
P0A9B2,P0AE88
P0A7Z4,P0A9B2
P0A8V2,P0A9B2
P0A6U5,P30011
P30870,P0A7V8
P30870,P0A850
P0A972,P0AEQ6
P0AG59,P0AEQ6
P0A9D8,P10346
P0A9S5,P24186
P0A9S5,P19319
P0AC86,P32053
P0AC86,P0AD61
P0AC86,P0A7M2
P0AFZ7,P17169
P30870,P25516
P0AE08,P30870
P0ABT2,P30870
P30870,P0A6P9
P10346,P0AET2
P0A9M2,P10346
P42632,P10346
P0A6F9,P0AC81
P0A9M8,P0AC81
P0A996,P0A9K9
P0A996,P0A850
P17846,P0A6F3
P0A6F3,P0AF06
P0ABH7,P25516
P77581,P0ABH7
P0A988,P0ABH7
P0ABH7,P30870
P0ABH7,P0A6F9
P0AFH8,P0ABH7
P67910,P0ABH7
P0A850,P0ABH7
P0AFP6,P0ABH7
P0ABH7,P0AF90
P09831,P13029
P0AG48,P09832
P0A7X3,P09832
P09832,P0AG59
P0A9A9,P37902
P00960,P60723
P62399,P00960
P00960,P0ADY7
P00960,P0AG48
P00960,P0A7M2
P0AEB2,P63228
P63228,P21499
P63228,P0A7L0
P60422,P63228
P60723,P63228
P63228,P0ADY7
P0A7L3,P63228
P0AG48,P63228
P63228,P0A7M2
P63228,P0A7V3
P63228,P0A7V8
P02358,P63228
P0A7W7,P63228
P63228,P0A7X3
P0A7R5,P63228
P0A7R9,P63228
P0A7S3,P63228
P0A7S9,P63228
P0AG59,P63228
P0ADZ4,P63228
P63228,P0A7T7
P0A7U3,P63228
P0A7U7,P63228
P63228,P77499
P0A6D0,P77334
P0ACJ8,P63020
P04036,P37902
P00960,P0AG55
P0AA10,P00960
P00960,P0A7K6
P63020,P0A8W5
P0ADZ0,P0A6S7
P0A6S7,P0AG67
P69913,P15038
P15038,P0A9B2
P15038,P0A6F9
P15038,P60716
P0A799,P15038
P15038,P60723
P0A7K2,P15038
P0AG48,P15038
P15038,P0AG67
P0AE08,P0ACB2
P0ACB2,P39099
P0A6F9,P0ACB2
P0ACF0,P0ACB2
P23538,P0ACB2
P0AG59,P0ACB2
P0ACB2,P68066
P16687,P32131
P32131,P0AFP6
P69913,P0A6X3
P0ACF4,P0A6X3
P0A6X3,P02413
P0A6X3,P0A7K6
P0A6X3,P0A7M2
P0A6X3,P0A7T7
P0ACF8,P0ACF0
P60624,P0ACF8
P0ACG1,P0ACF8
P0ACF8,P64467
P0ABD8,P28630
P28630,P0AAJ3
P28630,P0AFL6
P0ADG7,P28905
P0A7K2,P28905
P28905,P0A7K6
P28905,P0A7N9
P28632,P0A7K2
P0ABS8,P0A7K2
P0ABS8,P06612
P0ABS8,P0AG80
P0A9D8,P0A9M2
P0ACF4,P05719
P00490,P05719
P05719,P60723
P05719,P0AG48
P0A6Y5,P0AEC3
P33593,P0A6Y5
P0ACG8,P13458
P0ACG8,P75683
P0A6H5,P0ABD8
P0A6H5,P0A917
P0A6H5,P25539
P0A7K2,P0A6H5
P0A6H5,P0A7R5
P0ABD8,P0A7B8
P15005,P0A6Z3
P75862,P0A6Z3
P0ACF0,P0A6S7
P0AA10,P0ACF0
P0A9K9,P0ACF0
P0ACF4,P0A6R3
P15038,P0ABD8
P15038,P0ABB4
P68739,P0A6X3
P0A6X3,P0A7K2
P0A7M6,P28905
P0A9M2,P0A9K9
P0A6Z1,Q46796
P0AEH5,P08957
P0A8F8,P08957
P05719,P08956
P0ACF0,P05719
P75954,P0ACG8
P28224,P0ACG8
P37642,P0A7B8
P0A7B8,P0A8H6
P0A6Z3,P77329
P0ACF8,P0ACF4
P0A6X7,P0ACF4
P0ACF4,P36767
P0A7Z4,P0ACF4
P0ACF4,P0AFY8
P0AEU7,P69739
P19931,P0AA10
P0A7K2,P0ACE0
P0A7M2,P0ACE0
P0A7R5,P0ACE0
P0ACE0,P0AG59
P0A7I4,P37182
P0AAM7,P0AAM3
P0A9K9,P0AAM7
P23325,P0AEW1
P0AEW1,P0A7T3
P0A700,P11349
P52101,P0AAN3
P0AAM3,P0A7K2
P0AAM3,P0A7M2
P0A7M2,P30131
P63264,P0C054
P0C054,P37188
P21517,P0C054
P0C054,P39177
P25531,P0C054
P16528,P0A7L0
P0AA10,P16528
P16528,P0A7L3
P16528,P60624
P0A7W7,P16528
P0A7S9,P16528
P07639,P0A6Y1
P0AER8,P0A6Y1
P0A8T7,P0A6Y1
P0A6Y1,P39160
P0AC33,P08142
P0AFI7,P00893
P0A7R1,P00893
P00893,P0A7M2
P0A707,P0AEB2
P0A707,P0A7U3
P77499,P0A707
P0AGJ5,P0A707
P0AGK4,P0A707
P06864,P32053
P32053,P0A6S3
P25437,P32053
P60624,P69739
P0A9K9,P69739
P19930,P19931
P10408,P19931
P0AEW1,P0A6P9
P0A7J3,P0AEW1
P0AG59,P0AEW1
P0AEW1,P0A7U7
P32057,P0AEW1
P0A700,P0A6E6
P23842,P0AAN3
P0A9B2,P30131
P0ACE0,P30131
P0AAM7,P30131
P0C054,P75794
P0AG67,P00893
P0A707,P02413
P31450,P32053
P0AFD6,P32053
P32053,P76037
P32053,P75988
P77409,P32053
P32053,Q46861
P0ACF0,P0AGK8
P0AGK8,P0A6X7
P0AGK8,P0A7M2
P37647,P17109
P37647,P00934
P76268,P0A6R3
P0ACF8,P76268
P76268,P0A6X7
P76268,P60716
P00490,P76268
P76268,P69797
P76268,P00582
P0ACP7,P76268
P0A698,P76268
P76268,P0A8G9
P76268,P76034
P78067,P76268
P0A715,P62399
P0AG59,P0A715
P0A715,P75683
P0A715,P32139
P76539,P0A715
P04951,P0AD01
P0AFU2,P04951
P0ABZ4,P67910
P0ABZ4,P0A7L0
P0AA10,P0ABZ4
P0ADY7,P0ABZ4
P0ABZ4,P0A9K9
P0ABZ4,P75990
P0ADY7,P45395
P45395,P0A7M2
P45395,P0A7S9
P45395,P0A7U7
P0AD05,P45395
P0AF90,P45395
P60785,P0A6C5
P0AEW1,P60785
P75830,P60785
P60785,P76037
P60785,P15032
P60785,P64423
P60785,P0ADM6
P0A836,P09151
P76268,P0AGB3
P0A9K9,P76268
P0AGE9,P09151
P0A6P9,P0A6A6
P30126,P0A6A6
P0A6A6,P36938
P23538,P0A6A6
P0A6A6,P0A7M2
P0A6A6,P0A7T3
P0A6A6,P0A870
P30126,P23538
P0A7T3,P30126
P0A870,P30126
P0AE18,P07813
P61316,P0A7K2
P61316,P65292
P17445,P61320
P61320,P0A998
P11880,P61320
P0ADY1,P61320
P61320,P0AG86
P61320,P0AB52
P45800,P61320
P0AG48,P0A9M0
P0A9M0,P0AGE0
P32099,P0AEJ2
P06972,P0A722
P0A722,P0AAI3
P0A722,P0CI31
P0A722,P77781
Q46920,P0A722
P60932,P10441
P21645,P0AC38
P21645,P0ABL8
P21645,P77184
P21645,P0AFW4
P0AG48,P07658
P07658,P0A7U7
P0AEM9,P30871
P39180,P0A8G6
P0ABG4,P0A7T3
P0A9B2,P0A8T7
P0AC86,P30870
P63228,P0AA10
P77334,P76162
P31600,P69931
P15038,P69910
P0AA10,P0A6X3
P68739,P08957
P0A6Z3,P52052
Q46834,P19931
P0C054,P0AED0
P0A707,P0A7L3
P76268,P0ACF0
P76268,P06612
P45395,P0A7K6
P0A6A6,P0A850
P0A7J0,P0A722
P0A6Q3,P69910
P0C054,P0A9R7
P00960,P18843
P45428,P0A6L9
P24192,P0A7M2
P76268,P0A7Z4
P0A8T7,P76268
P0A6Q3,P0A7M2
P0A7W7,P07658
P76334,P0ADH5
P39180,P0A7Z4
P0AAI3,P0A7K2
P33195,P37902
P0A6U5,P31224
P0AC86,P0AA04
P0ABH7,P0A6B7
P0ABH7,P0AG30
P00960,P0A7S9
P33915,P69931
P0A7L3,P0A6X3
P28632,P0AG48
P25527,P0A7B8
P0ADZ0,P69739
P0A7L3,P0A700
P0ADZ4,P0A707
P76268,P36767
P00579,P76268
P75960,P45395
P67910,P33232
P0C054,P0A6P9
P0ACJ0,P76578
P23917,P0A7U7
P17169,P02918
P02918,P0AG67
P02918,P0A6P1
P0A7M2,P22523
P68739,P0A6F9
P0A7J7,P0ADA3
P0AG59,P0ADA3
P0A776,P0ACF0
P0AFG0,P0A7W7
P76086,P0A7L3
P0AFI2,P11880
P0A799,P0A7R1
P00582,P0ADM6
P0A8T1,P60752
P0A9L8,P0AES4
P0A9L8,P60624
P23830,P0AG59
P25437,P0AAH0
P09546,P0ADY7
P0ACF4,P0A7F9
P15032,P0AE18
P0A7R5,P02918
P0AG44,P0AD61
P0AAE5,P21645
P0AGJ5,P21645
P21645,P0AF76
P43341,P0A7S9
P0ACJ0,P39370
P00804,P0A9D8
P00804,P0A9M2
P0A7T3,P00804
P0A8N5,P0ABK5
P0A8N5,P77733
P0A8N5,P0AFB1
P68919,P0A8N5
P0A8N5,P0A8L1
P0A8N5,P77169
P0A8N5,P76185
P23917,P0A6F9
P23917,P0ACF8
P23917,P0ACF0
P52643,P23917
P23917,P09373
P36938,P23917
P23917,P0A7L0
P0A7R1,P23917
P23917,P02413
P23917,P0C018
P60624,P23917
P23917,P68919
P23917,P0A7M6
P0A7S9,P23917
P0A9K9,P23917
P0A870,P23917
P0ABT2,P23917
P23917,P0A6P9
P23917,P0A850
P0A8E7,P23917
P0AD33,P23917
P23917,P0AF36
P68206,P23917
P00490,P0A7R1
P00490,P0AA10
P0A7K6,P00490
P00490,P0AG48
P0A7T3,P00490
P00490,P76049
P00490,P0AGK4
P0AE18,P77791
P76398,P0AE18
P0AE18,P0ACT6
P0AE18,P76245
P30958,P0AAD8
P0AEI6,P77569
P04036,P0AEZ3
P0AEZ3,P0A9A9
P0AES6,P30745
P30745,P0AG48
P30745,P0A832
P69441,P02918
P02918,P0AE08
P00805,P02918
P02918,P21889
P02918,P63284
P02918,P0A6K6
P02918,P37349
P02918,P0ABT2
P02918,P0A6N4
P0AEH5,P02918
P0AEK2,P02918
P02918,P45523
P0A6M8,P02918
P02918,P0A825
P02918,P0A6W5
P02918,P0AET2
P02918,P0ACF8
P0ACF0,P02918
P02918,P13029
P02918,P45578
P0A8N5,P02918
P0C0L2,P02918
P02918,P36938
P37759,P02918
P02918,P0AFU8
P0A7L0,P02918
P02918,P60422
P0A7J3,P02918
P0A7J7,P02918
P02918,P02413
P0ADY7,P02918
P0C018,P02918
P0A7K6,P02918
P02918,P68919
P02918,P0A7M6
P02918,P0A870
P02918,P0A850
P0AB14,P02918
P0AD33,P02918
P68066,P02918
P0AAB8,P02918
P02918,P64581
P02919,P0ACB2
P02919,P0ACF0
P02919,P23538
P02919,P0A870
P0A9X4,P37188
P02358,P0A9X4
P0A9X4,P39177
P0A8J4,P0A9X4
P64476,P0A9X4
P0A9X4,P0AF90
P0A7K2,P22523
P0A7T3,P22523
P0A749,P39099
P60240,P0A749
P76387,P0A749
P46837,P0A749
P04128,P17952
P17952,P0A7R1
P0A7J3,P17952
P17952,P0A7R5
P17952,P0AG59
P68066,P17952
P0AEH1,P22188
P06722,P0A7R5
P0A6M8,P17802
P30011,P0ABS1
P33937,P0A7M2
P0AG59,P33937
P0A9I5,P0A6F9
P0A9I5,P0ADZ0
P0ACF4,P50465
P50465,P60723
P0AG48,P50465
P0A7M2,P50465
P0A7V8,P50465
P0A9K9,P50465
P0ACF8,P68739
P0ACF0,P68739
P68739,P0ACF4
P0A6X7,P68739
P0A6Y1,P68739
P00490,P68739
P36767,P68739
P68739,P0A7K2
P0A7K6,P68739
P68739,P0A7Z4
P68739,P02358
P68739,P0A7S9
P0A7T7,P68739
P0A809,P68739
P33591,P0ACF0
P33591,P0A7J3
P0A7T3,P33591
P0A6A8,P0ADA3
P0ADA3,P23325
P0ADA3,P0ACF8
P0ACF0,P0ADA3
P0ADA3,P0A910
P0ADA3,P60723
P62399,P0ADA3
P0ADA3,P0A7K2
P0ADA3,P0ADZ0
P02918,P0A8B5
P02918,P0A7T3
P11880,P0ABG7
P17802,P0AGF6
P0AG55,P30011
P30011,P0A7J7
P30011,P0A7U3
P0ADA3,P0AFG0
P0ADA3,P0A7M2
P0A7M6,P0ADA3
P0ADA3,P0AG51
P0A7N9,P0ADA3
P28903,P00959
P0AAX8,P28903
P28903,P64534
P0A776,P33224
P0A776,P0ACF4
P0A776,P0ADY7
P0AG48,P0A776
P68919,P0A776
P0A7M2,P0A776
P0A7T7,P0A776
P0A7U3,P0A776
P0A776,P0A7U7
P0A776,P0AAS7
P0A776,P0ADK8
P38038,P33599
P33599,P75863
P33602,P0AEU7
P33602,P30126
P0AFD1,P33602
P33602,P31979
P0A7D4,P33602
P15254,P33602
P0AFF6,P0AED0
P60723,P0AFG0
P0A7K2,P0AFG0
P0AFG0,P0ADY3
P0AFG0,P0ADY7
P0ADZ0,P0AFG0
P02358,P0AFG0
P0AG59,P0AFG0
P0AFG0,P0A7T3
P0AFG0,P68679
P42641,P0A7C6
P64476,P42641
P0A9B2,P0AFH0
P0AFH0,P0A6F9
P0A910,P63284
P0A910,P0A7R1
P0A910,P0A850
P0AFH2,P0ADZ0
P31677,P0ABT2
P31677,P0A6P9
P31677,P0ACF0
P37647,P31677
P31677,P0AA04
P60422,P31677
P31677,P0ADY7
P31677,P0A7T3
P31677,P00934
P39177,P31677
P16687,P0AFI0
P0AFP6,P0AFI0
P0AA10,P76086
P0A7M2,P76086
P0A7S3,P76086
P0ADA3,P0A8M6
P0ADA3,P68066
P0A7L3,P0A776
P02358,P0A776
P33599,P0ABT2
P0ADZ0,P0A910
P0AG59,P0A910
P0A7L0,P0AFH2
P0AFH2,P0ADY7
P31057,P36938
P31057,P23538
P0A7M6,P31057
P31057,P0A7R5
P31057,P0A7U7
P0A870,P31057
P31057,P0A850
P25742,P0AFI2
P20083,P0A6I9
P20083,P0A9S1
P20083,P0ACY9
P0ABF1,P0ABH7
P62399,P0ABF1
P0ABF1,P39406
P0AC53,P09373
P0A6P9,P0A799
P0A6X3,P0A799
P05055,P0A799
P07395,P0AG90
P0AFJ1,P0ADY3
P0AFJ1,P10408
P16678,P16687
P16678,P0AG80
P05055,P0ACF0
P05055,P0AG44
P05055,P0AG48
P05055,P60624
P05055,P0ADZ4
P0A7T7,P05055
P0A7U3,P05055
P05055,P0A7U7
P0A6R3,P00582
P37623,P0A7A9
P0A7A9,P32705
P0A7A9,P76458
P0A7A9,P13029
P0AG86,P0A7A9
P0A7A9,P0AF90
P00864,P33195
P00864,P37330
P00864,P0A7M2
P23869,P0AAI3
P33360,P0A9L5
P0A9L5,P37339
P23538,P36938
P0A870,P23538
P0A7I0,P0A8Q0
P0A7I0,P0A9J8
P27242,P0A7I0
P0A7I0,P76049
P0A7I0,Q46833
P31667,P0A7I0
P07012,P0AC78
P0AES6,P0A7I4
P0A832,P0A7I4
P0A7I4,P0A847
P36554,P0A8T1
P33924,P0A8T1
P0A823,P07004
P0A799,P0AG59
P0A799,P0A7U7
P16678,P16688
P31828,P0ACF4
P0A7L0,P31828
P0A7M2,P31828
P30844,P0A7I0
P0A9L8,P0AE08
P0A9L8,P0ABS1
P0ABT2,P0A9L8
P0A9L8,P0A6P9
P0A953,P0A9L8
P0A9L8,P00363
P0A9L8,P69910
P0A9L8,P0A9B2
P0ACF0,P0A9L8
P0A9L8,P0ACF4
P0A9L8,P0AFI2
P0A9L8,P09373
P0A7B1,P0A9L8
P62399,P0A9L8
P0A9L8,P0A7J3
P0A7J7,P0A9L8
P0A9L8,P0AG67
P0A7W7,P0A9L8
P0A9L8,P0A7R5
P0AG59,P0A9L8
P0A9L8,P0A7T3
P0A9L8,P0A850
P0A9L8,P0A8A0
P0A9L8,P68066
P0AF90,P0A9L8
P0AG63,P45577
P0A7U7,P45577
P0A717,P45753
P0ADY1,P23830
P23830,P0A7K2
P23830,P0AG48
P23830,P0ADZ0
P0A7D4,P31677
P0ADP0,P0A7D4
P06961,P0A7D7
P0ACZ4,P0A7D7
P0A7D7,P60560
P0A7D7,P30015
P0A7D7,P31463
P0AET2,P15254
P15254,P0ACF8
P15254,P30011
P0A7D4,P15254
P15254,P0AFP9
P0ADP0,P15254
P69441,P09546
P0AE08,P09546
P09546,P0A9Y6
P09546,P0AEH5
P0A6P9,P09546
P09546,P0AB71
P09546,P0A7B8
P30126,P09546
P00634,P09546
P0AFU8,P09546
P09546,P0A7L0
P0A7R1,P09546
P09546,P0AG44
P09546,P0C018
P0A7D4,P0A9Q5
P0A7D4,P0ACF8
P09546,P0A7M2
P0A7M6,P09546
P09546,P0A7N9
P09546,P0AG67
P0A7T3,P09546
P09546,P0A870
P09546,P68066
P0ACF0,P0AD61
P0AD61,P0ACF4
P0AD61,P0A7L0
P0AD61,P60723
P0AA10,P0AD61
P0ADY7,P0AD61
P0AD61,P60624
P68919,P0AD61
P0AD61,P0A7S9
P0AD61,P0A7U3
P0AD61,P0AFP6
P0ADK8,P0AD61
P0A7E9,P0AAE8
P0A7E9,P0ABH9
P0A7E9,P0C0V0
P0A7E9,P0A6M8
P69828,P0A7E9
P0A7E9,P37188
P0A7E9,P0A725
P0A7E9,P02413
P0A7E9,P0AG48
P0A7E9,P0ADZ0
P0AG67,P0A7E9
P02358,P0A7E9
P0A7E9,P0A7R5
P0A7T3,P0A7E9
P0A7E9,P30137
P0AED0,P0A7E9
P0A7E9,P0AGK4
P31552,P0A7F9
P0A7F9,P0ACF0
P0A7U3,P0A7F9
P0A7F9,P24215
P69405,P22333
P0A9H3,P69405
P16429,P69405
P69407,P63204
P33231,P69407
P69407,P0ABB8
P0A8T1,P69407
P69407,P0A7M2
P80645,P69407
P52097,P69407
P69407,P37007
P38134,P69407
P69407,P77215
P0A8N5,P0AD33
P23917,P0AET2
P23917,P68066
P0A9Y6,P02918
P00946,P02918
P0A7V8,P02918
P0A7U3,P02918
P22523,P0C018
P0A6F9,P50465
P0AG59,P68739
P0A7R5,P0ADA3
P30011,P33602
P0AFH2,P0A7R1
P31057,P0A9Y6
P0A799,P21513
P75750,P0A7A9
P25718,P0A8T1
P0AAH0,P0A9H7
P0A7L0,P0A7D4
P09546,P0ACF0
P0A7R1,P0AD61
P0AG59,P0A7E9
P0ACN4,P77569
P02918,P0A7R9
P33599,P69783
P16678,P0A6T1
P16685,P16678
P0A7U3,P43341
P37662,P0A8N5
P23917,P0AE08
P23538,P23917
P0ABU0,P0AG59
P0A6F9,P02918
P60624,P02918
P02918,P0A7S9
P0AG59,P02918
P17952,P60716
P60723,P68739
P0ADA3,P0A9Y6
P0A7U7,P0ADA3
P28903,P0A9N8
P17846,P33599
P0AFH2,P0A7L8
P0ACF0,P0AFI0
P0A799,P02358
P16686,P16678
P0A7I0,P71229
P0AFT5,P07004
P75954,P0AAH0
P09546,P0ACF8
P0A7E9,P76272
P45577,P0AG59
P11880,P0AD61
P02918,P0A9A9
P0A6X7,P02918
P0A6M8,P0A7G6
P0A8J8,P0A7U7
P33353,P0AFU8
P0AA39,P0AG44
P0AG59,P0A7Y4
P60624,P0A7Y8
P0A7T7,P21499
P0A7K2,P00579
P0A7N9,P39286
P0AET2,P38104
P0A8L1,P37652
P0AG24,P0A7X3
P0A7T3,P0AG24
P0AG30,P0AFZ3
P0AFZ3,P60723
P0AG67,P0A836
P33570,P0ACF8
P33570,P27302
P46923,P36938
P46923,P0A7M6
P0ACJ8,P0A6A0
P0A9W0,P0AG48
P76578,P0A9W0
P0AE08,P37751
P37655,P69407
P15043,P0A7M2
P0AG48,P0C077
P0C077,P0A832
P0A7J3,P76658
P0A7L0,P0A8J8
P0AA10,P0A8J8
P0AG48,P0A8J8
P0A7T3,P0A8J8
P0A7U3,P0A8J8
P0A7J0,P0AEC3
P0AFI0,P0A7J0
P0A7H0,Q47706
P60723,P21893
P21893,P0A7M2
P0A809,P21893
P0AGK4,P21893
P0AG48,P76658
P76658,P0A7S9
P76658,P10408
P39830,P0A7J0
P0ABD8,P25539
P0A9Q5,P25539
P25539,P0ACK2
P25539,P69811
P25539,P0AFU8
P0AFU8,P80668
P0AG40,P24177
P04993,P0AG40
P0AG55,P63177
P63177,P0A7R1
P0AA10,P63177
P0C018,P63177
P63177,P0A7K6
P63177,P0A7N9
P63177,P68679
P31806,P63177
P0ACF4,P37765
P0A6X7,P37765
P0C018,P37765
P0A7L3,P37765
P37765,P0AG48
P68919,P37765
P0A7M2,P37765
P37765,P0AG59
P0A7T7,P37765
P37765,P0A7U3
P37765,P0A7U7
P37765,P0A8M6
P37765,P0A8H6
P0ACF0,P0AA39
P0AA39,P0ACF4
P0AA39,P0A7L3
P0AG48,P0AA39
P0AA39,P02358
P0AG59,P0AA39
P0AA39,P0A7T7
P0A7U7,P0AA39
P0AA39,P75966
P21513,P0A7K2
P0AA10,P21513
P21513,P0AG48
P21513,P60624
P0A7R5,P21513
P21513,P0A7T3
P0A7U7,P21513
P0A9J0,P0AG07
P0A7S9,P0A9J0
P0A9J0,P0A7U3
P0A9J0,P0A7U7
P0A9J0,P68679
P0A7Y4,P0ACF0
P0A7Y4,P0A7M2
P0A7X3,P0A7Y4
P0A7U7,P0A7Y4
P0A7Y8,P0ACF0
P0A7Y8,P0A7K2
P0A7Y8,P0AG44
P0C018,P0A7Y8
P0A6F9,P0A7G6
P0A7Y8,P0A707
P0A7Y8,P0A7R9
P0ADZ4,P0A7Y8
P0A7T3,P0A7Y8
P0A7U3,P0A7Y8
P0A7U7,P0A7Y8
P0A7Y8,P68679
P0AGK4,P0A7Y8
P0ACF0,P21499
P0A6X7,P21499
P21499,P0ADY7
P0A7L3,P21499
P0AG48,P21499
P21499,P0ADZ0
P0A7W7,P21499
P21499,P0ADZ4
P0ACF8,P0ACI0
P0ACF0,P0ACI0
P0ACF4,P0ACI0
P16685,P0ACI0
P0A7Z4,P0ACI0
P0ACI0,P0A7U7
P0ACG1,P0ACI0
P45543,P0AG07
P0AG07,P08957
P0AG07,P16456
P05704,P0AG07
P31063,P0AG07
Q46839,P0AG07
P0A7K2,P37351
P0A7N9,P37351
P62399,P0ADZ0
P0ADZ0,P0AG55
P0AA10,P0ADZ0
P0ADZ0,P0AG44
P0C018,P0ADZ0
P0A7K6,P0ADZ0
P0A7L3,P0ADZ0
P0ADZ0,P0AG48
P0ADZ0,P0A7M2
P0A7N4,P0ADZ0
P0ADZ0,P0A7N9
P0A7V3,P0ADZ0
P0A832,P0ADZ0
P0A9Y6,P0A7Z4
P27836,P0A7Z4
P0A7Z4,P0A7K6
P0A7Z4,P0AG48
P0A7Z4,P0ADZ0
P0A7Z4,P60624
P0A7L8,P0A7Z4
P0A7M2,P0A7Z4
P0A7Z4,P0A7N9
P0A7Z4,P02358
P0AG59,P0A7Z4
P0A7Z4,P0ADZ4
P0A7Z4,P0A7U3
P0A7U7,P0A7Z4
P60723,P0A8V2
P0A8V2,P0A7K2
P0A7N9,P0A8V2
P0A8V2,P02358
P0AG59,P0A8V2
P0A7U7,P0A8V2
P68679,P0A8V2
P0A7K6,P00579
P00579,P0AG48
P0A7M6,P0A7Y8
P0A7R5,P0A7Y8
P0A6X7,P0ACI0
P0ADZ0,P0A7J7
P0ADZ0,P0A7K2
P0A7M2,P00579
P0A8M6,P00579
P0A7K2,P0A800
P0A7U7,P0A800
P0A8R0,P37765
P0A8R0,P0AGJ5
P39286,P0A6M8
P39286,P0A9B2
P39286,P0A6F9
P60723,P39286
P0A7K2,P39286
P27431,P0AFR0
P0AA43,P0A7V8
P0AA43,P0A7S9
P0A6F9,P0AAH8
P0AAH8,P0A7M2
P10408,P04128
P0ACF8,P10408
P10408,P0A7R5
P0A7T3,P10408
P14081,P0A7R1
P0AA10,P14081
P14081,P0A7K6
P14081,P0A7L3
P14081,P0AG48
P60624,P14081
P14081,P68919
P0A7V3,P14081
P0A6E6,P0AGB0
P04128,P0AGB0
P0AES9,P0AGB0
P0AGB0,P0A7K2
P0AGB0,P0A7L8
P0AGB0,P0A7M6
P0AGB0,P0AG59
P0A7U7,P0AGB0
P0A7H0,P0A8L1
P33030,P0A8L1
P0A8L1,P37908
P0A8L1,P0AF82
P37678,P0A6F9
P37678,P0A832
P39362,P0A8N3
P0A7K2,P39362
P0A832,P0AES4
P0A832,P0AES6
P0AEU7,P0A832
P0A832,P0A7M2
P0A832,P0AG59
P0A8M6,P0A832
P0AG14,P0A7X3
P0AG14,P0A7U7
P21169,P0A9D8
P21169,P0A9M2
P0A7F6,P0AFG3
P0A7F6,P0AFG6
P02413,P0AG24
P0AG44,P0AG24
P0C018,P0AG24
P0AG48,P0AG24
P0AG24,P60624
P0A7R5,P0AG24
P0AG24,P0AG59
P38104,P00934
P39177,P0AFR0
P63284,P0A812
P10408,P0A7J7
P0A7M2,P10408
P0AG30,P14081
P14081,P0A7L0
P0A7K2,P14081
P0A9K9,P76502
P64540,P76502
P0A832,P0AA10
P0AG24,P0A6X3
P0ACF0,P0AG24
P0A7K2,P0AG24
P0AA10,P0AG24
P0AEJ2,P15082
P21507,P0ADZ0
P60723,P0AGE0
P0A7K2,P0AGE0
P0AGE0,P0A7K6
P0A7M2,P0AGE0
P0A7N9,P0AGE0
P0AGE0,P0A9K9
P0A8N5,P0ACA3
P54745,P0ACA3
P30139,P0ACA3
P0AAD4,P0ACA3
P77400,P0ACA3
P0AFZ3,P0ABH9
P0AEH5,P0AFZ3
P0A836,P08622
P0A6P9,P0A836
P0A836,P04335
P69910,P0A836
P0C054,P0A836
P0A836,P25665
P0A836,P0AEI1
P0A836,P09373
P0A836,P0A7R1
P0A836,P0A7R5
P0A7T7,P0A836
P0A7U3,P0A836
P0A8F0,P0A836
P51024,P0A836
P68066,P0A836
P17334,P0ABZ6
P04968,P0ABZ6
P0A9T4,Q46911
P0A847,P0A7M2
P0A847,P0A7S3
P0A847,P0AG59
P0A832,P0A847
P00934,P0AET2
P0ACF8,P00934
P0A7M2,P00934
P0A8M3,P0A6P9
P0C054,P0A8M3
P0A8M3,P0AG07
P0ACC9,P0A8M3
P0A8M3,P23839
P71311,P37666
P0A7M6,P0A850
P0A9Y6,P33570
P33570,P0A6P9
P33570,P09373
P33570,P0A7L0
P00963,P0A836
P63284,P0A836
P0A836,P0A7G6
P04128,P31550
P31550,P0A7R1
P0A7K2,P31550
P31550,P0A7R5
P0A847,P37653
P0ACF4,P0A847
P0A847,P60723
P0A7K2,P0A847
P33570,P0A9B2
P0ADY7,P33570
P33570,P0A800
P33570,P02358
P68066,P33570
P33570,P0ADU5
P0AA10,P06612
P06612,P0A7N9
P06612,P0A800
P0A7R5,P06612
P0ACF0,P14294
P14294,P0A7K6
P14294,P0AG59
P36662,P0A9M8
P36662,P0ADZ0
P63284,P46923
P0A9Y6,P46923
P46923,P0A972
P46923,P0A6P9
P04128,P46923
P0A6F9,P46923
P46923,P69776
P46923,P0A910
P0AFH8,P46923
P00634,P46923
P0A7R1,P46923
P46923,P0A7J7
P0A7K2,P46923
P0ADZ0,P46923
P46923,P0A7U7
P0ACY1,P46923
P0ABT2,P13482
P0A6P9,P13482
P0AB71,P13482
P13482,P0A9B2
P13482,P0AES9
P0A7R1,P13482
P0AG86,P13482
P13482,P68066
P0A7K2,P23003
P25522,P0AED9
P25522,P0AAH8
P69432,P25522
P36560,P0A6P1
P33128,P0A6P1
P0A6P1,P08957
P0CE47,P0A8I3
P0AFG6,P0AGJ9
P45955,P0AGJ9
P0A8E5,P0A6A0
P10905,P0ABB0
P0A7R5,P46923
P0AG59,P46923
P13482,P0ABK5
P25522,P0A8Y5
P0ABB4,P10905
P0A910,P10905
P10905,P06996
P0A917,P10905
P0A7T3,P10905
P10907,P10905
P75783,P10905
P0AG80,P00959
P0AG80,P0AFP6
P0A9W0,P0ACF4
P0A9W0,P0A7K2
P0A7M2,P0A9W0
P0A9W0,P0AG59
P0A9W0,P0A7U3
P0A9W0,P77802
P75742,P0A9W0
P0A9W0,P67660
P11875,P37903
P37903,P60723
P37903,P0A7K6
P37903,P0A7V3
P10408,P37903
P0A9V1,P37903
P37903,P33368
P0A8F8,P0ACF8
P0A8F8,P0ACF0
P0A8F8,P0ACF4
P0A8F8,P68739
P76128,P0A8G0
P0A8G0,P0ACF0
P07001,P0A8G0
P0A8G0,P0A7L3
P0AG48,P0A8G0
P0A7M2,P0A8G0
P0A7S3,P0A8G0
P0A8G0,P0ADZ4
P0AFG6,P0A8G0
P77172,P0A8G0
P0AGJ5,P0A8G0
P0AGK4,P0A8G0
P03018,P0ACK2
P03018,P0AAF3
P03018,P0ABH9
P0A6R3,P03018
P03018,P0A8V2
P03018,P0A847
P0AED5,P77319
P0A7K2,P0AED5
P37750,P0A6F9
P0AG44,P37750
P37750,P0AG48
P37750,P0AG67
P37750,P0A7V8
P37750,P0A7T7
P0A9Q7,P37751
P37751,P0A978
P76015,P37751
P0ABT2,P37751
P37751,P0AEH5
P0A6P9,P37751
P0AAI5,P37751
P69407,Q46811
P75882,P69407
P76658,P0A7K6
P0AER3,P0AFU8
P68679,P37765
P0A9J0,P0A6P9
P0A7K6,P0A7Y8
P0A7Y8,P0AG59
P0ACI0,P16687
P0ADZ0,P68919
P68679,P0A7Z4
P0ADZ0,P39286
P0AA43,P0A7T3
P0AGB0,P0ADZ0
P21499,P0AG14
P0A836,P0ABT2
P0AD33,P46923
P10905,P0A6E6
P37751,P69441
P0A972,P37751
P33570,P60624
P0ACF8,P46923
P0A7M2,P46923
P33225,P67910
P39286,P0A8A4
P14900,P39362
P0A847,P0A7L3
P0AG67,P0A850
P0A9W0,P66948
P0A6X7,P37903
P0A8J8,P02358
P0AB55,P25539
P0ADY7,P0AA39
P0A7Y4,P0AGK4
P0A7Y8,P0ADY3
P0A7Y8,P0ADY7
P0A7M2,P0A7Y8
P0ADK8,P21499
P60624,P0ADZ0
P0A7M6,P0ADZ0
P0AG30,P00579
P38104,P37647
P0AG30,P0A812
P0A7T3,P0AGB0
P0A7W7,P0AG24
P0AGE0,P60624
P0A836,P0AE08
P0A6U3,P0A9T4
P0A6F9,P33570
P36662,P0A6F9
P02358,P46923
P13482,P52643
P25522,P0AEG4
P0A9W0,P03030
P0AC55,P0A8G0
P0A7U3,P0A8G0
P0AFG3,P0A8G0
P37751,P00805
P37751,P0ABB0
P37751,P63284
P0A9Y6,P37751
P0ACA3,P0A8L1
P37751,P0AEK2
P0AG55,P37751
P0A8M6,P37751
P0A8E5,P68679
P64588,P0A8E5
P0C018,P36879
P0A940,P36683
P0A7R5,P0AAR3
P0ABT2,P77717
P77717,P06996
P0AA10,P0AAS7
P0A8Z3,P77806
P22524,P0AFP6
P75745,P39831
P30178,P75967
P75876,P0AA10
P02358,P75876
P0ACV4,P36938
P60624,P0ACV4
P0A8R7,P32057
P0AA10,P64451
P39831,P31600
P77781,P0A9K9
P0A9Q5,P76243
P33218,P75967
P0AE30,P76243
P0A805,P37751
P0A998,P37751
P69910,P37751
P37751,P63235
P37751,P0A9B2
P0ABH7,P37751
P37751,P0A825
P0ACF8,P37751
P37751,P0A6Z3
P0ACF0,P37751
P0A8N5,P37751
P37751,P23843
P15288,P37751
P37751,P0A799
P0A7A9,P37751
P37751,P0A7L0
P37751,P60422
P37751,P62399
P37751,P0A7J3
P0AA10,P37751
P0C018,P37751
P37751,P0A7K6
P37751,P68919
P37751,P0A7M2
P0A7Z4,P37751
P0AG67,P37751
P0A7V8,P37751
P02358,P37751
P0A7W7,P37751
P37751,P0A7S9
P0AG59,P37751
P37751,P0A7T7
P0A7U3,P37751
P37751,P0A7U7
P37751,P0A828
P37751,P0A867
P37751,P0A850
P37751,P0A862
P37751,P39177
P37751,P21367
P37751,P0AB14
P0A8E1,P37751
P0AD33,P37751
P0AD49,P37751
P37751,P68066
P0ADQ7,P37751
P68206,P37751
P64581,P37751
P0A6A8,P0A8P8
P0A8P8,P22523
P0A8E5,P0ACJ8
P0A8E5,P0A9A9
P0A6X3,P0A8E5
P77338,P0A8E5
P05055,P0A8E5
P0A8E5,P14175
P0ADY7,P0A8E5
P0AG44,P0A8E5
P0AG48,P0A8E5
P0A7M2,P0A8E5
P0A8E5,P0AG67
P0A8E5,P02358
P0A7R5,P0A8E5
P0A8E5,P0A7R9
P0A8E5,P0A7S3
P0AG59,P0A8E5
P0A7U7,P0A8E5
P0A8E5,P0A9K9
P39177,P0A8E5
P0A8E5,P0A9B2
P0A8E5,P0ABH7
P0A8E5,P33602
P0ADY3,P0A8E5
P0A6F9,P36879
P36879,P67910
P36879,P37765
P0A7L0,P36879
P36879,P60422
P60723,P36879
P62399,P36879
P36879,P0A7R1
P0A7K2,P36879
P36879,P0AA10
P02413,P36879
P0ADY7,P36879
P0A7K6,P36879
P0A7L3,P36879
P0AG48,P36879
P36879,P0ADZ0
P36879,P60624
P36879,P0A7M2
P0A7V8,P36879
P0A7W7,P36879
P36879,P0A7X3
P0A7R5,P36879
P36879,P0A7R9
P0A7S3,P36879
P0A7S9,P36879
P0AG59,P36879
P0A7T3,P36879
P36879,P0A7T7
P36879,P68679
P25526,P62768
P0AF90,P62768
P77737,P52096
P67910,P52096
P52096,P62768
P27431,P52096
P0AF90,P52096
P07650,P0A940
P0ADF6,P0A940
P0A940,P24186
P0A940,P0A9A9
P25526,P0A940
P0A940,P33195
P0A940,P0A9S5
P0A940,P76321
P08622,P30864
P30864,P0A6R3
P0ACF8,P30864
P30864,P0A7M2
P30864,P0A9W0
P37767,P30864
P0AA10,Q47152
Q47152,P0A7M2
P0AFF6,Q47679
Q47679,P0A850
P0A6P1,Q47679
P0AAN9,P10408
P0AAN9,P0A9K3
P0AAI3,P0ADZ7
P0AG48,P0A8D0
P0A7R5,P0A8D0
P0A7K2,P0AAR3
P77454,P75870
P77454,P76321
P0A6P9,P36879
P36879,P0A998
P36879,P0AG44
P62768,P27431
P0AAN9,P0A988
P0AAR0,P77598
P0AAR0,P75954
P77454,P0A9Q1
P23857,P77454
P0A7K6,P77454
P77454,P0A850
P0AF90,P77454
P77400,P69910
P77400,P0A6X7
P33570,P77400
P0ABB4,P77717
P04128,P77717
P77717,P0A9A6
P77717,P69910
P0A7J3,P77717
P0ADY7,P77717
P77717,P0A7K6
P77717,P0A7V3
P77717,P0A7V8
P77717,P0AG59
P77717,P0A7U7
P0ADE6,P77717
P0A8N3,P0AFP2
P0AFP2,P0A7L0
P0A7J3,P0AFP2
P0AFP2,P0A7K2
P0AG59,P0AA53
P39831,P0AA53
P0AFP4,P0ACF8
P0ACF4,P0AFP4
P0ACI0,P0AFP4
P0A7Z4,P0AFP4
P0A6P9,P0AAS7
P0AAS7,P0ACF4
P0A6X7,P0AAS7
P0A7J7,P0AAS7
P0AG44,P0AAS7
P0AAS7,P0C018
P0A7L3,P0AAS7
P0AG48,P0AAS7
P0AAS7,P60624
P0AAS7,P0A7M2
P0AAS7,P0A7N9
P0AAS7,P02358
P0AG59,P0AAS7
P0A7U7,P0AAS7
P0A8H6,P0AAS7
P15005,P0AE78
P77747,P0AE78
P0A7K2,P0A9K3
P0A9K3,P0A7L3
P0AG48,P0A9K3
P0A9K3,P0A7T3
P0A8Z3,P60723
P0A8Z3,P0A7R1
P0A8Z3,P0ADY7
P0A8Z3,P0A7M2
P0A7M6,P0A8Z3
P0A7R9,P0A8Z3
P0A7U7,P0A8Z3
P10121,P0AFP6
P0A6M8,P0AFP6
P77717,P0A7L0
P77717,P60723
P0AFP4,P0A6X7
P0AFP4,P16687
P68919,P0A9K3
P0A9K3,P0A7N9
P02413,P0A8Z3
P0AFP6,P00960
P0AFP6,P0A6F9
P0AFP6,P0AES4
P0AES6,P0AFP6
P0AEU7,P0AFP6
P0C054,P0AFP6
P0A9M0,P0AFP6
P0AFP6,P68187
P0AFP6,P09152
P00393,P0AFP6
P0AFP6,P0A910
P06996,P0AFP6
P0AFP6,P05459
P0AFP6,P02932
P0AAH0,P0AFP6
P0A7G6,P0AFP6
P0A7L0,P0AFP6
P0A812,P0AFP6
P0A9K9,P0AFP6
P0A850,P0AFP6
P0AFP6,P0A8F4
P0AFP6,P03018
P33360,P0AFP6
P75745,P0A7M2
P75745,P77454
P0AFP6,P75745
P0A6V1,P75767
P0A9U1,P75767
P33195,P0AAW1
P37330,P0AAW1
P0ABM9,P30177
P30177,P08622
P30178,P03007
P75782,P0ACF0
P75782,P0ACF4
P75782,P0A850
P0A7M2,P0AAX8
P0AAX8,P0AFP6
P0AAX8,P64534
P0ACF0,P75829
P0ACF4,P75829
P75829,P0A7R1
P0A7K2,P75829
P0AG44,P75829
P0A7L3,P75829
P75829,P0AG48
P0A7M2,P75829
P0A7M6,P75829
P0A7N9,P75829
P75829,P0A7S9
P75838,P0A7M6
P75967,P0AB14
P0AB14,P65367
P0AB18,P0ACF4
P21499,P75876
P75876,P0A7L0
P75876,P60422
P0A7R1,P75876
P02413,P75876
P75876,P0ADY7
P0AFP6,P75746
P76394,P75746
P75767,P0ABM9
P0A7K6,P30177
P10408,P30177
P0AD61,P75782
P0AB18,P0A7K6
P0ACF4,P75876
P75876,P00914
P75876,P37765
P0A7L3,P75876
P0AG48,P75876
P60624,P75876
P75876,P0A7M2
P75876,P0A7V3
P0A7W7,P75876
P0A7R5,P75876
P75876,P0AG59
P75876,P0A7T3
P75876,P0A7T7
P75876,P0A7U3
P0A7U7,P75876
P75876,P0A8M6
P39374,P75876
P75906,P0ABT2
P27431,P0ADY7
P0A729,P27431
P75915,P0AB40
P77375,P0AB40
P0A6F9,P75990
P75990,P0A7K2
P68066,P75990
P0ACJ8,P76004
P32057,P76004
P0A7M2,P21362
P0AFP6,P21362
P0A6P9,P0ACV4
P0ACV4,P04128
P0A9B2,P0ACV4
P0ACF0,P0ACV4
P09546,P0ACV4
P0A7L0,P0ACV4
P60723,P0ACV4
P62399,P0ACV4
P0A7R1,P0ACV4
P0ACV4,P0A7J3
P0A7K2,P0ACV4
P0ACV4,P0ADY7
P0ACV4,P0A7R5
P0ACV4,P0A7T3
P0A870,P0ACV4
P0ACV4,P68066
P0AG44,P0A8L7
P0A8L7,P0A7R5
P0A8R7,P0A9Y6
P0A972,P0A8R7
P0A8R7,P76015
P0A6F9,P0A8R7
P0A8R7,P0ACF0
P0A8N3,P0A8R7
P33602,P0A8R7
P0A8R7,P0A7K2
P0A7M2,P0A8R7
P0A8R7,P0AG67
P0A7T3,P0A8R7
P68066,P0A8R7
P30855,P64451
P0A7M6,P0ACV4
P0ACV4,P0A7N9
P60624,P64451
P76104,P0AB77
P0AG30,P76104
P76104,P0A7R1
P76104,P0A7K2
P76104,P0A7K6
P76104,P0A7L3
P76104,P60624
P0AG67,P76104
P0AA10,P64455
P0A7L3,P64455
P0AG48,P64455
P0A7V3,P64455
P39831,P0AG59
P39831,P32057
P39831,P75838
P39831,P0A8L7
P0AF90,P39831
P76205,P77781
P77781,P0A6K1
P0A707,P77781
P77781,P0AFI7
P05055,P77781
P23830,P77781
P77781,P21513
P77781,P0A7L0
P60422,P77781
P77781,P60723
P77781,P0AA10
P0ADY7,P77781
P77781,P0A7K6
P77781,P0AG48
P77781,P0ADZ0
P77781,P0A7M2
P0A7M6,P77781
P77781,P0A7S3
P0AG59,P77781
P77781,P0A7U7
P77781,P32057
P0AGJ5,P77781
P0AGK4,P77781
P77781,P0ADK8
P0AF90,P77781
P64479,P76205
P0A7U7,P64479
P64479,P77781
P23325,P77539
P31553,P77539
P0A988,P77539
P77539,P0A6P9
P77539,P69910
P0A9B2,P77539
P09372,P77539
P77539,P0AEX9
P0AA10,P77539
P0A7K6,P77539
P77539,P10408
P64479,P77539
P77539,P33920
P77539,P68066
P64581,P77539
P76243,P0A7V3
P0A7M2,P33218
P77539,P64499
P69797,P76270
P0A988,P0AD03
P0A9K9,P0AD03
P0A850,P0AD03
P04994,P0AD03
P77454,P0AD03
P0AD03,P0A8L7
P0AF90,P0AD03
P64503,P0A988
P64503,P76268
P76270,P64503
P75967,P64503
P64506,P0A6A8
P38038,P0AD03
P0A7Z4,P76270
P76270,P0AA25
P0A9Q1,P0AD03
P09373,P37751
P0A7T3,P37751
P0AEH5,P0A8E5
P0A8E5,P0AA43
P0A8E5,P77398
P0C054,P36879
P02358,P36879
P25553,P0A940
P0A8D0,P0A7K2
P77717,P0AET2
P0AA10,P77717
P0ACF0,P0AAS7
P0A9K3,P0AAS7
P0AEI1,P0AFP6
P08622,P75746
P0AEW6,P75767
P75829,P60624
P0ACV4,P0ACF8
P0ADZ0,P0ACV4
P0ACV4,P0AG59
P77781,P23325
P77781,P0ADZ4
P0A7U7,P77539
P76243,P0ABD5
P36879,P0A7U7
P0ACF0,P0AFP4
P75876,P0AG67
P64479,P64499
P0ABD5,P75876
P37751,P0ADY7
P37751,P0A8G6
P0A8E5,P0A7V3
P09551,P36879
P0A7V3,P36879
P52096,P32057
P63235,P0ADZ7
P77717,P0A917
P68066,P77717
P0ADY7,P0AAS7
P0A7T7,P0A8Z3
P75746,P0A850
P0A7S9,P75782
P75876,P60723
P76004,P77790
P0ACV4,P0A7M2
P0A7T7,P0ACV4
P0AG59,P76104
P77781,P0A7V3
P07001,P77539
P0A7L0,P76243
P76243,P0AA10
P76270,P76268
P75995,P0AFP6
P64506,P0A898
P0ADK8,P0A8M6
P0A6F3,P33018
P0A8W8,P0A9P6
P0A6Q3,P64540
P0AG48,P76503
P77293,P21513
P76550,P0AES4
P0A7L0,P66948
P0AGJ5,P0A7T3
P0ADQ7,P0AEI1
P0A7T7,P0ADQ7
Q46821,P0A7S3
P0ADS6,P60624
P46474,P0A9Y6
P0AFG6,P46474
P46853,P0AG48
P0A8M6,Q46877
P0A6P9,P37642
P64506,P0A9Y6
P64506,P0ABT2
P0AFF6,P64506
P76316,P60422
P76316,P0AA10
P02413,P76316
P76316,P0AG48
P0A7M2,P76316
P02358,P76316
P76316,P0A7X3
P76316,P0A7S3
P76316,P0A7S9
P0AG59,P76316
P0A7U3,P76316
P0A7U7,P76316
P76316,P68679
P76339,P16687
P0AFP6,P76339
P76347,P0AFD1
P33602,P76347
P76347,P0A7T7
P20605,P76361
P0ADX5,P76361
P0A8M6,P0AEU7
P0A8M6,P43329
P0A6X7,P0A8M6
P0A8M6,P0A707
P21645,P0A8M6
P0A8M6,P00490
P0A8M6,P60723
P0A8M6,P0AG55
P0A8M6,P0A7J3
P0A8M6,P0ADY3
P0A8M6,P0ADY7
P0C018,P0A8M6
P0A7L3,P0A8M6
P0A8M6,P0AG48
P0A8M6,P0ADZ0
P0A8M6,P0A7L8
P0A7M6,P0A8M6
P0A7Z4,P0A8M6
P0A8M6,P0A8V2
P0A8T7,P0A8M6
P02358,P0A8M6
P0A8M6,P0A7W7
P0A8M6,P0A7X3
P0A8M6,P0A7R5
P0A8M6,P0ADZ4
P0A7T3,P0A8M6
P0A7U7,P0A8M6
P0A8M6,P0AA43
P10408,P0A8M6
P0A850,P0A8M6
P0A8M6,P76503
P0A8M6,P0A8A8
P0A7D4,P76347
P0ADZ0,P76347
P0A8M6,P0ACF0
P0ACF4,P0A8M6
P0A8M6,P0A7U3
P60723,P76389
P0A7M2,P76389
P76389,P0A7T3
P0A7U7,P76389
P17846,P76419
P38038,P76419
P76419,P76539
P33018,P0ADZ0
P33018,P10408
P0AB14,P33018
P0ACF8,P76389
P76389,P63224
P33018,P0ADL1
P77293,P60723
P76594,P0ACF4
P0AA10,P76594
P76594,P0ADY7
P0AG44,P76594
P0A7M2,P76594
P76594,P0A7R5
P76594,P0AG59
P0A7U7,P76594
P0A9W0,P76594
P52126,P0A9B2
P52126,P0A6F9
P0A7K2,P52126
P52126,P0ADZ0
P0ABH7,P0A6G3
P0A9K9,P0A6G3
P08622,P0ADQ7
P0AEU7,P0ADQ7
P06993,P0ADQ7
P0ADQ7,P67910
P0A7S9,P0ADQ7
P0ADQ7,P0A7U7
P0ADQ7,P0A9K3
P0ADQ7,P75838
P0ADQ7,P0AGM5
P0ADQ7,P0A8R7
P36979,P0ADQ7
P0ADR8,P0ADQ7
P0A8C4,P0ADQ7
P0AF90,P0ADQ7
P64581,P0ADQ7
Q46896,P0AFP6
Q46906,P0ABM9
P76440,P0AC28
Q46811,P15043
P77615,Q46811
P45464,Q46811
P0ACF0,Q46820
Q46820,P0AG59
Q46820,P0A809
Q46821,P0A986
Q46821,P0ABP8
P0A7K2,Q46821
P02413,Q46821
P0A7R5,Q46821
Q46821,P0AG59
Q46821,P68066
P0ADQ7,P00393
P0ADQ7,P02932
P0ADQ7,P76065
P0ABT2,Q46896
P0A9C3,P0AC28
P0ACD4,P0AC28
P43671,P0AC28
P75782,P0AC28
P0ACF4,P0ADS6
P0A707,P0ADS6
P60422,P0ADS6
P60723,P0ADS6
P0AA10,P0ADS6
P0A7K6,P0ADS6
P0A7L3,P0ADS6
P0AG48,P0ADS6
P0A7V3,P0ADS6
P0ADS6,P02358
P0ADS6,P0A7W7
P0ADS6,P0A7S9
P0AG59,P0ADS6
P0A7T3,P0ADS6
P0A7U7,P0ADS6
P0ADS6,P23849
Q46845,P10408
P76257,Q46845
P0A7R5,P05852
P0A894,P0A6A8
P0A9Y6,P0A894
P0A894,P0AG59
P0AGK4,P0A7K2
P0A7L3,P0AGK4
P0AGK4,P60624
P02358,P0AGK4
P0AG59,P0AGK4
P0AGK4,P0A7T3
P0A7U7,P0AGK4
P13518,P0A7R1
P0ADZ0,P13518
P26646,P37689
P16256,P26646
P0ABT2,P46474
P0A6F9,P46474
P37647,P46474
P46474,P45578
P46474,P31677
P46474,P0A7A9
P46474,P0A7R1
P0A7J3,P46474
P0AG67,P46474
P0A7V3,P46474
P0A7T3,P46474
P46474,P0A7U3
P0A7F6,P46474
P0A7M2,P0ADX1
P0ADX1,P0A9K9
P0ADX1,P76539
P0A9Q7,P46853
P46853,P0A7L0
P60422,P46853
P46474,P68066
P0ADX1,P0ADZ0
P0ADX5,P20605
P0ADX5,P0ADZ0
P0A890,P0A9B2
P0A890,P0AEU7
P0A7K2,P0A890
P0A8V2,P0A890
P0AES9,P46852
P46853,P0ACF4
P0AGE6,P0AF48
P0A8X0,P32718
P0A9Y6,P0A8X0
P0A7L0,P0A8X0
P0A8X0,P60422
P0A8X0,P60723
P62399,P0A8X0
P0ADY3,P0A8X0
P0A8X0,P0ADY7
P0A8X0,P0A7K6
P0A8X0,P0ADZ0
P60624,P0A8X0
P68919,P0A8X0
P0A7M2,P0A8X0
P00490,P39274
P46853,P0A7R1
P0A7J7,P46853
P0AA10,P46853
P46853,P0ADY7
P46853,P0A7K6
P0A7L3,P46853
P60624,P46853
P0A7M2,P46853
P0AG67,P46853
P46853,P0AG59
P46853,P0AGJ5
P0A6A8,P37642
P0ABT2,P37642
P37642,P0A6F9
P0AEU7,P37642
P0ACF0,P37642
P0ACF4,P37642
P0A7L0,P37642
P0A7R1,P37642
P37642,P0A7M2
P37642,P0A850
P68066,P37642
P37645,P0A7L0
P0A7R1,P37645
P0ADZ0,P37645
P36560,P0ADK6
P0ADK6,P75780
P0ADK6,P52005
P0ADK6,P0A881
P0A7L0,P0ADK8
P0ADK8,P0AA10
P0C018,P0ADK8
P0A7L3,P0ADK8
P0A7M2,P0ADK8
P0AG59,P0ADK8
P0ADK8,P0AGJ5
P0ADK8,P0AGK4
P0ADK8,P75966
P31434,P06721
P31434,P77808
P31434,P75675
P0AEX9,P0ADM0
P0ADM0,P0ADZ0
P0ADM0,P0AG59
P0ADM0,P68066
P0A7Z4,P0ADN2
P0A8V2,P0ADN2
P0ADN2,P76539
P69910,P0ADQ2
P0A9B2,P0ADQ2
P0ADQ2,P0A7K2
P0ABK9,P32680
P0ADZ0,P32680
P0A7M2,P32680
P0A7S9,P32680
P0A9Q7,P32689
P32689,P77425
P0A6E4,P32689
P32689,P63284
P32689,P0A9X4
P32689,P0A7L0
P0A7R1,P32689
P32689,P39177
P32689,P33920
P75797,P0AF48
P0AF48,P75967
P0A7L0,P32701
P0A8M3,P32701
P32701,P0A8X0
P39274,P0ABB4
P0ABT2,P39274
P09373,P39274
P39274,P0A7R1
P0A7K6,P39274
P39274,P0A850
P0AG80,P39274
P0A8G9,P39274
P0AD33,P39274
P39274,P68066
P0AF63,P0A7L0
P0AF63,P60422
P0ADY7,P0AF63
P0AF63,P02358
P0A7X3,P0AF63
P0AG59,P0AF63
P52138,P0AF63
P0AF63,P31455
P0AF67,P69910
P0A9B2,P0AF67
P0AF67,P0A6F9
P0AF67,P25665
P09373,P0AF67
P0A7D4,P0AF67
P0AF67,P0A7K2
P0AF67,P0AG67
P0ABD5,P0A8X0
P64506,P32674
P0ABD5,P0A8M6
P0A8M6,P0A7M2
P0A8M6,P37634
P76389,P0A7K6
P76491,P0A9S3
P0AEH5,P0ADQ7
P0ADQ7,P33136
P60723,P0ADQ7
P60624,Q46820
P0ADS6,P0A7M2
P46474,P0A6P9
P46474,P0AFG3
P0AF67,P0A890
P46853,P0AGK4
P33920,P75728
P05852,P0A7K2
P0A7K2,P46852
P0A988,P39274
P33030,P75967
P23325,P76440
P0AFI7,P76440
P76440,P02413
P76440,P10408
P0A9K9,P76440
P76440,P77539
P25889,P76440
P76536,P76440
P76440,P76148
P0ACF4,P33920
P0AGJ9,P33920
P0A8J4,P33920
P27303,P77808
P23882,P77808
P76440,P77808
P76484,P77808
P76491,P0ACF0
P0AA10,P76491
P76491,P0A7K6
P76491,P0AG59
P0A7T3,P76491
P0A7U7,P76491
P76491,P0A9K9
P75860,P76491
P76491,P77539
P76440,P76491
P77808,P76491
P75967,P76491
P0A8W8,P0ABD5
P0A8W8,P0A9S3
P0A8R9,P0A8W8
P0A8W8,P0ACF0
P0AFI7,P0A8W8
P0A8W8,P0A8J8
P0A8W8,P21499
P0AG55,P0A8W8
P0A8W8,P0AA10
P0A8W8,P02413
P0A8W8,P0ADY7
P0AG44,P0A8W8
P60624,P0A8W8
P0A7L8,P0A8W8
P0A7M6,P0A8W8
P0A8W8,P0A7V3
P0A7V8,P0A8W8
P02358,P0A8W8
P0A8W8,P0A7S3
P0A8W8,P0AG59
P0A7U3,P0A8W8
P0A8W8,P0A7U7
P0A8W8,P0A9K3
P0A8W8,P0A8M6
P77808,P0A8W8
P76491,P0A8W8
P0A8W8,P0AGJ5
P45420,P0A8W8
P0A8W8,P0ADK8
P64540,P0A7K6
P0A8B2,P0ADZ0
P0A7M2,P0A8B2
P0AG59,P0A8B2
P0A8B2,P32057
P0A7K6,P76503
P0AD33,P09373
P0A7M2,P0AD33
P0AG59,P0AD33
P0AD33,P76502
P0AD33,P64540
P68066,P0AD33
P0A6E6,P77293
P77293,P0A6M8
P67910,P77293
P77293,P60422
P77293,P0A7K6
P77293,P60624
P0A7M2,P77293
P0AG67,P77293
P77293,P0A7V3
P02358,P77293
P77293,P0A7W7
P77293,P0A7R5
P0A7S9,P77293
P77293,P0A7U7
P0A8X0,P77293
P0A6F9,P76543
P76543,P0AA10
P76543,P0A7L3
P0AG48,P76543
P76543,P0A7M2
P76543,P0A7S9
P0A7U7,P76543
P0ABD5,P76550
P76550,P0A9S5
P00490,P76550
P00582,P76550
P0AG48,P76550
P76550,P0A8V2
P76550,P0A7V3
P02358,P76550
P0A7R5,P76550
P0A7R9,P76550
P0A7T3,P76550
P76550,P0A7U7
P76550,P64426
P76419,P76550
P36979,P0A6K1
P0AEH5,P36979
P36979,P0ACE7
P0AEU7,P36979
P36979,P0A707
P36979,P0A8N3
P69407,P36979
P36979,P0A7K2
P36979,P0AG44
P0A7L8,P36979
P0A7M2,P36979
P0A7M6,P36979
P0AG59,P36979
P0A7T7,P36979
P0A7U7,P36979
P36979,P0AGK4
P66948,P0A7M2
P0A7K2,P76578
P0A7M2,P76578
P76578,P0A7R5
P0AGJ5,P0AEB2
P0AGJ5,P0ACF0
P0AGJ5,P0ADY7
P0AG44,P0AGJ5
P0C018,P0AGJ5
P0A7L3,P0AGJ5
P0AGJ5,P0AG48
P0AGJ5,P0A7M2
P0A7W7,P0AGJ5
P0A7R5,P0AGJ5
P0AGJ5,P0A7S3
P0AGJ5,P0ADZ4
P0A7T7,P0AGJ5
P0AGJ5,P0A7U3
P0AGJ5,P0A7U7
P68679,P0AGJ5
P77499,P0AGJ5
P76594,P0A6F9
P77808,P0A9Q5
P68191,P64506
P0AFI7,P0A8M6
P0A7N9,P0A8M6
P31666,P0A8M6
P0A6P7,P0A8M6
P0A7I7,P33030
P0A7S9,P76594
P0AD65,P0ADQ7
Q46821,P0A7K6
P0AGK4,P0C018
P0A7T3,P46852
P46853,P0ADZ0
P0A7K6,P0ADK8
P0AAZ0,Q46906
P76177,P46474
P39371,P0ADY7
P39407,P0ACF0
P0A7X3,P39407
P0A7M2,P75797
P0AAJ1,P0AEU7
P0A7K2,P0AEB7
Q46939,P0A9Y6
P0A7K6,P64588
P45465,P0AA10
P0A7N9,P0A9X1
P0A6F5,P0A8S1
P0A6G7,P76396
P0ABU7,P0A9Q7
P0A817,P0A6Q3
P0CE47,P0AAJ3
P0A9R7,P08373
P0A7G6,P0AES4
P0A6H5,P0CE47
P0ACF0,P15977
P0A7L0,P0A715
P30015,P00968
P04983,P0ACB7
P11988,P0AF93
P0AF93,P02413
P60624,P0AF93
P0AF93,P0A7S9
P0AF93,P0AGL2
P0AF90,P0AF93
P16682,P39367
P0ABT2,P39371
P39371,P0AFN2
P0ADZ0,P39371
P0A7U7,P39371
P39371,P33920
P24203,P0A7G6
P0A7K2,P24203
P24203,P10408
P24203,P0AAB8
P75797,P24203
P0A6F9,P39376
P0A7L0,P39376
P39376,P0A7R5
P75797,P39376
P39384,P0ADZ0
P0A7R5,P39384
P0ABT2,P39385
P04128,P39385
P0ADZ0,P39385
P0A7L0,P39396
P39396,P0ADZ0
P0A9W3,P75967
P26459,P39407
P39407,P36659
P39407,P52106
P0ABS5,P39407
P39407,P13035
P39407,P0A9M0
P0AFI2,P39407
P39385,P0ACF0
P0A7R1,P39385
P0A9W3,P00582
P0A9W3,P60422
P0A9W3,P60723
P10408,P0A9W3
P39407,P21513
P39407,P0AA10
P0C018,P39407
P39407,P0A7L3
P39407,P0AG48
P39407,P0ADZ0
P39407,P39177
P0A836,P75797
P63284,P0AEI4
P0A988,P0AEI4
P0AEI4,P69910
P0AEI4,P0AG67
P0AEI4,P10408
P0AEI4,P0A9K9
P0AEI4,P64463
P0ACA7,P0A9X4
P0ACA7,P33599
P0ACA7,P0A7G6
P0ADY7,P0ACA7
P0ACA7,P0ADZ0
P39177,P0ACA7
P0AEI4,P0ACA7
P76113,P33650
P23877,P76113
P0A6K1,P76116
P76116,P0AES4
P76116,P37765
P21513,P76116
P76116,P21499
P60422,P76116
P76116,P62399
P0A7R1,P76116
P0AA10,P76116
P76116,P02413
P0ADY7,P76116
P0C018,P76116
P0A7K6,P76116
P0A7L3,P76116
P76116,P0AG48
P76116,P60624
P76116,P0A7M2
P76116,P0AG67
P76116,P02358
P0A7W7,P76116
P0AG59,P76116
P76116,P0A7U7
P21507,P76116
P76116,P30136
P75876,P76116
P0AGJ5,P76116
P76148,P0AG44
P76148,P0A7K6
P76148,P0A7R5
P76148,P0A8L7
P37747,P77374
P77374,P68066
P0A7L0,P76193
P0A7K6,P76193
P0A7R9,P39407
P0ABT2,P0AEI4
P0AEI4,P0AEH5
P30176,P0AEI4
P0ACF4,P76116
P76116,P0A734
P77294,P0AAJ1
P77783,P0AAJ1
P0A7T3,P76193
P0A7K6,P76223
P76223,P32057
P76223,P64479
P76223,P76474
P0AFI7,P0AEB7
P67910,P0AEB7
P0A7J3,P0AEB7
P0AEB7,P02358
P0AG59,P0AEB7
P0AEB7,P10408
P64517,P0A9Q7
P64517,P08622
P0AGD7,P64517
P0C054,P64517
P0A9M0,P64517
P64517,P0AEZ3
P64517,P11349
P64517,P21599
P60422,P64517
P76268,P64519
P0A7T3,P64519
P32057,P64519
P64519,P76270
P64519,P64503
P64429,P0ABH7
P64429,P0ACF0
P15288,P64429
P64429,P0AG67
P0A7X3,P64429
P76419,P64429
P64429,P76550
Q46939,P0A6A8
Q46939,P22523
P0ABJ9,Q46856
Q46856,P0ABT2
Q46856,P0A6P9
P69910,Q46856
Q46856,P0A7K6
Q46856,P02358
P64581,P0A988
P0AEH5,P64581
P67910,P64581
P60723,P64581
P64581,P0A7K6
P64581,P0ADZ0
P64581,P02358
P64581,P75967
P64588,P0ABD3
P64588,P0A6M8
P0ACF0,P64588
P31828,P64588
P67910,P64588
P64588,P0A7L0
P64588,P60422
P64588,P0A7K2
P64588,P0AA10
P64588,P0ADY3
P60624,P64588
P0A7L8,P64588
P64517,P10408
P64519,P0ACF8
P0AG67,P64588
P64588,P02358
P64588,P0A7S3
P64588,P0A7S9
P64588,P0AG59
P0A7T7,P64588
P64588,P0A7U7
P10408,P64588
P0A9K9,P64588
P64588,P0AAS7
P0AGJ5,P64588
P0AGK4,P64588
P0ACF4,P45465
P0A7M2,P45465
Q46807,P45465
P0ABT2,P45469
P45469,P60723
P33920,P45469
P45469,P75967
P75967,P64602
P63386,P0ACE0
P63386,P0A7K2
P76043,P39315
P39315,P76113
P0A7L0,P0AE45
P0A7R1,P0AE45
P0AE45,P0ADZ0
P0A7M2,P0AE45
P0AE45,P76484
P0AE45,P39376
P0A9D8,P37617
P0ABT2,P37617
P37617,P10346
P0AES9,P37617
P37617,P0AET2
P37617,P0A9M2
P0ACF0,P37617
P0A7K2,P0A9X1
P17952,P24224
P24224,P0CE47
P36659,P62399
P0AG67,P36659
P0A7V8,P36659
P0ABB0,P17315
P0ABB4,P17315
P0AG67,P54901
P0A7V3,P54901
P54901,P0A7V8
P0A850,P54901
P0A9X9,P37765
P75864,P0A9X9
P0ABH9,P0A9Y6
P43329,P0A9Y6
P0ABT2,P0A9P6
P0A988,P0ABT2
P0ABT2,P0AG67
P0A7S9,P0ABT2
P0ABT2,P0A850
P0ABT5,P00490
P0ABT5,P09030
P77488,P0ABH9
P0A817,P77488
P0A7G6,P77488
P0ABB0,P0ABU7
P0AAI3,P0ABU7
P0A8S1,P0CE47
P20083,P0ABB0
P0ABB0,P06612
P14294,P0ABB0
P0ABA6,P0ABB4
P21893,P0ABA6
P00968,P17846
P00968,P38038
P63284,P36659
P0A9P6,P36659
P0A717,P36659
P37765,P36659
P36659,P0A7L0
P42912,P0A6G7
P0A6G7,P0C0V0
P0A817,P0A6H1
P0A9X4,P0A6H1
P0AAH0,P0A6H1
P0A7G6,P0A6H1
P75960,P0A7V3
P0A7V8,P75960
P17846,P69783
P75863,P69783
P0A6F9,P54901
P0A9Y6,P21499
P75829,P0A9Y6
P0AA39,P0A968
P0A968,P21499
P0A968,P60422
P0A968,P0A7S9
P0A7V3,P08622
P03007,P0AGE0
P0A6M8,P0ABU7
P0ABU7,P0A8N5
P0A6Q3,P0AGD7
P08622,P32177
P0A6F9,P32177
P32177,P0C058
P13024,P0AAJ3
P32176,P0AAJ3
P0AGD7,P0ABH9
P0A9M0,P0AGD7
P0AGD7,P0A817
P0A7L0,P0AGD7
P0A7J3,P0AGD7
P0AGD7,P0A7V8
P0AGD7,P0CE47
P04335,P28634
P0ACP1,P21177
P0A9A6,P22333
P0A9A6,P46889
P0A9A6,P0A9A6
P0A9A6,P0AAH0
P0A9A6,P10408
P0A6M8,P11880
P0A6M8,P17443
P0A6M8,P18843
P0AC81,P10443
P06710,P0AC81
P21170,P0AC81
P77395,P0A6F9
P0AC59,P0A988
P0AC59,P0CE47
P0ABH9,P0AES4
P0A817,P0AES4
P0AES4,P0A9X4
P0CE47,P0AES4
P0A9P6,P0AES6
P0AD61,P0ABU7
P0A6Q3,P0A953
P0AGE0,P0ACP1
P0A6M8,P22634
P0A996,P67910
P09831,P06864
P0A6F3,P09831
P0ACP1,P09832
P0A6F9,P63284
P0AES6,P0CE47
P0A717,P69931
P0A7G6,P69931
P16687,P0ACB7
P16688,P0ACB7
P0A6X3,P0A9M0
P21645,P0A6X3
P0A6X3,P14081
P0A6X3,P0A847
P0CE47,P0A6X3
P60906,P0AEU7
P0AG48,P0AEU7
P0AEU7,P60624
P0ACF8,P0AGE0
P0ABS8,P0CE47
P43329,P0A7L0
P0AG67,P43329
P0A7V3,P43329
P0CE47,P43329
P63284,P0A6L9
P0A817,P0A6L9
P0CE47,P0A6L9
P08957,P0AC84
P0AAB4,P08957
P0A6H5,P0A6M8
P0A6H5,P0A6H5
P0A6H5,P25665
P0A817,P0A6H5
P0A9X4,P0A6H5
P0A6H5,P0A7G6
P0ABB4,P0AAM7
P0A910,P0AAM7
P06996,P24192
P0C054,P22333
P0C054,P0ABB4
P0C054,P0A9A6
P0C054,P06993
P39398,P0C054
P0C058,P22333
P0C058,P06993
P0A9X4,P0C058
P0C058,P0AAH0
P69222,P0A817
P0ABH9,P0A707
P0A707,P18843
P0A9J0,P0A707
P21507,P0A707
P75617,P0A707
P22939,P0AG30
P22939,P0A7V3
P22939,P0A7V8
P22939,P0CE47
P0A715,P0A9M0
P0A715,P00490
P0A7S9,P0A715
P0AC75,P0A850
P0CE47,P69739
P0A9W9,P19931
P37182,P0A8G6
P24192,P63284
P24192,P08622
P24192,P0ABT2
P24192,P0A9X4
P69222,P31120
P0AFI2,P0A707
P0A707,P0A7A7
P0CE47,P0AC75
P07813,P0A6F9
P0A7A9,P07813
P07012,P07813
P0A717,P07813
P0ABF6,P30015
P30015,P0ABT2
P30015,P0A6P9
P0A9B2,P30015
P39367,P0A988
P39407,P60624
P39407,P21507
P76116,P0ACF0
P0AG59,P76223
P64517,P0AA10
P64519,P60723
P0A7Z4,Q46856
P0ADZ0,P64588
P0A6F9,P45469
P67910,P33224
P33224,P0A7V8
P36659,P0A6Z1
P0A968,P0A9P6
P43329,P0A9P6
P0A6Z3,P0ABU7
P00490,P0ABU7
P06993,P0A9A6
P0AES4,P0AG30
P0AGJ5,P43329
P08957,P0ACF4
P24192,P0A6B7
P22939,P0A7L0
P39407,P0A7V3
P0A7V3,P76116
P54901,P00961
P0AES4,P22333
P0A707,P0AES4
P0A9Q7,P30015
P75864,P0A968
P0A972,P0ABH9
P0A972,P0A9P6
P0A972,P0A988
P0A972,P43329
P05055,P0A972
P0A972,P0AG30
P0A972,P21499
P0A972,P60422
P0A972,P0AG67
P0A7V8,P0A972
P69913,P37765
P75864,P69913
P0ABJ6,P18775
P0ABJ6,P77783
P0AED9,P10408
P0AED9,P0AGE0
P0AEE1,P0ABH7
P0A6G3,P0AEE1
P08622,P0ABB4
P0ABH9,P08622
P08622,P0A6M8
P06996,P08622
P08622,P0AG30
P0A6Q3,P0A7L0
P60422,P0A6Q3
P0AG67,P0A6Q3
P0A6Q3,P0A7S9
P0A6Q3,P0A850
P0A6Q6,P0ABH9
P0CE47,P09832
P0A7V8,P0A6Q6
P33920,P39367
P68066,P39385
P39407,P69910
P0A7R5,P39407
P39407,P0A7U7
P76116,P60723
P0AG55,P76116
P18775,P0AAJ1
P0AEB7,P0AF90
P0ADY3,P64517
P64517,P0A7V3
P64588,P0A7V3
P33368,P64602
P0A8S1,P0A6F9
P15043,P0ABA6
P0A9Y6,P75864
P77808,P0AEE1
P0AG30,P77488
P0ABU7,P33599
P0ABU7,P0AG82
P0A9R7,P17952
P0A749,P69931
P0A6L9,P0A6H1
P69739,P0ACD8
P30015,P0AE08
Q46856,P0A988
P69910,P30015
P0AES4,P0A715
P61320,P09373
P0A8N5,P63284
P0A8N5,P69910
P67910,P0A731
P22188,P0A9R7
P0A759,P0A836
P23830,P0AFG0
P0A7V8,P0ABF1
P31133,P0A853
P0A944,P0A9B2
P67910,P0A944
P0A944,P0CE47
P60723,P0A7L0
P0AFI2,P0A832
P75864,P0AG24
P0A873,P28631
P0AAS7,P75864
Q46820,P08337
P0AF67,P31806
P37765,P0AF90
P0A7V8,P0A968
P00579,P0AE60
P30015,P0A6F3
P30015,P0A910
P30015,P09373
P0A799,P30015
P0AG82,P30015
P0A9M8,P30015
P67910,P30015
P62399,P30015
P0A7Z4,P30015
P30015,P0AG67
P0A7V8,P30015
P30015,P0A850
P0A6P1,P30015
P0A8G6,P30015
P75960,P15042
P15042,P08622
P15042,P0A9X4
P15042,P0A717
P0ACD8,P61320
P0A9M0,P61320
P0AG30,P61320
P21507,P61320
P0A6F9,P75957
P0A817,P75957
P0CE47,P75957
P0A9M0,P0ABH9
P0A7L0,P0A9M0
P0A9M0,P0A7V3
P0CE47,P0A9M0
P0A717,P0A722
P0A722,P0A7V3
P21645,P67910
P21645,P0AG30
P0A7L0,P21645
P21645,P60422
P16916,P0A8N3
P67910,P0A8N5
P15977,P60716
P15977,P0AEZ3
P15977,P0AF20
P06993,P0AAH0
P0A6F5,P0AEY3
P0A9X4,P0A817
P0A817,P0AAH0
P0A7G6,P0A817
P0AG82,P02918
P02918,P0CE47
P0A988,P0A731
P02918,P0A8G6
P0AD65,P0CE47
P75746,P0AD65
P22333,P0A9X4
P0ABB4,P0A9X4
P0A9X4,P0A6M8
P0A9X4,P68187
P0A9X4,P0AEZ3
P0A9X4,P33599
P0A9X4,P06996
P0A9X4,P0A7G6
P62399,P0A9X4
P22523,P0A7V8
P0A6F9,P17952
P22188,P0A6M8
P22188,P67910
P0ABH9,P18843
P0A759,P0A9Q7
P0A759,P0ABF6
P63284,P0A759
P0A759,P0ABP8
P0A6P9,P0A759
P0A759,P0A991
P0A759,P0A6M8
P0A759,P69910
P0A759,P0A9B2
P0A6F3,P0A759
P0A759,P0A6F9
P0A8N3,P0A759
P0A759,P09373
P0A759,P0A799
P00634,P0A759
P0A759,P0AG82
P0A759,P60422
P62399,P0A759
P0A759,P0AG55
P0A759,P0A7V8
P0A7R5,P0A759
P0A850,P0A759
P0A759,P0A853
P28904,P0A759
P0CE47,P0A759
P0AG80,P0A759
P0ACS5,P75959
P09152,P0A9X4
P67910,P09152
P0CE47,P00393
P0A910,P33591
P0A7Y4,P77788
P0AGE0,P77788
P0A776,P0A717
P0A776,P75864
P69910,P33599
P33599,P0ABF1
P09373,P33599
P0AFF6,P0A717
P0AFF6,P60422
P0A7V8,P0AFF6
P10443,P0A780
P0A780,P06710
P28630,P0A780
P0A780,P28905
P0A9P6,P0AFG0
P0A991,P42641
P33599,P0A910
P0A817,P33599
P0A910,P09373
P0A707,P20083
P31663,P20083
P20083,P0A7L0
P60422,P20083
P0AG67,P20083
P0A7V8,P20083
P0A7S9,P20083
P20083,P65556
P0ABF1,P0ABT2
P23830,P0ABF1
P0ABF1,P37765
P0ABF1,P60422
P0ABF1,P60723
P0ABF1,P0AA10
P0ABF1,P75864
P0AGJ5,P0ABF1
P0A8N5,P68767
P0A6R0,P37095
P37095,P0A910
P0A6F9,P04825
P0ABT2,P29745
P23836,P0CE47
P0ADI0,P75959
P0ADI0,P32138
P05055,P0A9P6
P62399,P05055
P31133,P0AE08
P63284,P31133
P0ABP8,P31133
P0A6P9,P31133
P0A6M8,P31133
P0A6F9,P31133
P31133,P09373
P0A799,P31133
P31133,P00634
P0A7V3,P31133
P31133,P0A7V8
P31133,P0A850
P12758,P31133
P0A8G6,P31133
P0A6I6,P0A7A9
P0A7A9,P0A6F5
P0A9L8,P0CE47
P0A717,P15032
P0A717,P21507
P23830,P0AG67
P23830,P0A7V3
P0A7V8,P23830
P0CE47,P0AAH0
P0A9M8,P08622
P0A988,P09546
P09546,P0CE47
P69407,P0A7L0
P69407,P0CE47
P0A6F9,P04993
P27127,P0A867
P0A8J8,P0A7R1
P0A6F3,P0A944
P0A944,P0A8N5
P0A799,P0A944
P0A944,P0AG82
P0A944,P0A7Z4
P0A944,P0A850
P0A9X4,P23836
P23836,P62399
P23836,P0A7V3
P05055,P0A7V3
P00582,P0A817
P04951,P0A7A9
P0AC75,P0A7A9
P0A717,P10441
P0A717,P0CE47
P0AD61,P37765
P69407,P39838
P27127,P0A910
P0A8J8,P0A7J7
P0A944,P0A9Q7
P63284,P0A944
P0A6M8,P0A944
P0A948,P67910
P00490,P37765
Q46861,P37765
P0AA39,P37634
P63284,P0AFW2
P09373,P0AFW2
P0CE47,P0AFW2
P0A7Y4,P0ABB0
P0ABB4,P0A7Y4
P0A7Y4,P0ABA6
P00490,P0A7Y4
P60422,P0A7Y4
P0A7Y4,P0A7V3
P04995,P0A7Y4
P0A7Y8,P0ABH9
P0A9P6,P0A7Y8
P05055,P0A7Y8
P0A7Y8,P0A7B1
P0A7Y8,P0AG30
P0AA39,P0A7Y8
P21499,P0A707
P21499,P0A7V3
P0CG19,P0AAH0
P0CG19,P0A7G6
P67910,P0CG19
P60422,P60723
P0AG55,P60723
P60723,P0AA10
P0ADY3,P60723
P0A7V3,P60723
P60723,P0A7V8
P0A7R5,P60723
P60723,P0A7S9
P0A7J3,P0ADZ0
P23830,P0A7Z4
P0AG30,P0A7Z4
P0A7L0,P0A7Z4
P0A7Z4,P0AG67
P0A8V2,P0CE47
P24255,P69797
P69797,P13445
P0CE47,P13445
P0A800,P0A850
P0C0R7,P0CE47
P0A817,P10408
P10408,P0AEZ3
P10408,P0AG30
P0A832,P0ABH9
P00490,P0A832
P0AGJ5,P0A832
P25397,P0AG14
P0A944,P68066
P0A948,P09373
P0AA39,P0AG24
P0AA39,P75828
P24255,P0AA10
P0ABH9,P0C0R7
P0AGD7,P0C0R7
P0A9M0,P0C0R7
P0C0R7,P0A7L0
P0AG24,P75960
P0AG24,P23830
P0AG24,P0A8J8
P0AG30,P0AG24
P0AG24,P0AG67
P0AG24,P0A7V8
P0AGJ2,P0AG24
P21507,P0A7L0
P21507,P60422
P0AES4,P0AGE0
P00490,P0AGE0
P0AFI2,P0AGE0
P0AGE0,P60422
P0A7V8,P0AGE0
P0AGE0,P25522
P0AGE0,P0CE47
P0AGE0,P0AGJ5
P0A9S5,P0A867
P0A9P6,P0A847
P06612,P60422
P0A873,P10443
P03007,P0A873
P0A9X4,P0CE47
P39177,P0A6F9
P0A8G0,P07021
P43329,P0AAS7
P0ACE0,P0AAS7
P0AAS7,P0A717
P23830,P0AAS7
P0AAS7,P0A8J8
P0A7Z4,P0AAS7
P21507,P0AAS7
P0AAS7,P30871
P0AE78,P76658
P0A9W9,P0AE78
P67910,P0A9K3
P0A7V8,P0A8Z3
P0ABB0,P0ACV4
P0ACV4,P0A7V3
P0ACV4,P0AA53
P0ACV4,P0ADW3
P64476,P67910
P64476,P0A850
P67910,P76235
P29013,P76235
P76256,P0A6D7
P0A8A0,P0A855
P76543,P77399
P76543,P76503
P0AES6,P36979
P0AAH0,P36979
P67910,P36979
P0ACD8,Q46811
Q46811,P76658
P0AE78,Q46811
P77739,Q46811
P0A9W9,Q46811
P0A8I5,P0A9P6
P23830,P0A8I5
P0A873,P28632
P0A817,P0CE47
P0A9Q7,P0AAS7
P0AAS7,P0ABF1
P21362,P0A867
P0ACV4,P0ABA6
P0ACV4,P0AAI3
P0ACV4,P0A910
P0AG24,P0A8M6
P0A8M6,P75838
P67910,P76403
P0AEP3,P77808
P36979,P63284
P0A9P6,P36979
P36979,P0ACP1
P0A8I5,P0AA10
P0A894,P0A6F5
P0A894,P0A6F9
P0CE47,P0A894
P45527,P0A9M0
P0AGK4,P0A9Q7
P0AGK4,P0AGD7
P0A6F9,P0AGK4
P0AA39,P0AGK4
P60422,P0AGK4
P62399,P0AGK4
P0AGK4,P0AG55
P0AGK4,P0AG67
P0A7V8,P0AGK4
P0AGK4,P0CE47
P0AGK4,P0AGJ5
P46482,P0ADW6
P05050,P0ADW6
P0ADK6,P0A996
P0A6F5,P0A8Y5
P0A910,P31473
P06996,P31473
P0AF36,P0CE47
P0A8W5,P0AF36
P0ADQ2,P0AF67
P0AF90,P0A9P6
P0A6U3,P0AF90
P0A996,P0AF90
P0AF90,P10408
P0AGJ5,P0AF90
P0A6F9,P0AF93
P39407,P0AF93
P39367,P39407
P39384,P0AG30
P0A6P5,P77439
P77439,P0A7V3
P77439,P77399
P0A9X1,P0A6F5
P0A9X1,P0A6F9
P0A9X1,P60723
P0ABD8,P24182
P0A9Q5,P0ABD5
P0A6A8,P24224
P33224,P0A6A8
P0AEK2,P0A6A8
P0ACC7,P0A6A8
P0A6A8,P21645
P0ADQ2,P0A6A8
P0A7Z4,P0AE60
P0AE60,P0A8T7
P0AE60,P0A800
P0AG30,P0ABH9
P0AF90,P02413
P0ABH9,P60723
P0A6F5,P0A6G7
P67910,P0A6G7
P0A9X9,P36995
P0A9Y6,P0ABD5
P0AG30,P0A9Y6
P60422,P0A9Y6
P0A9Y6,P62399
P0A9Y6,P0AA10
P0A9Y6,P0AG67
P0A7V8,P0A9Y6
P0A9Y6,P0A968
P0A7L0,P0A968
P0A968,P0AA10
P08622,P0A9P6
P37765,P0A9P6
P0A9P6,P0AA39
P0A9P6,P21499
P0A7L0,P0A9P6
P0A9P6,P60422
P60723,P0A9P6
P0A7R1,P0A9P6
P0AA10,P0A9P6
P0A9P6,P0A7K6
P60624,P0A9P6
P0A9P6,P0A7V3
P0A7V8,P0A9P6
P0A9P6,P02358
P0A7X3,P0A9P6
P0A9P6,P0A7R5
P0A9P6,P0A7S9
P0AGJ5,P0A9P6
P10443,P0AGE0
P0A991,P0A6F5
P0A6B7,P32177
P0A9R7,P0A6F5
P69908,P69910
P61320,P0AG67
P0A9Q7,P0A8N5
P0A853,P0A8N5
P60422,P22523
P0A7V3,P0AFF6
P0A6P1,P0A944
P10408,P0AA39
P0AGJ5,P0A7Y8
P0A8V2,P60422
P0AG24,P0A7V3
P0A873,P28630
P37751,P0A910
P37692,P64476
P0A8I5,P75864
P09152,P0AF90
P39367,P37689
P20083,P0A7V3
P0A717,P0ABH9
P00634,P0A944
P67910,P00393
P00582,P0A715
P0CE47,P0A9M8
P0A8V2,P0AG30
P0CE47,P0A9W0
P33224,P0ADK6
P0A8V2,P0AE60
P0A968,P0A7R5
P77395,P0A991
P20083,P0ADH5
P0A817,P36979
P0A9X4,P36979
P30015,P68066
P0A8N5,P0A9B2
P06993,P0A9X4
P18843,P0AG67
P0A9M8,P0A759
P0A759,P0A7Z4
P0A780,P28631
P29745,P0A6M8
P0AES6,P23836
P0A7Z4,P31133
P12758,P0A944
P0A7Y4,P17888
P62399,P60723
P14081,P0A9M8
P06710,P0A873
P0A873,P28905
P0A796,P21362
P0A6M8,P36979
P0AG24,P36979
P0ADK6,P0AGJ2
P60422,P0AF90
P0CE47,P63386
P0A9Y6,P0A7S9
P0A7V8,P69407
P0A799,P0A8N5
P0AES6,P0AES4
P60624,P0A715
P0A8N3,P0A8N5
P0AG55,P0A776
P0AA39,P21499
P21499,P60723
P0A7Z4,P60240
P28304,P0AGB3
P67910,P39177
P36979,P60422
P0A890,P0A6B7
P60624,P0A968
P08622,P0AAH0
P0A847,P0A7K6
P0C054,P0C8J6
P05050,P0ABA6
P0A7V3,P0A707
P36979,P0C018
P0A7T3,P14294
P0A7V3,P0A968
P10408,P0A6X3
P11868,P0A8N3
P17888,P0AGE0
P0A6F9,P67910
P0A6F9,P0A850
P0A8T7,P60240
P0A6X3,P0AEU7
P0ACF0,P0A6X3
P0AG30,P0A6X3
P0A6X3,P21499
P0A7L0,P0A6X3
P60422,P0A6X3
P0A7Z4,P0A6X3
P0AG67,P0A6X3
P0A6X3,P0A7V8
P0A6X3,P0A7S9
P30871,P0A6X3
P0AGE0,P28905
P08956,P08957
P08622,P0A6H5
P00582,P0ACF4
P0C058,P0C054
P0A707,P60422
P0A707,P0A7W7
P0A7R5,P0A707
P0A707,P0AG59
P0A6Z1,P0ACD4
P0A6B7,P0ACD4
P0A715,P60723
P0A715,P0A7K6
P0A7V3,P0A715
P0A9H3,P52095
P0A9X4,P0C054
P0A9X4,P0AEI1
P0A9X4,P10408
P22523,P60293
P0AF26,P09152
P11349,P0AF26
P0A7L0,P0A776
P0A776,P60422
P60723,P0A776
P0A7R1,P0A776
P0AA10,P0A776
P0A776,P0C018
P0A7K6,P0A776
P0AG67,P0A776
P0A776,P21507
P0AGJ5,P0A776
P0AFF6,P0A8V2
P0A8T7,P0AFF6
P0AFG0,P0AG30
P0A6P9,P05055
P0A8J8,P05055
P0A7Z4,P00582
P0A850,P0A7A9
P0A850,P39199
P0A717,P75960
P0A6F5,P0A717
P0A6F5,P0AAH0
P21893,P0AGE0
P15043,P0AGE0
P0A6P9,P0A8J8
P60723,P0AG30
P0A6X3,P37765
P37765,P0A7L0
P60422,P37765
P60723,P37765
P37765,P0A7R1
P37765,P0AA10
P37765,P0A7V8
P0A7R5,P37765
P37765,P0AGJ5
P23830,P0AA39
P0AA39,P0A7L0
P0AA39,P60723
P62399,P0AA39
P0AG55,P0AA39
P0AA10,P0AA39
P60624,P0AA39
P0AG67,P0AA39
P0AA39,P0A7V3
P0A7V8,P0AA39
P0AA39,P75864
P0AGJ5,P0AA39
P0ADK8,P0AA39
P60723,P21513
P21513,P0A7V8
P0AGE0,P0A7Y4
P0A7Y4,P14294
P23830,P0A7Y8
P0A7Y8,P0A7L0
P60422,P0A7Y8
P0A7Y8,P0A7V3
P0A7Y8,P0A7V8
P0A7Y8,P0A7W7
P0A7S9,P0A7Y8
P60422,P21499
P21499,P0A7R1
P0AA10,P21499
P08622,P0A817
P0A7V8,P21499
P21499,P0A7U7
P0A7Z4,P0AA10
P0A8V2,P0A7Z4
P0A7Z4,P00579
P0A800,P0A7Z4
P0AFG0,P0A8V2
P0A8T7,P0A8V2
P0AFG0,P0A8T7
P60422,P0A8T7
P0A8T7,P0A7V8
P00579,P0AFF6
P0A8V2,P00579
P0A8T7,P00579
P00579,P0A800
P0A7Z4,P24255
P0A8V2,P24255
P0A8V2,P0A800
P0A800,P0A8T7
P10408,P0AG86
P0AG86,P0A9M0
P14081,P0AGJ5
P0AG24,P60723
P21507,P60723
P04995,P0AGE0
P0AFG3,P0AFG6
P60422,P0A847
P0A847,P0AGJ5
P06612,P0A7Z4
P0A8T7,P06612
P0AGE0,P14294
P0A858,P29745
P0A858,P09373
P68066,P0A858
P0A6U3,P25522
P0A6F5,P0A9W0
P0A9W0,P0A7V3
P0A7V8,P0A9W0
P0A7S9,P0A9W0
P0A8T7,P08390
P0A8G0,P60422
P0A7K6,P0A8G0
P0A8G0,P0A7V3
P0AES4,P0A8H8
P0AES6,P0A8H8
P0AFG0,P0A8E5
P0A7Z4,P0A8E5
P0A8V2,P0A8E5
P0A8T7,P0A8E5
P0A8E5,P0A800
P0AAS7,P08622
P0AAS7,P05055
P0AAS7,P21499
P0AAS7,P0AGJ5
P37634,P0AAS7
P0A7L0,P0A9K3
P60723,P0A9K3
P0A9K3,P62399
P0AG55,P0A9K3
P0A9K3,P0A7R1
P0A7K6,P0A9K3
P0A9K3,P60624
P76316,P0AFG6
P36979,P0A7L0
P60723,P36979
P62399,P36979
P60723,P0A7Z4
P36979,P0AG55
P0A7R1,P36979
P0AA10,P36979
P36979,P0A7K6
P36979,P60624
P36979,P0AG67
P36979,P0A7V3
P36979,P0A7R5
P0AGJ5,P36979
P09373,P68066
P0A7L0,P0AGJ5
P0A7V3,P0AGJ5
P0AGJ5,P02358
P75864,P0AGJ5
P0A763,P0AC28
P0A978,P0A9X9
P36995,P0A972
P0A9P6,P0ACF0
P0A9P6,P0AG48
P0A9P6,P0A7W7
P0A9P6,P0AG59
P0A9P6,P0A7T3
P0A7T7,P0A9P6
P10443,P0ABS8
P0A6X3,P0AG48
P0A6X3,P02358
P28905,P0ABS8
P0ABS8,P28632
P0A707,P0AG48
P0A707,P0A7X3
P0A7T7,P0A707
P0A7U7,P0A707
P0A7K2,P0A715
P0AG48,P0A715
P0A7X3,P0A715
P68066,P0A8N5
P0ACF0,P00490
P0A9X4,P0AFG0
P0A800,P0AFF6
P0ACF0,P00582
P37765,P0ACF0
P37765,P0AA39
P0A7T3,P37765
P0AAS7,P37765
P0AGK4,P37765
P0AA39,P0C018
P0AA39,P0AAS7
P21513,P0A6X3
P0AG55,P0A7Y8
P0A7Y8,P0A7L3
P0A7Y8,P0AG48
P02358,P0A7Y8
P0A7Y8,P0A7T7
P21499,P0AG59
P0A7Z4,P0ACF0
P0A7K2,P0A7Z4
P0A7T3,P0A7Z4
P0A8V2,P13445
P0A972,P10408
P0A832,P0ACF0
P0ACF4,P0A832
P0A7U7,P0AG24
P0AGE0,P0ACF0
P0AA10,P0A847
P0AG44,P0A847
P0A986,P0A972
P28630,P0ABS8
P15038,P0A705
P21889,P0A705
P00350,P0ABU7
P61889,P39180
P25526,P00350
P00350,P33195
P00350,P37902
P0A705,P00634
P0A705,P21599
P0A705,P0A850
P61889,P02918
P0A9L8,P61889
P0A836,P0A705
P0A6P9,P02929
P0A7K6,P02929
P02929,P0A7R5
P0A7T3,P02929
P61889,P25522
P0A705,P0AFP6
P00350,P39274
P00350,P0AEI4
P0C8J6,P08622
P0C8J8,P32177
P0C8J6,P0A9A6
P37645,P61889
P09832,P00350
P0CE47,P0C8J6
P0ABU7,P0A705
P0A705,P00579
P0A705,P09372
P0AC53,P0A705
P00350,P02918
P24192,P0C8J6
P0C8J6,P0C058
P0C8J8,P0A9X4
P0C8J8,P23836
P23836,P0A705
P07003,P0A6D3
P0CE47,P07003
P10408,P0C8J8
P36979,P0A705
P0A705,P0AFF6
P0C8J6,P0A9X4
P0AGE0,P0ABA6
P0ABA6,P0A6F5
P02413,P0ABA6
P0ABA6,P0AA10
P0ABA6,P0A7J7
P0ABA6,P0A7M2
P0A7S9,P0ABA6
P0ABA6,P31663
P0ABA6,P76093
P0ABA6,P16916
P0ACS5,P0ABA6
P03813,P0ABA6
P0ABA6,P07021
P0A9Y6,P0A9P6
P50465,P68739
P68066,P02929
P0A705,P0C054
P02929,P0A7J3
P0A988,P07003
P06710,P0ABS8
P0A707,P0AG67
P21599,P0A850
P0A7R1,P0AA39
P0A7L0,P21499
P0A7Z4,P0A6W5
P0A8T7,P0A7Z4
P33224,P0A832
P0A8G0,P60723
P0A9K3,P0AA10
P0ADZ4,P0A9P6
P0A7X3,P0A7Y8
P0A9W0,P0A7U7
P0A9Y6,P05055
P00393,P00350
P0A7V3,P0ABA6
P0A9X4,P08622
P0AGJ5,P0A7V8
P0A7M2,P0AG24
P0A988,P0A6F9
P0A6Y1,P0A6X7
P0A7V8,P0A707
P02358,P0A707
P0A7S9,P0A707
P0AFF6,P0A7Z4
P0AA39,P60422
P60723,P0A7Y8
P0AFG0,P0A7Z4
P60723,P10408
P0A8E5,P60240
P0A7G6,P36979
P0A7U7,P0A968
P02413,P0A7Y8
P14294,P0AA10
P37765,P62399
P0AA10,P02929
P0A705,P08622
P0A6H5,P0C8J8
P0ABA6,P0A6D7
P0A9P6,P0A7U7
P0A968,P0AG30
P75864,P0A6X3
P0AG48,P0A847
P0A847,P60624
P14294,P0AG48
P08622,P0A9W0
P0A9W0,P0AA10
P0A9W0,P0A7S3
P0AA10,P0A8G0
P0A8G0,P02358
P0A8G0,P0A7W7
P0AG59,P0A8G0
P0A7U7,P0A8G0
P0A9K3,P0ACF0
P0ABE2,P0AC69
P0ACF0,P36979
P0A7L3,P36979
P36979,P0AG48
P0ADZ0,P36979
P0A7T3,P36979
P0AG59,P0AGJ5
P31119,P0A6A8
P36659,P0AG30
P36659,P60422
P60723,P36659
P0A7R1,P36659
P0A7V3,P36659
P63284,P0A6H1
P0A9Y6,P0AGJ5
P37765,P0A968
P0A968,P0AG67
P30871,P0A9P6
P08622,P0A7G6
P0AEK4,P0A988
P0AGD7,P0A6Q6
P0A6Q6,P0A7L0
P0A6Q6,P60422
P62399,P0A6Q6
P0A6Q6,P0AG67
P0A7V3,P0A6Q6
P61949,P33224
P62620,P61949
P0AG03,P61949
P0A9A6,P0A6M8
P0A9A6,P0A7G6
P0AAH0,P0AES4
P0A9P6,P0A6X3
P08622,P0A6X3
P0A6P9,P0A6X3
P0A6X3,P43329
P0A6X3,P05055
P0A9J0,P0A6X3
P0A7V3,P0A6X3
P0A6X3,P0A850
P0A6X3,P0AGJ5
P0A988,P0ACE7
P28631,P0ABS8
P67910,P0A715
P0A9X4,P05055
P0A9X4,P0AAH0
P0A9X4,P0AG30
P0A717,P0A749
P0A776,P62399
P0AFG0,P60240
P0AFI2,P0AES4
P0AGJ5,P23830
P0AA39,P33224
P43329,P0AA39
P21507,P0AA39
P0AA39,P30871
P21513,P0A7V3
P15043,P0A7Y4
P0AG67,P0A7Y8
P75864,P0A7Y8
P0AGJ5,P21499
P60422,P0A7Z4
P0A7Z4,P0A7V3
P0A7V8,P0A7Z4
P0A8V2,P60240
P0A832,P10408
P22525,P0A832
P0AG24,P0A9P6
P0AG24,P37765
P21507,P0AG24
P0AGE0,P24230
P10408,P0AGE0
P0A847,P37765
P0A847,P0A7L0
P75864,P0A847
P06612,P0AGE0
P0A9K3,P0A9P6
P39199,P0A9K3
P23830,P0A9K3
P37765,P0A9K3
P0A9K3,P21499
P60422,P0A9K3
P0A9K3,P0AG67
P0A9K3,P0A7V8
P0A9K3,P0AGJ5
P75829,P67910
P0A8I5,P60422
P60723,P0A8I5
P0A8I5,P0A7R1
P0A7V3,P0A8I5
P0A8I5,P0A7V8
P0A7S9,P0A8I5
P0A8I5,P21507
P0A8I5,P0AGJ5
P30871,P0A8I5
P0A705,P37659
P39453,P39453
P03819,P03819
P0ABH9,P0A6G7
P0A6H1,P0A6G7
P0AA16,P0AEJ4
P0AE82,P0AE88
P0AFJ5,P08400
P0AES4,P0AES4
P0AA86,P36655
P0AEG4,P0AA86
P0AFJ5,P0AFJ5
P0ABQ0,P0ABQ0
P0AFA2,P0AFA2
P13479,Q47112
P0A6B7,P0A9R4
P27838,P27838
P0A6B7,P27838
P09883,Q03708
P69380,P69380
P0ACD4,P0A9R4
P60953,Q9R8E4
P0A6Y8,P08622
P03051,P03051
P02930,P0AE06
P0AEH1,P0AFX7
P0A7L0,P0A7R1
P27303,P02930
P27303,P27303
P75830,P75830
P02930,P75830
P0A6X3,P0A6X3
Q9EZJ8,P0A7Z4
P0AEU7,P0AEU7
P0A7B8,P0A7B8
P69924,P69924
P08839,P08839
P0A6F3,P0A6F3
P0AD61,P0AD61
P0ABT2,P0ABT2
P31554,P0ADC1
P07363,P0A964
P07017,P07363
P07017,P0A964
P0A6H1,P0A6H1
P29131,P02919
P0A912,P61320
P0A855,P19934
P0A855,P09883
P69924,P00452
P0AA39,P02359
P09372,P0A6Y8
P28307,P28307
P0AEU7,P0A910
P0A912,P61316
P0ADC3,P61316
P69425,P69423
P26648,P69425
P26648,P69423
P36649,P69425
P36649,P69423
P61320,P61316
P30750,P31547
P06609,P37028
P30750,P28635
Q46944,Q46944
P02358,P0A7R1
P0A7R1,P0A7R9
P76632,P76632
A7ZRJ5,P32890
P0A910,P39099
P76632,Q46901
Q46899,P76632
Q46898,P76632
Q46897,P76632
Q46899,Q46898
Q46897,Q46899
P38054,P77239
P25396,P25396
P38054,P38054
P31553,P31553
P08191,P30130
P0A7C2,P0A7C2
P11071,P08200
P0AG11,P04152
Q8LTE0,P0CE47
Q8LTE0,P0A6P1
P04152,P0A7G6
P0AGA2,P0AG96
P0AG99,P0AGA2
P23837,P23837
P0ACB4,P0ACB4
P0ACB4,P00363
P0AAT4,P0AAT4
P0AG99,P0AG96
P04482,P09883
P0AG96,P0AG96
P0AGA2,P0AGA2
P0AFI2,P22523
P0AF28,P0AFA2
P02931,P09883
P20356,P63284
P0AES9,P0AES9
P76015,P76014
P60061,P60061
P0AC30,P37690
Q3ZTX8,Q3ZTX7
Q3ZTX8,Q3ZTX8
P0A6F5,P04535
P04949,Q29XT7
Q2LD83,Q2LD83
P0AGA2,P0A910
P0A910,P10408
P0A6K3,P61175
P0AG44,P0A6K3
P0C0V0,P06996
P0C0V0,P0A910
P0C079,P0C077
P0C079,P0C079
P0C077,P0C077
P39099,P25718
P0C0V0,P25718
P39321,P0ADE4
P63284,P0A6Y8
Q47511,Q47511
P0AGK8,P0AGK8
P0ABN1,P0ABN1
P68183,P68187
P68187,P02916
P0A6A8,P13001
P0AFP2,P0A698
P0AFP2,P0A8G0
P0A8V2,P13338
P31129,P31129
P09391,P09391
Q9X4B7,Q9X4B7
P69797,P0AA04
P0AA04,P00550
Q0VCX2,Q6EZC2
P0A8F8,P0A698
P00722,P00722
Q9UTN9,P0A698
P0A698,P03018
P0A8G0,P02371
P0A698,P0A698
P28905,P0A698
P0A698,P03003
P0A8F8,P0A9P0
P23524,P0A8F8
P0A8F8,P02428
P02341,P0A8F8
P0A8F8,P03018
P0A8F8,P08936
P0A8F8,P06959
P0A8F8,P02342
P0A8F8,P0A8F8
P0A8F8,P0A8G0
Q8GAV3,Q8GAV4
P0A917,P0AEU7
P02418,P0A8G0
P32679,P0A8F8
P02366,P0A8G0
P0A8G0,P02421
P0A8G0,P02378
P0AFG8,P0A8G0
P0A8G0,P02370
P0A8G0,P42550
P02367,P0A8G0
P07016,P0A8G0
P0A9P0,P0A8G0
P0A8G0,P02426
P02428,P0A8G0
P02387,P0A8G0
P02354,P0A8G0
P0A8G0,P02359
P0A8G0,P02361
P0A8G0,P33635
P0A8G0,P02388
P0A8G0,P0A7W1
P02384,P0A8G0
P0A8G0,P02342
P02423,P0A8G0
P0A8G0,P02420
P02375,P0A8G0
P0A8G0,P02410
P0A8G0,P0A7V0
P02352,P0A8G0
P0A8G0,P07015
P60438,P0A8G0
P02422,P0A8G0
P0A8G0,P02349
P36996,P0A8G0
P0A8G0,P02364
P0A8G0,P38504
P02369,P0A8G0
P0A8G0,P02411
P0A8G0,P02374
P0CF66,P0CF66
P0CE47,P45535
P39286,P0CE47
P0CE47,P76594
P77475,P0CE47
P0CE47,P37188
P0CE47,P28689
P36659,P0CE47
P76211,P0CE47
P0CE47,P07027
P06971,P02929
P02929,P02934
P02937,P02929
P75957,P0A6F5
P02378,P21170
P21170,P0A7P5
P15040,P75697
P0CE47,P29210
P0CE47,P28635
P0CE47,P76251
P17580,P0CE47
P0CE47,P52126
P37345,P0CE47
P24194,P0CE47
P27851,P0CE47
P25663,P0CE47
P0CE47,P09372
P0CE47,P20625
P0CE47,P76195
P0CE47,P45393
P03815,P0CE47
P10120,P0CE47
P39408,P0CE47
P08177,P0CE47
P0CE47,P76104
P33995,P0CE47
P0CE47,P08577
P0CE47,P03818
P36950,P0CE47
P33590,P0CE47
P33593,P0CE47
P0CE47,P00579
P0CE47,P18133
P05825,P02929
P02929,P02929
P18784,P02929
P02929,P06129
P13036,P02929
P02929,P18783
P0CE48,P0A959
P23892,P0CE47
P29464,P0CE47
P0AEG6,P0AEG6
P17888,P0CE48
P0CE48,P30750
P0CE48,P00957
P0CE48,P77302
P0CE48,P76257
P0A7V0,P69931
P60472,P60472
P0CE48,P06961
P08956,P75960
P0CE48,P03004
P0CE48,P08622
P0CE48,P03007
P43329,P0ABT2
P0ABT2,P76045
P0ABT2,P0A7W1
P0CE48,P77488
P06616,P0CE48
P24183,P0CE48
P00960,P0CE48
P0CE48,P15038
P10443,P0CE48
P0A7V0,P0A6H5
P08956,P06959
P08956,P0A9P0
P05719,P06959
P05719,P0A9P0
P05719,P02359
P24182,P0A6H5
P0A6H5,P06961
P0AEB0,P0A6H5
P0A6H5,P0A7A2
P0A6H5,P09152
P0A6H5,P33599
P60438,P0A6H5
P0A7W1,P0A6H5
P0A6H5,P02359
P0A6H5,P10408
P0CE48,P0A6H5
Q46787,P0A6H5
P0A7B8,P24182
P60438,P0A7B8
P02359,P0A7B8
P0A7B8,P0CE47
P0CE48,P0A7B8
P0A7B8,P37765
P24192,P0CE48
P0CE48,P00956
P04951,P0CE48
P24230,P33232
P0A722,P0A7V0
P0CE48,P10441
P0CE48,P06993
P0CE48,P31120
P22523,P0CE48
P17952,P0CE48
P0CE48,P22634
P0CE48,P23367
P0CE48,P09152
P11349,P0CE48
P0CE48,P33594
P0CE48,P00452
P60438,P0A722
P30745,P0CE48
P0CE48,P10408
P31450,P0AEM0
P0AEM0,P0A7W1
P02359,P0AEM0
P29745,P0CE48
P05719,P00582
P00582,P0CE48
P02413,P0A717
P0A7V0,P0A717
P0A717,P0A7W1
P02359,P0A717
P0CE48,P0A717
P0CE48,P08394
P0CE48,P21893
P61714,P0CE48
P21513,P0CE48
P0CE48,P0CG19
P0A7W1,P0CE48
P0CE48,P21507
P60438,P0A717
P13656,P07904
P0A6P1,P0CE48
P0CE47,P0CE48
P24181,P0CE48
P37009,P0CE48
P0CE48,P77552
P0A7V0,P0CE48
P07118,P0CE48
P00944,P0CE48
P0CE48,P39177
P0CE48,P08390
P21499,P0AEM0
P06959,P0AA39
P0A9P0,P0AA39
P25888,P0AA39
P0AA39,P60438
P0AA39,P0A7V0
P0A7W1,P0AA39
P33916,P0CE48
P0CE48,P36979
Q46802,P0CE48
P05852,P0CE48
P0CE48,P45527
P0CE47,P0A6Z6
P23839,P0CE48
P31473,P0CE48
P0CE48,P75829
P0AA39,P0AFG8
P02387,P0AA39
P02388,P0AA39
P0AA39,P02389
P00583,P22992
P02901,P24224
P02901,P0AEK2
P69931,P00583
P03002,P69931
P69931,P02392
P05719,P02342
P36996,P0AA39
P02392,P08956
P0ACD4,P09548
P02422,P0A717
P02369,P0AEM0
P45567,P0A6A0
P0AA39,P02372
P02436,P69931
P69931,P02364
P15716,P0CE48
P19245,P08956
P19245,P0CE48
P33138,P0CE48
P0AA39,P15277
P24245,P0AA39
P36997,P0A986
P36654,P0CE48
P0CE48,P0ACB0
P0CE48,P04475
P24991,P0CF70
P0CE48,P18391
P21774,P0CE48
P08956,P11604
P0CE48,P07019
P06137,P0CE48
P28692,P0CE48
P0CE48,P06138
P0CE48,P02996
P0CE48,P37192
P0CE48,P21346
P0CE48,P09097
P06982,P0A717
P06982,P0CE48
P25521,P0CE48
P0ACD4,P36541
Q47677,P08957
P32679,P08957
P26615,P08957
P02341,P05719
P02388,P05719
P02422,P05719
P08957,P02341
P37181,P0CE48
P24230,P29209
P29209,P0CE48
P39171,P0ACD4
P0ACD4,P30010
P0ACD4,P04475
P25530,P0ACD4
P0ACD4,P07459
P0CE48,P17579
P0CE48,P14825
P13519,P0CE48
P0A717,P28909
P28909,P0CE48
P0CE48,P00453
P03003,P0A717
P0CE48,P03003
P0CE48,P00482
P17288,P0CE48
P04475,P0A717
P16921,P0A717
P0A717,P03002
P0A717,P02387
P02388,P0A717
P0A717,P02389
P02418,P0A717
P0A717,P02408
P0A717,P02409
P0A717,P02392
P02410,P0A717
P02411,P0A717
P0A717,P02414
P0A717,P02420
P02423,P0A717
P02424,P0A717
P02425,P0A717
P02428,P0A717
P0A717,P02352
P0A717,P02354
P02361,P0A717
P02364,P0A717
P0A717,P02372
P0A717,P02378
P33635,P0A717
P24172,P0A717
P0CE48,P07655
P0CE48,P39184
P0CE48,P14374
P24229,P0CE48
P03002,P0CE48
P08957,P32661
P02388,P0CE48
P0CE48,P00575
P0AEM0,P10177
P75941,P0AEM0
P02342,P0AEM0
P33604,P0AEM0
P02418,P0AEM0
P02349,P0AEM0
P0AEM0,P02370
P0AEM0,P02372
P42550,P0AEM0
P02339,P0CE48
P08957,P02997
P02997,P0CE48
P0CE48,P11288
P30977,P0CE48
P03020,P0A6A0
P02339,P0A6A0
P0CE48,P36857
P0AA39,P45571
P30867,P0AA39
P23304,P0AA39
P0AA39,P02342
P0AA39,P02341
P02384,P0AA39
P02390,P0AA39
P02418,P0AA39
P0AA39,P02392
P02410,P0AA39
P0AA39,P02411
P02414,P0AA39
P02416,P0AA39
P02419,P0AA39
P0AA39,P02420
P0AA39,P02421
P0AA39,P02422
P0AA39,P02423
P02425,P0AA39
P02428,P0AA39
P00575,P0AA39
P0AA39,P00577
P0AA39,P02349
P02354,P0AA39
P0AA39,P02369
P02370,P0AA39
P02374,P0AA39
P02378,P0AA39
P0AA39,P17580
P33635,P0AA39
P36564,P0AA39
P0CE48,P37346
P03822,P0CE48
P36540,P0CE48
P0AA39,Q46930
P09160,P0ACD4
P42550,P0AA39
P0CE48,P09997
P0CE48,P39299
P77645,P0CE48
P0CE48,P45803
P76016,P76014
P0AGB3,P0AGD7
P10121,P0AGB3
P0AGB3,P10408
P0AE82,P0AE82
G7RM21,P21645
K0BL73,P0A6Q3
P03018,P0A8T7
P21168,P0CE48
P08957,P52084
P13519,P0A717
P0CE48,P23932
P04384,P0CE48
P02352,P0AA39
P0CE48,P10115
P0ABH0,P0A9A6
P77173,P0A9A6
P0A8V2,P32267
P00579,P32267
P07110,P07110
P02919,P0A935
P0A698,P02919
P02919,P0AD68
P0A9A6,P0A6H1
P08408,P13720
P08407,P62532
P04127,P62532
P07111,P04127
P04127,P04127
P15319,P04127
P15319,P13720
P07111,P15319
P15319,P62532
P08407,P08407
P69681,P0AC55
P0A786,P0A786
P09391,P42287
P08407,P08408
P0ABV2,P0ABU7
O50335,O50337
P06971,Q9X2V7
P0AEZ3,P21513
P0AEZ3,P0AEZ3
P0AEZ3,P18196
P27431,P27431
P31224,P0AAW9
Q46896,P45956
Q46896,Q46896
P69829,P0AGI8
P0A940,P77774
P0AC02,P0A940
P0AD59,P0AD59
P00698,P0AD59
P0AFX9,P0AFX9
P0AFX9,P0AFX7
P45956,P45956
O50329,O50330
O50329,O50337
O50333,O50337
O50337,O50331
O50337,O50330
O50336,O50337
O50334,O50337
P0A940,P0A937
P77774,P0A937
P0A937,P0AC02
P0AF28,P0AF28
P0AE67,Q8KLS0
P0AE67,P20083
P0A9H9,P0A9B2
P0AC51,P0AC51
P05833,P0ABH9
P02364,P0A6H5
P23304,P0ABT2
P02364,P0ABT2
P25521,P0ABT2
P02425,P0ABT2
P30856,P0ABT2
P36564,P0ABT2
P0ABT2,P02388
P0A809,P24239
P0AEJ4,P0AEJ4
P0AEG6,P36655
P0AEG6,P24991
P0A9Z1,P0A9Z1
P0AB71,P0AB71
P0A809,P0A809
P0AEJ4,P03025
P14825,P0ABT2
P0ABT2,P02361
P11457,P0ABT2
P0ABT2,P08177
P17963,P0ABT2
P02424,P0ABT2
P08577,P0A809
P0A809,P32679
P03012,P03012
P60723,P0ACB0
P08837,P0A6F3
P02422,P0A722
P36996,P0A6F3
P02423,P0A722
P0A6F5,P0AB91
P0A722,P02425
P0AB91,P0AB91
P0A722,P23931
P28691,P0A722
P25521,P0A722
P24199,P0A722
P0A722,P02390
P02392,P0A722
P02410,P0A722
P0A722,P02411
P02421,P0A722
P02428,P0A722
P0A722,P02436
P0A722,P02363
P02364,P0A722
P0A855,P07176
P0A7M2,P0A738
P0A738,P0A7K6
P0AFI7,P0AFI7
P02369,P0A7B8
P02388,P0A7B8
P02436,P0A7B8
P02425,P0A7B8
P02387,P0A7B8
P0A7B8,P08193
P0A6H5,P02408
P13519,P0A6H5
P23862,P0ACB0
P0ACB0,P0AC33
P0ACB0,P0ADZ0
P0A855,P02934
P02931,P0A855
P06996,P0A855
P02932,P0A855
P02937,P0A855
P02943,P0A855
P0A855,P0A855
P00646,P0A855
P02905,P0A7B8
P02422,P0A7B8
P0A7B8,P32130
P23304,P0A7B8
P30867,P0A7B8
P0A7B8,P33930
P02418,P0A7B8
P02408,P0A7B8
P0A7B8,P02392
P02420,P0A7B8
P0A7B8,P02423
P02429,P0A7B8
P0A7B8,P02372
P02414,P0A6H5
P0A6H5,P37191
P0A6H5,P07655
P33930,P0A6H5
P0A6H5,P04384
P0A6H5,P02410
P0A6H5,P02905
P0A6H5,P06138
P0A6H5,P02392
P08177,P0A6H5
P03017,P0A6H5
P04475,P0A6H5
P02927,P0A6H5
P0A6H5,P08193
P0A6H5,P02996
P0A6H5,P24194
P0A6H5,P36546
P0A6H5,P02388
P02392,P0A6Z6
P10408,P0AGA2
P0AFU8,P0AFU8
P0A6E4,P0A6E4
P0A6Z6,P0A6Z6
P19245,P0C0V0
P0AEA2,P0AEA2
P0AE95,P0AE95
P0AE95,P0AEA2
P0A8U6,P0A8U6
P0A881,P0A881
P29464,P0C0V0
P39301,P39301
P23874,P23873
P23873,P23873
P0A9M0,P0A9M0
P0A9G4,P0A9G4
P0AB58,P0AB58
P0CE47,Q06259
P0A809,P0A812
P16685,P16687
P16686,P16685
P16685,P16688
P77754,Q03708
P0ABZ1,P0ABZ1
