Gene,GSM176689,GSM176690,GSM176691,GSM176692,GSM176693,GSM176694,GSM176695,GSM176696,GSM176697,GSM176698,GSM176699,GSM176700,GSM176701,GSM176702,GSM176703,GSM176704,GSM176705,GSM176706,GSM176707,GSM176708,GSM176709,GSM176710,GSM176711,GSM176712
P31119,2.685,2.544,3.3560000000000003,2.744,3.122,2.687,2.074,2.684,2.583,2.952,3.144,2.915,2.13,2.184,1.764,2.952,2.269,1.797,2.208,3.4810000000000003,3.094,2.73,3.523,3.057
P0A8P1,2.525,2.212,2.044,2.03,2.466,2.452,3.447,3.239,3.1910000000000003,2.069,2.208,2.535,2.257,2.989,2.224,2.069,2.12,2.502,2.071,2.307,2.521,3.175,2.387,3.619
P30750,6.835,6.857,3.711,3.661,4.493,5.134,6.18,6.297999999999999,5.613,5.4510000000000005,5.655,5.086,2.439,3.241,2.4330000000000003,5.4510000000000005,2.2430000000000003,2.557,5.525,5.6960000000000015,6.1160000000000005,7.129,6.223,5.3260000000000005
P75747,0.302,0.722,1.02,1.211,0.905,0.982,0.914,1.255,1.162,1.047,0.97,1.13,0.902,0.816,0.736,1.047,0.903,0.727,0.917,1.108,1.051,1.122,1.318,1.019
P0ABD5,14.97,15.41,10.57,12.52,12.49,14.95,15.87,13.26,14.5,8.966000000000003,13.36,16.81,7.185,9.319,7.565,8.966000000000003,7.454,8.205,13.78,14.35,11.82,11.73,12.44,11.38
P0ABD8,52.08,58.92,34.05,40.78,49.05,47.69,52.91,61.27,53.75,31.65,51.59,57.98,25.29,32.59,25.29,31.65,25.88,27.36,49.13,46.97,57.67,58.79,46.91,51.62
P24182,27.83,29.14,13.48,23.3,22.69,26.12,23.07,20.33,17.75,13.68,27.07,26.44,13.59,17.93,12.54,13.68,13.55,15.49,23.06,11.33,29.02,35.35,16.08,18.42
P0A9Q5,25.64,25.0,16.61,16.22,21.19,18.31,21.5,24.16,21.56,9.686,21.24,22.98,11.34,13.72,11.69,9.686,9.71,13.34,24.45,19.67,27.29,27.92,16.84,21.12
P0A9G6,1.386,1.911,8.01,11.58,9.586,9.261,2.33,2.342,2.528,2.274,4.28,3.788,23.88,24.24,36.83,2.274,41.93,34.56,2.722,2.792,3.025,4.988,3.2510000000000003,3.66
P08997,3.697,6.421,27.35,22.81,23.31,14.45,10.19,13.36,11.47,9.909,10.63,9.378,43.49,45.44,56.93,9.909,65.2,54.12,10.78,15.48,12.8,15.22,13.39,15.94
P0AFG8,159.6,131.6,71.14,61.33,69.48,72.5,118.1,127.3,123.3,92.63,116.1,103.2,48.71,65.94,45.64,92.63,48.19,56.78,103.8,136.8,102.5,98.09,130.9,107.1
P06959,107.7,100.2,42.76,38.89,41.84,44.83,78.15,82.49,83.6,53.23,77.26,76.34,31.82,42.17,28.0,53.23,30.2,34.84,57.16,76.94,69.05,66.67,78.45,60.37
P11071,0.8959999999999999,0.777,2.027,2.048,1.891,1.274,1.095,1.208,1.036,1.036,1.284,1.04,2.201,2.094,3.135,1.036,3.842,3.64,0.857,1.248,0.7859999999999999,1.404,1.078,1.224
P0A6A3,79.35,74.78,38.09,37.44,43.65,46.91,74.75,77.79,81.12,44.83,66.59,65.71,20.76,29.2,17.12,44.83,17.29,19.34,74.37,95.12,82.31,76.24,75.3,81.73
P25516,1.554,1.629,1.223,2.342,1.379,1.624,1.267,1.449,1.164,1.4169999999999998,1.643,1.773,1.71,1.755,2.932,1.4169999999999998,2.53,2.696,1.538,2.116,1.829,1.652,2.372,1.983
P36683,22.2,16.05,23.02,23.22,22.03,20.89,7.885,6.395,11.14,7.084,10.63,7.427,18.31,15.77,25.67,7.084,24.72,25.89,6.941,8.068,6.634,4.383,10.55,6.507999999999999
P41407,1.481,1.98,1.931,1.661,1.831,1.644,1.836,1.42,1.594,1.306,1.922,1.764,1.396,2.5660000000000003,2.426,1.306,2.274,2.59,2.193,2.324,1.742,1.803,2.0980000000000003,2.268
P0A6A8,145.5,133.2,111.8,92.3,113.8,111.6,112.8,136.8,122.2,87.37,89.75,117.6,63.13,78.31,72.03,87.37,68.2,61.09,114.7,150.4,127.6,108.9,135.9,105.1
P24224,4.461,5.416,4.813,4.296,4.231,4.904,4.4289999999999985,4.039,3.755,2.977,4.142,4.838,3.349,3.669,3.709,2.977,3.314,3.892,4.0760000000000005,3.927,3.792,5.126,4.328,4.735
P0AE06,21.98,22.55,18.06,18.41,19.9,20.48,27.45,26.86,25.97,18.16,26.52,26.98,10.18,13.39,10.76,18.16,10.92,11.44,22.26,15.89,24.81,29.5,24.03,22.83
P31224,11.64,13.04,9.287,11.29,12.26,12.17,14.41,12.53,14.8,9.618,14.71,11.6,6.707000000000002,8.244,6.2810000000000015,9.618,5.774,6.471,10.59,8.144,11.56,13.4,14.41,12.78
P24177,0.5770000000000001,0.524,0.527,0.418,0.421,0.639,0.173,0.455,0.588,0.613,0.659,0.63,0.755,0.693,0.565,0.613,0.551,0.62,0.454,0.639,0.682,0.929,0.344,0.608
P24180,0.0337,0.0363,0.0519,0.0351,0.0276,0.0233,0.0999,0.035,0.0425,0.0457,0.0678,0.0481,0.0456,0.0262,0.0336,0.0457,0.0357,0.0431,0.0757,0.0827,0.0435,0.0464,0.0301,0.0525
P24181,0.026,0.0242,0.0443,0.0351,0.0299,0.0147,0.0464,0.0501,0.0552,0.269,0.0756,0.0534,0.117,0.0197,0.0215,0.269,0.0199,0.0202,0.0336,0.0333,0.0322,0.0373,0.0374,0.0437
P0ACS9,1.008,2.575,1.896,1.304,1.991,1.5759999999999998,1.959,2.184,1.984,1.928,1.722,2.103,1.787,1.94,1.626,1.928,1.5519999999999998,1.606,1.509,1.356,1.4880000000000002,2.101,2.371,2.005
P27550,0.743,1.862,3.505,4.228,3.23,2.587,0.937,0.679,0.434,0.71,0.465,0.513,9.265,2.487,17.12,0.71,18.82,16.74,0.696,0.516,0.47,0.597,0.224,0.505
P06134,1.305,1.219,1.029,1.192,1.156,1.101,1.528,1.879,1.622,1.259,1.8,1.445,0.8959999999999999,1.243,1.15,1.259,1.079,1.251,1.386,1.659,1.452,1.754,1.995,1.939
P22333,10.97,10.08,11.14,10.67,12.98,11.5,6.7189999999999985,6.591,5.759,3.465,5.379,6.532,2.647,2.579,3.41,3.465,3.643,3.381,6.915,7.399,6.981,7.456,5.8,7.657999999999999
P25437,24.37,22.16,15.63,16.59,19.99,16.12,25.51,25.72,26.01,22.13,25.49,25.8,11.32,14.06,9.375,22.13,11.94,12.36,21.98,18.68,31.0,32.37,31.22,25.85
P0A9Q7,10.63,8.512,15.32,13.6,14.31,12.52,9.828,11.74,11.61,8.967,9.286,9.726,8.329,9.963,9.709,8.967,9.56,9.534,7.394,9.852,14.41,13.93,14.88,14.08
P39451,3.115,2.301,2.27,2.547,3.022,2.931,1.6769999999999998,1.5530000000000002,1.4480000000000002,1.176,1.276,1.228,1.504,1.555,1.589,1.176,1.605,1.497,2.24,2.64,1.124,1.275,1.686,1.5219999999999998
P28629,0.482,0.406,0.385,0.29600000000000004,0.307,0.344,0.581,0.355,0.563,0.873,0.5539999999999999,0.449,0.456,0.597,0.504,0.873,0.433,0.541,0.477,0.625,0.541,0.535,0.326,0.507
P33234,0.184,0.179,0.0311,0.0389,0.0391,0.0955,0.294,0.257,0.253,0.47,0.273,0.293,0.529,0.493,0.4920000000000001,0.47,0.384,0.446,0.486,0.308,0.174,0.3720000000000001,0.214,0.224
P69441,38.68,45.19,28.4,32.5,35.89,35.9,41.8,48.13,42.1,38.91,44.08,45.83,23.59,32.48,20.81,38.91,20.22,25.23,47.39,47.23,53.76,51.64,43.27,43.13
P77338,3.466,3.3760000000000003,2.157,2.307,2.923,2.697,6.372000000000001,5.722,5.5779999999999985,5.205,6.7879999999999985,8.134,2.147,3.096,1.874,5.205,1.93,2.435,4.36,3.525,6.401,5.808,7.005,5.212999999999999
P50466,14.28,19.64,13.52,13.3,12.94,13.16,1.449,1.526,1.49,1.497,1.34,1.382,6.159,4.152,3.928,1.497,3.883,4.457,1.268,1.4369999999999998,1.219,1.252,1.258,1.334
P37009,0.259,0.209,0.316,0.468,0.289,0.301,0.551,0.522,0.328,0.455,0.462,0.339,0.4320000000000001,0.263,0.3,0.455,0.316,0.37,0.556,0.29600000000000004,0.537,0.387,0.535,0.293
P42906,1.45,0.731,0.79,1.098,1.039,1.031,0.645,0.353,0.6609999999999999,0.963,0.846,0.657,0.976,0.728,1.092,0.963,0.956,0.911,1.143,1.305,0.613,0.626,0.835,0.913
P42909,0.0291,0.0121,0.0132,0.0226,0.0195,0.0159,0.0321,0.0284,0.0262,0.321,0.0306,0.0305,0.053,0.01,0.0193,0.321,0.01,0.016,0.012,0.064,0.0348,0.01,0.0319,0.0587
P42910,0.289,0.0939,0.0934,0.0928,0.092,0.0796,0.124,0.0833,0.106,0.429,0.163,0.0976,0.0968,0.08800000000000001,0.0844,0.429,0.0837,0.11,0.0904,0.044,0.0809,0.0578,0.126,0.0757
P42911,0.112,0.0288,0.163,0.0451,0.159,0.0318,0.055,0.0331,0.051,0.454,0.124,0.0755,0.138,0.119,0.257,0.454,0.238,0.232,0.0559,0.06,0.0809,0.0464,0.0738,0.0512
P42912,0.38,0.22,0.298,0.256,0.213,0.16,0.287,0.415,0.318,0.861,0.43,0.409,0.5489999999999999,0.209,0.208,0.861,0.21,0.28800000000000003,0.349,0.353,0.312,0.21600000000000005,0.278,0.227
P0ACK2,8.521,6.457000000000002,9.983,6.285,9.428,5.688,10.3,11.05,11.49,6.823,10.12,10.22,6.659,4.431,5.126,6.823,5.41,6.002000000000002,9.575,13.34,10.81,8.609,10.42,9.506
P42907,0.0459,0.151,0.0943,0.198,0.0828,0.146,0.235,0.0539,0.0248,0.27,0.13,0.0229,0.33,0.205,0.177,0.27,0.398,0.26,0.127,0.0747,0.0348,0.0456,0.0547,0.0593
P42904,0.565,0.736,0.97,1.113,1.079,1.058,0.468,0.308,0.263,0.736,0.447,0.35100000000000003,1.346,1.036,1.565,0.736,1.725,1.5,0.218,0.203,0.472,0.177,0.414,0.35600000000000004
P42905,0.106,0.123,0.214,0.233,0.259,0.3,0.131,0.112,0.101,0.123,0.0606,0.0809,0.431,0.485,0.667,0.123,0.8059999999999999,0.7979999999999999,0.0972,0.157,0.0931,0.08900000000000001,0.129,0.111
P0AB74,0.168,0.124,0.174,0.109,0.108,0.0833,0.128,0.114,0.122,0.926,0.3670000000000001,0.0709,0.29100000000000004,0.171,0.102,0.926,0.113,0.129,0.128,0.121,0.103,0.106,0.141,0.109
P0C8K0,0.0398,0.107,0.0509,0.35700000000000004,0.0552,0.0551,0.128,0.035,0.0312,0.0451,0.0346,0.0359,0.39,0.36,0.6579999999999999,0.0451,0.954,0.69,0.0353,0.04,0.0304,0.0266,0.0437,0.0348
P19926,3.279,2.9210000000000003,3.537,3.278,3.567,2.55,0.7340000000000001,0.8320000000000001,0.6579999999999999,1.518,0.985,1.0,6.1179999999999986,4.685,7.212999999999999,1.518,7.125,7.081,1.268,0.908,0.997,0.988,1.228,0.8340000000000001
P0AE08,48.44,50.92,48.99,37.77,47.74,41.39,67.04,64.97,68.69,38.22,57.47,81.35,48.92,50.97,55.38,38.22,48.78,50.6,79.06,67.53,79.02,67.79,61.43,54.08
P35340,17.64,16.1,12.72,19.75,17.37,18.03,20.24,19.13,17.95,11.19,19.9,22.29,16.02,19.25,16.82,11.19,17.6,19.72,22.54,15.83,25.75,28.31,22.15,20.44
P33224,0.35700000000000004,0.0878,0.185,0.619,0.37,0.38,0.5870000000000001,0.868,0.524,0.7559999999999999,0.775,0.695,0.562,0.5479999999999999,0.716,0.7559999999999999,0.85,0.807,0.6859999999999999,0.969,0.546,0.69,0.71,0.701
P45565,0.101,0.0333,0.226,0.198,0.109,0.0257,0.18,0.147,0.18600000000000005,0.382,0.204,0.162,0.233,0.0431,0.0286,0.382,0.01,0.0132,0.179,0.16899999999999998,0.221,0.12,0.111,0.21600000000000005
P00957,48.88,45.58,44.84,45.25,45.84,48.53,43.66,51.88,48.29,30.7,42.96,49.49,24.77,30.28,26.79,30.7,23.03,27.26,41.01,37.54,53.29,51.58,30.92,37.42
P25553,7.957000000000002,16.29,29.22,17.48,13.72,10.32,1.233,1.318,1.56,1.189,1.4169999999999998,0.93,30.09,24.15,34.92,1.189,38.55,35.49,1.073,1.555,1.364,1.204,1.726,1.35
P37685,0.66,0.6679999999999999,0.892,0.588,0.4920000000000001,0.434,0.971,0.612,0.36,1.126,0.579,0.52,1.389,1.293,2.036,1.126,1.877,1.735,0.836,1.236,0.6409999999999999,0.585,0.8909999999999999,0.623
P23883,0.147,0.0696,0.115,0.0828,0.469,0.0576,0.123,0.349,0.159,0.364,0.116,0.0725,0.0574,0.0449,0.13,0.364,0.0829,0.0452,0.189,0.139,0.0983,0.0814,0.133,0.0941
P04395,0.64,0.565,0.6509999999999999,0.642,0.618,0.6709999999999999,0.825,0.578,0.501,0.631,0.5720000000000001,0.55,0.466,0.56,0.365,0.631,0.6679999999999999,0.6659999999999999,0.527,1.175,0.561,0.5,0.785,0.4320000000000001
P05050,0.652,0.615,0.5429999999999999,0.399,0.456,0.603,0.6859999999999999,0.409,0.428,0.8079999999999999,0.852,0.8,0.525,0.537,0.471,0.8079999999999999,0.518,0.605,0.688,0.613,0.7909999999999999,0.765,0.6890000000000001,0.758
P33997,0.0475,0.0439,0.0424,0.0514,0.046,0.0441,0.0557,0.0615,0.0545,0.33,0.0972,0.0953,0.0888,0.0552,0.0558,0.33,0.0597,0.0814,0.0688,0.076,0.067,0.0745,0.0474,0.0423
P0A6B4,2.273,1.372,2.335,1.692,2.039,1.511,2.629,2.657,2.638,2.8680000000000003,2.427,2.483,1.272,1.151,1.1840000000000002,2.8680000000000003,1.156,1.144,2.18,3.3680000000000003,3.472,2.854,3.9,3.738
P36548,3.015,3.334,3.145,3.663,3.998,3.968,5.943,6.287000000000001,5.768,3.59,6.269,6.127999999999999,3.719,4.855,4.216,3.59,4.22,4.617,4.9060000000000015,4.297,7.6720000000000015,7.974,3.938,6.047999999999999
P26365,5.092,6.33,3.752,4.74,4.489,6.159,5.2639999999999985,4.843,4.2810000000000015,3.637,5.229,5.859,3.287,4.295,3.394,3.637,4.103,3.568,4.873,3.657,4.927,6.162000000000001,3.964,3.983
P0AE12,2.116,2.338,3.07,3.334,3.2710000000000004,2.917,1.422,1.546,1.348,1.474,1.955,1.534,3.593,3.649,4.497,1.474,4.468,4.756,1.263,1.247,2.077,1.975,1.391,1.842
P00811,1.652,1.238,1.759,1.361,1.6369999999999998,1.41,2.8280000000000003,3.141,2.884,2.56,2.84,2.736,1.75,2.152,1.641,2.56,1.4880000000000002,1.7990000000000002,1.475,1.871,3.107,3.05,3.524,3.324
P13016,0.753,1.671,2.384,2.128,1.966,1.484,1.0590000000000002,1.136,1.043,0.764,0.672,1.206,2.79,2.261,2.809,0.764,2.369,2.757,1.645,1.845,1.5019999999999998,0.711,1.187,0.975
P0AE14,1.717,1.617,2.125,1.626,1.899,1.626,1.778,1.431,1.513,1.036,1.297,1.624,2.5340000000000003,1.865,2.2840000000000003,1.036,1.877,2.445,1.817,1.973,1.725,1.004,1.233,0.958
P0AE16,3.544,3.148,1.936,2.331,2.938,2.983,2.764,2.255,2.232,2.3080000000000003,2.994,2.968,1.3630000000000002,1.829,0.998,2.3080000000000003,1.241,1.406,2.204,1.581,2.211,3.0860000000000003,3.09,1.995
P69681,0.15,0.201,0.305,0.0627,0.482,0.325,0.0799,0.204,0.15,0.147,0.115,0.166,0.0345,0.13,0.111,0.147,0.289,0.392,0.157,0.192,0.35700000000000004,0.503,0.217,0.12
P26612,4.089,3.4160000000000004,4.133,4.739,4.0539999999999985,4.683,1.34,1.193,1.17,1.243,1.615,1.596,3.072,2.251,3.337,1.243,2.97,3.343,2.605,2.772,1.193,1.411,1.036,1.396
P0A962,13.75,12.12,6.98,7.984,9.721,9.813,9.113,10.31,8.612,5.502999999999999,8.377,8.85,4.299,6.1370000000000005,3.782,5.502999999999999,4.3610000000000015,4.4860000000000015,8.75,9.68,10.51,11.76,10.1,11.53
P00805,1.42,0.966,0.9,0.628,0.653,0.5770000000000001,0.8909999999999999,1.22,1.274,0.748,1.011,1.002,0.971,0.7240000000000001,0.779,0.748,0.58,0.908,0.973,1.081,1.3730000000000002,1.245,0.937,1.372
P77610,1.061,0.8859999999999999,0.35700000000000004,0.446,0.634,0.322,2.2,2.503,2.815,1.957,2.6710000000000003,2.952,0.321,0.417,0.295,1.957,0.13699999999999998,0.262,2.744,2.387,3.374,3.047,2.303,2.58
P62672,6.3660000000000005,8.12,5.273,8.736,7.476,8.641,8.363,4.0,4.607,2.593,5.481,10.09,5.099,5.67,6.084,2.593,6.415,7.33,5.892,3.573,4.284,6.357,2.662,3.657
P05637,2.585,3.21,2.859,3.996,3.991,3.646,2.237,1.763,2.3040000000000003,0.925,1.7180000000000002,2.16,3.05,1.79,3.554,0.925,3.028,2.8680000000000003,1.608,1.319,2.081,1.358,1.349,1.115
P0A9J4,4.3889999999999985,4.445,4.76,4.3660000000000005,5.315,4.045,8.517999999999999,5.53,7.587999999999999,4.4910000000000005,8.396,7.322999999999999,5.69,5.6110000000000015,4.947,4.4910000000000005,4.7360000000000015,6.5310000000000015,5.464,4.113,4.755,6.359,5.874,5.346
P0AE22,8.187999999999999,12.1,13.36,5.478,5.06,4.042,2.128,2.2430000000000003,2.435,2.596,2.198,2.172,6.586,5.3420000000000005,6.277,2.596,6.143,5.832000000000002,1.304,1.648,1.988,2.008,2.07,2.396
P07102,0.198,0.342,0.355,0.517,0.269,0.342,0.7,0.338,0.467,0.728,0.512,0.529,0.8240000000000001,0.91,0.96,0.728,0.8759999999999999,0.858,0.406,0.255,0.463,0.511,0.487,0.411
P26458,0.5479999999999999,0.5539999999999999,0.5,0.579,0.35100000000000003,0.625,0.583,0.508,0.542,0.6579999999999999,0.441,0.607,0.508,0.84,0.73,0.6579999999999999,0.643,0.493,0.584,0.797,0.422,0.585,0.488,0.66
P26459,1.461,0.927,0.71,1.023,0.923,0.893,1.308,1.274,1.278,1.544,1.092,1.599,1.4409999999999998,1.557,1.151,1.544,1.495,1.36,0.98,1.693,1.506,1.321,2.1180000000000003,1.462
P05052,0.01,0.0394,0.01,0.0351,0.0402,0.0441,0.0414,0.123,0.147,0.142,0.12,0.151,0.158,0.21,0.158,0.142,0.109,0.12,0.0551,0.129,0.184,0.0745,0.134,0.132
P69503,41.7,33.84,18.82,17.73,26.66,23.48,36.95,39.34,39.87,32.34,36.14,42.46,8.583,13.57,6.247999999999998,32.34,6.899,8.413,25.28,23.8,43.3,41.56,49.37,37.53
P60844,0.51,0.4970000000000001,0.735,0.318,0.528,0.424,0.211,0.387,0.345,0.312,0.344,0.4370000000000001,0.391,0.312,0.29100000000000004,0.312,0.324,0.34700000000000003,0.416,0.64,0.625,0.414,0.624,0.439
P08202,0.636,0.29100000000000004,0.404,0.621,0.79,0.5670000000000001,0.63,0.507,0.631,1.123,0.779,0.551,1.4380000000000002,0.929,1.479,1.123,2.236,1.976,0.481,0.836,0.5329999999999999,0.424,0.9,0.509
P08204,0.726,1.023,0.732,0.599,0.767,0.6659999999999999,0.29100000000000004,0.524,0.7190000000000001,0.998,0.618,0.439,1.673,1.527,1.891,0.998,2.446,2.306,0.419,0.735,0.393,0.206,0.908,0.396
P0A9E0,1.093,2.035,1.068,0.725,0.485,0.75,0.8420000000000001,1.03,1.244,1.132,1.548,1.2990000000000002,6.108,7.391,6.57,1.132,6.439,7.485,1.145,1.236,1.476,1.257,1.317,1.151
P08203,1.845,1.481,0.845,1.433,1.225,1.516,1.0659999999999998,1.061,0.7859999999999999,1.346,1.547,1.418,1.192,1.479,1.289,1.346,1.4780000000000002,1.286,0.995,0.525,1.248,1.05,1.709,0.7509999999999999
P0AE24,1.473,1.143,1.245,1.238,1.08,1.063,1.788,1.7619999999999998,1.854,2.531,1.457,1.493,1.742,1.654,1.676,2.531,2.055,1.916,1.416,1.449,1.366,1.214,1.673,1.484
P02924,0.5539999999999999,0.563,1.038,0.868,0.71,0.81,0.31,0.493,0.334,0.397,0.381,0.387,1.63,1.03,2.002,0.397,1.575,1.682,0.528,0.417,0.503,0.289,0.313,0.317
P0AAF3,0.585,0.657,0.908,0.701,0.732,0.595,0.921,0.6629999999999999,0.579,0.589,0.514,0.503,1.13,0.831,1.579,0.589,1.273,1.253,0.773,0.905,0.578,0.637,0.47,0.787
P23910,0.184,0.147,0.379,0.43,0.425,0.404,0.68,0.799,1.063,1.215,1.117,1.1909999999999998,0.643,0.43,0.294,1.215,0.282,0.481,0.537,0.104,0.955,1.087,1.113,0.795
P0A9Q1,6.4460000000000015,8.512,7.667999999999998,7.382999999999999,8.244,7.995,9.227,11.68,12.8,6.145,11.3,13.18,7.305,6.385,8.84,6.145,7.955,8.83,19.29,14.63,13.66,11.52,9.355,9.207
P0AEC3,7.681,5.792999999999998,10.62,6.329,7.962999999999999,6.982,6.705,6.523,6.886,4.811,5.9860000000000015,7.016,8.455,8.771,8.232000000000001,4.811,7.056,7.795,3.793,4.815,7.5539999999999985,6.0379999999999985,7.568,6.933
P37306,0.421,0.392,0.659,0.598,0.799,0.528,1.097,0.958,0.7979999999999999,0.903,0.8909999999999999,1.116,0.804,0.727,0.615,0.903,0.408,0.476,1.137,1.137,1.3430000000000002,1.1,1.515,1.278
P0A6C5,0.557,0.454,0.821,0.5429999999999999,0.682,0.516,0.95,0.967,0.828,1.12,0.982,1.398,0.721,0.675,0.6,1.12,0.662,0.65,0.898,0.884,1.205,0.911,0.988,0.858
P0A6C8,1.681,1.764,2.9210000000000003,2.651,2.797,2.127,2.648,2.549,2.738,2.709,2.501,2.253,2.237,2.455,2.977,2.709,2.7960000000000003,2.834,3.754,4.212,2.503,2.421,2.552,2.879
P11446,0.6940000000000001,0.807,0.967,1.053,1.01,0.7959999999999999,1.179,0.763,0.77,1.028,1.216,1.124,0.5760000000000001,0.705,0.578,1.028,0.586,0.546,1.3259999999999998,1.308,1.005,1.245,1.215,1.091
P18335,1.815,1.734,1.246,1.234,1.239,1.382,2.191,2.359,2.374,2.55,2.591,2.725,1.251,1.204,0.871,2.55,1.033,1.127,2.585,2.427,2.712,2.5380000000000003,2.977,3.047
P23908,3.836,3.497,7.8439999999999985,7.819,7.725,5.897,3.677,3.824,3.73,3.28,3.559,3.559,4.0760000000000005,4.1160000000000005,4.829,3.28,4.648,4.706,6.747000000000001,6.74,3.7,4.021,3.914,3.95
P06960,0.484,0.224,0.271,1.231,1.134,0.37,0.42,0.5489999999999999,0.163,0.67,0.477,0.764,0.574,0.383,0.193,0.67,0.672,0.324,0.906,0.503,0.68,0.363,0.231,0.632
P0A6E4,1.081,0.812,0.3720000000000001,1.058,0.853,1.277,0.65,1.024,0.915,0.977,1.361,1.271,0.91,1.069,1.247,0.977,1.287,1.063,1.541,0.6559999999999999,0.957,1.306,0.989,0.596
P11447,0.391,0.569,0.969,1.131,1.264,1.099,1.083,0.846,0.738,1.766,1.396,1.05,1.071,0.773,1.185,1.766,1.051,1.347,1.202,1.475,1.464,1.63,1.703,1.546
P04391,1.49,1.205,1.836,1.692,1.3259999999999998,1.383,1.131,1.072,1.189,1.298,1.284,0.995,1.521,1.221,1.3090000000000002,1.298,0.969,1.205,1.344,1.555,1.094,1.189,1.156,1.411
P0A6D0,6.185,6.495,3.722,3.475,5.126,4.235,6.393,6.38,7.23,4.717,7.394,9.021,4.034,4.775,4.308,4.717,4.214,4.118,6.126,6.329,6.8439999999999985,8.386000000000001,7.587999999999999,7.369
P11875,8.214,8.421,3.044,4.124,4.66,6.426,9.161,10.31,10.28,6.9860000000000015,10.02,11.68,3.19,4.58,2.615,6.9860000000000015,2.5610000000000004,3.0610000000000004,15.71,17.61,12.8,14.48,14.24,12.63
P09551,4.2330000000000005,5.354,6.25,3.35,3.357,2.616,1.034,1.332,1.569,1.404,1.346,1.342,5.38,4.588,5.735,1.404,5.728,6.337999999999999,1.065,1.94,1.419,1.145,1.963,1.506
P0A6D3,8.722999999999999,7.229,9.83,10.94,11.27,10.23,6.55,7.4460000000000015,5.9460000000000015,3.697,6.602,7.381,6.485,8.327,6.597,3.697,6.267,7.516,6.032,4.509,7.739,7.381,6.516,5.8889999999999985
P07639,12.34,11.28,7.12,8.939,9.774,10.48,13.24,13.21,13.22,9.489,13.69,14.51,5.53,7.097,6.367000000000001,9.489,6.725,6.737,11.43,10.1,15.75,17.83,14.84,13.76
P12008,11.67,9.805,11.64,9.956,10.93,7.912000000000001,8.36,8.799,7.665,4.84,7.903,8.068,5.825,5.894,6.336,4.84,6.289,6.4929999999999986,6.683,5.8210000000000015,10.42,10.16,7.72,8.982000000000003
P05194,1.755,1.4469999999999998,2.543,2.4290000000000003,2.307,2.279,1.3630000000000002,1.3119999999999998,1.279,0.879,1.452,1.635,2.204,1.793,2.166,0.879,2.065,2.3080000000000003,1.4269999999999998,1.599,1.598,1.6269999999999998,1.558,1.462
P15770,5.896,4.864,5.569,5.505,6.726,7.227,4.4430000000000005,4.749,5.144,3.695,5.731,5.829,2.792,1.875,2.22,3.695,2.537,2.522,4.158,3.491,5.488,5.9220000000000015,4.762,5.864
P00888,5.79,5.647,4.771,5.004,5.476,5.216,7.062,7.095,7.462999999999999,5.814,8.035,8.021,3.633,4.1789999999999985,3.34,5.814,3.295,3.77,8.802999999999997,8.743,8.513,8.767000000000001,8.251,7.808
P0AB91,7.274,3.933,10.75,7.858,7.64,6.023,5.68,5.895,4.996,4.8180000000000005,4.7330000000000005,5.191,3.398,3.362,3.488,4.8180000000000005,2.629,3.5980000000000003,5.718,5.2,6.0,5.7879999999999985,6.6,4.977
P00887,3.273,2.144,2.318,2.883,3.085,3.631,2.383,1.983,2.316,1.75,2.929,3.217,1.257,1.47,1.521,1.75,1.499,1.5319999999999998,1.6269999999999998,1.223,2.466,3.347,2.115,3.428
P0A6D7,50.82,44.88,32.52,30.45,40.5,37.07,53.06,62.85,58.1,43.51,53.61,58.13,18.76,25.0,20.72,43.51,20.51,21.28,49.22,54.8,62.03,59.77,63.93,58.04
P0A6E1,2.741,6.586,8.987,6.787000000000001,9.87,7.22,6.8370000000000015,5.81,7.497000000000001,4.292,6.166,6.814,3.297,3.222,3.116,4.292,2.434,3.41,3.716,3.116,4.027,6.734,5.2970000000000015,5.863
P0AE28,3.4730000000000003,2.262,2.2430000000000003,1.507,2.367,1.929,1.686,1.999,2.324,1.401,2.376,2.005,1.5719999999999998,1.6880000000000002,1.6769999999999998,1.401,1.266,1.662,0.58,0.8759999999999999,1.289,1.764,1.615,2.093
P15993,1.168,1.181,1.175,1.381,1.149,1.464,2.014,1.642,1.826,1.2990000000000002,1.5659999999999998,1.526,1.034,1.17,0.909,1.2990000000000002,0.905,1.084,1.517,1.56,1.042,1.028,1.02,1.109
P23325,0.0781,0.0757,0.0453,0.247,0.0218,0.135,0.0956,0.17,0.105,0.385,0.193,0.107,0.172,0.0234,0.208,0.385,0.146,0.163,0.0706,0.213,0.159,0.108,0.0492,0.172
P0AB93,0.5539999999999999,0.488,0.6559999999999999,0.371,0.528,0.355,0.7090000000000001,0.698,0.8109999999999999,0.467,0.563,0.6559999999999999,0.624,0.581,0.59,0.467,0.328,0.423,0.555,0.411,0.477,0.475,0.685,0.585
P0AB96,1.069,0.748,0.938,1.12,1.3,1.018,0.468,0.945,0.952,0.892,0.826,0.995,1.297,1.214,1.178,0.892,1.166,1.36,0.923,0.759,0.982,1.198,0.552,0.873
P37309,1.306,1.266,1.169,0.948,1.172,1.012,1.307,1.331,1.616,0.984,1.372,1.199,0.898,0.974,0.8540000000000001,0.984,0.8240000000000001,1.014,1.355,1.057,1.236,1.0,1.256,1.094
P30859,10.1,8.572000000000001,8.874,9.764,8.752,9.831,10.29,11.42,10.7,10.51,13.51,12.15,11.36,13.54,11.48,10.51,10.71,12.58,19.46,16.84,16.54,16.45,14.8,13.28
P30860,2.335,2.035,2.51,2.03,1.863,1.892,1.61,1.604,1.998,1.4509999999999998,1.853,1.777,0.967,1.125,0.966,1.4509999999999998,0.901,0.863,2.161,2.219,2.091,1.335,2.462,2.115
P0AE30,5.075,4.53,4.058,4.166,3.91,4.07,4.115,4.132,4.99,3.634,4.822,4.188,2.614,3.359,2.862,3.634,2.859,3.2430000000000003,5.3439999999999985,4.64,5.905,4.325,6.108,4.956
P0AAF6,12.48,12.74,13.11,10.62,12.15,11.43,13.15,14.12,12.66,12.04,13.95,15.44,10.4,12.46,12.55,12.04,10.29,11.74,23.21,23.87,18.48,20.05,17.87,18.31
P0AE34,4.199,4.197,3.811,5.082,4.237,4.725,3.285,3.465,3.427,3.45,4.348,3.882,2.947,4.0710000000000015,3.725,3.45,3.661,3.854,5.147,3.788,4.754,5.535,3.881,3.883
P24240,0.913,0.871,1.156,0.914,1.143,0.795,1.013,1.058,1.017,1.037,0.8220000000000001,0.967,0.6559999999999999,0.826,0.8240000000000001,1.037,0.925,0.662,1.015,1.435,1.031,0.948,1.3430000000000002,1.152
P24241,0.541,0.908,0.8270000000000001,1.127,0.916,1.055,0.531,0.172,0.391,0.69,0.687,0.898,0.782,0.774,0.82,0.69,0.897,0.884,0.584,0.591,0.498,0.636,0.568,0.608
P24242,1.709,2.173,2.338,1.853,1.722,1.729,1.226,1.392,1.153,1.135,1.4680000000000002,1.642,2.165,2.3040000000000003,1.825,1.135,2.311,2.346,1.014,1.116,1.5719999999999998,1.729,1.671,1.529
P0A9Q9,7.268,6.83,10.27,14.34,13.93,11.71,4.551,5.687,4.612,4.288,4.452,5.524,9.906,9.252,10.79,4.288,11.99,12.08,4.6389999999999985,4.813,5.619,6.283,4.912,4.812
P25549,0.7440000000000001,0.5539999999999999,0.649,0.485,0.475,0.49,1.061,0.978,0.913,1.068,0.777,0.77,0.833,0.5529999999999999,0.616,1.068,0.5329999999999999,0.539,1.051,1.227,0.8140000000000001,0.935,1.087,1.018
P25550,0.545,0.542,0.552,0.5,0.41,0.3,0.593,0.461,0.452,0.691,0.516,0.439,0.546,0.42,0.452,0.691,0.49,0.459,0.75,0.733,0.481,0.568,0.31,0.5479999999999999
P28249,2.521,2.484,2.021,2.176,2.148,2.19,3.148,2.527,2.681,2.684,3.437,3.617,2.491,2.364,1.967,2.684,2.121,2.292,3.426,1.877,2.769,3.678,2.359,2.354
P00963,3.401,2.7310000000000003,2.227,2.882,2.247,2.459,2.2230000000000003,2.42,2.659,2.652,2.161,2.923,1.597,1.7,1.808,2.652,1.896,1.953,3.087,2.476,2.357,2.225,3.201,2.7260000000000004
P22106,0.992,0.974,1.814,2.222,1.806,1.7919999999999998,1.4280000000000002,1.155,1.116,1.128,1.23,1.082,1.433,1.242,1.584,1.128,1.4880000000000002,1.658,0.967,0.976,1.314,1.1740000000000002,1.409,1.203
P0ACI6,2.478,1.7519999999999998,1.7009999999999998,1.924,1.491,1.494,2.904,3.1910000000000003,2.7310000000000003,2.757,2.43,3.5660000000000003,1.544,1.383,1.267,2.757,1.296,1.154,4.235,4.235,3.025,2.859,3.1260000000000003,2.858
P0A8M0,9.305,5.4670000000000005,6.315,4.144,5.747000000000001,4.511,8.136000000000001,8.128,8.566,7.959,7.542000000000002,7.7,3.751,4.175,3.2430000000000003,7.959,3.07,3.606,6.799,6.284,8.517999999999999,8.549,8.177,8.05
P0AC38,17.26,33.47,16.66,18.95,17.51,16.94,5.011,6.122000000000001,6.069,2.638,4.709,6.172999999999999,34.41,35.94,36.01,2.638,36.01,39.67,4.322,2.773,5.705,5.13,4.475,4.501
P00509,13.78,13.82,14.26,15.91,13.82,16.25,5.881,5.533,6.292000000000002,5.1629999999999985,6.5920000000000005,6.207000000000002,10.98,11.63,11.29,5.1629999999999985,12.44,12.68,4.604,4.319,6.245,6.021,7.47,6.292000000000002
P21889,39.05,29.54,20.05,23.21,27.33,23.92,27.7,33.91,28.69,20.51,28.39,27.3,10.77,16.0,9.953,20.51,12.28,12.63,37.44,34.23,36.33,42.14,21.36,31.77
P36560,1.423,1.44,1.168,1.763,1.538,1.369,1.464,1.805,1.4480000000000002,1.733,1.787,1.931,1.7719999999999998,1.872,2.12,1.733,2.132,1.781,1.7,1.3630000000000002,1.5219999999999998,1.883,1.973,1.737
P76459,0.57,0.643,0.539,0.44,0.324,0.528,1.013,0.504,0.353,0.7859999999999999,0.593,0.687,0.368,0.414,0.381,0.7859999999999999,0.365,0.527,0.556,0.428,0.278,0.65,0.408,0.454
P76461,0.597,0.5920000000000001,0.755,0.324,0.67,0.181,0.872,0.643,0.6890000000000001,0.916,0.535,0.58,0.569,0.413,0.309,0.916,0.266,0.397,0.703,0.888,0.653,0.4970000000000001,0.868,0.828
Q06065,1.156,1.155,1.364,0.8290000000000001,0.871,0.856,1.48,0.982,1.31,1.08,1.3019999999999998,0.937,1.544,1.4340000000000002,1.465,1.08,1.6969999999999998,1.796,1.097,0.613,0.818,0.805,1.297,1.089
P76458,0.0643,0.0908,0.272,0.217,0.0701,0.267,0.154,0.0804,0.0913,0.369,0.0828,0.127,0.27,0.217,0.222,0.369,0.3,0.205,0.0878,0.105,0.126,0.08900000000000001,0.127,0.0928
P76460,0.28,0.28300000000000003,0.0726,0.0652,0.236,0.049,0.211,0.355,0.25,0.35200000000000004,0.379,0.238,0.393,0.391,0.22,0.35200000000000004,0.343,0.308,0.415,0.46,0.238,0.267,0.15,0.241
Q06067,0.718,1.075,0.957,0.83,0.631,0.636,0.812,0.628,0.755,0.71,0.701,0.594,1.656,1.492,1.425,0.71,1.699,1.775,0.517,0.745,0.688,0.564,0.742,0.6459999999999999
P0ABB0,67.28,64.2,42.26,45.05,44.09,53.07,37.83,38.36,40.13,32.13,39.34,29.84,33.04,41.31,36.04,32.13,40.87,40.69,52.75,59.4,41.86,44.72,40.05,42.48
P0AB98,105.6,97.43,71.8,58.78,71.1,67.37,56.98,59.92,61.94,49.05,55.86,66.53,35.96,44.47,37.94,49.05,40.95,40.39,75.49,76.75,57.62,53.38,55.74,54.12
P0A6E6,30.5,22.0,17.75,19.67,17.38,18.53,32.5,34.4,34.62,25.85,35.9,37.41,14.57,16.1,14.25,25.85,14.99,16.78,46.03,43.33,38.28,37.43,36.03,30.02
P0ABB4,23.78,28.93,16.65,22.52,17.45,25.84,20.97,22.4,24.93,17.42,23.19,19.98,15.44,17.73,16.18,17.42,21.03,19.58,27.97,33.82,23.23,26.32,28.52,25.54
P68699,133.1,119.8,98.13,79.42,87.91,90.86,93.35,100.0,105.3,82.49,93.3,109.0,56.42,68.85,62.3,82.49,66.39,66.49,108.2,139.6,97.07,81.95,106.2,93.77
P0ABA0,109.0,96.8,66.2,71.17,87.28,74.1,69.46,79.3,68.77,57.62,62.26,75.01,42.87,52.17,45.02,57.62,52.87,48.83,91.2,124.1,73.66,74.43,80.44,76.35
P0ABA6,35.56,56.38,22.89,42.3,33.56,45.55,31.87,29.07,39.39,30.59,35.51,31.65,24.19,35.38,32.68,30.59,37.8,30.87,31.39,30.83,25.58,34.44,28.0,27.5
P0ABA4,143.0,126.4,84.22,88.12,99.24,98.4,74.81,79.39,69.29,61.31,71.75,80.09,56.82,75.77,62.77,61.31,71.44,69.05,101.1,158.4,86.15,90.0,84.42,78.25
P0ABC0,39.63,34.6,27.02,20.95,28.99,22.86,23.65,25.61,26.33,20.22,26.5,30.56,14.6,16.01,13.88,20.22,13.83,15.99,40.23,44.68,25.5,24.7,24.01,22.43
P09053,2.032,2.86,1.599,2.152,2.609,2.53,3.273,3.938,2.445,1.5490000000000002,3.039,4.436,3.746,4.715,4.3660000000000005,1.5490000000000002,4.4510000000000005,5.273,2.8360000000000003,2.032,3.555,4.419,2.383,3.486
P75616,0.76,0.5529999999999999,0.564,0.6579999999999999,0.845,0.83,1.007,0.5539999999999999,1.02,1.141,1.226,1.496,0.35,0.359,0.342,1.141,0.246,0.35100000000000003,2.8510000000000004,1.815,1.027,0.944,0.7490000000000001,0.853
P75617,1.052,1.325,1.242,1.3,1.02,1.106,1.881,1.711,1.652,1.713,1.547,1.794,0.857,0.649,1.171,1.713,0.573,0.981,1.632,1.5630000000000002,1.596,1.192,1.749,1.05
P75620,0.409,0.339,0.329,0.278,0.229,0.326,0.192,0.174,0.305,0.263,0.382,0.21600000000000005,0.237,0.239,0.243,0.263,0.174,0.328,0.108,0.232,0.13699999999999998,0.0913,0.213,0.138
P75675,0.55,0.531,0.232,0.42,0.386,0.257,0.183,0.0823,0.224,0.644,0.5329999999999999,0.368,0.451,0.355,0.223,0.644,0.344,0.358,0.491,0.08800000000000001,0.378,0.289,0.197,0.196
P77692,0.0919,0.145,0.118,0.104,0.0724,0.0919,0.552,0.142,0.413,0.494,0.466,0.393,0.4,0.209,0.273,0.494,0.285,0.124,0.62,0.129,0.298,0.452,0.245,0.138
P75680,1.675,1.737,3.47,2.543,2.869,2.5540000000000003,2.835,2.755,2.736,1.318,1.965,2.656,2.278,1.334,2.2840000000000003,1.318,1.745,1.784,2.75,2.903,3.224,2.327,3.353,1.591
P75681,0.191,0.221,0.0245,0.29600000000000004,0.221,0.185,0.101,0.0653,0.125,0.17800000000000002,0.23,0.253,0.249,0.285,0.26,0.17800000000000002,0.266,0.214,0.194,0.111,0.0444,0.139,0.0793,0.0518
P75688,0.023,0.0863,0.113,0.0201,0.0402,0.0784,0.0464,0.0322,0.134,0.121,0.0874,0.149,0.28,0.238,0.477,0.121,0.503,0.421,0.0189,0.0613,0.124,0.0129,0.031,0.0136
P75697,0.0214,0.0273,0.0368,0.109,0.01,0.0306,0.0757,0.0331,0.0333,0.239,0.113,0.159,0.155,0.0243,0.0179,0.239,0.034,0.0292,0.0258,0.0173,0.0696,0.0403,0.07200000000000001,0.0198
P75697,0.511,0.715,0.16899999999999998,0.648,0.58,0.539,0.936,0.606,0.655,1.233,0.807,0.753,0.705,0.732,0.575,1.233,0.698,0.792,0.8270000000000001,0.904,0.792,0.887,0.6920000000000001,0.5670000000000001
P0CF67,6.603,5.888,4.919,5.012,5.834,5.646,9.562,9.868,9.957,7.524,7.1610000000000005,8.158,6.85,7.532999999999999,5.61,7.524,7.17,6.566,8.552,10.82,10.35,9.747,8.064,9.286
P0AAP7,0.0904,0.112,0.266,0.392,0.126,0.287,0.0992,0.0681,0.0963,0.256,0.147,0.284,0.405,0.41,0.345,0.256,0.366,0.365,0.383,0.313,0.161,0.194,0.0683,0.171
P0AAQ0,2.162,3.929,1.268,0.973,1.546,0.904,0.43,0.531,0.6759999999999999,0.505,0.611,0.937,2.393,1.706,1.662,0.505,1.98,2.478,0.397,0.136,0.72,0.754,0.473,0.389
P75704,0.649,0.642,0.6940000000000001,0.583,0.705,0.605,0.657,0.61,0.698,0.89,0.7490000000000001,0.8170000000000001,0.518,0.316,0.435,0.89,0.34700000000000003,0.419,0.275,0.403,0.509,0.443,0.584,0.355
P77759,0.276,0.218,0.319,0.253,0.28600000000000003,0.173,0.261,0.201,0.491,0.28800000000000003,0.424,0.33,0.235,0.213,0.221,0.28800000000000003,0.194,0.2,0.244,0.295,0.17,0.172,0.155,0.232
P33669,0.968,0.392,0.899,0.685,0.541,0.43,1.142,1.063,1.022,1.477,1.101,1.15,0.884,0.5660000000000001,0.588,1.477,0.594,0.701,1.6230000000000002,1.388,0.6920000000000001,0.532,1.25,0.799
P77688,1.136,0.731,0.703,0.784,0.906,0.7609999999999999,1.021,0.925,0.856,1.135,0.981,0.995,0.928,0.946,1.005,1.135,0.8909999999999999,0.935,0.853,0.58,0.75,0.7609999999999999,0.835,0.631
P75717,0.64,0.634,0.8009999999999999,0.502,0.62,0.462,1.355,1.045,1.052,1.462,0.916,0.745,0.871,0.745,0.81,1.462,0.467,0.589,0.941,1.263,1.006,0.924,0.897,0.858
P75718,2.536,1.5490000000000002,2.387,1.273,1.548,1.515,3.1180000000000003,2.503,4.232,2.298,3.0980000000000003,3.297,1.726,1.7990000000000002,1.751,2.298,1.5419999999999998,1.713,2.38,2.229,2.465,2.682,4.851,2.707
P77779,0.0214,0.0182,0.0311,0.0176,0.0149,0.0184,0.0635,0.0662,0.195,0.29100000000000004,0.13,0.0511,0.0475,0.0187,0.0222,0.29100000000000004,0.0133,0.0383,0.132,0.337,0.226,0.18,0.0547,0.117
P0AAV6,0.6809999999999999,0.648,0.919,0.894,0.899,0.7959999999999999,0.8640000000000001,1.063,0.804,1.128,0.821,0.8859999999999999,1.241,1.4069999999999998,1.551,1.128,1.336,1.365,4.0280000000000005,3.3480000000000003,0.7859999999999999,0.813,0.8290000000000001,0.703
P0AAW9,2.289,1.467,2.421,1.6969999999999998,2.018,2.271,3.029,2.574,3.402,1.039,3.06,4.45,2.131,2.049,1.525,1.039,1.267,1.503,3.908,3.309,3.407,3.821,2.889,2.85
P75777,1.622,2.442,4.35,3.644,2.995,2.295,2.079,1.95,2.067,2.275,1.644,2.34,3.63,3.775,4.638,2.275,4.453,4.246,2.991,3.503,2.839,2.623,3.0610000000000004,2.893
P75780,4.234,3.352,2.316,1.457,1.171,1.636,0.64,0.603,0.507,0.498,0.502,0.767,0.19,0.0524,0.203,0.498,0.058,0.222,0.983,1.032,0.428,0.421,1.008,0.48
P0A9F1,5.752999999999999,4.955,3.613,2.978,4.39,2.985,2.827,3.261,2.904,2.662,2.749,3.365,1.84,2.365,1.66,2.662,1.857,1.759,3.129,3.563,3.064,3.679,4.033,3.386
P75792,4.046,2.893,4.011,3.092,3.503,2.669,4.214,4.875,5.252000000000002,4.12,4.962,5.285,1.971,2.1830000000000003,2.056,4.12,1.935,1.935,5.292000000000002,3.132,4.374,4.267,4.553,3.222
P75796,1.545,1.207,2.276,3.07,2.57,1.918,1.054,1.622,1.325,1.2919999999999998,1.18,1.811,1.722,1.399,1.989,1.2919999999999998,2.007,2.537,1.405,1.099,1.602,1.67,1.277,1.4980000000000002
P75797,1.044,0.893,1.992,2.093,1.779,1.791,0.384,0.7609999999999999,0.72,0.986,0.906,1.003,1.13,0.948,1.005,0.986,1.372,1.084,0.985,0.209,0.884,0.775,0.789,0.759
P75798,0.873,0.945,2.68,2.0780000000000003,2.232,1.592,0.307,0.8959999999999999,0.899,0.8190000000000001,0.809,0.777,1.227,1.084,1.3230000000000002,0.8190000000000001,1.063,1.453,0.669,0.743,1.074,0.8490000000000001,0.6940000000000001,0.813
P75799,0.972,1.061,1.212,1.739,1.3330000000000002,1.236,0.929,0.903,0.792,0.8220000000000001,0.933,1.063,0.998,1.199,1.1840000000000002,0.8220000000000001,0.911,0.882,0.411,0.599,1.004,1.381,0.878,0.74
P75800,0.371,0.472,0.342,0.5529999999999999,0.521,0.5429999999999999,3.219,3.674,3.208,2.9160000000000004,2.533,3.981,1.456,2.338,1.278,2.9160000000000004,1.341,1.461,2.638,2.6830000000000003,4.203,4.292,3.795,3.547
P75801,0.622,0.362,0.33,0.525,0.556,0.645,2.76,3.4330000000000003,3.933,1.804,3.294,3.588,1.917,3.363,1.707,1.804,1.614,1.741,2.176,2.573,4.08,3.393,3.814,3.822
P0AAY1,0.0306,0.056,0.0443,0.0614,0.0529,0.0245,0.0528,0.0369,0.0566,0.0717,0.0411,0.0503,0.053,0.232,0.0544,0.0717,0.0556,0.0466,0.0387,0.0387,0.0496,0.0335,0.061,0.0662
P75809,1.4780000000000002,1.411,2.298,1.793,1.571,1.6030000000000002,1.5490000000000002,1.161,1.497,0.823,1.6469999999999998,1.535,1.263,1.675,1.065,0.823,1.141,1.295,1.57,2.411,2.01,1.944,1.565,2.194
P75810,2.515,1.726,1.872,1.877,2.201,1.656,1.909,1.557,1.652,0.855,1.5490000000000002,1.416,1.668,1.958,1.722,0.855,1.5719999999999998,1.4,1.938,2.2030000000000003,1.852,1.7719999999999998,1.5719999999999998,2.282
P75811,1.923,2.466,1.131,1.026,1.18,1.112,1.223,1.2819999999999998,1.629,0.589,1.198,1.4409999999999998,1.853,2.259,1.897,0.589,1.69,1.828,1.705,1.1840000000000002,1.3130000000000002,1.308,0.775,1.384
P60869,1.493,1.308,1.077,1.596,1.361,1.329,1.889,1.619,1.732,0.977,1.499,1.168,0.894,1.3030000000000002,1.357,0.977,1.433,1.128,1.406,1.547,1.596,1.7080000000000002,1.296,1.837
P0A8C1,3.949,3.264,5.021,2.627,4.57,3.028,4.52,5.292999999999998,4.913,3.706,4.893,4.706,5.8,5.455,6.481,3.706,5.223,5.8889999999999985,6.7970000000000015,6.785,6.4129999999999985,5.669,6.127999999999999,5.151
P75820,1.594,1.724,2.124,1.851,1.7990000000000002,1.914,2.227,2.648,2.7230000000000003,2.168,2.805,2.81,1.938,1.8,2.157,2.168,2.102,2.053,3.375,3.156,2.948,2.756,2.8310000000000004,2.371
P75821,2.002,1.72,1.4369999999999998,1.753,1.769,2.045,1.67,1.766,1.671,1.735,1.715,1.93,1.507,1.841,1.6769999999999998,1.735,1.653,1.5590000000000002,1.719,1.189,2.124,2.585,1.971,1.989
P75824,0.948,1.016,0.752,0.535,0.39,0.701,0.713,0.8590000000000001,0.161,0.536,0.8390000000000001,0.684,0.591,0.81,0.7709999999999999,0.536,0.738,0.667,0.794,0.68,0.585,0.518,0.737,0.387
P75830,3.325,2.8080000000000003,4.444,3.4330000000000003,3.4160000000000004,3.162,3.44,2.728,4.143,2.026,1.769,2.297,2.931,3.354,2.884,2.026,2.5380000000000003,3.045,3.897,3.552,2.331,2.891,3.017,3.182
P75835,0.58,0.924,0.44,0.278,0.298,0.311,0.055,0.334,0.222,0.535,0.258,0.0908,0.325,0.387,0.275,0.535,0.29100000000000004,0.193,0.0568,0.08800000000000001,0.198,0.106,0.0893,0.207
P0AB03,0.417,0.478,0.368,0.404,0.499,0.467,0.474,0.438,0.544,0.188,0.388,0.466,0.971,0.777,0.897,0.188,0.936,0.93,0.289,0.443,0.515,0.467,0.34,0.385
P75858,0.337,0.433,0.424,0.502,0.57,0.512,0.56,0.555,0.631,0.716,0.541,0.468,0.506,0.45,0.389,0.716,0.405,0.402,0.609,0.468,0.569,0.474,0.42,0.422
P75859,0.369,0.5,0.365,0.315,0.241,0.412,0.0899,0.0511,0.0765,0.359,0.15,0.207,0.422,0.316,0.302,0.359,0.285,0.334,0.0645,0.195,0.16699999999999998,0.212,0.0711,0.0655
P75860,0.326,0.4,0.303,0.507,0.509,0.47,0.506,0.44,0.421,0.573,0.228,0.361,0.616,0.619,0.528,0.573,0.459,0.518,0.252,0.132,0.258,0.306,0.246,0.217
P75863,2.874,2.958,3.747,3.298,3.652,2.9530000000000003,2.722,2.115,2.457,1.889,2.061,2.5780000000000003,1.639,2.121,1.365,1.889,1.561,1.846,2.388,2.528,2.577,2.335,3.127,2.76
P75867,9.577,9.576,7.771,6.297999999999999,7.407,8.176,6.43,5.707999999999998,7.461,2.4290000000000003,5.143,6.004,3.179,4.09,3.236,2.4290000000000003,2.926,3.257,5.752999999999999,7.167999999999998,5.974,5.211,3.708,6.98
P75869,1.224,0.987,1.351,1.144,1.124,0.75,1.256,1.123,1.628,1.27,1.281,0.95,1.038,0.95,1.148,1.27,1.041,0.959,1.608,1.977,0.911,0.958,0.794,0.996
P75870,1.349,1.923,0.715,1.012,1.19,1.412,3.13,2.93,2.978,1.359,3.417,3.181,0.8420000000000001,1.102,0.807,1.359,0.716,0.8959999999999999,2.312,1.968,2.351,3.314,2.51,2.483
P0A8X4,0.962,0.698,0.8809999999999999,0.833,0.853,0.737,1.4340000000000002,0.762,0.7929999999999999,1.165,0.943,1.159,0.7440000000000001,0.8170000000000001,0.6729999999999999,1.165,0.722,0.585,0.632,0.755,0.775,0.775,1.172,0.95
P75874,2.79,1.717,1.761,1.769,1.632,2.0340000000000003,1.641,1.624,1.86,1.213,1.832,1.892,2.372,2.562,2.204,1.213,1.831,2.174,2.233,1.5630000000000002,1.767,1.93,1.6869999999999998,1.48
P75876,15.66,9.95,6.779,4.962,6.7639999999999985,6.819,9.294,10.54,11.91,8.786,8.691,7.37,5.357,7.848,4.409,8.786,4.375,5.018,8.113999999999999,12.42,11.48,9.467,15.03,11.61
P0AB65,2.424,2.062,1.911,1.832,2.82,1.833,3.0610000000000004,3.0610000000000004,2.408,2.09,1.817,1.913,2.416,2.5660000000000003,2.351,2.09,2.283,1.75,3.087,2.86,3.0,1.935,1.983,2.037
P75893,0.141,0.0984,0.0792,0.222,0.0966,0.0478,0.109,0.179,0.0793,0.644,0.276,0.329,0.537,0.193,0.362,0.644,0.512,0.438,0.307,0.112,0.0583,0.0517,0.0856,0.161
P75894,0.158,0.604,0.0858,0.399,0.259,0.505,0.233,0.277,0.124,0.406,0.106,0.0847,0.377,0.519,0.407,0.406,0.561,0.491,0.108,0.0933,0.0748,0.0897,0.149,0.0805
P75895,0.0398,0.0515,0.0566,0.0364,0.023,0.0306,0.0685,0.0303,0.0269,0.0311,0.028,0.0618,0.0302,0.0384,0.0258,0.0311,0.024,0.0292,0.0318,0.0467,0.0287,0.0205,0.0374,0.0423
P0AFQ5,0.727,0.7190000000000001,0.28800000000000003,0.732,0.374,0.7140000000000001,0.287,0.47,0.534,0.908,0.467,0.211,0.853,0.966,0.745,0.908,0.6920000000000001,0.804,0.281,0.213,0.465,0.439,0.79,0.575
P75897,0.0521,0.242,0.19,0.257,0.146,0.28,0.35700000000000004,0.192,0.0276,0.443,0.16399999999999998,0.245,0.224,0.229,0.322,0.443,0.342,0.354,0.277,0.068,0.269,0.16399999999999998,0.301,0.313
P75898,0.123,0.0681,0.118,0.1,0.0747,0.0625,0.126,0.128,0.112,0.511,0.293,0.208,0.371,0.34600000000000003,0.324,0.511,0.285,0.359,0.0602,0.0973,0.0853,0.0844,0.142,0.118
Q7DFV4,0.026,0.0257,0.017,0.0138,0.0126,0.01,0.0478,0.0473,0.112,0.103,0.0946,0.032,0.0968,0.0112,0.0114,0.103,0.0149,0.0132,0.0353,0.0253,0.0339,0.0479,0.051,0.045
P75917,31.81,33.15,25.22,26.77,32.95,26.86,2.627,2.209,2.171,1.943,2.22,2.603,9.056,8.154,6.149,1.943,6.105,7.0070000000000014,1.027,0.675,2.289,2.11,1.7280000000000002,1.545
P0A8D6,4.591,4.65,4.15,4.206,4.868,5.273,0.603,0.6779999999999999,0.804,0.76,0.8490000000000001,1.011,2.067,2.423,1.794,0.76,1.671,2.475,0.451,0.379,1.002,0.721,0.802,0.696
P75925,0.66,0.7859999999999999,0.884,1.108,1.334,1.248,0.509,0.295,0.0942,0.855,0.207,0.5,0.82,0.579,0.8240000000000001,0.855,0.68,0.665,0.179,0.213,0.32,0.499,0.314,0.139
P62066,0.3,0.503,0.375,0.415,0.275,0.414,0.565,0.312,0.328,0.407,0.389,0.468,0.413,0.366,0.339,0.407,0.391,0.318,0.171,0.273,0.395,0.314,0.385,0.308
P75961,0.34600000000000003,0.307,0.163,0.118,0.211,0.376,0.258,0.0766,0.232,0.239,0.373,0.22,0.0925,0.0412,0.122,0.239,0.13699999999999998,0.161,0.0215,0.0267,0.251,0.131,0.131,0.113
P0AEI6,2.8560000000000003,2.984,2.083,2.439,2.513,2.923,2.488,2.199,2.37,1.655,2.607,3.125,2.059,2.258,2.145,1.655,2.15,2.005,2.279,1.852,3.104,3.428,2.458,3.1830000000000003
P75970,1.6909999999999998,1.735,0.285,0.183,0.17600000000000002,0.11,0.33,0.324,0.37,0.211,0.353,0.314,2.521,3.115,0.632,0.211,0.614,0.519,32.44,27.64,0.311,0.35,0.282,0.314
P75974,2.8160000000000003,2.8480000000000003,2.532,1.699,2.4290000000000003,2.917,4.499,4.289,4.3260000000000005,2.445,3.4160000000000004,5.2970000000000015,1.932,2.624,1.73,2.445,1.779,2.002,1.725,2.4290000000000003,3.587,4.614,3.174,3.998
P75975,0.674,0.713,0.0405,0.0351,0.0333,0.01,0.423,0.5529999999999999,0.345,0.237,0.271,0.309,1.05,1.578,0.166,0.237,0.28,0.136,3.252,2.907,0.104,0.263,0.106,0.129
P75981,1.165,1.157,0.8220000000000001,0.648,0.545,0.421,0.696,0.7979999999999999,0.227,0.64,0.451,0.5,0.718,0.963,0.579,0.64,0.488,0.779,12.17,8.539,0.468,0.464,0.938,0.636
P75982,1.306,1.199,0.289,0.43,0.468,0.524,0.456,0.491,0.215,0.733,0.593,0.345,0.6990000000000001,0.7440000000000001,0.628,0.733,0.684,0.319,6.362,4.919,0.315,0.5479999999999999,0.472,0.162
P09154,0.7829999999999999,0.375,0.0651,0.122,0.17,0.124,0.29600000000000004,0.3,0.242,0.5479999999999999,0.218,0.227,0.399,0.51,0.122,0.5479999999999999,0.187,0.132,4.342,5.931,0.228,0.2,0.29,0.173
P33227,0.118,0.0303,0.124,0.0339,0.0207,0.0661,0.125,0.16699999999999998,0.0496,0.373,0.218,0.195,0.15,0.136,0.0716,0.373,0.1,0.0487,6.112,5.965,0.0783,0.0601,0.117,0.0505
P75990,1.726,1.939,2.542,1.544,1.848,1.156,0.185,0.224,0.236,0.333,0.17,0.126,0.17,0.0487,0.0701,0.333,0.13,0.132,0.172,0.175,0.174,0.116,0.182,0.0744
P75995,0.116,0.059,0.0245,0.105,0.0678,0.103,0.0642,0.0435,0.029,0.244,0.106,0.0717,0.241,0.0964,0.0472,0.244,0.0216,0.0752,0.037000000000000005,0.032,0.131,0.0251,0.0374,0.0362
P0AB46,1.028,0.444,0.97,0.826,0.925,0.593,12.43,14.77,14.53,7.262,12.95,17.5,2.61,3.65,2.271,7.262,2.521,2.526,35.48,41.09,15.92,16.0,15.84,14.36
Q7DFV3,2.524,3.387,3.609,3.636,3.924,3.72,15.48,20.96,19.7,10.36,14.32,21.43,5.98,8.734,5.832999999999998,10.36,5.63,5.626,43.98,49.89,19.6,20.36,19.3,20.21
P76004,4.632,4.035,5.043,3.866,3.217,4.285,5.386,5.356,5.632999999999999,2.619,5.647,5.747999999999998,3.4530000000000003,4.234,3.822,2.619,3.748,3.923,4.52,4.683,4.893,4.504,4.6789999999999985,5.9220000000000015
P76007,1.838,1.958,1.6230000000000002,2.234,2.303,2.045,1.355,1.171,1.084,1.209,1.122,1.226,0.979,1.022,0.613,1.209,0.6759999999999999,1.051,0.674,0.963,1.13,1.002,1.366,1.2
P76008,2.006,1.982,2.346,1.7619999999999998,2.325,1.87,2.3480000000000003,2.03,2.73,2.437,2.241,2.523,2.128,2.35,2.266,2.437,2.553,3.06,1.855,1.716,2.959,2.532,3.324,2.843
P76014,14.58,17.02,19.77,15.8,14.25,10.57,4.038,3.995,3.973,3.423,3.951,4.121,2.704,2.755,3.374,3.423,3.3280000000000003,3.623,2.062,2.3480000000000003,3.563,3.847,3.367,3.392
P76015,11.68,13.43,18.73,11.06,11.1,8.146,3.003,3.143,3.157,2.61,3.15,2.932,2.644,2.458,2.918,2.61,2.6180000000000003,3.161,1.945,2.528,2.805,2.6660000000000004,2.797,2.834
P76016,0.688,0.919,0.853,1.195,0.999,0.807,0.88,0.7979999999999999,0.8640000000000001,0.7829999999999999,0.812,0.7140000000000001,0.733,0.698,0.865,0.7829999999999999,0.7190000000000001,0.879,0.8140000000000001,0.597,1.008,0.902,0.934,0.764
P76017,0.443,0.392,0.392,0.4920000000000001,0.386,0.402,0.698,0.4920000000000001,0.443,0.484,0.443,0.441,0.377,0.32299999999999995,0.363,0.484,0.425,0.34600000000000003,0.515,0.624,0.612,0.505,0.381,0.454
Q46755,3.775,3.051,2.212,2.67,2.469,3.219,2.037,2.277,2.0980000000000003,1.422,1.978,1.983,1.089,1.346,1.12,1.422,1.269,1.193,1.634,1.879,3.057,2.053,2.167,3.27
P76023,0.0613,0.05,0.0339,0.0527,0.0448,0.0404,0.0493,0.0501,0.0701,0.0933,0.0809,0.0587,0.021,0.0375,0.0343,0.0933,0.0456,0.0271,0.0559,0.123,0.0713,0.0411,0.0592,0.06
P0A8L7,6.649,5.705,5.756,5.792999999999998,6.68,7.0360000000000005,12.27,12.49,12.1,5.5,11.15,14.47,6.625,6.949,6.025,5.5,6.442,6.5779999999999985,9.188,8.672,13.06,14.23,11.55,10.68
P76034,3.104,3.234,3.748,2.898,3.224,2.667,2.834,2.627,2.8360000000000003,1.454,2.441,3.4360000000000004,2.704,2.8110000000000004,2.244,1.454,2.22,2.378,2.132,1.5519999999999998,3.502,3.175,2.463,2.306
P78061,1.567,1.019,2.609,2.168,2.278,1.81,1.421,1.533,1.2009999999999998,1.23,1.217,1.271,1.861,0.943,4.077,1.23,3.897,3.09,1.261,1.9,1.364,1.354,1.747,1.385
P76042,0.311,0.568,1.927,1.46,1.31,0.933,0.484,0.562,0.392,0.519,0.428,0.603,0.596,0.537,0.56,0.519,0.418,0.433,0.454,0.399,0.428,0.329,0.443,0.467
P76044,0.458,0.583,0.733,0.88,1.062,0.7909999999999999,0.513,0.7929999999999999,0.46,0.627,0.618,0.415,0.522,0.588,0.569,0.627,0.5429999999999999,0.365,0.58,0.728,0.46,0.589,0.912,0.664
P76049,0.611,0.385,0.568,0.688,0.633,0.502,0.522,0.502,0.4920000000000001,0.371,0.496,0.338,0.836,0.743,0.937,0.371,0.939,0.847,0.478,0.5720000000000001,0.464,0.474,0.433,0.4270000000000001
P77348,4.914,6.263,3.233,2.915,2.93,2.799,2.124,2.3280000000000003,2.332,1.281,2.128,2.88,2.7460000000000004,3.408,2.525,1.281,2.655,2.833,1.41,2.096,2.46,2.602,1.955,2.477
P0AEB5,1.2919999999999998,1.232,0.967,1.036,1.611,1.001,4.348,3.914,3.788,2.521,3.885,5.596,4.15,5.667999999999998,4.537,2.521,3.887,4.788,4.69,3.555,3.947,5.925,3.325,3.505
P76052,0.472,0.33,0.0717,0.214,0.195,0.332,0.159,0.0596,0.0828,0.255,0.13,0.107,0.224,0.24,0.13,0.255,0.214,0.181,0.0611,0.0573,0.0739,0.08900000000000001,0.0756,0.13
P77302,0.273,0.574,0.921,0.851,0.8029999999999999,0.968,0.451,0.295,0.35100000000000003,0.524,0.4370000000000001,0.415,0.87,0.748,1.466,0.524,1.165,1.06,0.386,0.135,0.304,0.306,0.391,0.273
P64423,1.893,1.855,2.093,1.65,1.585,1.476,1.494,1.5530000000000002,1.815,1.527,1.6869999999999998,1.768,2.155,2.154,2.326,1.527,2.449,2.902,1.356,1.589,1.8,1.833,2.256,1.518
P76056,1.847,1.6869999999999998,1.55,1.878,1.729,2.05,1.945,2.128,1.916,1.482,1.536,2.349,0.8759999999999999,0.928,0.396,1.482,0.7829999999999999,0.613,2.171,2.488,2.02,2.411,1.682,1.653
P76061,0.482,0.441,0.375,0.423,0.328,0.219,0.311,0.309,0.59,0.483,0.513,0.584,0.318,0.4,0.225,0.483,0.187,0.25,0.46,0.456,0.49,0.575,0.5329999999999999,0.443
P77546,1.032,0.721,0.831,0.986,0.947,0.825,1.3330000000000002,1.341,0.988,0.926,0.893,1.14,0.987,0.84,1.061,0.926,0.903,1.002,0.953,1.061,1.074,0.954,1.324,0.992
P77551,0.21600000000000005,0.0333,0.235,0.135,0.107,0.103,0.165,0.239,0.314,0.394,0.311,0.355,0.173,0.157,0.108,0.394,0.024,0.139,0.166,0.18,0.275,0.17800000000000002,0.231,0.25
P76068,1.493,1.453,1.347,1.167,1.5490000000000002,1.164,1.645,1.385,1.663,1.123,1.757,1.93,0.913,0.977,0.987,1.123,1.21,0.851,1.778,1.58,1.554,1.61,1.325,1.6569999999999998
P77658,0.0536,0.0409,0.0481,0.0313,0.0276,0.0355,0.115,0.173,0.173,0.213,0.274,0.317,0.161,0.0346,0.0272,0.213,0.0746,0.0244,0.0439,0.0547,0.163,0.0783,0.124,0.043
P76072,0.0827,0.0348,0.0792,0.0313,0.0851,0.0343,0.19,0.0728,0.0453,0.275,0.201,0.0481,0.242,0.221,0.16,0.275,0.221,0.235,0.0542,0.127,0.14400000000000002,0.0791,0.0711,0.0955
P0ADI0,0.8420000000000001,1.011,0.897,0.623,0.8170000000000001,0.607,0.8170000000000001,0.614,0.773,0.755,0.565,0.642,0.477,0.411,0.398,0.755,0.42,0.368,0.527,0.8640000000000001,0.6659999999999999,0.494,0.632,0.653
P77747,0.175,0.192,0.19,0.13699999999999998,0.16,0.129,0.418,0.26,0.309,0.523,0.365,0.328,0.302,0.175,0.17600000000000002,0.523,0.279,0.183,0.28800000000000003,0.485,0.293,0.226,0.461,0.303
P76080,0.24,0.478,1.479,1.466,1.436,1.11,0.205,0.0899,0.249,0.616,0.239,0.371,1.5,0.69,2.721,0.616,1.979,2.061,0.184,0.379,0.418,0.235,0.528,0.399
P76081,0.485,0.613,1.495,1.764,1.536,0.982,0.206,0.4370000000000001,0.287,0.54,0.12,0.23,1.061,0.6,1.732,0.54,1.4780000000000002,1.124,0.407,0.5,0.156,0.409,0.54,0.465
P77467,0.0475,0.133,1.03,0.999,1.422,0.818,0.248,0.0974,0.0588,0.257,0.207,0.247,0.7490000000000001,0.5,1.217,0.257,0.977,0.807,0.303,0.293,0.0844,0.17,0.0975,0.231
P76084,0.363,0.28800000000000003,0.495,0.52,0.879,0.6829999999999999,0.494,0.149,0.211,0.218,0.28600000000000003,0.266,0.519,0.34600000000000003,0.7240000000000001,0.218,0.529,0.472,0.29100000000000004,0.056,0.369,0.227,0.195,0.344
P0C7L2,2.394,3.338,1.867,2.133,2.456,2.414,1.4,1.404,1.408,0.943,1.257,1.6909999999999998,2.8280000000000003,3.3110000000000004,2.704,0.943,3.334,3.48,1.605,1.513,1.602,1.188,1.833,1.539
P76085,0.674,0.83,1.2009999999999998,1.024,1.064,1.053,0.634,0.535,0.608,0.446,0.335,0.381,1.671,1.097,2.114,0.446,1.7480000000000002,1.768,0.373,0.667,0.522,0.319,0.501,0.526
P76086,1.3230000000000002,1.269,2.2,1.616,2.011,1.754,1.776,1.38,1.466,0.815,1.371,1.648,2.6830000000000003,1.685,3.187,0.815,3.215,3.617,1.791,1.656,1.967,1.56,1.523,1.509
P77181,2.003,1.531,2.857,2.196,2.6260000000000003,2.198,2.53,2.388,2.336,1.7,1.862,2.178,2.327,1.811,2.58,1.7,2.66,2.387,2.747,3.389,2.678,2.269,2.3480000000000003,2.229
P76090,0.101,0.0469,0.268,0.152,0.114,0.0686,0.29100000000000004,0.0804,0.207,0.222,0.242,0.07400000000000001,0.215,0.128,0.078,0.222,0.14300000000000002,0.0835,0.0456,0.157,0.0331,0.0464,0.158,0.14800000000000002
P76091,0.15,0.0409,0.0311,0.0401,0.023,0.01,0.0635,0.16,0.115,0.221,0.119,0.14400000000000002,0.107,0.0899,0.0243,0.221,0.0655,0.0132,0.254,0.22,0.218,0.0928,0.181,0.0962
P76092,0.098,0.327,0.331,0.598,0.234,0.385,0.234,0.457,0.192,0.33,0.399,0.34600000000000003,0.364,0.419,0.507,0.33,0.451,0.613,0.455,0.29600000000000004,0.235,0.524,0.4270000000000001,0.308
P76096,0.8440000000000001,1.117,0.762,0.8240000000000001,0.946,0.945,0.502,0.545,0.605,0.594,0.723,0.944,1.415,1.274,1.4469999999999998,0.594,1.569,1.681,0.5539999999999999,0.345,0.5720000000000001,0.64,0.534,0.39
P77171,5.127000000000002,5.806,3.99,1.734,2.136,1.653,0.192,0.114,0.125,0.147,0.0933,0.109,6.4510000000000005,2.77,4.681,0.147,4.6530000000000005,5.957999999999998,0.355,0.131,0.18,0.0897,0.166,0.125
P76097,0.616,0.5710000000000001,0.5820000000000001,0.648,0.56,0.523,0.665,0.8390000000000001,0.5760000000000001,0.732,0.636,0.805,0.953,0.912,0.982,0.732,0.994,1.12,0.84,0.645,0.6,0.732,0.6829999999999999,0.617
P76100,0.758,0.537,0.836,0.6970000000000001,0.6709999999999999,0.522,0.928,0.883,0.889,0.904,0.7709999999999999,0.7090000000000001,1.017,0.7979999999999999,1.2919999999999998,0.904,1.08,1.067,0.947,1.131,0.747,0.5670000000000001,1.042,0.98
P64451,1.1840000000000002,1.632,1.188,1.394,1.855,1.265,0.927,1.22,0.75,0.825,0.809,1.166,1.435,1.319,1.6909999999999998,0.825,1.392,1.286,1.133,0.764,1.165,0.906,1.0490000000000002,0.877
P76102,0.845,0.7070000000000001,0.797,1.012,0.695,0.937,0.609,0.623,0.459,0.857,0.879,0.931,0.903,0.7709999999999999,1.008,0.857,0.856,0.7240000000000001,0.867,0.513,0.877,1.115,0.426,0.556
P76103,0.133,0.341,0.35600000000000004,0.28300000000000003,0.294,0.209,0.258,0.155,0.0878,0.171,0.115,0.156,0.409,0.383,0.418,0.171,0.391,0.31,0.0809,0.123,0.0731,0.24,0.0893,0.08800000000000001
P64459,0.34600000000000003,0.271,0.7959999999999999,0.613,0.507,0.636,0.433,0.428,0.602,0.5870000000000001,0.624,0.708,0.7559999999999999,0.631,0.219,0.5870000000000001,0.4920000000000001,0.489,0.736,0.804,0.726,0.595,0.807,0.628
P67697,1.789,1.855,1.42,1.732,1.636,1.617,2.298,1.919,2.198,1.461,2.497,1.947,2.136,2.485,2.511,1.461,2.171,2.381,1.34,1.644,1.757,2.608,2.229,1.964
P77730,1.646,1.036,0.91,0.979,1.149,1.042,1.0759999999999998,1.213,1.175,1.22,1.171,1.288,0.981,0.885,0.912,1.22,1.0490000000000002,0.8270000000000001,0.868,1.048,1.116,1.176,1.596,1.224
P76108,0.0704,0.0666,0.298,0.35100000000000003,0.226,0.272,0.0592,0.0407,0.0517,0.14300000000000002,0.0665,0.0809,0.937,0.573,1.582,0.14300000000000002,1.49,1.145,0.0611,0.103,0.0626,0.0943,0.0729,0.0689
P77795,0.911,1.125,0.851,1.107,1.278,1.344,0.6970000000000001,0.532,0.217,0.72,0.768,0.613,1.179,1.146,2.05,0.72,1.93,1.731,0.611,0.28,0.408,0.504,0.348,0.601
P77156,0.395,0.17600000000000002,0.361,0.189,0.314,0.303,0.107,0.249,0.214,0.331,0.273,0.225,0.503,0.435,1.043,0.331,0.8959999999999999,0.6809999999999999,0.0637,0.0653,0.258,0.161,0.332,0.322
P0AFR9,0.508,0.0924,0.551,0.212,0.495,0.475,0.133,0.202,0.242,0.441,0.35,0.16399999999999998,0.682,0.317,0.6809999999999999,0.441,0.6459999999999999,0.669,0.105,0.284,0.229,0.23,0.373,0.39
P77674,0.995,0.4,0.772,0.623,0.637,0.34700000000000003,0.439,0.7340000000000001,0.603,0.639,0.612,0.7509999999999999,0.994,0.856,1.118,0.639,1.0759999999999998,0.841,0.6729999999999999,0.392,0.6409999999999999,0.586,0.8140000000000001,0.608
P64453,0.482,0.5589999999999999,0.327,0.629,0.5589999999999999,1.2919999999999998,0.732,0.302,0.474,0.35700000000000004,1.027,1.504,0.202,0.193,0.16,0.35700000000000004,0.198,0.208,0.261,0.189,0.816,0.746,0.584,0.303
P64455,3.325,3.282,2.59,3.5610000000000004,4.329,4.184,5.396,5.509,5.935,4.317,6.985,9.439,3.922,4.097,3.669,4.317,4.378,3.418,7.925,2.893,6.8420000000000005,8.154,5.8210000000000015,4.8
P76111,0.504,0.851,0.491,0.797,0.88,0.835,0.303,0.589,0.4320000000000001,0.545,0.426,0.362,0.691,0.551,0.557,0.545,0.58,0.687,0.473,0.488,0.469,0.466,0.591,0.512
P76112,2.17,3.06,2.908,3.116,2.939,2.571,2.06,2.213,2.544,2.172,2.5380000000000003,2.43,3.487,3.227,3.782,2.172,3.3560000000000003,3.948,2.361,2.259,2.305,2.363,1.974,2.042
P76114,0.0199,0.0227,0.111,0.094,0.244,0.0429,0.0792,0.266,0.209,0.0597,0.0887,0.13699999999999998,0.32299999999999995,0.362,0.485,0.0597,0.328,0.309,0.383,0.345,0.368,0.141,0.0401,0.0921
P76115,4.697,4.522,1.838,2.222,2.807,2.8760000000000003,2.024,2.769,2.498,1.197,2.556,2.447,1.744,1.7080000000000002,1.516,1.197,1.078,1.505,1.6469999999999998,1.505,3.01,2.989,1.819,2.36
P76116,7.4,10.26,8.25,9.643,8.745,9.212,7.197,7.341,6.329,4.244,6.824,7.882999999999999,3.032,3.419,2.486,4.244,2.8760000000000003,3.289,12.01,11.61,8.492,9.345,7.145,7.447999999999999
P76117,0.0184,0.01,0.0358,0.0213,0.0161,0.0159,0.0528,0.0227,0.0312,0.0406,0.0209,0.0191,0.0833,0.0243,0.0365,0.0406,0.0332,0.0369,0.0138,0.048,0.013,0.0274,0.0173,0.0239
P76118,0.01,0.01,0.01,0.01,0.01,0.01,0.0136,0.01,0.01,0.01,0.01,0.01,0.01,0.01,0.01,0.01,0.01,0.01,0.01,0.01,0.01,0.01,0.01,0.01
P76119,0.248,0.223,0.25,0.142,0.182,0.174,0.161,0.38,0.275,0.4270000000000001,0.246,0.25,0.345,0.24,0.292,0.4270000000000001,0.221,0.159,0.654,0.759,0.249,0.183,0.439,0.366
P76119,0.394,0.0257,0.403,0.562,0.0954,0.152,0.784,0.5429999999999999,0.405,0.575,0.653,0.426,0.467,0.222,0.52,0.575,0.221,0.299,0.78,0.7829999999999999,0.331,0.304,0.637,0.428
P76121,0.755,0.6679999999999999,0.636,0.509,0.506,0.636,0.8640000000000001,0.6940000000000001,0.779,0.8140000000000001,0.802,0.774,0.862,0.795,0.716,0.8140000000000001,0.8290000000000001,0.738,0.865,0.943,0.612,0.57,1.026,0.711
P77567,0.502,0.565,0.285,0.5660000000000001,0.7020000000000001,0.732,0.405,0.623,0.279,0.542,0.41,0.321,0.321,0.35200000000000004,0.321,0.542,0.573,0.4,0.584,0.569,0.5589999999999999,0.606,0.69,0.541
P76122,0.0138,0.0151,0.0736,0.01,0.01,0.0208,0.0178,0.0189,0.01,0.0222,0.0189,0.0122,0.0456,0.01,0.01,0.0222,0.0464,0.01,0.01,0.01,0.0522,0.0106,0.01,0.0109
P76123,0.01,0.01,0.01,0.01,0.01,0.01,0.01,0.01,0.01,0.0444,0.01,0.01,0.0185,0.01,0.01,0.0444,0.01,0.01,0.01,0.01,0.01,0.01,0.01,0.01
P77519,0.0291,0.0303,0.13,0.069,0.0299,0.0343,0.161,0.116,0.0361,0.105,0.0991,0.0351,0.16,0.0412,0.0479,0.105,0.0257,0.0271,0.0568,0.0693,0.0261,0.035,0.0574,0.028
P76127,0.381,0.304,1.6840000000000002,1.238,0.831,0.872,0.263,0.782,0.537,0.633,0.41,0.568,0.634,0.539,0.62,0.633,0.455,0.411,4.688,3.885,0.344,0.434,0.339,0.368
P77622,0.606,0.5720000000000001,0.679,0.818,0.637,0.529,0.599,0.73,0.594,1.002,0.682,0.645,0.68,0.621,0.494,1.002,0.703,0.6559999999999999,0.682,0.664,0.7340000000000001,0.535,0.885,0.69
P77268,0.0781,0.0469,0.133,0.268,0.277,0.0759,0.12,0.0691,0.0786,0.309,0.16,0.0526,0.287,0.241,0.299,0.309,0.467,0.3670000000000001,0.0473,0.13699999999999998,0.107,0.057,0.0638,0.0921
P77463,0.613,0.285,0.457,0.451,0.395,0.474,0.378,0.38,0.349,0.462,0.269,0.277,0.435,0.375,0.5670000000000001,0.462,0.616,0.626,0.337,0.404,0.368,0.378,0.5539999999999999,0.501
P77308,0.652,0.336,0.677,0.708,0.605,0.505,0.5670000000000001,0.423,0.425,0.498,0.399,0.301,0.68,0.66,0.7979999999999999,0.498,0.79,0.539,0.411,0.272,0.6459999999999999,0.478,0.457,0.53
P76128,0.248,0.18600000000000005,0.448,0.376,0.31,0.222,0.241,0.14,0.0892,0.13,0.15,0.0862,0.575,0.336,0.643,0.13,0.648,0.562,0.182,0.139,0.0731,0.0928,0.119,0.104
P77790,0.513,0.48,0.674,0.614,0.598,0.596,0.154,0.253,0.261,0.5489999999999999,0.198,0.0793,1.0,0.835,1.169,0.5489999999999999,1.493,1.3030000000000002,0.157,0.101,0.342,0.316,0.487,0.104
P76129,0.188,0.126,0.326,0.27,0.116,0.227,0.132,0.18,0.0722,0.311,0.191,0.14,0.265,0.221,0.221,0.311,0.241,0.219,0.123,0.213,0.0487,0.0555,0.13699999999999998,0.0975
P0AA89,0.466,0.509,0.606,0.6509999999999999,0.823,0.621,0.226,0.273,0.23,0.376,0.303,0.383,0.486,0.428,0.583,0.376,0.5529999999999999,0.593,0.236,0.115,0.337,0.303,0.232,0.264
P64426,0.994,1.092,0.994,0.8079999999999999,0.726,0.772,1.504,1.528,1.479,1.195,1.574,1.694,1.654,2.023,1.878,1.195,1.517,1.4880000000000002,1.48,1.592,1.786,1.789,1.544,1.477
P76134,0.159,0.0954,0.153,0.122,0.13699999999999998,0.0821,0.16,0.106,0.097,0.16399999999999998,0.108,0.0564,1.444,0.92,1.632,0.16399999999999998,1.702,1.6369999999999998,0.0534,0.117,0.0478,0.106,0.197,0.0812
P77318,0.597,0.895,1.178,1.003,1.075,0.986,0.331,0.556,0.504,0.684,0.556,0.521,17.54,14.64,22.09,0.684,22.07,21.6,0.499,0.7559999999999999,0.5920000000000001,0.475,0.451,0.618
P76135,0.0153,0.01,0.0132,0.01,0.01,0.01,0.0321,0.0199,0.0177,0.0375,0.0326,0.0168,0.0364,0.0178,0.0157,0.0375,0.01,0.0313,0.0972,0.0427,0.0174,0.0464,0.0128,0.028
P76136,0.0444,0.01,0.017,0.01,0.01,0.01,0.0228,0.01,0.0234,0.163,0.0143,0.0442,0.0315,0.01,0.01,0.163,0.01,0.01,0.012,0.084,0.0244,0.01,0.01,0.0334
P77561,0.319,0.221,0.123,0.157,0.32299999999999995,0.154,0.32,0.449,0.345,0.32,0.233,0.235,0.238,0.251,0.152,0.32,0.268,0.132,0.336,0.405,0.37,0.343,0.421,0.336
P77588,0.0107,0.0167,0.0283,0.0163,0.0149,0.011,0.0357,0.0199,0.0276,0.0476,0.0183,0.0328,0.0352,0.0131,0.0122,0.0476,0.0149,0.0139,0.0327,0.0387,0.0209,0.0228,0.0319,0.0266
P77294,0.168,0.0273,0.135,0.0564,0.12,0.0882,0.217,0.238,0.308,0.361,0.4320000000000001,0.456,0.3,0.184,0.0945,0.361,0.0597,0.152,0.36,0.531,0.379,0.332,0.333,0.417
P77789,0.075,0.0772,0.151,0.183,0.17800000000000002,0.187,0.305,0.456,0.396,0.324,0.376,0.36,0.204,0.162,0.166,0.324,0.136,0.209,0.383,0.516,0.418,0.243,0.251,0.34700000000000003
P76137,0.21,0.0348,0.195,0.119,0.192,0.154,0.444,0.454,0.39,0.421,0.417,0.33,0.16,0.219,0.138,0.421,0.16399999999999998,0.129,0.456,0.499,0.377,0.408,0.381,0.49
P76138,0.0291,0.0545,0.0387,0.0464,0.0356,0.0906,0.126,0.0795,0.0793,0.154,0.0737,0.0847,0.142,0.229,0.0708,0.154,0.165,0.173,0.0654,0.0773,0.0992,0.0806,0.0565,0.0464
P77286,1.766,1.721,1.7180000000000002,1.476,1.744,1.37,2.772,3.1710000000000003,2.35,2.167,2.391,2.201,1.296,1.68,1.308,2.167,1.388,1.385,2.5660000000000003,3.047,2.19,2.027,2.7260000000000004,2.261
P77257,0.213,0.318,0.202,0.267,0.222,0.2,0.161,0.163,0.0453,0.101,0.111,0.0656,0.908,0.765,1.267,0.101,1.238,1.145,0.0972,0.0547,0.06,0.109,0.0784,0.0246
P76142,0.625,0.4270000000000001,1.767,1.12,1.053,0.6,0.799,0.5429999999999999,0.542,0.977,0.439,0.506,1.742,0.981,3.67,0.977,3.197,2.734,0.44,0.469,0.49,0.481,0.715,0.698
P64461,0.145,0.101,0.343,0.599,0.6779999999999999,0.378,0.281,0.184,0.211,0.418,0.13,0.237,0.713,0.478,1.586,0.418,1.328,1.028,0.139,0.364,0.187,0.185,0.119,0.28800000000000003
P76145,1.149,1.193,1.339,1.139,1.297,1.197,1.391,1.286,1.314,1.53,1.294,1.374,1.751,1.635,2.36,1.53,2.519,2.18,1.3219999999999998,1.196,1.233,1.278,1.558,1.209
P76146,0.349,0.262,0.482,0.5529999999999999,0.67,0.6829999999999999,1.224,1.079,1.231,1.092,1.351,1.429,0.322,0.257,0.384,1.092,0.464,0.338,0.62,0.467,1.362,1.379,1.236,1.187
P76147,0.802,0.616,0.664,0.759,0.691,0.775,0.747,0.768,0.665,0.944,0.6940000000000001,0.629,0.537,0.388,0.569,0.944,0.507,0.452,0.569,0.384,0.816,0.624,0.634,0.841
P76148,1.899,2.164,1.04,1.287,1.6740000000000002,1.885,1.777,1.7919999999999998,1.666,1.6269999999999998,1.924,2.057,0.851,1.445,0.852,1.6269999999999998,1.034,0.988,1.046,0.917,2.217,2.509,2.469,2.106
P76149,2.025,1.715,2.947,2.13,2.231,2.143,3.592,3.349,3.08,1.977,2.289,2.202,2.199,2.894,2.057,1.977,2.395,2.635,2.822,2.416,2.117,1.567,2.9810000000000003,2.763
P76150,0.0383,0.115,0.0198,0.0865,0.0184,0.01,0.0293,0.124,0.123,0.196,0.249,0.0465,0.196,0.237,0.106,0.196,0.1,0.193,0.0981,0.0187,0.14800000000000002,0.151,0.231,0.0532
P64463,0.971,1.225,0.763,0.993,1.039,0.97,1.342,1.521,1.484,1.137,1.535,1.969,0.929,1.235,0.9,1.137,1.126,1.036,1.02,1.12,1.464,1.618,1.6980000000000002,1.315
P77228,0.0842,0.0394,0.0688,0.0614,0.031,0.0759,0.108,0.0861,0.0779,0.248,0.0606,0.0862,0.0635,0.0852,0.0436,0.248,0.0398,0.0383,0.306,0.193,0.0705,0.132,0.0683,0.0614
P77515,0.126,0.254,0.0471,0.142,0.161,0.16699999999999998,0.28300000000000003,0.273,0.119,0.39,0.306,0.121,0.244,0.212,0.185,0.39,0.16399999999999998,0.16399999999999998,0.107,0.393,0.35700000000000004,0.253,0.261,0.269
P77695,1.112,1.414,3.134,0.971,1.487,1.619,6.524,4.752,7.63,3.353,4.974,5.617000000000001,3.434,3.304,3.4530000000000003,3.353,2.803,1.881,3.513,5.336,5.381,4.988,5.185,5.409
P76157,0.0888,0.197,0.0236,0.0176,0.0483,0.104,0.0621,0.0265,0.0588,0.239,0.224,0.258,0.0339,0.17,0.0766,0.239,0.0862,0.0724,0.181,0.0787,0.0313,0.0266,0.0465,0.0798
P76158,0.141,0.162,0.0519,0.161,0.16,0.152,0.101,0.138,0.21600000000000005,0.268,0.32,0.241,0.171,0.1,0.093,0.268,0.1,0.151,0.14300000000000002,0.0893,0.16399999999999998,0.205,0.0574,0.0587
P76159,0.0766,0.0197,0.17800000000000002,0.0928,0.0264,0.0294,0.191,0.0691,0.152,0.248,0.306,0.111,0.141,0.0243,0.0365,0.248,0.0174,0.0209,0.157,0.35600000000000004,0.205,0.0479,0.0456,0.0437
P76160,0.0214,0.15,0.168,0.0928,0.0218,0.0931,0.0621,0.0369,0.0842,0.264,0.188,0.203,0.231,0.11,0.107,0.264,0.068,0.114,0.0534,0.0253,0.0774,0.138,0.0629,0.0696
P77237,0.314,0.254,0.411,0.339,0.269,0.258,0.106,0.198,0.223,0.484,0.389,0.236,0.391,0.203,0.293,0.484,0.129,0.199,0.215,0.396,0.214,0.135,0.217,0.0866
P76161,0.11,0.0636,0.126,0.0953,0.123,0.0894,0.204,0.384,0.731,0.7659999999999999,0.32299999999999995,0.378,0.345,0.132,0.155,0.7659999999999999,0.0987,0.264,0.264,0.872,0.515,0.282,0.4970000000000001,0.2
P76162,0.202,0.162,0.157,0.124,0.16399999999999998,0.0612,0.436,0.256,0.369,0.4,0.299,0.199,0.183,0.199,0.154,0.4,0.183,0.14800000000000002,0.145,0.16899999999999998,0.32,0.18600000000000005,0.316,0.416
P76163,0.315,0.0575,0.0688,0.253,0.023,0.185,0.0507,0.0937,0.188,0.202,0.209,0.18600000000000005,0.224,0.103,0.0923,0.202,0.0315,0.0299,0.0602,0.0427,0.284,0.118,0.187,0.132
P76164,0.498,0.466,0.5920000000000001,0.433,0.385,0.6629999999999999,0.884,0.8590000000000001,1.104,0.85,1.009,1.0759999999999998,0.63,0.662,0.5660000000000001,0.85,0.457,0.5670000000000001,0.591,0.517,1.047,0.747,1.209,1.043
P76165,0.484,0.544,0.433,0.618,0.52,0.561,0.8220000000000001,1.17,0.852,0.804,0.7659999999999999,1.1909999999999998,0.5539999999999999,0.622,0.565,0.804,0.599,0.737,0.72,0.74,1.224,1.362,0.8420000000000001,1.108
P76168,0.138,0.168,0.197,0.127,0.146,0.136,0.5720000000000001,0.265,0.22,0.47,0.335,0.446,0.207,0.225,0.201,0.47,0.139,0.199,0.345,0.465,0.35100000000000003,0.268,0.259,0.381
P76169,3.867,3.902,3.387,1.64,2.7310000000000003,1.841,3.6,3.787,3.4210000000000003,1.984,2.049,2.611,1.949,2.6180000000000003,2.912,1.984,2.725,1.94,2.611,2.8360000000000003,3.86,2.539,3.933,4.227
P76170,18.04,20.84,17.97,15.12,20.93,17.44,24.57,26.32,26.96,14.57,26.56,30.09,18.36,22.28,18.27,14.57,20.03,21.06,19.97,14.13,25.74,28.07,22.97,22.32
P76172,1.495,1.285,2.149,1.567,2.278,1.819,2.076,2.079,1.694,1.014,1.755,2.262,2.025,2.085,2.539,1.014,2.206,2.084,1.848,1.892,1.871,2.0780000000000003,1.798,1.6980000000000002
P77374,0.317,0.274,0.16399999999999998,0.3,0.285,0.317,0.0964,0.29100000000000004,0.136,0.211,0.134,0.254,0.516,0.313,0.403,0.211,0.41,0.374,0.0628,0.0707,0.206,0.207,0.061,0.252
P77783,0.259,0.0969,0.118,0.251,0.385,0.225,0.0878,0.122,0.3670000000000001,0.0933,0.436,0.23,0.645,0.878,0.6859999999999999,0.0933,0.779,0.7509999999999999,0.102,0.493,0.411,0.392,0.425,0.422
P0AAJ1,0.181,0.294,0.196,0.171,0.34,0.38,0.0742,0.194,0.363,0.28800000000000003,0.281,0.198,0.5479999999999999,0.57,0.612,0.28800000000000003,0.6459999999999999,0.61,0.28600000000000003,0.175,0.321,0.338,0.17800000000000002,0.3720000000000001
P76173,1.953,1.3430000000000002,1.777,1.038,2.077,1.186,1.988,2.235,2.028,1.265,1.7919999999999998,2.29,1.265,1.364,1.168,1.265,1.172,1.368,1.62,1.4169999999999998,2.092,2.033,1.565,2.044
P69853,3.176,2.977,3.477,2.033,3.344,2.32,3.5780000000000003,3.337,3.618,1.806,3.457,3.742,2.187,1.904,1.755,1.806,1.609,2.123,2.361,2.239,2.813,3.664,2.7030000000000003,3.289
P76175,0.721,0.527,0.599,0.574,0.467,0.511,0.552,0.57,0.618,0.512,0.7759999999999999,0.7490000000000001,0.5539999999999999,0.6,0.354,0.512,0.407,0.444,0.59,0.727,0.5920000000000001,0.805,0.867,0.7240000000000001
P0A6E9,0.305,0.595,0.693,0.449,0.677,0.894,0.337,0.71,0.409,0.591,0.6729999999999999,1.1,0.913,1.065,1.199,0.591,1.202,1.177,0.6920000000000001,0.205,0.6759999999999999,0.932,0.66,0.608
P76176,0.8440000000000001,1.105,1.058,1.3090000000000002,0.897,1.2919999999999998,1.228,0.943,0.935,1.356,1.376,1.511,1.264,1.344,1.374,1.356,1.503,1.62,0.74,0.855,1.2919999999999998,1.325,1.3019999999999998,1.044
P69210,0.649,0.833,0.6829999999999999,0.988,1.284,1.348,0.657,0.71,1.085,0.966,1.025,0.743,0.675,0.795,1.195,0.966,0.816,0.79,0.503,0.484,0.652,0.5539999999999999,0.73,0.754
P69212,2.5340000000000003,2.088,2.954,2.797,4.045,3.867,1.709,1.85,1.938,2.545,2.241,2.4330000000000003,2.87,2.177,2.939,2.545,2.716,2.978,0.984,2.359,1.301,1.112,1.889,1.7009999999999998
P0AFS5,0.0582,0.0969,0.0679,0.0614,0.17,0.0955,0.0714,0.0539,0.173,0.396,0.249,0.108,0.0944,0.218,0.271,0.396,0.0929,0.0738,0.0637,0.0653,0.147,0.261,0.116,0.08800000000000001
P76177,7.258999999999999,6.5310000000000015,5.691,5.5920000000000005,5.732,7.145,4.512,5.015,4.636,3.749,5.617000000000001,6.21,3.492,4.36,3.148,3.749,3.429,4.136,3.224,2.029,6.852,6.108,5.43,4.915
P0AAE5,4.008,2.801,1.565,1.778,1.709,1.971,1.842,2.069,2.011,1.646,2.0380000000000003,2.443,1.22,1.36,1.466,1.646,1.004,1.3969999999999998,1.29,1.012,2.102,2.166,3.277,2.575
P77376,4.211,3.411,3.434,3.245,3.087,3.35,4.102,3.229,3.563,2.006,3.199,3.3960000000000004,2.835,3.051,2.599,2.006,2.92,2.8160000000000003,2.6910000000000003,2.564,3.587,3.451,3.616,3.002
P64467,6.76,6.144,4.25,4.15,6.367000000000001,4.783,14.56,14.16,13.04,5.815,13.27,16.66,3.299,4.81,3.999,5.815,3.189,3.937,12.51,9.192,15.53,15.15,8.093,11.14
P76180,4.13,4.074,2.8710000000000004,2.757,3.43,4.867,3.509,4.075,4.053,1.7,3.986,5.4670000000000005,1.881,2.674,2.412,1.7,2.035,2.685,3.691,3.896,4.624,5.0710000000000015,2.991,5.16
P0A766,6.315,4.743,3.182,3.789,4.668,4.315,3.281,3.099,3.32,1.635,3.536,4.471,1.655,1.625,1.4880000000000002,1.635,1.454,1.177,3.941,3.599,3.113,4.387,2.7,3.868
P77223,12.17,8.615,8.096,6.434,10.91,8.642000000000001,10.58,8.789,11.81,4.606,9.007,10.51,2.603,3.495,2.817,4.606,2.793,2.776,9.528,9.964,8.443,10.58,8.291,10.77
P77611,10.16,7.864,3.828,5.399,8.131,7.352,7.752999999999999,7.28,5.733,4.913,6.185,7.796,2.245,3.077,2.3480000000000003,4.913,2.535,2.018,8.275,5.924,8.076,8.713,6.836,7.72
P77285,5.819,4.718,1.929,2.553,3.402,3.509,3.976,4.037,3.707,3.112,4.357,3.404,2.249,2.57,1.4469999999999998,3.112,1.659,1.946,3.184,2.408,4.417,3.237,2.983,3.56
P77570,2.697,1.899,2.258,1.964,2.169,1.586,1.842,1.749,1.681,1.176,1.541,1.53,2.13,2.106,2.438,1.176,2.978,2.595,1.436,1.839,1.587,1.232,1.945,1.754
P64471,2.6710000000000003,2.8310000000000004,2.7030000000000003,2.321,3.301,2.612,2.695,4.237,3.334,1.87,2.326,3.329,1.841,2.187,2.055,1.87,1.7080000000000002,1.994,2.855,1.975,4.427,3.744,2.254,3.28
P76185,0.594,0.5529999999999999,0.545,0.631,0.7559999999999999,0.596,0.7709999999999999,0.75,0.894,0.623,0.7959999999999999,0.965,0.467,0.507,0.5760000000000001,0.623,0.516,0.557,0.818,0.419,0.95,1.296,0.863,0.901
P76186,0.721,0.7829999999999999,0.8590000000000001,0.6970000000000001,0.816,0.687,1.263,1.186,0.8109999999999999,0.8170000000000001,0.6940000000000001,0.753,0.633,0.552,0.53,0.8170000000000001,0.485,0.568,0.622,0.484,1.084,0.982,0.669,1.014
P76187,5.285,5.535,4.552,4.829,4.9030000000000005,4.85,3.774,3.3680000000000003,3.48,2.48,2.855,3.709,5.06,5.419,5.9620000000000015,2.48,6.042000000000002,6.409,4.189,3.764,3.78,3.195,2.955,3.411
P64474,0.0337,0.0409,0.0585,0.0865,0.0379,0.369,0.0642,0.0492,0.0467,0.204,0.109,0.0992,0.247,0.27,0.183,0.204,0.0987,0.39,0.39,0.0533,0.132,0.258,0.0656,0.0662
P67430,2.374,1.765,1.39,1.072,1.744,1.62,1.137,1.228,1.398,1.129,1.336,1.992,1.164,1.3430000000000002,1.506,1.129,1.5590000000000002,1.077,2.23,1.7519999999999998,1.658,2.08,1.262,1.198
P77389,0.4920000000000001,0.424,0.438,0.544,0.238,0.6709999999999999,0.215,0.218,0.182,0.434,0.231,0.333,0.162,0.175,0.27,0.434,0.196,0.138,0.322,0.297,0.29100000000000004,0.331,0.614,0.412
P77552,3.335,4.0680000000000005,4.9689999999999985,5.1389999999999985,6.03,6.206,4.869,4.785,5.2810000000000015,2.4930000000000003,4.567,4.831,5.68,5.693,7.099,2.4930000000000003,6.684,5.557,5.739,5.4529999999999985,5.452000000000001,6.192,4.525,5.749
P0ACX3,8.314,9.699,8.914,6.816,10.44,8.743,13.47,15.62,15.49,7.96,14.57,17.65,11.54,11.24,10.6,7.96,10.28,10.64,17.3,12.85,15.77,17.9,11.53,14.88
P77148,0.29600000000000004,0.0908,0.374,0.335,0.314,0.211,0.408,0.289,0.207,0.453,0.376,0.371,0.447,0.392,0.6829999999999999,0.453,0.466,0.43,0.416,0.375,0.239,0.156,0.327,0.239
P77147,0.7140000000000001,0.6679999999999999,0.94,0.6859999999999999,0.684,0.778,1.52,0.923,0.852,1.3730000000000002,0.544,0.722,0.955,0.804,0.6779999999999999,1.3730000000000002,0.778,0.74,1.008,0.4970000000000001,0.701,0.6990000000000001,0.4970000000000001,0.81
P77375,0.802,0.527,0.455,0.485,0.35100000000000003,0.293,0.396,0.3720000000000001,0.414,0.6759999999999999,0.625,0.528,0.408,0.436,0.608,0.6759999999999999,0.523,0.493,0.297,0.325,0.473,0.342,0.635,0.419
P77564,0.161,0.212,0.319,0.38,0.337,0.3,0.34700000000000003,0.16899999999999998,0.26,0.578,0.29,0.336,0.506,0.37,0.404,0.578,0.435,0.424,0.299,0.256,0.233,0.247,0.302,0.311
P76192,0.075,0.0212,0.049,0.0113,0.0287,0.0147,0.0685,0.0426,0.0467,0.17800000000000002,0.0613,0.0297,0.181,0.111,0.117,0.17800000000000002,0.155,0.165,0.0422,0.0467,0.0478,0.0327,0.062,0.0402
P0AAL6,0.5589999999999999,0.389,0.338,0.27,0.562,0.41,0.468,0.461,0.446,0.5539999999999999,0.429,0.535,0.484,0.481,0.545,0.5539999999999999,0.531,0.465,0.523,0.429,0.448,0.421,0.475,0.475
P0ACX5,0.998,0.562,1.013,0.7070000000000001,0.528,0.528,2.617,2.589,2.7260000000000004,2.498,2.732,3.043,1.053,0.8909999999999999,0.7659999999999999,2.498,0.774,0.8759999999999999,2.362,2.707,3.361,2.79,3.309,3.224
P77444,2.79,2.6660000000000004,3.4130000000000003,3.556,4.08,3.868,1.508,1.845,1.617,1.061,1.346,1.5019999999999998,1.05,1.34,1.865,1.061,1.341,1.628,3.5380000000000003,2.7230000000000003,2.154,1.77,1.579,1.868
P64476,1.812,1.823,1.112,1.08,1.7280000000000002,1.96,1.27,1.042,1.18,0.7809999999999999,1.129,1.825,1.77,2.132,1.636,0.7809999999999999,1.256,1.52,0.7809999999999999,0.7809999999999999,1.088,1.581,0.838,0.909
P77781,1.547,1.5719999999999998,2.234,1.53,2.014,1.727,1.3530000000000002,1.325,1.352,1.185,1.093,1.262,1.699,1.625,1.693,1.185,1.5319999999999998,1.6909999999999998,1.08,1.565,1.5,1.393,1.257,1.501
P0AFS7,3.343,3.072,2.9330000000000003,2.613,2.718,2.834,3.635,3.944,5.005,2.456,3.843,3.387,3.593,4.587,3.3160000000000003,2.456,3.323,3.779,3.895,3.905,4.345,4.087,3.3360000000000003,4.199
P76196,0.441,0.379,0.243,0.233,0.211,0.241,0.45,0.384,0.256,0.519,0.245,0.268,0.6829999999999999,0.523,0.459,0.519,0.568,0.514,0.252,0.225,0.241,0.205,0.325,0.293
P76197,0.172,0.103,0.117,0.107,0.0759,0.0257,0.299,0.195,0.133,0.28600000000000003,0.126,0.2,0.222,0.0524,0.128,0.28600000000000003,0.0796,0.111,0.151,0.032,0.0948,0.116,0.181,0.2
P76198,0.0276,0.0333,0.109,0.079,0.0103,0.0502,0.0614,0.0766,0.126,0.248,0.102,0.0786,0.14400000000000002,0.0712,0.0637,0.248,0.0133,0.0898,0.104,0.0693,0.0922,0.0213,0.0492,0.0648
P0A9U8,0.115,0.129,0.39,0.48,0.077,0.405,0.146,0.308,0.365,0.309,0.411,0.504,0.452,0.421,0.311,0.309,0.41,0.376,0.355,0.449,0.527,0.493,0.546,0.409
P77402,0.14400000000000002,0.14800000000000002,0.238,0.0326,0.147,0.163,0.0128,0.224,0.284,0.192,0.271,0.28300000000000003,0.429,0.465,0.384,0.192,0.342,0.413,0.068,0.152,0.279,0.206,0.157,0.181
P77649,6.835,5.1610000000000005,6.109,4.213,5.27,5.22,4.48,4.51,5.131,4.008,4.882,4.743,2.664,2.4,2.879,4.008,2.362,2.833,3.927,3.435,4.603,4.298,4.757,4.263
P76204,0.07200000000000001,0.0712,0.215,0.208,0.268,0.194,0.131,0.228,0.159,0.293,0.228,0.219,0.38,0.335,0.405,0.293,0.594,0.499,0.0525,0.0293,0.213,0.383,0.0574,0.205
P76206,7.302,6.1320000000000014,2.466,2.942,4.3,5.415,5.949,5.738,5.682,4.09,6.619,8.147,0.627,1.324,0.501,4.09,0.484,0.68,4.189,2.68,6.497999999999998,7.084,3.544,4.674
P64479,1.173,0.8009999999999999,2.077,1.357,1.702,1.896,1.034,1.101,1.654,1.011,1.094,1.124,4.481,3.871,4.613,1.011,4.464,5.089,3.559,3.945,1.374,1.467,1.2819999999999998,2.01
P77739,0.557,0.616,0.628,0.7509999999999999,0.599,0.775,0.648,0.458,0.456,0.561,0.64,0.505,3.082,3.08,2.934,0.561,3.468,3.595,0.79,0.74,0.629,0.59,0.53,0.5529999999999999
P76208,3.749,4.618,2.68,3.605,4.515,4.334,4.824,4.463,4.532,3.053,4.944,4.789,3.89,4.657,3.988,3.053,3.608,4.407,4.552,3.383,5.104,4.12,3.51,4.541
P64481,1.089,1.514,1.023,1.224,1.208,2.145,1.239,0.8009999999999999,0.993,0.662,0.959,1.175,0.908,0.711,0.718,0.662,0.648,0.614,2.847,2.515,1.023,1.208,0.759,1.126
P77529,1.761,1.172,0.92,0.967,1.137,0.905,3.399,2.928,3.053,1.783,2.65,2.813,1.092,0.904,0.947,1.783,1.014,0.903,2.744,3.168,2.952,2.858,3.108,3.034
P76210,0.01,0.01,0.0377,0.01,0.0149,0.01,0.0749,0.114,0.174,0.145,0.189,0.104,0.139,0.0506,0.0401,0.145,0.0439,0.0612,0.025,0.117,0.12,0.0464,0.116,0.14800000000000002
P0AE60,1.695,1.385,1.534,1.075,1.271,1.3090000000000002,2.9,3.1710000000000003,2.997,1.789,2.929,3.449,1.131,0.954,0.892,1.789,0.795,0.804,2.806,2.904,3.062,2.7960000000000003,2.802,2.737
P76213,1.5530000000000002,1.143,1.551,1.482,1.47,1.57,1.625,1.7,1.449,1.135,1.276,1.297,1.101,1.189,0.988,1.135,0.7959999999999999,1.026,2.359,2.88,1.24,1.263,1.569,1.604
P76214,7.45,6.606,7.556,7.676,7.109,7.667999999999998,1.597,0.83,0.83,0.7170000000000001,0.8059999999999999,0.722,2.353,1.749,1.745,0.7170000000000001,1.405,1.797,0.633,1.004,0.7659999999999999,0.652,0.795,0.5529999999999999
P76216,0.44,0.354,0.8340000000000001,1.529,1.123,1.026,0.17600000000000002,0.276,0.444,0.911,0.311,0.41,0.504,0.329,1.178,0.911,0.917,0.866,0.127,0.393,0.471,0.317,0.584,0.194
P76217,0.498,0.126,0.945,0.945,0.813,0.556,0.59,0.0889,0.305,0.396,0.485,0.49,0.423,0.215,1.4240000000000002,0.396,1.244,0.888,0.369,0.565,0.365,0.0859,0.458,0.28
P0AE37,0.969,0.8370000000000001,1.721,1.55,1.268,1.048,1.011,0.64,0.7140000000000001,1.216,0.7959999999999999,0.8009999999999999,1.507,0.8,3.342,1.216,2.951,2.283,0.997,1.037,0.687,0.6779999999999999,0.823,0.6659999999999999
P76223,1.061,1.11,1.05,1.181,1.141,1.024,0.6,0.971,0.7290000000000001,0.598,0.779,0.912,1.065,1.052,1.358,0.598,1.245,1.112,0.773,0.763,0.937,0.993,0.629,0.746
P76224,0.639,0.722,0.684,0.792,0.638,0.636,0.458,0.59,0.433,0.501,0.5539999999999999,0.619,0.723,0.7240000000000001,0.7909999999999999,0.501,0.794,0.753,0.32,0.14300000000000002,0.635,0.674,0.358,0.5329999999999999
P76909,0.5770000000000001,0.4,0.7759999999999999,0.627,0.722,0.481,0.57,0.64,0.498,0.62,0.522,0.477,0.556,0.5920000000000001,0.6659999999999999,0.62,0.616,0.487,0.575,0.647,0.522,0.635,0.4270000000000001,0.46
P78067,0.96,0.8220000000000001,0.732,0.866,0.841,0.764,0.623,0.948,0.648,0.8320000000000001,0.795,0.7909999999999999,1.442,1.384,1.4680000000000002,0.8320000000000001,1.433,1.484,0.775,0.959,0.926,0.8759999999999999,0.537,0.8059999999999999
P76226,0.92,0.78,0.727,0.81,0.7859999999999999,0.972,0.68,1.026,0.913,0.484,0.5820000000000001,0.564,0.7490000000000001,0.607,0.647,0.484,0.67,0.721,0.941,0.885,0.7909999999999999,0.644,0.59,0.742
P77788,2.259,1.917,1.942,1.758,1.787,2.1630000000000003,2.103,1.78,1.977,1.599,1.892,2.037,1.385,1.332,1.611,1.599,1.251,1.161,1.824,1.515,1.853,1.961,1.937,2.248
P76227,3.014,2.613,3.658,3.215,4.261,3.164,1.203,1.016,0.905,0.613,0.87,0.754,2.562,1.662,1.699,0.613,1.376,1.6909999999999998,0.823,0.723,0.5760000000000001,0.677,0.653,0.535
P76228,0.242,0.292,0.316,0.336,0.269,0.271,0.267,0.223,0.202,0.251,0.242,0.3,0.18600000000000005,0.214,0.168,0.251,0.16399999999999998,0.138,0.201,0.155,0.28800000000000003,0.335,0.241,0.363
P77721,1.807,2.164,1.296,0.7070000000000001,0.8390000000000001,0.865,1.7990000000000002,1.6869999999999998,1.439,0.961,1.581,1.47,2.447,2.344,1.879,0.961,1.616,1.836,1.411,1.376,1.7619999999999998,1.558,1.347,1.525
P77256,0.366,0.0833,0.255,0.38,0.426,0.453,0.17600000000000002,0.424,0.121,0.281,0.255,0.29100000000000004,0.34600000000000003,0.387,0.4970000000000001,0.281,0.551,0.379,0.158,0.115,0.394,0.135,0.208,0.219
P77493,0.41,0.377,0.665,0.518,0.8220000000000001,0.532,0.5379999999999999,0.408,0.578,0.337,0.438,0.305,0.7140000000000001,0.6,0.795,0.337,0.7909999999999999,0.743,0.304,0.5710000000000001,0.345,0.401,0.5489999999999999,0.53
P77704,0.312,0.254,0.6829999999999999,0.528,0.6940000000000001,0.5579999999999999,0.152,0.28600000000000003,0.085,0.249,0.276,0.302,0.74,0.595,1.051,0.249,1.046,0.91,0.0792,0.4370000000000001,0.277,0.271,0.508,0.354
P76230,0.245,0.142,0.551,0.241,0.325,0.238,0.108,0.16899999999999998,0.154,0.302,0.18600000000000005,0.159,0.606,0.384,0.438,0.302,0.452,0.328,0.0921,0.14400000000000002,0.0722,0.0639,0.0465,0.191
P77539,0.4270000000000001,0.388,0.753,0.377,0.4320000000000001,0.247,0.0828,0.0407,0.0496,0.343,0.129,0.165,0.997,0.769,0.902,0.343,1.052,1.002,0.133,0.0547,0.145,0.147,0.0847,0.0286
P76231,20.74,27.92,22.44,17.37,19.04,15.91,10.76,10.32,10.83,6.43,10.83,12.7,31.3,28.79,32.23,6.43,33.2,36.8,10.2,8.613,12.56,14.69,10.15,10.53
P76234,1.04,0.889,0.843,1.026,0.89,1.324,0.55,0.4,0.5589999999999999,0.5529999999999999,0.826,0.7929999999999999,0.644,0.7170000000000001,1.0,0.5529999999999999,0.7929999999999999,0.932,0.52,0.467,0.565,0.625,0.609,0.609
P76239,0.0505,0.162,0.0575,0.0426,0.0149,0.0441,0.255,0.259,0.181,0.257,0.34600000000000003,0.23,0.17800000000000002,0.285,0.162,0.257,0.221,0.32,0.135,0.171,0.224,0.264,0.2,0.122
P0AA91,6.41,5.426,2.336,3.531,4.316,5.004,3.864,3.801,3.519,2.257,3.933,3.898,2.268,2.373,1.466,2.257,1.91,2.196,5.021,4.541,4.164,6.004,3.811,3.943
P76257,1.787,2.095,1.422,1.994,1.884,1.922,1.226,1.646,1.868,0.799,1.46,1.806,1.283,1.659,1.082,0.799,1.054,1.214,1.719,2.035,1.279,1.852,1.6469999999999998,1.027
P0AEB7,8.571,9.558,7.037000000000001,7.9689999999999985,9.1,8.666,16.06,12.82,12.05,6.654,14.36,19.95,12.13,13.2,11.94,6.654,13.16,12.41,25.45,15.49,16.54,19.07,10.66,11.79
P64490,1.384,1.628,1.868,1.734,1.848,1.897,2.301,2.969,2.905,0.797,1.692,2.317,1.811,2.075,1.871,0.797,1.834,1.473,3.361,2.785,2.031,2.5380000000000003,1.83,2.8280000000000003
P67338,4.44,3.982,5.735,2.79,4.364,3.132,12.85,12.56,13.42,9.65,9.604,8.865,3.3,3.81,2.922,9.65,3.005,2.597,11.92,15.76,9.991,9.676,10.16,12.22
P76261,0.303,0.235,0.409,0.413,0.374,0.29,0.28600000000000003,0.3720000000000001,0.318,0.59,0.327,0.336,0.45,0.508,0.483,0.59,0.507,0.607,0.335,0.645,0.276,0.274,0.316,0.29100000000000004
P67601,1.175,0.852,2.214,1.5319999999999998,1.426,1.195,0.887,0.866,1.325,1.103,1.146,0.91,1.252,1.011,1.3,1.103,1.3259999999999998,1.5,0.893,0.993,1.251,0.954,1.205,1.113
P76264,1.121,1.187,1.0659999999999998,0.855,1.139,1.115,1.5619999999999998,1.207,1.4980000000000002,1.763,1.384,2.13,0.604,0.6940000000000001,0.542,1.763,0.584,0.613,1.88,1.219,1.58,1.733,1.82,1.355
P64508,119.2,110.2,105.0,78.29,91.84,87.07,46.87,54.99,60.27,40.68,48.09,54.23,52.05,53.7,53.21,40.68,56.55,55.75,50.82,36.72,51.29,39.94,51.25,43.1
P64499,4.59,3.425,3.119,2.602,3.278,3.274,5.318,6.1770000000000005,7.377999999999999,5.511,7.414,8.645,1.599,1.567,1.205,5.511,1.141,1.479,6.75,6.064,7.21,5.229,9.397,6.251
P64512,23.32,18.63,18.43,15.69,22.56,21.27,16.18,24.68,23.41,11.23,17.5,26.9,15.46,18.14,13.29,11.23,9.887,14.29,20.52,17.05,26.17,24.89,15.66,22.64
P76268,5.597,7.517,4.192,3.939,4.149,4.386,5.381,6.537000000000001,5.112,3.22,5.431,8.481,4.672,6.2879999999999985,4.9060000000000015,3.22,4.561,5.039,6.073,3.628,8.1,9.032,4.394,6.517
P76269,0.507,0.354,0.6679999999999999,0.618,0.502,0.634,0.406,0.465,0.428,0.34700000000000003,0.35600000000000004,0.42,0.353,0.33,0.328,0.34700000000000003,0.281,0.311,0.269,0.084,0.28300000000000003,0.408,0.0829,0.305
P76270,17.05,18.35,23.72,19.13,28.73,20.15,13.65,16.21,15.23,10.28,13.54,16.55,16.51,17.3,17.27,10.28,14.41,17.16,17.17,11.64,17.63,18.65,9.979,14.31
P0AD03,1.266,1.225,1.02,0.787,0.943,1.121,0.6559999999999999,0.8079999999999999,0.843,0.528,0.812,0.851,0.813,0.885,0.862,0.528,0.6609999999999999,0.852,0.752,0.581,0.764,0.71,0.65,0.8059999999999999
P76272,0.464,0.659,0.565,0.693,0.37,0.648,0.423,0.101,0.242,0.31,0.396,0.436,0.409,0.629,0.426,0.31,0.424,0.399,0.306,0.13699999999999998,0.11,0.606,0.348,0.731
P64503,0.772,0.857,0.611,0.7709999999999999,0.715,0.772,0.903,1.01,0.915,0.7709999999999999,0.917,0.985,1.188,1.148,1.629,0.7709999999999999,1.601,1.169,1.222,1.351,0.833,0.802,0.905,0.79
P76275,1.515,1.426,1.266,0.988,1.211,1.014,2.062,2.15,2.249,1.229,1.626,2.6060000000000003,2.019,1.969,1.795,1.229,1.6880000000000002,1.939,1.944,2.095,2.313,2.052,1.911,2.694
P64506,9.424,9.593,10.79,8.658,11.68,10.29,6.235,6.739,7.157,3.026,6.3439999999999985,8.297,7.102,8.292,6.774,3.026,6.4529999999999985,6.7029999999999985,7.122000000000001,6.443,7.734,7.354,6.167999999999998,7.134
P76278,12.16,12.02,13.93,12.28,14.04,13.38,7.227,7.945,8.594,4.3210000000000015,6.647,8.468,7.891,8.529,8.01,4.3210000000000015,8.539,8.847999999999997,7.221,8.065,9.012,8.513,8.94,8.923
P0AA57,12.27,11.32,16.04,10.5,11.83,11.41,10.4,11.09,11.61,5.207999999999998,9.604,11.16,8.86,9.327,9.345,5.207999999999998,9.196,9.873,11.23,9.579,11.98,10.09,11.55,11.59
P76280,0.68,0.6809999999999999,0.648,0.705,0.862,0.999,0.618,0.746,0.7140000000000001,0.504,0.755,0.778,1.118,1.683,1.423,0.504,1.507,1.374,0.586,0.6890000000000001,0.659,0.862,0.672,0.623
P0AEK0,3.3710000000000004,3.62,3.485,3.302,3.47,3.299,2.647,2.491,2.504,1.574,2.685,2.9610000000000003,3.0380000000000003,3.442,3.547,1.574,3.347,3.483,3.262,3.0210000000000004,2.9330000000000003,3.497,2.908,2.602
P76308,13.16,14.41,10.7,9.218,11.17,12.54,1.872,1.097,1.366,0.789,1.233,1.391,3.2880000000000003,3.799,2.877,0.789,2.145,2.928,0.494,0.3720000000000001,1.3030000000000002,1.506,0.574,1.074
P76323,1.253,1.235,0.764,1.3430000000000002,0.964,1.756,0.951,0.466,0.653,0.723,0.556,0.677,0.664,0.833,0.628,0.723,0.799,0.809,0.733,0.473,0.5489999999999999,0.375,0.6409999999999999,0.401
P64519,0.0444,0.0379,0.0754,0.0539,0.0494,0.098,0.0728,0.0653,0.0644,0.0756,0.0737,0.0694,0.397,0.382,0.96,0.0756,1.0659999999999998,0.613,0.114,0.116,0.047,0.0601,0.0702,0.0573
P76329,1.49,1.4409999999999998,1.1740000000000002,1.258,1.4480000000000002,1.386,1.612,1.956,1.5,0.958,1.293,1.6669999999999998,1.296,1.879,1.6669999999999998,0.958,1.818,1.5319999999999998,1.355,1.411,0.92,1.5830000000000002,1.659,0.966
P76330,0.613,0.3720000000000001,0.644,0.489,0.818,0.62,0.611,0.47,0.5529999999999999,0.254,0.601,0.918,0.865,0.934,0.848,0.254,1.002,0.889,0.441,0.455,0.736,0.741,0.662,0.674
P64517,2.8160000000000003,2.129,2.78,1.961,2.398,2.333,2.097,2.45,2.338,1.3030000000000002,1.881,1.925,2.484,2.26,3.219,1.3030000000000002,2.681,2.392,2.978,4.303,2.254,2.045,2.065,2.269
P76334,0.87,0.919,0.78,1.409,1.24,1.231,9.761,11.16,12.35,5.059,9.613,11.15,0.721,0.878,1.077,5.059,0.845,0.5710000000000001,13.06,11.22,11.01,13.13,8.508,10.34
P76341,0.245,0.318,0.385,0.28300000000000003,0.389,0.41,1.023,1.569,0.872,1.13,0.816,0.8109999999999999,1.05,0.953,0.923,1.13,1.17,0.853,0.875,0.753,0.624,1.126,1.227,0.621
P76342,0.8009999999999999,0.28800000000000003,0.486,0.795,0.583,0.607,0.79,0.8140000000000001,0.73,0.992,0.795,0.76,0.7859999999999999,0.8690000000000001,0.958,0.992,1.037,0.851,0.623,0.728,0.6509999999999999,0.594,1.01,0.8290000000000001
P76343,0.0597,0.0893,0.228,0.135,0.194,0.209,0.373,0.258,0.261,0.375,0.321,0.304,0.358,0.28,0.328,0.375,0.405,0.411,0.294,0.225,0.232,0.25,0.313,0.234
P76344,0.231,0.453,0.405,0.262,0.343,0.223,0.993,0.75,0.639,0.6829999999999999,0.507,0.731,0.569,0.625,0.701,0.6829999999999999,0.341,0.547,0.711,1.12,0.835,0.636,0.733,0.8590000000000001
P76346,5.32,7.893,3.099,2.334,3.115,2.443,1.334,1.575,1.358,1.269,1.4480000000000002,1.5759999999999998,10.67,10.67,9.77,1.269,10.8,12.2,1.052,0.677,1.4680000000000002,1.216,1.369,1.147
P76347,0.182,0.183,0.342,0.177,0.113,0.218,0.209,0.159,0.208,0.276,0.239,0.0892,0.47,0.232,0.385,0.276,0.339,0.335,0.16,0.0613,0.0635,0.271,0.0346,0.22
P0A8A2,8.029,6.441,6.042999999999998,3.6010000000000004,4.377,4.208,7.796,9.486,9.807,5.16,9.134,11.48,4.3260000000000005,5.146,3.464,5.16,2.966,4.635,12.56,15.28,10.72,9.344,7.349,10.39
P76356,0.277,0.353,0.312,0.34700000000000003,0.223,0.321,0.488,0.333,0.299,0.302,0.5820000000000001,0.7759999999999999,0.26,0.243,0.172,0.302,0.217,0.212,0.326,0.145,0.421,0.48,0.395,0.509
P76356,0.508,0.433,0.545,0.272,0.532,0.239,0.547,0.409,0.615,0.552,0.508,0.8059999999999999,0.8390000000000001,0.7559999999999999,0.774,0.552,0.765,0.8079999999999999,0.695,0.775,0.7340000000000001,0.5820000000000001,0.715,0.741
P76361,0.669,0.69,0.8240000000000001,0.535,0.963,0.746,0.947,1.079,1.146,0.91,0.985,1.064,1.185,1.18,1.095,0.91,1.487,1.2919999999999998,0.879,1.169,1.141,1.002,1.186,1.135
P0AD12,3.631,3.525,3.353,3.241,3.284,2.89,2.157,2.505,2.3280000000000003,2.121,2.387,2.545,3.388,3.656,3.524,2.121,4.392,3.939,2.645,2.22,2.645,2.995,2.689,2.596
P76387,0.17600000000000002,0.0666,0.28600000000000003,0.324,0.308,0.295,0.126,0.387,0.267,0.585,0.335,0.376,0.274,0.276,0.242,0.585,0.304,0.317,0.617,0.7070000000000001,0.321,0.23,0.222,0.335
P76393,1.444,0.805,0.846,0.601,0.6829999999999999,0.631,1.047,1.256,1.3159999999999998,1.1909999999999998,1.223,0.982,0.925,1.043,0.956,1.1909999999999998,0.784,0.775,1.318,1.883,1.281,0.96,0.982,1.304
P76394,0.381,0.456,0.529,0.385,0.334,0.35600000000000004,0.748,0.6859999999999999,0.595,0.7440000000000001,0.638,0.604,0.394,0.32299999999999995,0.258,0.7440000000000001,0.334,0.312,0.736,0.484,0.448,0.396,0.537,0.52
P76395,0.375,0.273,0.387,0.336,0.416,0.23,0.6970000000000001,0.597,0.542,0.55,0.626,0.529,0.255,0.27,0.22,0.55,0.284,0.209,0.506,0.276,0.468,0.499,0.725,0.563
P76396,0.4920000000000001,0.51,0.645,0.436,0.406,0.375,0.8,0.632,0.632,0.589,0.59,0.612,0.452,0.325,0.35,0.589,0.41,0.338,0.815,0.669,0.579,0.525,0.672,0.735
P76397,1.94,1.849,1.314,1.467,1.136,1.63,1.798,1.978,2.075,1.211,1.894,2.013,1.545,1.525,1.534,1.211,1.405,1.449,2.046,3.139,1.999,1.986,1.995,2.2030000000000003
P76402,0.948,0.639,0.911,0.594,0.802,0.69,1.13,1.382,1.187,0.99,1.15,1.0590000000000002,3.297,3.0010000000000003,4.122,0.99,3.502,3.332,2.455,3.181,0.907,0.938,0.958,1.078
P76406,0.438,0.23,0.4370000000000001,0.38,0.425,0.222,0.395,0.411,0.332,0.648,0.338,0.408,0.332,0.262,0.25,0.648,0.312,0.279,0.38,0.625,0.394,0.28,0.36,0.4370000000000001
P76407,0.27,0.262,0.3720000000000001,0.444,0.467,0.369,0.195,0.268,0.61,0.609,0.617,0.494,0.7979999999999999,0.75,1.087,0.609,1.141,1.042,0.993,0.963,0.261,0.402,0.339,0.413
P0A991,1.893,1.7819999999999998,2.6630000000000003,2.318,2.364,2.345,2.063,2.527,2.106,1.513,1.803,1.811,8.484,9.168,11.4,1.513,11.59,9.688,5.5779999999999985,4.436,2.3040000000000003,2.2230000000000003,1.897,2.027
P76418,0.7979999999999999,0.972,0.687,1.196,0.928,0.784,0.916,0.795,0.527,0.639,0.6679999999999999,0.6829999999999999,0.846,0.71,0.777,0.639,0.857,0.956,0.725,0.604,0.733,0.918,0.672,0.86
P76419,1.897,1.248,1.395,1.97,1.608,1.461,1.733,1.202,1.234,1.187,1.395,1.4,1.568,1.127,1.489,1.187,1.351,1.382,1.269,1.081,1.3130000000000002,1.506,1.207,1.3430000000000002
P64534,1.998,1.864,2.555,1.507,2.093,2.352,5.895,6.7570000000000014,7.495,4.57,7.268,8.617,4.052,5.476,4.097,4.57,3.525,3.477,12.35,9.468,11.2,8.884,8.312999999999999,7.872000000000001
P64536,2.556,2.642,2.533,1.7619999999999998,2.407,1.5530000000000002,1.869,2.385,2.329,1.286,1.797,2.398,1.946,2.235,1.734,1.286,1.881,2.068,1.727,2.363,2.857,2.376,2.684,2.654
P76440,1.13,1.827,2.641,2.275,2.209,1.615,0.7490000000000001,0.735,0.614,0.726,0.6829999999999999,0.947,7.712999999999999,6.555,10.28,0.726,11.14,10.6,0.625,0.659,0.6779999999999999,0.838,0.7440000000000001,0.6829999999999999
P76445,5.185,5.083,2.174,3.304,3.711,4.16,4.867,6.005,5.535,3.486,5.7620000000000005,5.942,1.154,1.338,0.986,3.486,0.894,1.176,4.516,3.388,6.101,7.465,4.29,4.765
P76462,0.6,0.669,0.446,0.6859999999999999,0.438,0.3720000000000001,0.924,0.665,0.711,0.693,0.625,0.542,0.452,0.445,0.402,0.693,0.434,0.459,0.805,0.7490000000000001,0.679,0.884,0.8390000000000001,0.556
P76463,0.387,0.254,0.308,0.498,0.321,0.344,0.448,0.768,0.399,0.406,0.302,0.334,0.35200000000000004,0.377,0.309,0.406,0.377,0.282,0.467,0.532,0.419,0.342,0.292,0.381
P76466,0.29600000000000004,0.198,0.223,0.301,0.201,0.269,0.398,0.242,0.255,0.628,0.462,0.301,0.27,0.159,0.0916,0.628,0.28800000000000003,0.182,0.226,0.156,0.287,0.338,0.212,0.312
P76469,1.325,1.255,1.25,0.966,1.289,1.019,1.388,1.138,1.321,0.929,1.1840000000000002,1.127,1.105,1.149,1.255,0.929,1.033,0.987,1.421,1.604,1.213,1.264,1.164,1.142
P76470,0.564,0.26,0.14400000000000002,0.345,0.506,0.17600000000000002,0.191,0.251,0.241,0.308,0.295,0.275,0.317,0.0833,0.105,0.308,0.0995,0.285,0.11,0.14800000000000002,0.267,0.325,0.319,0.589
P77215,0.0398,0.0288,0.182,0.138,0.117,0.0441,0.151,0.0861,0.0446,0.41,0.147,0.0534,0.266,0.0908,0.275,0.41,0.381,0.337,0.128,0.115,0.181,0.0525,0.121,0.235
P77732,0.193,0.168,0.328,0.272,0.0724,0.102,0.196,0.29,0.258,0.564,0.426,0.267,0.512,0.443,0.596,0.564,0.4970000000000001,0.615,0.322,0.1,0.146,0.4,0.0911,0.35100000000000003
P77808,1.567,1.276,1.648,1.244,1.484,1.27,1.198,0.952,0.63,0.732,0.923,0.816,0.723,0.6990000000000001,0.998,0.732,0.97,0.983,1.196,1.492,1.198,0.937,0.969,1.141
P76471,3.43,2.798,1.301,1.587,1.663,2.056,3.503,2.747,3.648,3.043,3.886,5.06,1.401,1.949,1.0590000000000002,3.043,0.942,1.056,4.785,3.684,4.336,5.162000000000001,2.536,3.53
P77690,0.142,0.297,0.5660000000000001,0.706,0.5479999999999999,0.611,0.0999,0.0937,0.0418,0.411,0.17,0.24,0.273,0.24,0.368,0.411,0.434,0.318,0.0585,0.0253,0.102,0.0798,0.051,0.0273
P77757,0.8240000000000001,0.5660000000000001,1.215,0.973,1.131,0.945,0.537,0.505,0.3670000000000001,0.528,0.406,0.285,0.7170000000000001,0.565,0.662,0.528,0.568,0.589,0.324,0.527,0.383,0.34,0.433,0.45
P77398,1.49,1.291,1.5619999999999998,1.9,1.6030000000000002,1.607,1.4409999999999998,1.231,1.233,1.476,1.461,1.224,1.133,1.116,1.128,1.476,1.153,0.892,1.3090000000000002,1.875,1.288,1.121,1.058,1.179
P76472,0.6629999999999999,0.457,0.379,0.6970000000000001,0.537,0.458,0.578,0.551,0.332,0.591,0.5489999999999999,0.404,0.413,0.309,0.281,0.591,0.394,0.297,0.501,0.368,0.453,0.332,0.511,0.469
P76473,0.498,0.403,0.485,0.453,0.378,0.541,0.501,0.3720000000000001,0.418,0.565,0.426,0.483,0.57,0.5670000000000001,0.8270000000000001,0.565,0.84,0.5710000000000001,0.664,0.336,0.525,0.446,0.3,0.5589999999999999
P76474,0.24,0.28,0.209,0.29,0.2,0.287,0.0992,0.122,0.274,0.316,0.287,0.261,0.238,0.123,0.162,0.316,0.244,0.206,0.0491,0.076,0.22,0.194,0.128,0.253
P76485,0.392,0.3720000000000001,0.52,0.325,0.47,0.307,0.3720000000000001,0.504,0.502,0.632,0.499,0.491,0.585,0.6,0.557,0.632,0.443,0.482,0.475,0.42,0.365,0.271,0.335,0.287
P76486,0.436,0.256,0.299,0.258,0.393,0.369,0.37,0.395,0.482,0.439,0.393,0.439,0.292,0.335,0.26,0.439,0.272,0.338,0.361,0.232,0.272,0.221,0.396,0.256
P0A959,1.622,1.6740000000000002,1.6780000000000002,1.606,1.509,1.3530000000000002,1.894,1.734,1.589,1.35,1.671,1.735,1.22,1.367,1.139,1.35,1.119,1.36,1.539,1.575,1.736,1.714,1.81,1.887
P76491,1.626,1.706,1.6769999999999998,1.689,2.008,1.5,1.394,1.279,1.398,1.135,1.909,1.781,1.773,1.89,1.611,1.135,1.699,1.715,1.839,1.288,1.844,1.974,1.592,1.308
P0A8W8,16.13,17.65,24.11,17.31,21.66,16.18,15.35,18.44,18.55,10.78,16.69,18.15,22.61,23.23,25.15,10.78,22.85,24.95,18.86,17.23,19.99,18.82,15.78,18.47
P0A8D9,2.588,3.41,2.559,2.5,2.847,2.622,1.7719999999999998,1.587,1.57,0.955,1.66,2.492,1.716,2.73,2.442,0.955,2.507,2.714,2.19,1.724,2.084,2.315,1.534,1.7519999999999998
P65556,3.818,2.977,3.016,2.805,3.083,2.767,7.798999999999999,7.636,7.797999999999999,4.15,7.292999999999998,7.633999999999999,4.274,4.66,3.859,4.15,4.3580000000000005,4.445,10.85,12.2,8.971,9.315,9.154,8.807
P77775,3.4760000000000004,2.6460000000000004,3.14,3.075,3.055,3.277,4.4060000000000015,3.687,3.747,3.802,3.872,3.684,3.854,3.629,3.879,3.802,3.892,3.666,3.893,3.785,5.357,4.32,4.7860000000000005,4.456
P77549,1.617,1.328,1.306,1.475,0.969,1.269,1.975,1.676,1.816,1.483,1.7619999999999998,2.025,0.648,0.918,0.765,1.483,0.708,0.725,1.565,1.761,1.972,1.814,1.749,2.033
P77182,2.268,1.541,1.763,0.909,1.389,1.433,2.42,2.26,2.729,2.389,2.087,2.455,1.354,1.516,1.335,2.389,1.435,1.481,1.761,2.204,2.511,2.367,2.955,2.694
P64540,6.522,6.35,5.202000000000001,6.157,6.046,6.125,4.7810000000000015,4.713,4.748,3.94,4.998,5.3020000000000005,2.414,2.457,2.484,3.94,2.3280000000000003,2.144,3.892,4.669,5.442,5.782,5.526,5.593
P76938,4.72,5.707999999999998,4.339,4.914,4.974,5.591,3.645,3.5010000000000003,3.289,2.7910000000000004,3.35,4.239,2.82,2.79,2.169,2.7910000000000004,2.592,3.006,3.303,2.735,4.059,4.3439999999999985,3.431,3.862
P0A8B2,5.018,5.0360000000000005,4.144,3.822,4.4910000000000005,4.68,5.47,6.365,6.2029999999999985,3.929,6.061,8.193,3.605,3.963,3.746,3.929,3.906,3.793,4.808,4.82,9.094,7.88,6.559,7.207000000000002
P76498,1.38,1.976,1.734,1.732,2.128,1.923,2.105,2.142,2.105,1.212,2.619,3.694,2.25,2.217,2.261,1.212,2.124,2.317,2.957,1.46,2.777,3.687,1.493,1.656
P76499,0.224,0.18600000000000005,0.13699999999999998,0.142,0.202,0.157,0.0928,0.193,0.0906,0.255,0.278,0.302,0.225,0.319,0.234,0.255,0.168,0.241,0.174,0.0667,0.221,0.141,0.0419,0.181
P76500,0.309,0.34700000000000003,0.376,0.365,0.313,0.358,0.453,0.484,0.297,0.317,0.396,0.375,0.514,0.459,0.403,0.317,0.34,0.337,0.381,0.417,0.264,0.348,0.349,0.366
P76501,0.366,0.313,0.472,0.406,0.315,0.24,0.735,0.725,0.464,0.963,0.862,0.86,0.516,0.45,0.426,0.963,0.458,0.44,0.581,0.6759999999999999,0.371,0.5670000000000001,0.69,0.622
P77196,0.7929999999999999,0.748,0.722,0.618,0.597,0.5920000000000001,0.785,0.599,0.5760000000000001,0.72,0.8759999999999999,0.531,0.759,0.878,0.474,0.72,0.586,0.821,0.736,0.669,0.478,0.5539999999999999,1.023,0.8140000000000001
P77288,0.0949,0.0908,0.0255,0.0489,0.0701,0.113,0.104,0.122,0.11,0.29100000000000004,0.152,0.117,0.134,0.1,0.0873,0.29100000000000004,0.0829,0.0759,0.0912,0.12,0.189,0.118,0.0747,0.125
P76502,2.623,3.025,2.915,2.253,2.541,2.539,5.171,5.303,5.438,4.223,6.186,8.006,2.591,2.8760000000000003,2.335,4.223,2.609,2.485,6.507999999999999,3.901,5.655,6.8,4.971,5.023
P77399,1.732,2.852,5.399,3.779,3.522,1.919,0.184,0.342,0.292,0.914,0.963,1.038,3.522,2.185,5.15,0.914,5.44,4.813,0.579,0.404,0.818,0.866,0.317,0.24
P76503,1.7519999999999998,2.474,3.71,2.504,2.166,1.396,0.691,0.934,0.674,1.287,0.794,0.7559999999999999,4.5139999999999985,2.634,5.082,1.287,5.5120000000000005,5.57,0.608,0.309,0.599,0.677,0.725,0.742
P0AD33,1.79,1.6030000000000002,1.574,1.768,1.569,1.809,6.985,7.43,9.04,8.022,9.181,10.07,4.253,4.591,4.069,8.022,4.633,4.718,7.398,7.489,8.926,7.955,9.875,7.417000000000002
P76505,0.207,0.318,0.233,0.213,0.211,0.01,0.14300000000000002,0.194,0.257,0.526,0.209,0.269,0.202,0.223,0.23,0.526,0.229,0.173,0.247,0.177,0.19,0.16699999999999998,0.19,0.166
P77682,5.325,7.231,3.638,4.49,5.354,5.188,3.315,3.947,4.577,2.97,4.353,5.55,1.935,2.339,2.06,2.97,2.012,2.299,2.015,1.6669999999999998,3.628,3.728,3.685,2.765
P77293,23.53,22.46,22.55,14.77,22.65,16.38,8.859,14.29,12.69,8.087,10.78,14.49,11.36,14.15,10.58,8.087,6.135,11.13,6.478,4.169,11.55,10.56,10.08,12.52
P76507,2.45,2.365,1.923,1.974,1.4980000000000002,2.099,0.645,1.268,1.001,0.5429999999999999,1.001,1.454,1.817,2.562,1.7180000000000002,0.5429999999999999,1.069,1.539,0.521,0.392,1.4980000000000002,1.456,0.965,1.649
P77326,0.53,0.568,0.289,0.502,0.311,0.525,0.843,1.186,0.887,0.475,0.753,1.388,0.446,0.505,0.4270000000000001,0.475,0.531,0.509,0.953,0.35700000000000004,1.001,1.3969999999999998,0.674,0.747
P77656,0.848,0.584,0.757,0.903,0.7440000000000001,0.8340000000000001,1.402,1.954,1.616,1.376,1.349,1.513,0.8190000000000001,0.995,1.073,1.376,0.795,0.759,1.244,1.039,1.651,1.403,1.186,1.638
P76512,1.242,0.8490000000000001,0.878,0.5720000000000001,0.802,0.6809999999999999,0.7190000000000001,0.892,1.137,0.988,0.996,0.5770000000000001,0.915,0.6729999999999999,0.6759999999999999,0.988,0.517,0.706,0.6509999999999999,1.003,0.8640000000000001,0.484,1.118,1.027
P76513,0.364,0.236,0.256,0.211,0.194,0.206,0.494,0.307,0.375,0.39,0.391,0.327,0.361,0.274,0.261,0.39,0.255,0.261,0.268,0.301,0.394,0.364,0.374,0.361
P76514,0.188,0.145,0.0566,0.0376,0.0402,0.0282,0.131,0.14800000000000002,0.0786,0.359,0.161,0.0625,0.256,0.2,0.0401,0.359,0.133,0.112,0.132,0.136,0.04,0.122,0.0683,0.0621
P76515,0.113,0.05,0.258,0.16399999999999998,0.261,0.195,0.201,0.426,0.268,0.6559999999999999,0.482,0.449,0.374,0.258,0.18,0.6559999999999999,0.26,0.324,0.35600000000000004,0.403,0.442,0.32,0.345,0.527
P76516,0.219,0.233,0.292,0.155,0.113,0.173,0.366,0.275,0.217,0.341,0.282,0.309,0.331,0.233,0.245,0.341,0.193,0.228,0.255,0.032,0.293,0.284,0.104,0.175
P0AA49,0.121,0.0409,0.102,0.192,0.0874,0.153,0.29100000000000004,0.0568,0.108,0.44,0.38,0.0442,0.234,0.172,0.16699999999999998,0.44,0.187,0.016,0.131,0.168,0.146,0.214,0.051,0.0307
P0AFI0,0.391,0.344,0.214,0.424,0.557,0.254,0.5770000000000001,0.447,0.517,0.415,0.47,0.298,0.309,0.25,0.271,0.415,0.211,0.18,0.253,0.421,0.321,0.373,0.3,0.277
P69902,0.16699999999999998,0.126,0.195,0.069,0.132,0.022,0.194,0.198,0.157,0.258,0.181,0.16399999999999998,0.212,0.0693,0.101,0.258,0.0506,0.0919,0.238,0.317,0.15,0.118,0.0538,0.141
P76520,0.6859999999999999,0.303,0.502,0.313,0.405,0.407,0.6759999999999999,0.804,0.513,1.09,0.7709999999999999,0.54,0.376,0.299,0.358,1.09,0.258,0.048,0.725,0.679,0.56,0.465,0.7020000000000001,0.653
O32528,0.0429,0.0333,0.0311,0.015,0.0149,0.0318,0.0721,0.0407,0.0269,0.0603,0.0437,0.0229,0.14400000000000002,0.0187,0.0551,0.0603,0.0191,0.0348,0.0344,0.0347,0.0287,0.0259,0.0364,0.0368
P76521,1.541,1.6,1.899,1.3130000000000002,1.716,1.528,3.875,3.445,3.945,2.546,3.617,3.727,2.94,3.068,3.103,2.546,3.3080000000000003,3.4760000000000004,3.238,3.563,3.07,3.185,2.7910000000000004,2.5380000000000003
P77434,2.752,2.8960000000000004,4.033,3.771,3.1260000000000003,2.389,2.69,2.655,2.501,2.467,2.126,2.084,2.9130000000000003,2.678,3.0,2.467,3.245,3.0380000000000003,1.947,2.34,2.57,2.357,3.161,3.276
P0AA93,1.415,1.871,1.4469999999999998,1.169,1.493,1.37,1.5019999999999998,1.544,1.54,1.695,1.751,1.928,1.436,1.094,1.466,1.695,1.246,1.5019999999999998,1.128,1.064,1.493,1.937,1.686,1.753
P0AE39,3.15,3.064,2.8480000000000003,2.792,3.749,2.834,2.994,2.991,3.114,2.547,2.797,3.244,3.2880000000000003,3.737,3.352,2.547,3.411,3.583,2.688,2.357,3.483,3.313,3.847,3.96
P77396,0.92,0.925,0.909,0.813,0.7509999999999999,0.0318,0.858,0.8590000000000001,0.945,1.214,0.908,0.904,0.794,0.7020000000000001,0.898,1.214,0.779,0.7929999999999999,0.835,0.7959999999999999,0.73,0.777,0.888,0.81
P77439,0.45,0.6559999999999999,0.725,0.604,0.609,0.797,0.481,0.453,0.632,1.118,0.607,0.565,0.519,0.344,0.557,1.118,0.464,0.447,0.28300000000000003,0.0973,0.485,0.471,0.29100000000000004,0.221
P77585,0.899,0.395,0.42,0.483,0.7020000000000001,0.8290000000000001,0.888,0.57,0.4970000000000001,0.95,0.484,0.679,0.181,0.383,0.431,0.95,0.29,0.511,0.4320000000000001,0.092,0.331,0.473,0.482,0.477
P76524,0.0643,0.0712,0.0679,0.0502,0.0483,0.191,0.0892,0.0464,0.0552,0.18600000000000005,0.0796,0.0847,0.152,0.0702,0.0594,0.18600000000000005,0.0423,0.0967,0.0697,0.048,0.0783,0.0715,0.0383,0.0402
P77579,0.637,0.7490000000000001,0.7829999999999999,1.036,1.0590000000000002,0.893,1.008,0.8240000000000001,0.794,0.848,0.5589999999999999,0.644,1.0659999999999998,0.8109999999999999,0.877,0.848,0.655,0.873,0.778,0.477,0.468,0.47,0.792,0.613
P69808,0.0735,0.306,0.0971,0.107,0.244,0.165,0.17800000000000002,0.0851,0.0616,0.35100000000000003,0.109,0.0801,0.319,0.214,0.127,0.35100000000000003,0.063,0.087,0.0757,0.0653,0.0774,0.0646,0.108,0.0757
P67729,0.0842,0.153,0.254,0.395,0.171,0.257,0.201,0.0908,0.122,0.275,0.41,0.364,0.336,0.278,0.489,0.275,0.406,0.326,0.239,0.117,0.344,0.24,0.182,0.14300000000000002
P64542,0.0551,0.0363,0.735,0.5870000000000001,0.368,0.496,0.359,0.515,0.0956,0.623,0.0587,1.105,0.626,0.47,0.313,0.623,0.133,0.454,2.497,1.629,0.636,1.479,0.385,0.483
P0A769,1.067,1.043,1.41,1.093,1.251,1.106,1.504,1.394,1.715,1.051,1.558,1.614,0.943,0.83,1.073,1.051,0.899,1.031,1.163,1.469,1.742,1.489,0.931,1.621
P78271,0.698,0.607,1.482,0.68,0.8,0.649,1.116,1.064,1.425,1.534,1.4369999999999998,1.1909999999999998,1.845,1.63,0.773,1.534,0.84,1.237,0.952,0.999,1.499,0.89,1.199,1.379
P77272,0.795,0.978,1.227,1.106,1.079,1.248,0.333,0.411,0.556,0.7959999999999999,0.807,0.6729999999999999,1.489,1.5419999999999998,1.704,0.7959999999999999,1.919,2.084,0.269,0.273,0.542,0.599,0.713,0.58
P77619,1.833,1.547,2.003,1.971,1.802,1.841,1.837,1.961,1.913,1.903,1.846,1.801,2.084,1.557,1.96,1.903,1.831,2.165,1.425,1.004,1.683,1.42,1.991,1.591
P76536,4.564,3.3960000000000004,2.57,3.164,3.0410000000000004,3.0580000000000003,6.819,7.296,8.183,4.992,7.2120000000000015,7.707000000000002,4.226,5.279,4.707,4.992,4.016,5.882999999999999,6.905,5.825,10.97,10.09,6.26,8.583
P76537,5.591,5.176,7.901,4.313,5.193,3.811,6.649,8.37,6.79,4.417,6.843,7.796,6.25,6.331,4.471,4.417,3.556,5.957000000000002,8.602,7.258999999999999,9.392,9.329,5.3,8.469
P76538,4.072,4.144,3.313,4.359,4.683,4.5360000000000005,3.567,4.046,4.368,2.122,2.987,3.813,2.883,3.054,3.466,2.122,2.855,3.879,3.2880000000000003,3.715,5.169,5.5710000000000015,2.934,4.314
P76539,11.17,8.845,10.59,8.427999999999999,10.44,7.9529999999999985,10.78,14.44,12.41,6.602,11.58,12.38,6.689,7.314,7.803,6.602,6.724,8.306000000000001,8.107999999999999,9.276,15.36,14.39,9.677,14.77
P76540,0.953,1.102,0.687,1.172,1.013,1.126,1.38,1.763,1.396,1.087,1.3,1.6880000000000002,1.092,1.2990000000000002,1.365,1.087,1.369,1.31,1.556,1.208,1.307,1.336,1.19,1.234
P76541,1.136,0.868,1.3119999999999998,1.144,1.194,1.197,1.8,1.929,1.709,1.436,1.783,1.815,1.833,1.744,1.812,1.436,2.052,2.092,1.269,1.656,1.993,2.135,2.059,2.039
P76542,1.66,1.187,1.7919999999999998,1.29,1.4240000000000002,1.456,0.693,0.6459999999999999,0.539,0.4970000000000001,0.7440000000000001,0.919,0.38,0.413,0.195,0.4970000000000001,0.28600000000000003,0.421,0.505,0.42,0.7759999999999999,0.579,0.662,0.911
P76543,1.694,1.443,1.602,1.396,1.639,1.369,3.1180000000000003,3.387,2.696,2.366,2.675,3.621,1.73,1.778,1.536,2.366,1.505,1.393,3.445,3.313,3.551,3.824,3.102,3.197
P76544,0.5479999999999999,0.236,0.319,0.163,0.28600000000000003,0.294,0.42,0.434,0.436,0.65,0.489,0.355,0.4370000000000001,0.284,0.267,0.65,0.211,0.2,0.302,0.487,0.369,0.35100000000000003,0.457,0.535
P76545,0.26,0.263,0.445,0.194,0.218,0.22,0.364,0.468,0.373,0.611,0.443,0.384,0.328,0.287,0.218,0.611,0.195,0.2,0.309,0.444,0.438,0.287,0.395,0.414
P76546,0.914,0.698,0.606,0.665,0.83,0.7090000000000001,1.03,1.575,1.479,1.571,1.768,1.445,1.219,1.244,1.063,1.571,1.092,1.106,1.0490000000000002,1.151,1.814,1.584,1.602,1.7280000000000002
P76547,0.845,1.146,0.944,0.879,0.81,0.8740000000000001,1.719,1.506,1.3219999999999998,1.4580000000000002,1.096,1.3630000000000002,1.027,1.043,0.787,1.4580000000000002,0.928,0.8320000000000001,1.296,1.58,1.15,1.086,1.215,1.055
P76548,0.331,0.153,0.403,0.312,0.17600000000000002,0.28800000000000003,0.53,0.645,0.545,0.455,0.479,0.65,0.895,0.815,1.051,0.455,0.738,0.804,0.504,0.54,0.612,0.6409999999999999,0.456,0.698
P76549,1.288,1.158,1.474,1.211,1.274,1.298,3.697,2.999,2.532,2.432,2.656,3.974,3.515,3.321,3.454,2.432,3.554,3.479,3.843,3.1910000000000003,3.312,3.814,2.866,2.564
P76550,7.466,8.067,10.26,8.656,9.634,7.632999999999999,8.48,8.981,8.774,5.832999999999998,7.604,10.08,6.2410000000000005,6.394,6.31,5.832999999999998,6.282,5.7429999999999986,6.814,7.239,9.043,9.655,9.074,8.494
P76551,0.0812,0.0818,0.0886,0.07400000000000001,0.0954,0.0955,0.124,0.0861,0.0566,0.235,0.115,0.134,0.231,0.0618,0.0558,0.235,0.172,0.0682,0.062,0.0453,0.11,0.0958,0.118,0.124
P65643,0.513,0.547,0.7959999999999999,0.927,0.908,0.774,0.602,0.551,0.674,1.013,0.5479999999999999,0.662,1.069,0.812,1.023,1.013,1.43,1.084,0.531,0.536,0.605,0.589,0.752,0.5870000000000001
P76555,0.6829999999999999,0.106,0.545,0.759,0.747,0.522,0.909,0.846,0.63,1.176,0.628,0.6729999999999999,1.053,0.71,1.274,1.176,1.185,1.006,0.882,0.84,0.731,0.636,0.931,0.706
P76556,0.312,0.466,0.493,0.639,0.518,0.448,0.226,0.193,0.0991,0.629,0.369,0.244,0.8340000000000001,0.775,1.017,0.629,1.032,1.0490000000000002,0.121,0.135,0.273,0.329,0.231,0.209
P63746,0.401,0.481,0.57,0.478,0.518,0.165,0.562,0.322,0.279,0.45,0.204,0.253,0.5529999999999999,0.405,0.599,0.45,0.578,0.675,0.0972,0.299,0.231,0.16899999999999998,0.222,0.221
P76558,11.8,12.0,21.68,19.15,22.11,20.09,4.029,4.424,4.381,3.883,4.229,4.387,17.16,14.68,22.7,3.883,25.72,22.6,2.875,3.195,4.66,3.615,5.6,3.911
P76559,0.847,0.607,0.379,0.831,0.703,0.5489999999999999,0.955,0.8029999999999999,0.792,1.314,0.945,0.861,0.67,0.655,0.647,1.314,0.57,0.615,1.35,0.672,0.742,0.55,1.107,0.8440000000000001
P64429,3.4410000000000003,3.682,2.259,3.359,2.874,3.789,3.584,2.853,3.861,2.303,3.718,3.002,2.739,3.432,3.35,2.303,3.301,3.298,3.603,3.705,3.104,3.646,3.197,3.887
P77453,0.129,0.185,0.16899999999999998,0.26,0.33,0.371,0.602,0.8079999999999999,0.5539999999999999,1.34,0.934,0.775,0.215,0.281,0.317,1.34,0.619,0.466,0.727,0.789,0.547,0.732,0.731,0.5870000000000001
P66948,2.484,2.1830000000000003,4.056,3.352,3.564,3.2060000000000004,3.0460000000000003,3.055,3.158,2.8280000000000003,2.713,2.881,5.032,4.419,4.188,2.8280000000000003,4.8439999999999985,5.3260000000000005,3.854,4.313,3.364,4.015,3.549,3.292
P76569,2.081,2.114,2.448,2.772,2.363,2.594,2.661,2.4730000000000003,2.866,3.156,3.534,3.844,3.245,2.832,2.597,3.156,3.329,2.412,3.22,3.156,3.107,3.685,3.777,2.952
P69931,2.17,2.472,1.933,1.992,2.144,2.452,3.338,2.716,2.729,2.629,3.157,3.765,1.854,2.101,1.531,2.629,1.857,2.103,3.229,2.307,3.314,3.569,3.345,3.283
P77172,0.406,0.168,0.29100000000000004,0.33,0.232,0.151,0.261,0.46,0.412,0.608,0.517,0.5479999999999999,0.292,0.182,0.224,0.608,0.25,0.231,0.522,0.535,0.445,0.465,0.529,0.44
P64545,4.613,5.82,6.41,5.787000000000001,6.856,5.593,3.508,4.768,4.0680000000000005,2.309,5.03,7.101,3.714,3.116,3.95,2.309,2.852,3.912,4.072,2.545,4.711,4.759,2.174,3.444
P65290,0.0888,0.251,0.402,0.253,0.331,0.256,0.21600000000000005,0.453,0.501,0.51,0.428,0.433,0.349,0.364,0.29,0.51,0.163,0.201,0.526,0.584,0.467,0.409,0.207,0.337
P76573,0.461,0.448,0.4370000000000001,0.409,0.401,0.268,0.596,0.943,0.68,0.8009999999999999,0.7809999999999999,0.643,0.431,0.457,0.481,0.8009999999999999,0.375,0.329,0.8140000000000001,0.8440000000000001,0.7609999999999999,0.73,0.547,0.581
P76575,1.963,1.888,0.693,1.723,1.399,1.867,1.09,0.915,0.908,0.945,1.208,1.098,0.625,0.945,0.51,0.945,0.635,0.69,1.3430000000000002,0.949,1.087,1.4480000000000002,0.8759999999999999,0.962
P0A6P5,6.444,6.584,2.911,5.1160000000000005,3.883,6.047999999999999,4.931,4.743,4.592,3.297,5.397,4.928,1.959,2.588,2.053,3.297,2.22,2.166,6.405,5.379,4.799,6.511,4.383,4.849
P77774,16.08,16.16,10.35,12.96,14.77,12.14,11.57,13.94,11.72,9.363,12.05,11.68,6.745,7.869,6.704,9.363,7.1960000000000015,7.787000000000001,16.88,18.81,14.54,16.9,14.66,16.62
P76576,19.87,17.18,14.31,15.08,17.59,16.19,12.85,14.07,11.51,9.364,13.8,13.6,9.676,12.05,8.134,9.364,8.321,10.04,17.79,12.34,15.83,17.43,12.05,15.35
P76578,1.145,0.8490000000000001,2.142,1.482,2.2,1.6909999999999998,1.148,1.734,2.071,1.234,2.048,2.309,1.845,1.116,1.584,1.234,2.103,1.938,1.873,2.425,1.96,1.835,2.121,1.831
P0ACD4,50.51,44.65,34.29,31.48,33.62,39.88,39.59,45.04,43.9,33.69,39.12,35.03,15.85,20.12,20.66,33.69,20.69,19.32,38.98,60.91,39.93,38.68,46.85,43.95
P0AGK8,38.94,31.78,23.16,24.41,30.3,27.21,26.5,25.19,23.0,20.04,23.24,20.54,12.54,13.02,16.42,20.04,14.56,14.88,29.12,27.21,29.32,27.53,23.12,26.98
P0AE01,18.45,15.33,11.39,9.763,16.98,12.87,13.7,14.16,13.31,11.55,15.09,17.13,7.537000000000001,7.96,6.369,11.55,6.372000000000001,8.307,15.59,11.49,16.31,17.44,15.04,15.55
P77538,0.8390000000000001,0.607,0.362,0.409,0.418,0.378,0.445,0.503,0.474,0.701,0.452,0.465,0.466,0.34,0.312,0.701,0.331,0.28300000000000003,0.493,0.376,0.473,0.48,0.579,0.469
P0AC02,18.07,18.36,19.47,16.81,19.81,17.05,17.18,18.46,19.13,10.86,19.95,22.18,14.14,16.33,14.25,10.86,14.43,16.12,20.56,18.91,20.31,20.33,17.46,17.57
P64548,2.162,2.428,1.236,1.408,1.682,1.669,0.977,1.085,1.036,0.877,1.259,1.523,0.8290000000000001,0.901,0.7759999999999999,0.877,0.8909999999999999,0.932,0.898,0.64,0.865,1.224,0.912,1.031
P64432,3.438,3.114,2.411,3.019,3.1260000000000003,2.966,3.14,3.531,3.976,3.232,3.562,4.349,2.366,3.037,2.305,3.232,2.639,2.84,2.637,2.708,4.2639999999999985,4.154,4.104,4.194
P52119,6.792000000000002,5.487,4.768,4.2810000000000015,5.836,5.221,11.52,15.02,13.02,8.41,12.58,18.8,5.509,7.152,5.568,8.41,4.735,6.3420000000000005,13.85,12.64,16.66,18.54,9.005,13.65
P0AGL5,7.28,5.311,7.006,4.283,7.438,5.292000000000002,16.28,19.45,20.64,10.8,15.49,18.21,7.045,7.481,7.0539999999999985,10.8,4.9860000000000015,7.127000000000002,15.69,15.61,18.07,16.87,12.51,17.07
O52982,0.109,0.217,0.208,0.272,0.116,0.149,0.0435,0.087,0.2,0.232,0.177,0.14800000000000002,0.235,0.24,0.214,0.232,0.247,0.198,0.16,0.128,0.268,0.038,0.0301,0.0962
P0CF86,0.395,0.38,0.621,0.473,0.402,0.459,0.939,0.872,0.65,0.877,0.8390000000000001,0.768,0.879,0.8109999999999999,0.713,0.877,0.8270000000000001,0.885,0.677,0.68,0.8190000000000001,0.758,0.703,0.794
P76611,0.0199,0.01,0.0613,0.01,0.01,0.01,0.0764,0.0662,0.108,0.477,0.215,0.0725,0.133,0.0187,0.01,0.477,0.01,0.01,0.0818,0.07200000000000001,0.0626,0.0441,0.0538,0.0955
P76612,0.023,0.01,0.0339,0.015,0.0138,0.01,0.0314,0.0274,0.0262,0.125,0.14300000000000002,0.0359,0.0506,0.102,0.01,0.125,0.01,0.01,0.0361,0.0267,0.0226,0.0281,0.0729,0.0218
P76613,0.049,0.0318,0.0349,0.104,0.0218,0.01,0.0493,0.0482,0.0411,0.583,0.11,0.0259,0.152,0.014,0.0157,0.583,0.0166,0.0167,0.309,0.4,0.0661,0.0198,0.0146,0.102
P76621,0.0995,0.189,0.455,1.021,0.447,0.467,0.0749,0.115,0.103,0.17800000000000002,0.181,0.271,1.6030000000000002,1.4269999999999998,4.057,0.17800000000000002,4.545,3.1210000000000004,0.111,0.0627,0.183,0.0981,0.0984,0.107
P0AE42,2.069,1.646,1.926,2.1630000000000003,2.385,2.092,4.1789999999999985,3.007,4.008,2.194,3.907,3.924,2.175,1.898,2.13,2.194,2.194,2.145,6.072,3.968,3.852,4.504,3.388,4.106
P77295,1.628,1.759,1.675,1.96,1.706,2.006,1.6769999999999998,1.765,1.82,1.389,1.759,2.69,1.4269999999999998,1.426,1.263,1.389,1.495,1.328,1.731,1.745,1.415,2.376,2.156,1.894
P64550,0.855,0.603,1.078,0.648,0.916,0.8490000000000001,0.7390000000000001,0.789,0.737,0.518,0.735,0.6409999999999999,1.82,2.045,1.888,0.518,1.813,1.982,0.799,1.044,0.523,0.561,0.731,0.7390000000000001
P76628,1.285,1.234,1.38,1.455,1.724,2.154,0.64,0.595,0.728,0.7859999999999999,0.743,0.861,0.211,0.22,0.171,0.7859999999999999,0.158,0.0292,0.34600000000000003,0.297,0.472,0.5479999999999999,0.4970000000000001,0.667
P76628,0.4320000000000001,0.539,0.467,0.682,0.722,0.705,0.275,0.373,0.295,0.541,0.466,0.397,0.311,0.222,0.145,0.541,0.263,0.193,0.315,0.308,0.233,0.368,0.339,0.249
P76630,3.228,3.113,3.017,2.88,3.375,3.364,2.575,2.7110000000000003,2.835,2.502,3.236,3.38,2.767,3.298,2.998,2.502,3.399,3.743,2.925,2.54,2.992,3.3310000000000004,3.791,3.844
P0ADR0,9.525,7.927,8.47,6.539,9.198,6.407,5.749,6.909,6.624,5.457000000000002,6.042000000000002,5.939,6.4289999999999985,6.191,6.162000000000001,5.457000000000002,5.916,7.376,4.104,2.357,5.88,5.441,6.303,6.767
Q46877,0.0413,0.0348,0.0603,0.0364,0.22,0.124,0.0678,0.0899,0.24,0.0781,0.166,0.301,0.185,0.03,0.0837,0.0781,0.158,0.128,0.369,0.481,0.0339,0.232,0.221,0.0607
Q46888,0.923,0.943,1.193,1.159,1.102,1.118,0.745,0.847,0.87,1.023,0.797,0.8440000000000001,3.284,2.579,4.296,1.023,4.798,4.621,0.764,1.128,0.713,0.917,0.81,0.898
Q46889,0.6859999999999999,0.45,0.7509999999999999,0.677,0.6940000000000001,0.7390000000000001,0.32,0.342,0.247,0.58,0.35,0.285,1.932,1.193,2.695,0.58,3.073,2.85,0.204,0.32299999999999995,0.416,0.317,0.257,0.384
Q46892,0.547,0.433,0.458,0.392,0.674,0.72,0.158,0.653,0.376,0.75,0.435,0.508,0.674,0.557,0.616,0.75,0.778,0.871,0.392,0.196,0.42,0.5670000000000001,0.188,0.381
P0A6S5,22.43,19.17,19.86,15.1,21.24,17.0,25.5,28.67,27.28,17.26,24.31,27.91,12.77,14.44,12.75,17.26,12.05,13.16,17.61,14.99,28.49,28.63,23.85,27.5
Q46896,0.732,0.5870000000000001,1.07,0.914,0.857,0.852,1.483,1.05,1.0,1.067,0.873,0.894,0.976,1.043,1.084,1.067,0.926,0.924,0.812,1.08,0.7,0.735,1.036,0.892
Q46897,1.058,0.784,1.477,0.947,1.264,1.091,1.4480000000000002,1.395,1.352,1.443,1.154,0.85,1.325,1.351,1.349,1.443,1.391,1.154,0.935,1.545,1.062,0.929,1.269,1.269
Q46898,0.378,0.45,0.7120000000000001,0.5479999999999999,0.939,0.472,0.7170000000000001,0.74,0.7240000000000001,0.649,0.481,0.481,0.988,0.7020000000000001,0.6970000000000001,0.649,0.797,0.804,0.6,0.452,0.5920000000000001,0.506,0.484,0.366
Q46899,0.126,0.209,0.328,0.191,0.268,0.265,0.156,0.124,0.151,0.135,0.136,0.0534,0.395,0.184,0.34700000000000003,0.135,0.14800000000000002,0.259,0.173,0.08,0.0565,0.0639,0.0374,0.0975
Q46901,0.023,0.0197,0.171,0.0915,0.0563,0.0135,0.0471,0.12,0.118,0.184,0.175,0.117,0.195,0.132,0.17800000000000002,0.184,0.142,0.157,0.393,0.407,0.12,0.0798,0.0137,0.0825
Q46916,0.254,0.35100000000000003,0.33,0.494,0.298,0.398,0.225,0.0946,0.189,0.337,0.197,0.28300000000000003,0.467,0.29100000000000004,0.41,0.337,0.375,0.3670000000000001,0.193,0.109,0.389,0.211,0.235,0.278
P65367,3.588,3.405,3.04,2.668,2.585,2.725,2.727,2.5540000000000003,2.895,1.88,3.176,4.197,4.377,3.362,3.141,1.88,3.293,4.338,3.513,2.812,3.613,4.654,3.48,3.48
Q46919,4.868,3.797,2.653,2.907,3.299,2.426,5.0939999999999985,5.345,4.887,4.27,4.215,6.678,1.736,1.493,1.501,4.27,1.954,2.1,4.601,4.436,5.415,6.681,6.5,6.438
P65292,0.472,0.359,0.6779999999999999,0.718,0.662,0.742,1.517,1.378,1.219,1.139,1.633,2.027,1.04,0.728,1.043,1.139,0.892,0.861,2.551,1.639,1.628,1.6,0.947,0.932
Q46925,3.142,2.624,2.909,2.495,3.599,2.834,4.221,3.781,3.687,2.343,3.594,3.492,2.786,2.692,2.565,2.343,2.71,2.4090000000000003,3.071,4.687,4.779,5.315,3.82,5.176
P63883,8.263,4.501,7.7429999999999986,5.676,6.676,5.444,8.715,9.316,8.48,5.645,7.035,7.268,6.474,6.113,5.431,5.645,4.402,5.358,6.089,8.225,7.856,7.431,9.127,8.111
P67127,2.237,1.941,1.605,1.1909999999999998,1.675,1.811,2.714,2.591,2.115,1.887,2.331,2.948,0.545,0.713,0.706,1.887,0.417,0.4320000000000001,3.4410000000000003,2.164,2.9960000000000004,2.735,2.5380000000000003,2.291
P65294,2.926,2.952,3.486,2.42,2.52,2.62,2.58,3.196,2.593,2.545,2.408,2.918,2.594,2.3080000000000003,2.167,2.545,2.096,2.065,4.097,5.4510000000000005,2.425,2.233,2.8080000000000003,3.087
P0A9T4,3.499,3.729,5.622999999999998,6.3610000000000015,5.448,5.705,2.541,2.57,2.597,2.204,2.928,2.617,3.65,3.494,4.112,2.204,5.003,4.022,2.766,4.1160000000000005,2.423,2.674,3.122,2.7880000000000003
P63340,5.273,5.44,3.031,2.845,3.184,3.2710000000000004,5.169,5.244,4.876,3.549,7.0939999999999985,7.854,2.884,3.997,3.285,3.549,2.073,3.968,4.315,3.931,8.437999999999999,8.453,4.648,6.698
Q46789,0.01,0.0348,0.0113,0.01,0.0115,0.01,0.01,0.01,0.0418,0.115,0.01,0.01,0.0271,0.0262,0.0172,0.115,0.0124,0.0362,0.15,0.151,0.01,0.01,0.01,0.01
Q46790,0.0153,0.0167,0.0207,0.01,0.0126,0.0171,0.0286,0.0142,0.01,0.155,0.0802,0.0137,0.0173,0.01,0.01,0.155,0.01,0.0111,0.0448,0.0787,0.0209,0.0129,0.0128,0.0218
Q46791,0.115,0.0212,0.14300000000000002,0.0715,0.0816,0.0159,0.17800000000000002,0.125,0.116,0.411,0.243,0.029,0.16699999999999998,0.0206,0.0143,0.411,0.0464,0.0411,0.249,0.6920000000000001,0.111,0.0327,0.0747,0.117
Q46793,0.01,0.01,0.0594,0.01,0.01,0.01,0.0278,0.01,0.01,0.059,0.0222,0.0107,0.0142,0.01,0.01,0.059,0.01,0.01,0.01,0.0533,0.01,0.01,0.01,0.01
Q46793,0.149,0.14800000000000002,0.133,0.0364,0.105,0.0772,0.156,0.0615,0.147,0.3,0.187,0.0664,0.126,0.0609,0.0737,0.3,0.0755,0.12,0.0912,0.14,0.147,0.0715,0.146,0.123
Q46795,0.172,0.147,0.221,0.0978,0.16,0.108,0.0835,0.151,0.214,0.222,0.228,0.207,0.165,0.128,0.141,0.222,0.134,0.141,0.17,0.304,0.172,0.142,0.118,0.208
Q46796,0.138,0.127,0.0811,0.0777,0.114,0.0894,0.2,0.239,0.266,0.163,0.21600000000000005,0.122,0.0777,0.152,0.0787,0.163,0.063,0.0501,0.0852,0.016,0.195,0.141,0.173,0.219
Q46797,1.061,0.8390000000000001,0.88,0.612,0.825,0.735,0.838,1.491,1.104,1.777,1.493,1.764,0.5539999999999999,0.463,0.444,1.777,0.379,0.386,0.985,1.287,1.536,1.266,1.37,1.719
Q46798,2.063,1.2990000000000002,1.724,1.28,1.224,1.339,2.149,1.835,2.089,1.279,1.896,2.178,1.232,1.56,1.5530000000000002,1.279,1.867,1.374,1.945,2.327,2.311,2.316,2.462,2.501
Q46799,0.691,0.769,2.687,1.836,1.759,0.882,0.417,0.424,0.5379999999999999,1.136,0.379,0.382,2.26,1.993,2.602,1.136,2.926,2.591,0.208,0.35200000000000004,0.531,0.435,0.7929999999999999,0.764
Q46801,0.109,0.129,0.405,0.315,0.14400000000000002,0.0943,0.218,0.16,0.237,0.907,0.6659999999999999,0.285,0.836,0.527,0.975,0.907,1.0590000000000002,1.093,0.149,0.157,0.2,0.16699999999999998,0.416,0.134
Q46806,0.13,0.206,0.0556,0.168,0.14400000000000002,0.182,0.0849,0.0757,0.156,0.59,0.4920000000000001,0.337,0.353,0.342,0.199,0.59,0.307,0.272,0.3670000000000001,0.271,0.284,0.322,0.227,0.205
Q46808,0.6629999999999999,0.755,1.269,0.662,1.078,0.588,0.718,0.7440000000000001,1.124,1.38,0.8290000000000001,1.143,2.974,1.534,2.764,1.38,3.161,3.4,0.643,1.116,0.8270000000000001,0.71,1.051,0.8740000000000001
Q46809,0.675,1.4,0.988,0.708,0.5770000000000001,0.672,0.505,0.7190000000000001,0.503,0.935,0.653,0.39,3.841,2.809,3.325,0.935,3.919,3.834,0.873,0.8,0.659,0.385,0.6940000000000001,0.525
Q46811,0.596,0.583,0.454,0.391,0.391,0.405,0.34600000000000003,0.601,0.43,0.845,0.6709999999999999,0.557,0.379,0.39,0.469,0.845,0.426,0.35600000000000004,0.485,0.397,0.53,0.4320000000000001,0.581,0.358
Q46812,0.452,0.469,0.544,0.561,0.459,0.391,0.63,0.574,0.385,0.7070000000000001,0.499,0.338,0.467,0.466,0.416,0.7070000000000001,0.596,0.53,0.384,0.784,0.545,0.3670000000000001,0.615,0.528
P64557,1.021,0.921,0.848,0.897,0.992,0.897,0.672,0.795,0.745,0.964,0.721,0.6559999999999999,0.727,0.836,0.799,0.964,0.841,0.779,0.75,0.544,0.601,0.589,0.917,0.568
Q46814,0.56,0.657,0.338,0.474,0.422,0.4970000000000001,0.823,0.47,0.312,0.49,0.493,0.468,0.422,0.54,0.444,0.49,0.482,0.381,0.5589999999999999,0.399,0.441,0.455,0.541,0.329
Q46822,2.273,1.611,1.935,1.3430000000000002,1.538,1.415,2.281,2.061,1.938,2.319,2.057,2.081,1.71,1.412,1.597,2.319,1.396,1.67,1.645,1.711,2.356,2.134,1.6769999999999998,1.87
Q46824,7.058,8.448,4.638,4.972,6.359,5.783,5.864,5.455,4.556,3.125,4.222,5.924,3.4930000000000003,3.808,3.4960000000000004,3.125,3.609,3.993,5.8039999999999985,6.6160000000000005,5.5360000000000005,5.73,6.1789999999999985,6.136
P67153,2.556,2.656,2.283,1.944,1.915,2.027,1.658,1.681,1.449,1.097,1.881,2.205,3.068,2.191,2.411,1.097,2.727,3.2710000000000004,2.902,3.161,2.068,2.418,2.22,1.776
Q46834,0.0536,0.0394,0.0349,0.0389,0.0299,0.0367,1.2990000000000002,1.329,1.349,1.241,1.848,2.278,0.14800000000000002,0.35,0.171,1.241,0.179,0.18600000000000005,1.4680000000000002,0.889,1.686,2.508,1.267,1.327
Q46835,0.0704,0.0969,0.0688,0.0577,0.0517,0.0588,5.256,5.797999999999999,6.3039999999999985,4.166,5.718,7.836,1.351,2.495,1.795,4.166,1.938,1.948,4.742,4.428,7.269,10.65,7.6560000000000015,7.862
Q46836,1.219,0.846,0.772,0.715,0.77,0.7959999999999999,9.302,10.93,10.62,7.4460000000000015,8.341000000000001,11.22,2.853,3.874,3.12,7.4460000000000015,2.818,3.365,9.61,15.11,12.59,11.71,12.69,14.34
Q46840,0.861,0.927,0.8390000000000001,0.7290000000000001,0.62,0.617,0.936,0.889,0.87,0.904,0.969,0.847,1.013,0.884,0.962,0.904,1.3230000000000002,1.09,0.622,1.153,0.726,0.895,1.1840000000000002,0.8740000000000001
Q46845,3.069,3.774,3.124,2.929,3.048,3.393,1.385,1.628,1.4780000000000002,1.959,1.7380000000000002,1.789,3.859,3.315,3.845,1.959,4.125,4.086,1.602,2.201,1.849,1.582,1.777,1.694
P69741,1.704,1.853,1.5630000000000002,1.229,1.598,1.497,2.53,1.659,2.47,1.6,2.073,1.69,3.263,3.365,3.623,1.6,3.68,3.55,1.49,1.924,1.998,2.406,2.395,2.642
P64574,0.098,0.0621,0.0613,0.084,0.0391,0.153,0.121,0.184,0.309,0.459,0.195,0.349,0.315,0.251,0.0794,0.459,0.0912,0.131,0.106,0.119,0.385,0.279,0.234,0.332
Q7DFU6,0.669,0.309,0.75,0.374,0.4370000000000001,0.325,0.425,0.466,0.6970000000000001,0.997,0.657,0.384,0.741,0.364,0.721,0.997,0.575,0.462,0.396,0.525,0.526,0.237,0.303,0.408
Q7DFU6,0.639,0.412,0.303,0.52,0.463,0.312,0.647,0.688,0.644,0.725,0.578,0.569,0.617,0.61,0.551,0.725,0.6859999999999999,0.483,0.464,0.6609999999999999,0.473,0.37,0.489,0.531
Q46851,1.727,2.562,2.602,2.252,1.757,1.843,0.5920000000000001,0.7509999999999999,0.575,0.919,0.921,0.68,4.055,3.679,4.155,0.919,4.364,4.493,0.99,0.7559999999999999,0.8190000000000001,1.011,0.8059999999999999,0.759
Q46863,0.738,1.017,1.105,0.713,1.006,0.505,0.326,0.276,0.36,0.665,0.518,0.42,1.084,1.061,1.225,0.665,1.374,1.408,0.359,0.195,0.38,0.325,0.466,0.29100000000000004
Q46864,1.44,1.081,1.35,0.909,1.117,0.905,2.421,2.427,2.675,2.26,2.113,1.977,1.921,1.934,1.611,2.26,1.661,1.608,3.4810000000000003,3.891,2.451,1.855,2.282,1.997
Q46865,2.092,1.703,2.115,1.215,1.578,1.273,3.321,3.44,3.82,2.7430000000000003,2.881,3.259,2.423,2.548,2.239,2.7430000000000003,2.051,2.24,5.832999999999998,4.997,3.492,3.015,2.815,2.827
Q46866,1.172,1.581,1.027,1.115,1.167,1.1,1.779,1.538,1.329,1.74,1.497,1.69,1.5219999999999998,1.611,1.7480000000000002,1.74,2.008,1.521,2.171,1.896,1.586,1.37,1.626,1.4369999999999998
Q46867,0.0383,0.0273,0.16399999999999998,0.01,0.0172,0.01,0.14300000000000002,0.0114,0.029,0.239,0.0228,0.0153,0.21,0.0187,0.0136,0.239,0.0265,0.0738,0.0318,0.0387,0.0104,0.0175,0.0292,0.0355
Q46868,8.79,9.205,8.17,6.497999999999998,8.91,6.947,15.8,14.73,13.09,7.6629999999999985,16.3,21.64,8.91,9.86,8.142000000000001,7.6629999999999985,7.662000000000001,7.9460000000000015,17.5,13.56,17.5,18.91,15.43,14.62
P76657,1.021,0.78,0.519,0.499,0.971,0.598,0.7040000000000001,0.6659999999999999,0.6829999999999999,1.0,0.935,0.6890000000000001,0.596,0.401,0.361,1.0,0.274,0.569,0.509,0.649,0.928,0.7909999999999999,0.628,0.728
P77306,1.207,1.192,0.95,0.962,0.929,0.959,0.978,0.931,0.847,1.077,1.075,0.873,0.753,0.6920000000000001,0.603,1.077,0.511,0.428,1.019,0.8290000000000001,0.97,1.046,1.062,0.928
P76658,3.579,3.923,2.42,2.735,2.484,4.186,4.896,4.3580000000000005,4.899,3.77,5.622999999999998,6.324,2.326,2.918,2.399,3.77,2.715,3.312,3.119,2.232,5.399,7.127000000000002,5.632999999999999,5.182
Q47710,1.266,1.844,1.612,1.858,1.869,1.978,1.712,1.786,2.019,1.788,2.64,2.658,2.465,2.266,3.234,1.788,3.319,3.063,3.898,2.216,2.3480000000000003,2.333,2.117,1.625
P0AEE1,16.44,16.01,16.54,14.52,18.57,12.25,17.22,21.41,16.36,9.333,13.68,18.12,12.07,11.63,12.07,9.333,9.022,13.59,29.2,31.01,19.84,19.69,13.54,18.94
P56259,0.5479999999999999,1.011,0.602,0.735,0.664,0.7809999999999999,1.009,0.984,0.84,0.938,1.055,1.429,1.013,1.092,0.952,0.938,1.152,0.946,1.57,0.7709999999999999,1.009,1.486,0.7440000000000001,0.866
P11291,0.14400000000000002,0.106,0.401,0.139,0.19,0.262,0.142,0.396,0.477,1.044,0.767,0.6609999999999999,0.102,0.19,0.0801,1.044,0.0837,0.105,0.655,0.773,0.378,0.575,0.491,0.299
P69428,17.05,17.6,16.25,12.64,15.8,10.89,15.72,23.89,22.33,10.18,16.97,23.54,11.32,12.16,11.45,10.18,9.048,12.15,19.59,17.85,19.24,20.03,13.02,20.24
P69425,22.78,20.37,20.86,17.07,19.92,18.19,22.19,28.8,27.42,19.12,23.12,25.68,11.93,13.25,9.94,19.12,10.04,10.77,25.33,33.94,26.2,25.47,28.41,28.29
P0DP70,0.0521,0.0469,0.0622,0.0602,0.0529,0.0465,0.12,0.0833,0.0651,0.5710000000000001,0.26,0.0877,0.189,0.0328,0.0408,0.5710000000000001,0.0398,0.0411,0.252,0.241,0.119,0.149,0.0966,0.0587
P37147,1.989,2.307,5.377000000000002,8.255,10.2,7.553,3.192,3.334,2.978,1.4480000000000002,2.34,2.164,2.294,1.99,4.3210000000000015,1.4480000000000002,3.2060000000000004,3.871,1.74,1.529,2.9360000000000004,2.542,1.609,2.216
P39337,1.513,1.646,2.025,1.517,1.768,1.3330000000000002,3.172,3.567,3.443,2.193,3.123,2.992,1.896,1.885,2.0340000000000003,2.193,2.132,1.972,2.7510000000000003,3.765,3.2910000000000004,3.031,2.739,3.236
Q47718,0.5770000000000001,0.527,0.483,0.537,0.6829999999999999,0.546,0.54,0.575,0.324,0.6579999999999999,0.625,0.64,0.561,0.443,0.531,0.6579999999999999,0.527,0.505,0.8079999999999999,0.733,0.575,0.424,0.44,0.512
Q47719,0.4270000000000001,0.407,0.3720000000000001,0.35600000000000004,0.392,0.375,0.406,0.428,0.452,0.917,0.599,0.433,0.419,0.327,0.35200000000000004,0.917,0.337,0.381,0.522,0.599,0.476,0.452,0.443,0.471
P60932,3.145,1.856,1.439,1.492,1.861,1.755,2.647,2.594,3.1060000000000003,2.41,2.882,2.638,1.928,1.584,1.749,2.41,1.321,1.7619999999999998,1.6909999999999998,1.504,2.932,3.052,3.435,3.152
P69228,3.044,2.653,2.297,2.708,2.702,2.475,3.434,3.827,3.182,2.347,3.529,4.405,3.145,3.58,3.365,2.347,3.583,3.2710000000000004,4.45,3.489,2.905,4.3889999999999985,2.997,3.646
P30847,1.672,2.133,1.165,1.975,1.844,1.842,1.972,1.99,1.934,1.508,1.658,1.821,1.351,1.7009999999999998,1.257,1.508,1.245,1.3259999999999998,2.497,2.001,1.569,2.056,1.612,1.359
P0AEC5,3.029,2.209,1.809,1.307,2.107,2.082,2.49,3.297,3.36,1.924,3.059,3.469,1.516,1.178,1.088,1.924,1.158,1.295,1.876,1.828,3.129,3.087,3.136,3.5610000000000004
P30843,1.643,1.97,1.889,1.709,1.766,1.6130000000000002,1.7619999999999998,1.7519999999999998,1.171,1.58,1.56,1.432,2.194,1.993,2.472,1.58,2.467,2.426,1.4269999999999998,1.729,1.769,1.391,2.055,1.638
P30844,1.435,2.006,2.362,1.847,1.662,1.7,1.5619999999999998,1.939,1.371,1.72,1.335,1.493,1.791,1.646,1.533,1.72,1.61,1.656,1.1840000000000002,1.429,1.426,1.442,1.646,1.956
P27297,4.922,6.702000000000001,3.548,4.88,4.883,6.157,5.577000000000001,5.586,5.581,3.95,9.335,13.75,3.653,4.133,4.109,3.95,3.797,4.242,6.4529999999999985,5.1370000000000005,7.812,10.08,4.635,5.847
P0AE52,18.68,21.79,28.92,19.35,27.85,22.07,20.08,25.18,23.47,12.77,21.61,31.8,20.41,22.02,18.98,12.77,20.0,19.7,27.44,28.18,25.28,27.53,20.75,23.61
P28246,2.268,1.793,1.365,1.3869999999999998,1.517,1.761,2.134,2.14,2.32,1.3969999999999998,2.54,2.773,1.085,1.022,1.063,1.3969999999999998,1.392,1.052,2.535,2.089,2.512,2.259,2.116,2.269
P17444,1.7009999999999998,3.706,8.256,6.431,6.659,4.387,3.872,4.562,3.926,3.026,4.213,3.042,3.792,2.702,5.153,3.026,4.75,5.3039999999999985,2.842,3.669,2.528,3.0980000000000003,3.1660000000000004,3.686
P17445,5.94,7.517,13.39,12.12,10.04,7.74,4.43,4.561,5.127999999999999,2.949,5.772,4.426,7.3279999999999985,5.732,9.838,2.949,10.78,10.63,4.256,4.235,3.696,4.3439999999999985,3.855,4.2860000000000005
P17446,8.432,14.28,12.41,20.07,11.74,12.31,7.242000000000001,7.711,7.572,6.215,7.731,9.359,11.31,12.11,14.51,6.215,22.65,15.37,7.272,6.529,6.266,8.002,6.8279999999999985,6.372999999999998
P0ABC9,5.306,4.413,6.2189999999999985,3.846,4.437,3.326,3.472,3.394,3.928,3.463,3.71,3.51,4.624,3.855,5.15,3.463,4.487,5.635,2.539,3.036,2.451,2.734,3.771,2.765
P0ABD3,1.338,1.425,1.689,1.383,1.809,1.998,2.717,3.466,3.087,2.037,3.215,3.644,7.205,6.492000000000001,9.504,2.037,7.227,7.606,5.088,4.857,3.169,3.092,2.033,2.765
Q46829,6.0539999999999985,6.41,4.643,6.81,5.8279999999999985,6.042000000000002,5.462999999999999,5.3679999999999986,5.158,4.067,6.136,6.619,5.21,5.83,5.428,4.067,5.3279999999999985,5.299,8.127,7.7120000000000015,7.997999999999998,8.765,6.283,6.324
P11988,0.159,0.218,0.183,0.209,0.12,0.105,0.188,0.192,0.185,0.6509999999999999,0.425,0.224,0.332,0.14,0.126,0.6509999999999999,0.107,0.18,0.59,0.397,0.343,0.317,0.318,0.267
P08722,0.159,0.2,0.292,0.223,0.185,0.126,0.235,0.168,0.14,0.5920000000000001,0.16899999999999998,0.0481,0.349,0.18,0.127,0.5920000000000001,0.119,0.0981,0.303,0.365,0.161,0.0897,0.0456,0.104
P11989,0.124,0.191,0.0603,0.0828,0.077,0.126,0.187,0.0303,0.0559,0.954,0.363,0.0511,0.322,0.175,0.08800000000000001,0.954,0.129,0.0661,0.3670000000000001,0.407,0.139,0.0319,0.0674,0.0402
P39404,0.375,0.28,0.202,0.332,0.224,0.38,0.604,0.319,0.423,0.501,0.664,0.5770000000000001,0.242,0.118,0.16899999999999998,0.501,0.0431,0.0856,0.69,0.468,0.584,0.621,0.469,0.527
P33363,5.153,4.646,4.59,3.57,4.66,4.0310000000000015,4.901,5.3610000000000015,4.884,2.9730000000000003,4.5680000000000005,4.954,3.648,4.294,3.642,2.9730000000000003,2.69,3.88,3.509,4.581,6.414,6.172999999999999,4.579,6.2360000000000015
P12995,1.211,1.281,1.033,1.008,1.3330000000000002,1.466,1.4880000000000002,1.872,1.444,0.7609999999999999,1.539,0.955,1.3969999999999998,1.429,1.228,0.7609999999999999,1.225,0.929,1.7619999999999998,2.533,1.862,1.6369999999999998,1.6969999999999998,2.276
P12996,1.158,1.211,1.176,1.167,1.167,1.151,2.263,2.252,2.151,1.734,1.929,2.352,1.515,1.683,1.224,1.734,1.416,1.459,3.249,3.649,2.684,3.43,2.526,3.209
P12999,0.541,0.456,0.556,0.573,0.662,0.473,0.789,1.025,0.949,0.6609999999999999,0.831,0.949,0.562,0.575,0.509,0.6609999999999999,0.575,0.585,1.168,1.485,0.954,1.079,1.092,1.365
P13000,0.629,0.607,0.526,0.7240000000000001,0.6629999999999999,0.634,0.885,0.939,1.002,0.872,0.918,0.955,0.6829999999999999,0.752,0.6629999999999999,0.872,0.628,0.604,1.314,1.3530000000000002,0.908,1.239,1.015,1.141
P12998,0.32299999999999995,0.348,0.581,0.435,0.584,0.503,0.6970000000000001,0.6629999999999999,0.557,0.506,0.6970000000000001,0.7290000000000001,0.499,0.581,0.449,0.506,0.406,0.426,1.095,0.6509999999999999,0.7140000000000001,1.3130000000000002,0.631,0.759
P13001,4.542,3.697,4.225,2.806,3.687,3.292,4.328,4.433,4.243,2.9,3.848,3.595,2.7310000000000003,2.789,2.323,2.9,2.158,2.629,3.708,5.428,3.876,4.695,5.204,4.954
P06709,4.606,3.706,2.693,3.428,3.482,3.562,3.082,4.12,4.646,3.668,4.918,4.378,2.145,2.214,1.936,3.668,2.212,1.946,4.0539999999999985,3.403,4.751,6.002000000000002,4.235,4.592
P20099,1.384,1.037,0.899,1.284,1.3159999999999998,1.279,1.146,0.957,1.416,1.404,1.356,1.206,1.157,1.051,1.153,1.404,1.114,1.2990000000000002,1.018,1.241,1.224,1.335,1.64,1.351
P46923,0.395,0.147,0.485,0.466,0.491,0.524,0.723,0.787,0.5539999999999999,0.754,0.6,0.63,0.644,0.513,0.517,0.754,0.6459999999999999,0.546,0.59,0.6809999999999999,0.339,0.509,0.518,0.557
P0A901,0.767,0.899,1.341,1.166,1.366,1.286,0.695,0.8909999999999999,0.64,0.8540000000000001,0.738,0.7340000000000001,2.255,1.78,3.115,0.8540000000000001,2.684,2.772,0.7929999999999999,1.0759999999999998,0.603,0.868,0.8390000000000001,0.701
P0ABE2,3.545,3.136,4.519,2.925,3.269,2.7510000000000003,5.099,4.3580000000000005,5.4510000000000005,3.671,5.2410000000000005,4.501,4.5539999999999985,4.316,4.5139999999999985,3.671,4.177,4.891,7.187,7.585,5.483,4.25,6.36,3.555
P0AD99,5.17,3.045,2.967,2.969,2.303,3.01,6.303,5.432,6.358,6.19,6.976,5.1960000000000015,1.98,1.713,1.989,6.19,1.743,2.074,3.2110000000000003,3.045,6.006,6.29,6.056,5.602
P06129,1.974,2.338,1.362,2.3080000000000003,2.049,2.8080000000000003,0.8490000000000001,0.693,0.925,0.912,1.277,1.388,1.591,1.354,1.166,0.912,1.574,1.615,1.08,0.6990000000000001,1.221,1.719,1.007,0.917
P06609,3.652,2.374,3.05,2.313,3.149,2.603,2.333,2.0340000000000003,2.352,2.377,2.111,1.95,2.075,2.182,1.924,2.377,2.315,2.518,1.238,1.529,2.479,2.437,3.162,2.874
P06611,1.51,1.294,1.681,1.675,1.662,1.927,1.872,1.848,1.971,2.263,2.119,1.928,2.143,2.057,2.389,2.263,2.977,2.82,1.759,2.076,2.336,2.602,2.898,2.702
P06610,3.513,2.812,3.994,2.7710000000000004,4.4689999999999985,3.225,3.004,2.12,2.088,2.212,2.121,2.86,4.524,3.868,4.552,2.212,4.215,4.674,1.982,2.059,3.324,3.022,3.133,3.406
P0A9H5,4.694,4.375,5.381,4.535,4.328,4.038,1.6,1.939,2.5780000000000003,1.561,2.518,2.165,2.814,2.92,2.53,1.561,2.886,3.013,1.5830000000000002,1.716,2.565,1.4880000000000002,2.742,2.455
P0A9H3,0.263,0.0651,0.243,0.0652,0.0782,0.0171,0.63,0.535,0.474,0.942,0.5870000000000001,0.31,2.07,2.346,1.899,0.942,2.43,2.438,0.679,0.5489999999999999,0.313,0.359,0.42,0.321
P0AAE8,0.28600000000000003,0.233,0.266,0.308,0.0471,0.115,0.488,0.172,0.276,0.7390000000000001,0.325,0.262,1.317,1.217,0.931,0.7390000000000001,1.265,1.098,0.3720000000000001,0.583,0.205,0.17,0.199,0.224
P23890,0.345,0.474,0.253,0.202,0.21,0.241,0.318,0.155,0.203,0.37,0.32299999999999995,0.304,0.194,0.109,0.0651,0.37,0.0249,0.0856,0.108,0.0267,0.122,0.116,0.0601,0.13
P0A9J0,5.9460000000000015,4.933,6.785,4.707,6.141,5.671,6.334,6.6110000000000015,7.0070000000000014,4.828,6.025,5.011,4.559,4.6,4.753,4.828,4.537,4.032,5.12,5.5470000000000015,6.207999999999998,4.884,7.332000000000002,7.029
P60584,0.636,0.433,0.155,0.617,0.632,0.555,0.8540000000000001,0.899,0.879,1.121,0.8909999999999999,0.918,0.71,0.8109999999999999,0.8009999999999999,1.121,0.737,0.804,1.057,0.6890000000000001,1.093,1.091,1.083,0.8370000000000001
P31572,1.032,1.1840000000000002,1.21,1.155,1.2990000000000002,1.167,1.639,1.491,1.465,1.987,1.263,1.327,1.4680000000000002,1.431,1.324,1.987,1.26,1.36,2.188,1.692,1.541,1.874,1.673,1.105
P31552,0.752,0.8340000000000001,0.4320000000000001,0.513,0.713,0.5539999999999999,1.218,1.154,1.236,1.519,0.94,1.094,0.898,0.8,0.6809999999999999,1.519,0.637,0.612,1.021,2.015,1.18,1.301,1.646,1.278
P31551,1.436,1.591,1.0,1.592,1.42,1.269,1.288,1.182,1.157,1.757,1.094,1.099,1.165,1.075,1.262,1.757,1.308,1.029,1.67,1.739,1.139,1.4780000000000002,1.601,1.144
P39206,1.392,1.02,1.073,0.7509999999999999,0.951,0.705,1.096,1.398,0.978,2.378,1.084,0.87,0.938,0.804,0.836,2.378,0.662,0.83,1.7619999999999998,2.984,1.173,1.072,1.117,1.346
P0AE58,0.916,0.601,0.607,0.471,0.411,0.423,0.604,0.82,1.17,1.247,0.855,0.696,1.746,1.473,1.594,1.247,1.3430000000000002,1.645,1.052,1.089,0.815,0.733,0.877,0.655
P31553,0.459,0.377,0.328,0.102,0.298,0.201,0.343,0.453,0.418,0.914,0.354,0.526,0.467,0.444,0.46,0.914,0.48,0.37,0.975,0.969,0.613,0.564,0.645,0.411
P0A6F1,1.505,2.006,0.998,1.529,1.786,1.806,0.965,1.656,1.3030000000000002,1.372,1.135,1.186,2.112,2.772,1.877,1.372,2.6260000000000003,2.999,2.388,1.615,2.0580000000000003,1.864,1.625,1.239
P00968,3.799,3.653,2.136,2.434,2.445,2.992,2.16,2.676,2.903,2.924,3.671,3.257,2.989,3.498,2.464,2.924,2.8510000000000004,3.699,3.791,3.108,3.844,3.2880000000000003,4.231,2.456
Q47083,0.23,0.375,0.371,0.237,0.35100000000000003,0.326,0.513,0.461,0.365,0.757,0.348,0.366,0.471,0.369,0.34600000000000003,0.757,0.328,0.244,0.342,0.264,0.414,0.5660000000000001,0.495,0.34700000000000003
P36659,5.207999999999998,3.208,5.438,4.133,5.074,4.1080000000000005,6.223,6.053,6.428,5.394,8.468,5.475,8.597000000000001,9.607,10.89,5.394,11.68,10.36,5.675,3.595,7.271,7.978,5.938,9.324
P06961,3.305,3.479,3.919,3.739,3.785,2.947,4.49,5.119,4.455,3.587,4.694,4.703,3.999,3.478,3.582,3.587,3.689,4.235,3.587,4.36,4.729,5.287000000000001,5.919,5.183
P0ABF4,1.3119999999999998,1.213,1.211,1.481,1.425,1.2919999999999998,1.45,1.605,1.5019999999999998,1.432,1.392,1.264,1.226,1.07,1.372,1.432,1.489,1.209,1.3430000000000002,1.4069999999999998,1.347,1.506,2.08,1.444
P0AEJ8,0.853,1.288,0.723,0.752,1.029,1.473,0.809,0.965,0.8059999999999999,1.648,1.013,0.915,0.913,1.07,1.221,1.648,1.044,1.0659999999999998,0.975,1.08,0.897,0.62,1.148,0.8370000000000001
P33931,0.8959999999999999,1.061,0.467,0.713,0.598,0.821,1.022,0.7,0.8690000000000001,0.94,1.144,1.751,1.054,1.283,1.064,0.94,1.242,1.285,1.218,0.941,1.098,1.511,1.509,1.045
P0ABL8,1.44,1.132,1.046,1.243,0.97,1.2009999999999998,2.269,1.824,2.156,1.587,1.845,2.09,0.914,0.904,1.291,1.587,1.296,0.818,2.268,2.445,1.723,1.911,2.32,1.612
P0ABM1,1.7719999999999998,0.612,0.59,0.727,0.8109999999999999,0.7859999999999999,1.435,1.798,1.958,1.523,1.493,1.3330000000000002,1.082,1.272,0.8490000000000001,1.523,1.022,1.125,1.696,2.313,1.844,1.686,2.415,1.931
P0ABM5,0.804,0.799,0.684,0.602,0.7290000000000001,0.7340000000000001,1.475,1.59,1.575,1.928,1.516,1.433,1.012,1.094,0.94,1.928,1.092,1.189,1.71,1.632,1.653,1.7,2.061,2.018
P69490,0.481,0.168,0.17,0.494,0.155,0.483,1.001,1.006,1.453,1.279,1.261,1.121,0.873,0.805,1.045,1.279,0.956,1.061,1.902,2.673,1.925,1.414,1.985,1.785
P33927,0.7120000000000001,0.182,0.105,0.179,0.101,0.544,0.212,0.203,0.7959999999999999,0.594,1.021,0.964,0.119,0.588,0.687,0.594,0.758,0.74,1.492,0.259,0.612,1.294,0.204,0.158
P0ABM9,1.825,1.376,1.253,1.465,1.57,1.337,2.508,2.297,2.48,1.872,2.315,2.361,1.426,1.671,1.42,1.872,1.325,1.364,2.375,2.825,2.007,2.5780000000000003,2.689,2.546
P0ABF6,13.73,17.76,6.356,4.722,4.468,3.057,1.807,1.588,1.696,1.565,1.978,2.195,0.847,0.767,0.794,1.565,0.758,0.826,1.439,1.104,2.251,2.605,1.805,2.124
P06282,2.044,2.248,2.327,1.901,2.309,2.051,6.245,6.421,6.4129999999999985,4.757,6.1770000000000005,6.1179999999999986,2.1790000000000003,2.665,2.152,4.757,1.988,2.239,4.473,4.589,6.107,5.848,6.25,5.795
P0ABG1,8.527000000000001,11.47,8.291,8.781,11.24,10.85,7.132999999999999,6.695,8.016,3.567,6.693,8.439,4.503,3.943,4.897,3.567,3.701,4.355,8.041,6.62,10.18,7.0470000000000015,7.678,4.74
P69795,7.141,8.392000000000001,7.912000000000001,4.134,6.6110000000000015,4.1110000000000015,3.131,4.208,3.929,2.081,3.318,3.641,5.691,5.237,4.659,2.081,4.174,4.977,3.575,4.936,3.315,2.82,3.0380000000000003,3.48
P17334,0.64,0.846,0.5820000000000001,0.341,0.494,0.509,0.223,0.396,0.344,0.329,0.398,0.368,0.35200000000000004,0.433,0.258,0.329,0.326,0.447,0.336,0.259,0.241,0.388,0.17,0.458
P69791,1.533,1.625,1.889,1.248,1.349,1.337,1.712,1.283,1.414,0.8320000000000001,1.5319999999999998,1.41,0.992,0.784,0.838,0.8320000000000001,0.988,0.85,1.263,1.331,1.5219999999999998,1.459,1.138,1.34
P17410,0.809,0.645,0.7879999999999999,0.703,0.851,0.665,0.555,0.523,0.581,0.467,0.597,0.619,0.49,0.6659999999999999,0.613,0.467,0.562,0.557,0.51,0.532,0.455,0.507,0.53,0.4920000000000001
P17411,0.743,0.846,0.969,0.9,0.821,0.882,0.86,0.8809999999999999,0.606,0.634,0.995,1.043,0.818,0.848,0.76,0.634,0.828,0.6970000000000001,0.851,0.836,1.014,1.119,0.6809999999999999,0.894
P0A9H7,2.7230000000000003,2.17,2.311,2.258,2.351,2.758,4.974,4.567,6.169,2.226,5.763,6.024,6.121,7.144,6.8210000000000015,2.226,7.444,7.892,6.305,5.301,5.972,6.542000000000002,4.062,5.857
P31801,3.063,2.821,3.129,3.93,5.199,5.276,3.161,3.136,2.6180000000000003,1.189,3.071,3.591,1.853,2.299,2.344,1.189,2.217,1.999,1.393,1.325,2.895,4.1389999999999985,1.866,3.112
P0AE63,2.245,1.758,2.67,2.482,2.3680000000000003,1.435,2.124,2.498,2.464,1.813,2.207,2.196,3.245,3.216,3.123,1.813,2.426,3.107,2.213,3.619,2.399,2.091,3.092,3.016
P39163,1.432,1.456,1.672,1.393,1.57,1.367,1.823,1.3530000000000002,1.37,1.131,1.46,1.395,1.967,1.783,1.956,1.131,2.226,2.057,0.603,1.508,1.403,1.406,1.197,1.6130000000000002
P07363,51.81,40.05,39.48,43.39,51.76,48.1,4.753,3.448,3.59,2.823,2.617,1.962,15.71,14.9,13.87,2.823,13.18,13.52,1.118,1.595,1.233,1.016,1.083,1.352
P07330,35.27,26.61,34.35,30.15,44.13,34.75,2.624,2.052,2.08,1.431,1.518,1.646,6.339,5.365,3.868,1.431,3.649,4.8210000000000015,1.176,1.6369999999999998,0.898,0.889,1.138,1.063
P07364,12.91,13.28,13.69,18.37,19.86,21.22,1.1840000000000002,0.971,0.958,0.6409999999999999,0.6709999999999999,0.758,3.305,2.772,2.318,0.6409999999999999,2.355,2.591,0.585,0.763,0.6509999999999999,0.499,0.604,0.7959999999999999
P0A964,36.61,30.33,27.69,30.89,32.59,37.08,4.587,3.2880000000000003,3.52,2.7230000000000003,3.047,2.352,14.15,12.38,10.87,2.7230000000000003,10.8,10.81,1.319,1.192,1.524,1.126,1.854,1.577
P0AE67,58.55,50.87,44.61,44.26,61.61,60.86,4.044,3.99,3.728,2.415,3.069,3.513,11.35,8.291,8.695,2.415,6.726,8.533999999999999,2.416,2.257,2.043,1.878,2.344,2.291
P0A9H9,20.07,23.03,14.41,22.42,23.93,31.97,1.712,0.212,0.525,0.388,0.563,0.243,3.18,3.604,3.31,0.388,3.204,3.248,0.121,0.153,0.153,0.268,0.139,0.075
P0AE70,7.221,6.009,8.37,6.222,7.16,6.0120000000000005,8.415,9.996,9.979,6.607,8.74,8.992,5.83,7.07,6.084,6.607,6.032,6.382999999999999,7.588999999999999,8.779,10.13,9.728,10.07,10.43
P33647,3.485,3.36,2.136,1.957,2.846,1.858,2.758,3.344,2.893,2.809,2.922,3.6,5.247000000000001,4.7860000000000005,3.908,2.809,3.749,4.917,3.063,3.661,3.443,3.193,4.341,3.812
P0AE72,5.1610000000000005,6.914,4.868,7.022,6.64,7.002999999999999,5.129,5.471,4.579,3.624,6.085,8.117,5.462999999999999,6.495,5.8889999999999985,3.624,6.792000000000002,6.093,6.32,4.62,6.903,9.775,6.309,6.225
P08365,1.907,1.93,1.517,1.48,1.494,1.141,1.947,1.889,1.848,1.571,1.864,2.089,3.3710000000000004,3.4160000000000004,2.9410000000000003,1.571,2.8,3.216,2.379,1.865,1.851,1.929,1.991,1.922
P17315,3.966,4.421,2.503,2.548,2.1630000000000003,2.761,3.216,2.653,2.533,1.944,3.048,2.365,1.028,1.019,0.947,1.944,0.841,0.846,3.5460000000000003,3.656,2.423,2.548,2.713,2.997
P77510,0.957,0.727,0.748,0.5870000000000001,0.782,0.584,0.8859999999999999,0.821,0.959,0.91,0.88,0.954,0.677,0.737,0.698,0.91,0.595,0.643,1.022,0.7559999999999999,0.873,0.879,1.084,0.885
P0AEF4,1.741,1.65,1.731,2.275,1.505,2.1790000000000003,2.27,2.334,2.695,2.134,2.699,2.617,1.6569999999999998,2.003,1.495,2.134,1.735,1.5319999999999998,2.957,2.512,2.642,2.094,2.898,2.198
P77390,0.0245,0.0439,0.033,0.0439,0.0172,0.0355,0.0678,0.0341,0.0219,0.246,0.047,0.0389,0.0641,0.0393,0.0286,0.246,0.0332,0.0383,0.0361,0.0347,0.0418,0.0289,0.0383,0.0246
P69330,0.507,0.527,0.728,0.534,0.477,0.6609999999999999,0.682,0.574,0.588,0.861,0.5710000000000001,0.526,0.445,0.35100000000000003,0.477,0.861,0.521,0.546,0.55,0.493,0.459,0.44,0.741,0.383
P0A9I1,0.273,0.28,0.16899999999999998,0.476,0.293,0.29600000000000004,0.11,0.211,0.0602,0.3720000000000001,0.311,0.139,0.237,0.227,0.225,0.3720000000000001,0.224,0.192,0.18600000000000005,0.0627,0.102,0.0935,0.205,0.0614
P75726,0.6970000000000001,0.657,0.615,0.7709999999999999,0.7609999999999999,0.7020000000000001,0.611,0.7859999999999999,0.648,0.725,0.826,0.469,0.634,0.778,0.935,0.725,0.784,0.688,0.664,0.252,0.429,0.483,0.809,0.496
P77231,0.0689,0.0333,0.0443,0.0552,0.0391,0.0416,0.0635,0.0662,0.0595,0.0902,0.0567,0.0542,0.0432,0.0393,0.0386,0.0902,0.0315,0.0404,0.0439,0.0813,0.0574,0.057,0.0902,0.0703
P0ABH9,5.26,3.79,11.02,10.35,8.52,7.309,4.194,4.453,4.868,2.719,3.704,5.515,7.535,5.425,8.945,2.719,8.865,8.764,6.768,5.332000000000002,5.113,4.82,2.859,5.2429999999999986
P63284,2.302,2.324,6.3660000000000005,10.64,14.01,16.98,6.8020000000000005,6.936,7.768,5.122999999999998,8.772,8.856,11.03,11.69,19.74,5.122999999999998,18.69,15.11,7.867000000000001,7.172999999999999,8.728,10.06,6.569,7.497000000000001
P0A6G7,16.73,15.58,19.57,24.47,27.99,32.06,13.58,13.64,12.48,11.63,14.66,14.38,13.21,14.59,16.68,11.63,15.07,15.15,19.65,13.29,16.63,19.53,13.39,13.02
P0A6H1,13.93,15.24,18.75,18.77,25.87,28.76,14.8,14.32,13.81,12.69,15.47,13.38,9.824,11.26,10.2,12.69,9.565,10.94,18.02,19.33,19.42,18.26,18.31,14.59
P0A6H8,3.848,4.239,4.385,4.542,4.022,4.383,4.591,4.76,5.024,2.745,3.716,5.101,4.64,5.371,4.882,2.745,5.252000000000002,5.381,3.33,3.465,5.648,5.544,5.07,4.926
P0A6I0,34.28,34.49,18.75,22.07,23.56,25.7,27.72,28.65,27.6,19.12,24.56,29.71,10.15,14.15,11.2,19.12,10.74,11.31,23.49,21.03,32.61,28.81,26.02,27.17
P0AEY8,3.574,2.5540000000000003,1.93,1.885,2.399,2.099,3.816,3.95,5.048,2.279,2.7230000000000003,4.05,1.391,1.476,1.007,2.279,1.164,1.336,2.287,2.9610000000000003,3.395,2.852,3.803,3.682
P69826,0.8059999999999999,0.5529999999999999,0.662,0.524,0.462,0.521,0.807,0.915,0.7340000000000001,0.841,0.845,0.718,0.6809999999999999,0.544,0.359,0.841,0.512,0.5870000000000001,0.705,1.093,0.7040000000000001,0.755,1.103,0.79
P69824,0.234,0.235,0.271,0.217,0.131,0.145,0.13699999999999998,0.25,0.0694,0.442,0.35700000000000004,0.162,0.486,0.232,0.257,0.442,0.261,0.29,0.17600000000000002,0.293,0.139,0.147,0.16699999999999998,0.104
P0A6I3,7.258999999999999,9.347,5.737,3.759,4.8889999999999985,5.296,5.074,6.018,6.7,4.824,5.256,5.6960000000000015,5.141,5.872999999999998,4.66,4.824,4.4830000000000005,4.687,3.013,2.761,5.785,5.23,5.194,6.119
P75960,7.276,7.07,7.061,6.671,7.313,7.688,4.427,4.9910000000000005,3.936,3.327,3.755,3.964,6.7189999999999985,7.64,6.874,3.327,8.052,7.383999999999999,3.495,4.2410000000000005,4.968,5.042,6.596,5.143
P36561,3.991,4.012,5.5920000000000005,5.3370000000000015,7.382999999999999,4.9110000000000005,5.064,5.62,6.146,3.777,4.631,5.725,5.2620000000000005,5.707000000000002,4.788,3.777,5.666,4.717,3.922,4.9430000000000005,5.985,6.24,5.775,6.372000000000001
P36562,3.3080000000000003,3.263,4.23,4.352,4.215,4.222,5.364,4.714,4.387,3.964,4.125,4.146,4.113,4.412,4.54,3.964,4.387,3.969,2.7030000000000003,2.717,3.69,4.384,2.773,3.716
P0AE76,1.767,1.992,2.322,1.7519999999999998,2.141,1.939,1.987,2.1180000000000003,1.929,1.329,1.7519999999999998,1.936,1.853,1.831,1.871,1.329,1.631,1.905,1.646,1.479,2.184,2.063,1.892,2.016
P25524,3.006,3.575,2.807,2.841,3.472,3.181,4.745,3.892,3.728,1.787,4.254,5.928,4.213,4.416,3.606,1.787,3.672,4.221,3.188,2.7910000000000004,4.853,4.732,3.649,3.378
P0AA82,0.685,1.463,0.967,0.774,0.962,0.982,2.8280000000000003,2.3080000000000003,2.535,1.554,2.205,2.548,2.067,2.507,1.321,1.554,1.257,1.505,1.433,1.393,3.08,2.67,2.7230000000000003,1.907
P46891,2.188,3.526,2.239,2.761,3.222,2.509,1.325,1.379,1.519,0.823,1.182,1.893,1.851,2.263,2.341,0.823,2.279,1.431,1.87,0.888,1.756,1.92,1.237,1.082
P0ABI4,4.28,3.717,2.17,1.68,2.087,2.638,6.749,5.9060000000000015,5.68,4.273,5.124,5.529,2.466,3.248,2.3480000000000003,4.273,2.377,2.736,7.452000000000001,6.237,7.893,9.482,6.4460000000000015,5.809
P08331,1.516,2.1830000000000003,3.063,1.848,2.209,2.056,1.341,1.555,1.648,0.8390000000000001,1.211,1.112,4.617,4.056,6.65,0.8390000000000001,5.978,6.079,0.968,1.18,1.7080000000000002,1.017,1.514,1.093
P24174,1.149,0.695,0.5589999999999999,0.698,0.682,0.74,0.466,0.505,0.415,0.688,0.5770000000000001,0.473,0.42,0.551,0.418,0.688,0.464,0.461,0.684,0.833,0.3720000000000001,0.36,0.8190000000000001,0.728
P24175,2.375,2.35,1.367,2.292,2.105,2.343,2.158,2.2230000000000003,2.127,2.165,1.882,2.257,1.364,2.301,2.363,2.165,2.469,1.881,2.316,2.733,2.036,2.192,2.774,2.353
P0AE82,2.086,1.953,2.249,2.371,2.428,2.427,3.218,3.484,3.5,2.3,3.732,3.796,2.9530000000000003,2.281,3.093,2.3,2.637,3.4610000000000003,3.312,3.3510000000000004,3.906,3.782,2.205,3.339
P0AE88,6.234,6.136,7.497999999999998,8.543,11.65,8.17,8.125,8.255,6.97,4.212,7.476,9.458,11.16,10.04,11.86,4.212,11.54,13.81,11.13,7.659,10.62,12.88,4.752,8.582
P37001,0.127,0.115,0.0651,0.0577,0.278,0.0686,0.133,0.187,0.104,0.493,0.172,0.276,0.149,0.0365,0.0601,0.493,0.0564,0.0418,0.835,0.54,0.224,0.232,0.248,0.208
P37002,2.1790000000000003,2.115,1.5530000000000002,1.245,1.96,2.088,2.403,2.192,2.688,2.003,2.503,3.105,1.141,0.884,1.045,2.003,0.755,0.908,1.726,1.3230000000000002,2.064,2.738,2.456,1.902
P0AE91,3.94,4.285,5.27,4.606,5.69,4.448,7.9220000000000015,9.08,9.027,5.641,7.875,9.922,8.09,7.707999999999998,9.33,5.641,9.171,8.649,7.119,7.141,8.125,7.478,8.384,7.444
P08368,1.957,1.933,2.344,1.942,2.341,2.309,2.375,2.276,2.779,2.01,2.4290000000000003,2.477,2.918,2.713,3.322,2.01,2.9530000000000003,3.119,2.083,2.325,2.478,1.965,2.807,3.026
P08401,0.17600000000000002,0.191,0.198,0.14400000000000002,0.299,0.26,0.188,0.289,0.238,0.321,0.404,0.46,0.395,0.213,0.394,0.321,0.579,0.402,0.223,0.0973,0.282,0.297,0.381,0.212
P08369,0.515,0.6,0.461,0.5539999999999999,0.547,0.409,0.458,0.5529999999999999,0.5,0.556,0.547,0.498,0.384,0.163,0.331,0.556,0.333,0.33,0.645,0.599,0.625,0.268,0.519,0.425
P24251,33.05,33.51,50.48,32.53,42.69,25.66,23.76,29.21,29.09,22.72,24.98,22.58,28.07,34.49,35.5,22.72,37.47,36.5,39.62,42.68,33.75,24.79,35.11,25.51
P0ACJ8,46.41,49.15,37.32,35.76,41.6,33.52,25.59,26.66,25.37,18.21,26.56,35.54,28.68,34.22,28.28,18.21,30.59,33.55,23.01,23.05,24.64,32.65,24.47,27.78
P69783,29.84,24.48,23.45,21.96,24.75,23.02,45.96,50.03,50.91,27.99,48.98,54.89,20.11,23.35,21.4,27.99,22.08,21.68,39.95,44.41,49.45,51.07,49.2,49.4
P28307,0.4320000000000001,0.597,0.7440000000000001,0.716,0.6709999999999999,0.32,1.035,1.235,0.954,1.11,1.024,1.251,1.138,1.204,1.308,1.11,1.144,1.12,1.485,1.028,1.039,1.024,0.848,0.872
P0ABK7,0.16399999999999998,0.0348,0.101,0.229,0.0414,0.022,0.605,0.509,0.515,0.589,0.374,0.503,0.246,0.0384,0.202,0.589,0.16399999999999998,0.134,0.409,0.42,0.42,0.327,0.399,0.331
P52107,1.161,0.91,1.476,0.794,0.959,0.993,1.229,0.7859999999999999,0.867,0.77,0.952,0.693,0.919,0.617,0.363,0.77,0.585,0.546,0.28300000000000003,0.212,0.7390000000000001,0.523,0.6920000000000001,0.843
P52106,0.0138,0.0151,0.033,0.0188,0.0218,0.0147,0.153,0.265,0.252,0.211,0.253,0.142,0.17800000000000002,0.0356,0.0501,0.211,0.0473,0.08,0.206,0.183,0.0539,0.0768,0.272,0.173
P0AE95,0.0138,0.01,0.0273,0.01,0.01,0.01,0.0264,0.0208,0.0297,0.054000000000000006,0.0306,0.0122,0.0179,0.01,0.01,0.054000000000000006,0.01,0.01,0.0379,0.02,0.0183,0.0251,0.0219,0.0171
P0AE98,0.0398,0.0303,0.293,0.0401,0.0241,0.0171,0.358,0.184,0.328,0.271,0.241,0.217,0.175,0.0169,0.073,0.271,0.0232,0.0919,0.249,0.192,0.182,0.102,0.218,0.183
P0AEA2,0.276,0.0575,0.0726,0.0752,0.0425,0.0392,0.273,0.229,0.338,0.238,0.215,0.293,0.118,0.0861,0.108,0.238,0.0788,0.117,0.121,0.076,0.0739,0.189,0.0519,0.0764
P54901,0.369,0.5529999999999999,0.368,0.17800000000000002,0.217,0.223,0.17,0.445,0.33,0.648,0.5770000000000001,0.322,3.992,4.089,4.876,0.648,5.93,5.5539999999999985,0.0895,0.165,0.547,0.4320000000000001,0.159,0.359
P0A9X9,57.12,40.98,25.86,23.68,25.16,45.36,12.57,13.59,19.68,15.56,24.95,30.59,2.501,2.847,2.252,15.56,2.329,2.503,8.767000000000001,8.281,13.42,13.33,14.52,17.67
P36995,0.369,0.368,0.326,0.204,0.299,0.252,0.213,0.0804,0.122,0.0298,0.341,0.246,0.0604,0.0253,0.0129,0.0298,0.0398,0.01,0.0207,0.036000000000000004,0.0957,0.16,0.021,0.116
P0A9Y6,121.5,111.4,113.6,83.39,108.3,95.22,59.17,68.19,65.33,44.3,52.23,63.37,53.06,52.52,53.65,44.3,62.51,57.05,66.09,50.19,62.37,58.85,60.75,55.5
P0A968,6.188,12.1,10.08,7.612999999999999,6.369,5.579,5.516,4.619,5.776,2.036,5.178,6.3,39.83,38.83,45.44,2.036,50.09,46.46,4.01,3.927,5.8660000000000005,5.6560000000000015,4.17,3.428
P0A972,107.9,79.52,85.04,37.46,56.91,68.26,28.91,24.26,46.71,25.31,47.4,36.99,36.91,28.25,24.13,25.31,24.34,25.24,33.5,15.51,34.18,23.0,29.96,20.57
P0A976,1.07,0.7709999999999999,0.713,0.6809999999999999,1.029,1.137,0.672,0.429,0.653,0.491,0.812,1.52,0.105,0.0309,0.0472,0.491,0.0456,0.126,0.28300000000000003,0.0253,0.528,1.052,0.441,0.635
P0A978,1.897,1.874,0.988,1.4340000000000002,1.211,1.611,0.921,1.014,0.992,0.882,1.199,1.777,0.574,0.696,0.569,0.882,0.515,0.486,0.831,0.6829999999999999,0.8540000000000001,1.064,1.052,1.015
P0A982,0.634,0.743,0.57,0.716,0.621,0.737,0.939,0.8109999999999999,0.898,0.8079999999999999,0.914,1.4340000000000002,0.466,0.248,0.279,0.8079999999999999,0.236,0.242,0.503,0.631,0.612,0.654,0.573,0.878
P0A986,0.237,0.0363,0.133,0.252,0.244,0.213,0.0664,0.0605,0.0743,0.292,0.236,0.17,0.131,0.0243,0.0136,0.292,0.0174,0.01,0.65,0.539,0.0574,0.14800000000000002,0.041,0.0553
P69913,5.002,28.12,26.99,24.43,28.5,27.63,26.41,31.07,29.35,13.88,24.62,35.15,17.76,20.36,18.91,13.88,12.73,18.09,31.68,22.14,33.61,34.2,17.2,15.21
P15078,4.718,8.312000000000001,16.88,10.39,9.834,6.022,2.423,2.564,2.794,1.827,2.353,1.726,12.29,8.443999999999999,13.6,1.827,11.82,15.06,1.98,3.148,3.21,2.289,3.39,2.885
P77581,0.7,0.469,2.443,1.992,1.893,0.975,0.118,0.331,0.175,0.531,0.317,0.124,2.884,0.889,6.3210000000000015,0.531,5.9,4.598,0.14800000000000002,0.4270000000000001,0.211,0.275,0.256,0.112
P69488,6.207000000000002,6.61,8.437999999999999,7.273,7.9929999999999986,6.582000000000002,8.283,11.16,9.37,6.839,7.621,9.229,8.797,9.627,9.537,6.839,9.589,9.201,6.707000000000002,6.564,9.528,6.5139999999999985,8.512,9.061
P67826,1.144,1.329,1.025,1.024,0.906,0.938,1.217,1.266,1.248,0.93,1.469,1.693,1.2990000000000002,1.496,1.084,0.93,1.122,1.355,2.249,1.615,1.742,2.198,1.4409999999999998,1.475
P40710,4.011,2.942,4.0760000000000005,2.515,3.751,2.959,3.02,3.41,3.112,2.732,3.408,3.1830000000000003,2.863,2.549,2.677,2.732,2.417,2.795,3.325,3.615,3.618,2.404,3.762,2.8
P08550,3.888,3.369,1.8,2.489,2.705,2.688,3.1660000000000004,3.927,3.815,2.887,3.233,3.634,2.535,3.69,2.388,2.887,2.333,2.849,2.733,2.419,4.374,3.571,4.1389999999999985,3.48
P00936,2.115,1.496,1.607,2.458,2.194,2.73,2.539,2.556,2.4930000000000003,2.069,3.115,3.657,1.3730000000000002,1.695,1.46,2.069,1.54,1.61,2.825,1.78,2.478,3.557,2.41,2.338
P27838,6.3370000000000015,6.277,6.0470000000000015,5.278,5.852,5.732,12.9,11.52,11.73,10.28,14.19,17.26,5.524,5.853,4.58,10.28,5.051,5.081,18.41,14.31,14.45,15.87,13.25,11.69
P0ABE5,12.14,11.87,12.97,8.833,12.99,9.83,7.825,9.019,7.492000000000001,5.782,6.4,7.547999999999999,10.61,11.09,10.27,5.782,9.638,11.55,4.811,4.808,8.096,7.602,8.476,7.539
P0AAE0,3.83,4.212,4.9430000000000005,3.73,4.274,3.611,4.208,4.722,4.9289999999999985,3.716,4.103,4.535,4.81,2.488,5.8039999999999985,3.716,5.396,5.537000000000001,2.712,2.596,4.081,4.205,3.8,3.55
P0ABJ9,14.91,13.87,5.907,9.215,9.331,12.6,23.21,22.74,23.59,15.15,23.74,23.35,19.3,29.5,13.16,15.15,16.45,21.99,21.37,15.36,22.36,32.15,17.2,23.51
P0ABK2,18.87,17.16,10.06,10.69,11.63,13.36,40.39,36.26,38.72,22.22,39.27,38.98,26.16,36.74,17.95,22.22,20.29,27.48,32.78,28.39,28.44,30.59,29.87,34.32
P23886,5.234,5.812,4.686,4.292,5.38,5.6770000000000005,6.319,4.272,4.7360000000000015,3.0410000000000004,4.117,5.3260000000000005,4.566,6.034,3.795,3.0410000000000004,4.073,3.714,2.713,3.591,4.438,5.419,3.944,5.393
P29018,2.444,2.0980000000000003,1.587,1.827,1.913,2.124,2.276,1.97,2.555,1.401,2.149,2.04,1.541,2.171,1.581,1.401,1.453,1.672,1.096,1.199,1.88,1.988,1.977,2.383
P27111,0.645,1.195,0.821,1.038,1.093,1.056,2.158,2.152,1.7519999999999998,1.467,1.433,1.69,1.2819999999999998,1.182,1.055,1.467,1.36,1.293,1.4240000000000002,1.761,1.867,1.89,1.937,1.396
P00816,0.0658,0.28600000000000003,0.0669,0.179,0.22,0.16699999999999998,0.0971,0.0445,0.0517,0.141,0.0959,0.07400000000000001,0.312,0.21,0.391,0.141,0.238,0.3720000000000001,0.19,0.261,0.159,0.128,0.0738,0.0477
P0ABE9,0.329,0.289,0.504,0.578,0.403,0.268,0.42,0.416,0.515,0.531,0.332,0.429,0.593,0.434,0.415,0.531,0.453,0.35600000000000004,0.491,0.5760000000000001,0.448,0.395,0.498,0.387
P17583,0.153,0.274,0.313,0.316,0.391,0.0906,0.189,0.364,0.0864,0.19,0.228,0.16899999999999998,0.524,0.209,0.34700000000000003,0.19,0.328,0.182,0.33,0.14800000000000002,0.151,0.241,0.171,0.354
P0ABJ1,105.0,95.34,63.05,59.91,67.88,70.01,40.9,45.73,43.54,38.86,40.73,38.59,42.12,49.48,39.4,38.86,52.58,47.27,31.7,41.88,52.88,44.87,62.63,53.51
P0ABI8,88.88,69.99,58.0,44.3,46.14,49.53,32.85,34.8,42.62,29.09,35.73,30.97,34.45,38.26,36.51,29.09,39.12,43.98,24.03,22.79,37.86,31.86,47.0,33.02
P0ABJ3,66.71,61.22,41.78,36.1,39.65,39.83,23.57,22.15,28.17,20.2,25.64,24.59,27.2,28.36,29.8,20.2,32.1,35.41,16.93,15.77,27.16,22.1,32.33,23.35
P0ABJ6,76.79,87.76,46.15,53.97,54.13,58.18,27.64,25.62,30.13,24.5,31.83,31.61,34.8,33.22,35.1,24.5,44.96,42.04,21.82,15.58,30.24,26.82,35.29,26.21
P0AEA5,23.23,21.36,16.82,13.02,13.18,13.41,6.814,5.1320000000000014,7.807,6.055,8.022,8.707,8.397,7.037000000000001,9.151,6.055,8.879,9.9,4.136,5.557,8.521,6.285,8.525,5.4220000000000015
P16676,0.429,0.519,0.537,0.8440000000000001,0.848,0.805,0.629,0.557,0.53,0.964,0.735,0.757,0.6829999999999999,0.7909999999999999,0.5820000000000001,0.964,0.789,0.74,0.35100000000000003,0.757,0.743,0.614,0.6759999999999999,0.66
P0A9F3,2.591,3.273,2.664,3.085,2.737,2.997,1.912,1.6909999999999998,1.422,0.989,1.988,1.971,1.381,1.547,1.735,0.989,1.6230000000000002,1.884,1.588,1.145,1.899,2.542,1.517,1.823
P0A6J1,0.242,0.168,0.277,0.329,0.547,0.19,0.33,0.394,0.447,0.451,0.264,0.332,0.58,0.368,0.39,0.451,0.376,0.34,0.278,0.308,0.597,0.344,0.589,0.501
P21156,0.188,0.45,0.498,0.637,0.6920000000000001,0.7070000000000001,0.242,0.237,0.173,0.6809999999999999,0.477,0.556,0.728,0.672,0.579,0.6809999999999999,0.677,0.708,0.195,0.228,0.382,0.727,0.193,0.228
P0A9D4,10.94,10.54,13.34,11.89,12.32,10.12,10.77,12.46,10.71,7.047999999999999,11.99,13.38,11.15,9.695,10.82,7.047999999999999,9.934,12.78,9.609,7.276,13.97,14.54,10.05,11.04
P0AEA8,1.926,1.208,1.204,1.334,1.159,1.284,1.529,1.55,1.722,1.466,1.6909999999999998,1.853,1.295,1.206,0.986,1.466,1.119,1.228,1.232,0.969,1.604,1.459,1.63,0.923
P17854,1.012,0.693,0.8370000000000001,0.7609999999999999,0.84,0.882,0.885,0.909,1.044,1.281,1.013,0.996,0.639,0.691,0.634,1.281,0.507,0.649,0.78,0.823,0.716,0.7659999999999999,0.987,0.916
P17846,1.528,1.205,1.207,1.86,1.679,1.713,0.909,1.892,1.465,1.416,1.506,1.178,1.291,0.439,0.794,1.416,1.426,0.919,1.396,1.111,1.015,1.007,2.027,1.36
P38038,1.489,1.375,1.822,1.3230000000000002,1.339,1.254,1.51,1.51,1.395,1.285,1.088,0.95,0.968,0.732,0.904,1.285,1.165,0.65,1.083,1.263,0.996,0.868,1.851,1.25
P0ABK5,7.646,7.572999999999999,11.02,10.32,10.21,9.914,11.23,11.28,11.02,6.817,9.866,10.13,10.43,11.88,12.59,6.817,12.67,14.51,8.19,10.05,10.58,11.47,9.916,10.98
P16703,2.133,1.923,2.684,2.631,2.275,2.322,1.812,1.554,1.279,2.122,1.789,1.523,1.081,1.4,1.4340000000000002,2.122,1.517,1.44,1.057,1.265,1.409,1.598,1.592,1.636
P23845,0.121,0.135,0.477,0.154,0.134,0.28,0.246,0.564,0.551,0.937,0.7020000000000001,0.57,0.506,0.443,0.518,0.937,0.602,0.5429999999999999,0.379,0.243,0.6579999999999999,0.495,0.56,0.544
P16700,2.571,1.5119999999999998,1.539,1.814,1.595,0.6629999999999999,2.099,2.2880000000000003,2.168,2.443,1.958,1.837,1.348,1.37,1.06,2.443,1.204,1.31,1.675,1.46,1.901,1.617,2.458,2.032
P22255,1.867,2.527,2.5540000000000003,2.623,2.591,2.295,2.827,2.5380000000000003,2.8,1.375,2.258,2.516,3.065,2.565,3.0460000000000003,1.375,3.094,3.174,2.609,2.047,3.048,2.125,2.446,1.907
P21888,6.675,5.212999999999999,4.145,4.142,4.279,4.26,8.086,8.545,9.619,4.033,7.14,8.664,2.664,3.355,2.178,4.033,2.759,2.486,10.36,11.93,8.476,9.202,7.127999999999999,7.366
P16701,0.147,0.509,0.653,0.5760000000000001,0.605,0.644,0.6679999999999999,0.279,0.438,1.209,0.726,0.621,0.474,0.605,0.517,1.209,0.622,0.388,0.332,0.431,0.564,0.5670000000000001,0.763,0.564
P0AEB0,0.292,0.5710000000000001,0.737,0.973,0.949,0.774,0.259,0.159,0.16399999999999998,0.67,0.253,0.162,0.799,1.089,1.014,0.67,1.079,0.784,0.187,0.163,0.133,0.193,0.181,0.14800000000000002
P0A6J3,3.832,3.241,2.443,1.796,2.2230000000000003,2.131,4.744,4.044,3.872,2.231,3.45,3.975,2.915,3.3760000000000003,3.169,2.231,2.88,2.893,3.0660000000000003,2.257,4.102,4.433,3.844,3.5460000000000003
P0ACN7,12.88,17.11,10.78,8.241,9.86,8.727,4.3,4.377,4.367,4.046,4.508,4.8889999999999985,9.101,10.09,9.692,4.046,10.44,10.23,3.651,4.104,5.214,5.686,5.088,5.6160000000000005
P0AEB2,10.84,14.85,7.278,9.837,12.17,12.78,9.133,7.999,7.904,6.3870000000000005,7.615,11.26,7.175,9.91,5.897,6.3870000000000005,5.5539999999999985,7.148,10.09,5.824,11.63,14.09,7.528,8.801
P24228,1.807,2.416,1.798,2.041,1.851,2.181,2.261,2.202,2.09,1.4409999999999998,1.857,2.818,1.784,2.125,2.222,1.4409999999999998,1.604,1.966,2.253,1.648,2.6660000000000004,3.144,1.827,2.499
P08506,2.217,2.148,3.184,2.278,2.2,2.274,2.443,2.077,2.902,1.4169999999999998,2.441,2.553,2.508,2.93,3.367,1.4169999999999998,2.908,2.942,2.518,3.079,3.047,2.814,3.141,2.779
P33013,0.988,1.081,0.987,1.398,1.238,1.759,1.764,1.834,1.7280000000000002,1.085,1.7990000000000002,1.815,0.865,1.065,0.768,1.085,0.833,0.872,1.114,1.595,1.171,1.479,1.993,1.233
P0A6J5,13.78,20.63,32.0,27.86,26.67,20.45,2.322,2.495,2.265,2.189,2.198,2.563,29.68,22.25,33.08,2.189,38.19,40.02,1.907,1.429,2.58,3.154,2.303,1.947
P29012,3.142,5.249,11.54,10.38,8.726,6.75,0.696,1.381,0.809,1.008,0.74,0.838,8.486,5.841,10.17,1.008,12.57,12.57,0.815,0.836,1.142,0.919,1.123,0.769
P0AEE8,13.23,14.25,8.088,9.512,13.73,11.01,10.75,11.37,11.07,7.12,12.17,13.82,7.117000000000001,7.972,6.632999999999999,7.12,7.239,7.1610000000000005,10.63,8.003,12.3,11.66,10.61,10.03
P11557,13.06,12.99,7.762,11.16,11.86,12.03,16.73,16.32,14.93,12.3,17.17,20.96,7.496,9.462,7.239,12.3,8.182,8.076,14.86,11.35,18.82,24.61,17.43,17.95
P0A6L2,33.06,27.51,35.26,31.19,29.98,25.37,33.09,37.11,35.33,24.86,30.41,36.82,22.81,24.37,20.23,24.86,21.9,25.49,39.7,43.8,44.52,42.58,37.75,37.79
P04036,5.989,5.416,6.2810000000000015,5.497999999999998,5.039,5.732,3.31,3.788,4.84,4.112,4.509,4.246,5.01,6.091,4.69,4.112,4.372,6.209,3.284,3.867,4.683,2.846,5.359,3.353
P0A9D8,9.89,11.4,14.83,13.67,13.49,15.5,11.37,11.21,12.29,9.755,10.84,11.33,11.93,15.18,13.89,9.755,13.17,13.62,15.53,17.31,13.82,14.64,15.48,11.18
P0AED7,2.478,2.309,2.436,3.3280000000000003,2.949,3.399,4.017,3.503,3.835,2.387,4.379,4.645,2.455,2.277,1.888,2.387,2.3,2.875,3.017,2.7030000000000003,4.662,5.735,2.107,3.135
P0A6K1,16.8,18.17,20.83,22.24,21.64,17.52,14.64,14.69,14.78,11.92,13.25,13.54,14.62,15.11,14.87,11.92,15.75,17.84,19.13,19.58,16.38,18.93,15.0,17.8
P21693,2.891,2.421,1.644,1.53,1.951,1.721,1.838,1.5519999999999998,1.154,1.6909999999999998,1.922,1.994,0.863,0.993,0.95,1.6909999999999998,1.051,1.036,1.3019999999999998,1.732,2.151,1.523,2.734,1.877
P28248,2.902,2.928,1.902,2.772,3.064,2.219,2.67,2.275,2.275,1.357,3.077,3.5980000000000003,2.531,2.536,2.152,1.357,2.07,2.9930000000000003,3.469,1.291,2.944,4.807,1.784,1.828
P0AED9,2.6710000000000003,2.242,1.869,2.064,1.993,2.386,1.817,2.14,2.212,1.242,2.544,1.976,1.475,1.843,1.757,1.242,1.954,1.669,1.568,2.323,2.338,2.85,2.455,3.143
P24171,2.127,2.395,2.339,2.5540000000000003,2.718,2.47,2.718,3.26,2.846,1.771,2.0380000000000003,2.938,4.747,4.997,5.008,1.771,5.15,4.814,2.745,3.381,3.671,3.887,3.0010000000000003,3.806
P0A830,16.37,26.71,19.7,13.49,14.74,10.82,1.999,2.112,2.155,2.193,2.03,1.803,25.32,21.92,23.68,2.193,26.45,29.39,1.134,1.109,2.126,1.897,2.432,2.196
P0ABN5,5.8679999999999986,6.752000000000002,6.437,6.153,9.077,8.314,4.944,4.829,5.55,3.46,4.917,5.474,7.042000000000002,7.392,6.585,3.46,5.371,7.825,3.377,3.645,5.839,4.121,5.2860000000000005,5.374
P0ABN9,0.205,0.183,0.13699999999999998,0.246,0.14,0.13,0.192,0.17800000000000002,0.211,0.745,0.198,0.175,0.742,0.562,0.524,0.745,0.867,0.83,0.208,0.212,0.19,0.293,0.2,0.259
P0ABP3,0.708,0.6629999999999999,0.5329999999999999,0.5670000000000001,0.528,0.472,0.447,0.477,0.428,1.013,0.635,0.511,0.66,0.52,0.393,1.013,0.416,0.446,0.447,0.5,0.4320000000000001,0.379,0.4920000000000001,0.458
P0ACV2,2.487,2.335,1.827,1.53,2.056,2.005,0.401,0.399,0.438,0.916,0.461,0.453,0.385,0.265,0.293,0.916,0.308,0.314,0.339,0.315,0.255,0.227,0.623,0.488
P0A6J8,4.832,4.977,6.517,5.73,4.87,5.9689999999999985,6.211,6.042000000000002,7.225,3.26,6.335,5.925,3.817,4.277,3.759,3.26,3.968,4.691,5.754,5.621,6.685,7.167000000000002,6.339,6.294
P07862,22.26,16.45,15.07,13.38,17.02,15.64,15.08,17.25,17.14,16.35,19.62,16.89,12.17,13.21,12.26,16.35,11.76,13.63,15.61,16.0,19.49,15.06,20.35,15.59
P0A9P6,18.38,16.63,5.751,7.216,7.999,10.87,15.54,15.09,15.51,12.69,15.99,14.53,1.6030000000000002,2.33,1.601,12.69,1.481,1.34,22.07,25.98,17.65,18.85,20.41,18.82
P0ABP6,9.965,8.624,6.337999999999999,6.636,7.502000000000002,6.932,5.7570000000000014,6.146,6.72,2.813,6.684,7.169,3.5810000000000004,4.744,3.834,2.813,2.96,4.015,7.548999999999999,6.94,8.165,7.798999999999999,3.625,5.965
P09549,11.84,8.193999999999999,9.045,7.697,8.931000000000003,9.252,8.497,10.84,14.29,9.098,12.15,12.19,6.265,7.12,6.135,9.098,5.509,7.0539999999999985,9.955,8.52,11.93,11.85,14.53,10.66
P0A6K3,28.11,37.22,20.07,21.41,29.05,30.13,27.72,29.63,32.73,22.79,28.89,38.18,20.28,23.28,21.66,22.79,21.23,18.96,34.07,34.77,33.97,37.56,32.45,32.08
P39099,1.455,1.21,1.881,1.261,1.751,1.439,1.6269999999999998,1.942,1.758,1.4369999999999998,1.81,1.889,1.735,1.844,2.011,1.4369999999999998,1.867,1.7380000000000002,1.936,2.332,2.169,2.335,2.184,2.347
P0AEE3,3.4760000000000004,4.027,2.7430000000000003,3.317,3.4760000000000004,3.557,3.814,3.73,3.924,2.34,4.144,4.977,2.641,3.144,2.58,2.34,2.544,2.841,3.049,2.829,3.916,4.019,3.779,4.474
P07650,21.36,32.34,25.22,24.46,21.93,14.08,4.617,4.952,4.777,4.302,4.918,4.3439999999999985,3.5410000000000004,3.762,3.881,4.302,4.399,3.986,7.848,8.601,5.027,6.534,5.197,5.535
P0A6K6,43.2,43.67,41.12,44.5,49.44,37.78,16.45,15.0,13.81,13.12,15.67,17.72,11.2,11.47,12.17,13.12,12.85,13.49,28.41,20.23,19.31,23.6,15.35,17.7
P0A6L0,40.51,39.23,27.03,16.91,17.86,8.974,7.106,8.117,9.584,7.029,6.587999999999999,5.902,3.428,4.187,3.3,7.029,3.972,4.033,10.51,16.27,8.202,8.265,8.415,9.455
P0ABP8,49.27,50.44,47.99,52.31,50.79,54.64,26.73,27.54,24.94,20.02,24.43,32.58,16.88,19.94,17.02,20.02,19.19,18.22,39.77,40.17,30.33,35.06,30.44,29.07
P0ACK5,4.723,4.371,3.079,3.468,4.508,3.487,4.251,4.518,4.1530000000000005,2.445,3.024,4.017,3.267,3.942,3.189,2.445,2.854,3.4410000000000003,3.343,2.488,4.83,3.76,4.046,3.788
P0ABQ0,17.97,16.08,11.15,13.76,16.75,13.58,20.41,24.63,18.88,10.73,22.79,29.7,16.96,21.41,18.62,10.73,14.31,20.52,17.94,10.29,27.94,31.25,12.29,20.19
P0ABN1,7.41,6.709,5.3679999999999986,5.9860000000000015,6.354,5.999,8.3,8.885,8.726,7.274,7.982,8.586,5.856,6.809,6.497000000000001,7.274,6.475,6.747999999999998,6.522,9.048,8.612,9.415,9.282,9.191
P31459,0.0383,0.0908,0.173,0.174,0.103,0.109,0.0521,0.053,0.0793,0.38,0.0796,0.0557,0.446,0.269,0.395,0.38,0.455,0.528,0.101,0.06,0.184,0.0913,0.0483,0.0587
P0AA76,0.7809999999999999,0.6,0.812,0.555,0.5820000000000001,0.648,0.8079999999999999,0.628,0.7170000000000001,1.232,0.741,0.603,0.8420000000000001,0.488,0.578,1.232,0.606,0.5429999999999999,0.982,0.8290000000000001,0.703,0.541,0.638,0.6990000000000001
P15723,1.025,0.887,2.192,1.477,1.4780000000000002,1.119,0.7170000000000001,0.642,0.933,0.944,0.899,0.664,1.446,1.192,1.521,0.944,1.381,1.507,0.67,0.365,0.8320000000000001,0.6859999999999999,0.784,0.392
P06966,6.666,6.6179999999999986,6.671,4.83,5.68,6.013,7.393,8.369,7.068,4.63,9.111,9.701,4.987,5.6560000000000015,5.223,4.63,4.472,4.498,5.577000000000001,4.033,9.33,10.03,6.244,7.136
P09557,0.155,0.0651,0.139,0.0665,0.187,0.0245,0.449,0.804,0.897,0.721,0.498,0.5479999999999999,0.44,0.562,0.546,0.721,0.304,0.529,0.654,0.507,0.784,1.24,0.557,0.675
P06965,0.476,0.435,0.5720000000000001,0.361,0.5379999999999999,0.403,0.782,1.3630000000000002,0.997,0.414,0.715,0.619,0.7509999999999999,0.579,0.708,0.414,0.468,0.451,0.96,0.809,0.948,0.769,0.741,1.015
P23840,1.5730000000000002,1.358,1.176,0.87,0.91,0.812,1.223,1.541,0.903,1.123,0.81,0.937,1.394,1.54,0.894,1.123,0.774,0.893,2.806,2.757,0.8140000000000001,0.853,0.882,1.195
P28303,3.836,3.634,2.331,2.665,2.92,2.607,2.727,2.422,2.556,2.615,2.758,2.458,1.944,1.759,1.127,2.615,1.339,1.485,5.13,4.9030000000000005,3.16,2.9330000000000003,3.008,3.053
P27296,2.709,2.335,1.612,1.707,1.9,1.869,1.551,1.932,1.696,1.4280000000000002,1.654,1.962,1.1909999999999998,1.416,0.925,1.4280000000000002,0.92,1.106,6.329,5.417000000000002,2.229,2.128,1.714,1.81
P0ABR1,6.646,5.025,3.281,1.831,2.638,2.79,11.29,12.38,10.94,6.67,9.369,11.55,7.923999999999999,10.33,2.6830000000000003,6.67,2.4130000000000003,2.701,82.97,102.7,10.91,8.607999999999999,9.636,9.026
Q47150,3.383,2.942,3.1630000000000003,2.7460000000000004,4.499,3.053,5.106,3.817,4.097,1.4480000000000002,3.172,5.222,3.935,3.593,3.503,1.4480000000000002,2.7960000000000003,3.432,2.386,2.364,3.197,2.563,1.877,2.707
Q47155,0.752,0.54,0.545,0.419,0.662,0.563,1.284,0.989,1.093,1.039,1.206,0.7390000000000001,1.025,1.178,0.713,1.039,0.7959999999999999,0.94,4.2810000000000015,5.18,0.894,0.596,1.232,0.971
P15286,2.38,2.291,2.037,2.137,2.046,2.129,1.928,2.022,2.04,1.171,1.791,2.17,1.083,1.11,0.962,1.171,1.125,1.126,2.189,2.356,1.957,2.332,1.947,2.022
P0ABS1,26.0,25.74,22.78,19.55,22.27,20.3,28.17,25.94,31.2,19.55,31.52,42.02,14.58,12.86,12.23,19.55,10.58,13.66,33.77,30.15,34.76,27.5,26.68,21.49
P06149,2.502,2.3,2.627,3.327,3.221,3.157,0.996,1.331,1.218,0.913,1.088,1.021,2.622,2.897,3.156,0.913,3.059,3.504,1.012,0.916,1.035,1.262,1.019,0.988
P18775,0.473,0.304,0.809,0.622,0.5820000000000001,0.654,0.445,0.578,0.961,0.975,0.613,0.7190000000000001,0.8079999999999999,0.845,0.857,0.975,0.629,0.875,0.3720000000000001,0.943,0.556,0.7190000000000001,0.8959999999999999,0.705
P18776,1.13,0.706,0.721,0.612,0.636,0.637,0.8290000000000001,1.082,0.937,1.456,1.021,0.838,0.828,0.523,0.73,1.456,0.789,0.759,0.7290000000000001,1.012,1.107,0.8290000000000001,1.266,0.784
P18777,1.265,0.5920000000000001,0.912,0.7609999999999999,0.7829999999999999,0.6809999999999999,0.6729999999999999,0.631,0.7120000000000001,0.846,0.649,0.603,0.59,0.705,0.617,0.846,0.759,0.715,0.797,0.903,0.613,0.515,0.805,0.634
P03004,11.25,10.3,7.801,6.976,9.308,8.985,9.397,10.81,10.52,10.08,10.06,11.12,5.999,6.752999999999999,5.534,10.08,6.07,6.167999999999998,14.01,16.91,12.6,11.89,10.58,11.77
P0ACB0,8.472000000000001,10.69,6.859,9.273,9.285,10.39,11.05,11.47,10.55,9.011,12.09,14.54,6.223,8.575,5.579,9.011,7.074,7.706,10.06,9.239,13.78,17.37,13.22,13.61
P0AEF0,4.103,2.698,2.967,2.6210000000000004,3.11,2.854,3.776,5.332999999999998,5.644,2.3680000000000003,3.764,3.485,2.893,3.484,3.018,2.3680000000000003,3.392,3.056,5.697,5.725,4.979,3.976,5.557,4.694
P10443,36.57,37.75,27.1,25.27,36.65,30.3,29.27,27.86,28.69,14.8,27.72,31.65,14.66,15.55,12.88,14.8,10.98,14.75,27.57,26.11,23.59,25.11,16.32,24.58
P0ABS5,21.58,16.67,11.15,12.33,18.24,16.06,14.4,15.45,15.02,11.87,15.57,19.4,6.874,8.717,7.695,11.87,7.723,7.608,8.849,5.739,16.34,17.36,14.07,14.28
P08622,13.58,12.82,26.2,36.2,44.4,47.71,28.6,27.48,33.52,20.47,27.69,33.61,11.92,11.97,18.6,20.47,16.77,15.77,29.91,26.09,34.87,27.77,27.92,22.37
P0A6Y8,23.71,24.08,60.63,79.91,89.83,87.54,72.24,82.64,82.17,53.05,69.3,74.84,33.54,27.89,49.08,53.05,50.11,41.2,83.69,107.5,83.17,68.35,96.99,59.1
P0A988,10.7,13.04,6.527,10.16,11.84,12.91,13.31,12.72,12.83,11.46,15.13,15.94,5.754,8.127,6.2879999999999985,11.46,7.067,7.566,18.12,17.1,14.1,19.11,14.83,14.99
P03007,2.96,3.755,3.149,2.803,3.643,3.293,6.94,5.99,7.2879999999999985,4.567,5.5360000000000005,6.917999999999998,3.727,4.097,3.636,4.567,2.954,3.633,4.86,4.235,7.294,5.204,7.62,4.865
P0A8J2,4.884,2.884,3.156,3.3480000000000003,4.218,3.361,5.9529999999999985,8.361,7.075,4.256,6.325,5.907,3.31,3.914,3.213,4.256,3.088,3.5660000000000003,10.48,10.07,8.442,9.433,5.787000000000001,8.272
P06710,10.77,12.79,5.975,9.833,7.629,11.23,12.2,7.722,9.818,9.296,11.22,13.56,3.777,6.694,4.085,9.296,5.055,4.833,11.95,10.56,9.803,9.96,10.79,9.377
P0AEZ7,5.757999999999999,5.083,3.965,3.169,4.782,4.9689999999999985,14.29,12.63,15.82,9.743,13.62,16.92,3.204,4.255,2.53,9.743,1.751,2.55,6.541,4.675,16.16,14.83,12.17,9.441
P23847,3.836,4.789,6.96,5.122000000000001,4.559,4.533,1.372,1.411,1.413,1.472,1.351,1.6369999999999998,6.7860000000000005,3.717,11.31,1.472,10.28,9.85,1.204,1.017,1.31,1.586,1.213,1.378
P0AEF8,0.7040000000000001,1.238,4.1789999999999985,2.9930000000000003,2.855,1.862,0.944,0.61,0.8059999999999999,1.499,0.797,0.945,1.119,0.5529999999999999,2.196,1.499,2.042,1.388,0.523,0.515,0.784,1.297,0.805,0.612
P0AEG1,0.608,0.65,2.6010000000000004,2.745,2.584,1.101,0.435,0.675,0.569,0.57,0.929,0.519,0.569,0.457,1.314,0.57,1.173,0.916,0.129,0.117,0.5870000000000001,0.662,0.17600000000000002,0.317
P0AAG0,2.484,1.705,4.857,8.573,8.411,4.042,2.011,1.689,1.383,1.663,1.757,1.842,1.354,1.318,2.4330000000000003,1.663,2.384,1.904,1.466,1.415,1.84,1.839,1.81,1.774
P37313,0.888,1.04,1.5419999999999998,3.283,3.926,1.98,0.981,0.931,0.648,0.754,0.898,0.899,0.586,0.654,1.123,0.754,1.082,0.873,0.758,0.947,0.655,1.04,0.805,0.71
P0ABT2,5.464,8.68,7.309,11.25,9.862,10.82,4.52,4.495,5.46,2.457,4.687,6.718,16.23,15.62,22.01,2.457,22.35,18.5,9.608,6.249,4.064,7.189,2.442,3.743
P0AEG4,11.92,10.15,13.69,12.71,12.71,14.52,20.06,19.86,20.5,14.95,18.95,21.86,12.23,15.05,12.12,14.95,12.54,13.11,16.16,17.56,20.54,19.51,23.36,21.52
P0A6M2,5.965,3.587,4.134,2.523,3.2510000000000003,2.862,5.395,4.865,7.002000000000002,3.898,6.075,5.989,2.421,2.669,2.909,3.898,1.886,2.257,3.317,4.617,4.882,4.566,5.35,6.066
P0AEG6,14.66,10.27,16.66,10.87,16.62,10.87,14.81,16.76,16.71,13.05,15.44,16.31,11.16,10.18,10.34,13.05,10.25,12.27,20.4,24.43,18.63,16.56,17.28,17.07
P36655,2.66,3.276,3.1660000000000004,3.169,3.199,3.352,2.403,2.795,3.141,1.746,1.911,2.074,3.438,3.939,3.813,1.746,4.148,3.156,1.6740000000000002,1.811,2.299,1.881,3.116,2.7910000000000004
P0AA86,1.211,1.384,0.902,1.418,1.202,1.265,2.148,2.599,2.544,2.214,2.436,2.402,1.124,1.46,1.195,2.214,1.321,1.285,2.66,3.105,2.557,2.471,2.892,2.734
P77202,2.438,3.108,2.512,3.5660000000000003,4.211,4.0710000000000015,3.01,3.202,2.798,1.821,2.278,3.508,2.469,3.054,2.932,1.821,2.64,2.338,2.441,2.343,3.3760000000000003,3.887,2.958,2.591
P00926,0.484,1.405,8.367,11.36,7.269,8.413,0.463,0.504,0.29100000000000004,0.26,0.5489999999999999,0.529,0.71,0.79,0.768,0.26,1.321,1.217,0.398,0.433,0.597,0.421,0.364,0.431
P46068,1.0659999999999998,1.649,1.374,1.113,0.974,0.865,0.391,0.7909999999999999,0.726,0.701,0.6940000000000001,0.772,1.529,1.579,1.29,0.701,1.337,1.238,0.238,0.417,0.979,0.87,0.799,0.949
P08555,0.974,6.69,24.88,14.03,11.94,5.182,0.381,0.57,0.464,0.49,0.5720000000000001,0.58,0.599,0.563,0.693,0.49,1.108,1.3259999999999998,0.358,0.436,0.525,0.331,0.418,0.456
P0AEG8,2.907,2.615,2.68,2.678,2.628,2.6010000000000004,4.597,4.265,3.575,2.399,3.752,5.462999999999999,2.8080000000000003,2.829,2.76,2.399,2.8310000000000004,2.416,8.539,8.993,4.372,5.224,4.55,4.2010000000000005
P06968,9.294,12.63,5.382999999999999,10.6,9.728,11.12,11.91,12.63,10.98,4.9289999999999985,11.91,12.4,10.42,14.3,11.81,4.9289999999999985,11.62,13.36,10.07,10.37,15.08,16.61,7.107,14.81
P77488,5.914,5.21,5.994,4.535,6.056,4.637,6.174,5.013,5.473,2.47,4.776,5.5920000000000005,2.984,4.316,3.85,2.47,3.257,3.423,3.969,4.876,4.961,3.656,3.702,5.78
P36943,0.306,0.366,0.303,0.0991,0.298,0.325,0.762,0.7140000000000001,0.392,1.014,0.476,0.449,0.495,0.3670000000000001,0.14,1.014,0.196,0.0633,0.568,0.725,0.494,0.453,0.75,0.28600000000000003
P06864,0.974,1.081,0.539,0.879,0.7240000000000001,0.78,0.588,0.152,0.293,0.494,0.509,0.404,0.434,0.67,0.706,0.494,0.502,0.6920000000000001,0.237,0.32299999999999995,0.295,0.499,0.468,0.498
P0AC73,0.459,0.604,0.933,0.8240000000000001,0.885,0.467,0.338,0.32299999999999995,0.265,0.735,0.28800000000000003,0.215,0.598,0.536,0.618,0.735,0.627,0.5920000000000001,0.312,0.531,0.374,0.206,0.308,0.362
P06846,1.802,1.24,1.579,1.862,1.22,1.968,1.809,1.876,1.638,1.314,1.755,1.924,1.351,1.415,1.338,1.314,1.508,1.5590000000000002,1.277,1.649,1.903,1.442,1.27,2.035
P23827,12.56,12.19,13.57,15.73,13.0,16.57,25.59,30.22,24.64,14.94,24.58,32.11,15.89,19.74,18.32,14.94,19.07,20.3,47.39,60.62,35.87,41.93,28.76,33.79
P33128,0.193,0.0424,0.219,0.0288,0.317,0.168,0.488,0.139,0.4270000000000001,0.319,0.381,0.256,0.287,0.124,0.184,0.319,0.115,0.032,0.393,0.44,0.228,0.196,0.48,0.105
P0A955,9.668,9.19,6.858,7.218,9.048,8.807,8.732000000000001,8.219,9.434,7.364,9.4,13.06,6.877000000000002,9.057,7.087999999999999,7.364,7.992000000000001,8.481,14.21,17.72,11.38,10.88,13.36,12.91
P0ADF6,18.93,16.46,12.68,13.54,15.91,14.27,24.27,25.08,22.82,18.25,21.4,25.74,11.2,12.53,10.64,18.25,11.76,11.63,32.63,25.46,25.14,25.7,24.67,25.81
P0A6N4,49.91,53.62,25.75,30.52,32.75,35.76,63.84,66.79,68.27,47.38,71.76,76.81,23.37,29.78,20.5,47.38,20.9,21.85,52.81,40.34,70.62,66.97,73.54,54.94
P0AEH3,1.948,2.439,2.832,2.645,2.259,2.197,2.178,2.006,2.411,1.43,2.2030000000000003,2.911,2.738,2.877,2.733,1.43,2.574,2.51,3.033,3.452,2.399,2.7060000000000004,3.605,1.709
P0AEH5,1.982,2.0580000000000003,3.722,3.068,4.5760000000000005,3.052,3.33,3.589,3.354,2.73,3.315,3.86,8.892999999999997,7.877000000000002,10.71,2.73,10.17,9.441,10.53,10.65,3.999,2.965,3.717,3.63
P0A8K8,2.009,1.46,0.958,1.361,1.1840000000000002,1.378,1.38,1.305,1.391,1.47,1.471,1.979,0.941,0.92,0.946,1.47,1.089,0.731,1.0659999999999998,1.435,1.423,1.686,2.241,1.325
Q47013,0.181,0.0908,0.355,0.145,0.295,0.224,0.227,0.0237,0.115,0.388,0.267,0.108,0.303,0.256,0.35200000000000004,0.388,0.275,0.331,0.139,0.16699999999999998,0.14400000000000002,0.0342,0.207,0.238
P27303,3.767,3.629,1.89,3.024,2.353,3.417,2.593,2.062,2.914,2.352,3.41,3.252,1.018,1.251,1.348,2.352,1.265,1.15,2.143,1.344,2.5980000000000003,3.488,2.138,2.41
P0AEJ0,2.23,2.017,1.023,1.12,1.341,1.445,2.41,1.88,2.187,1.889,2.37,2.553,0.643,0.913,0.635,1.889,0.503,0.682,1.295,1.045,2.224,2.542,2.204,2.201
P31442,2.8680000000000003,2.789,1.693,2.202,2.124,2.404,3.1630000000000003,3.079,3.165,3.0410000000000004,3.298,3.477,1.946,2.875,2.017,3.0410000000000004,2.483,2.367,2.969,3.256,3.545,2.724,3.992,3.213
P23895,1.334,1.02,0.875,0.601,0.6890000000000001,0.9,1.4280000000000002,1.547,1.591,1.359,1.5759999999999998,1.766,0.8420000000000001,1.032,0.701,1.359,0.713,0.816,1.243,0.78,1.49,1.219,1.5419999999999998,1.366
P52599,0.421,0.209,0.306,0.157,0.221,0.0943,0.238,0.396,0.34,0.535,0.419,0.23,0.29,0.223,0.182,0.535,0.208,0.18,0.183,0.305,0.28800000000000003,0.298,0.332,0.368
P0ACR9,12.93,11.94,8.792,12.14,15.7,13.17,23.5,23.89,25.02,20.87,26.13,28.61,15.15,17.06,14.83,20.87,13.96,15.41,20.61,20.67,26.07,25.79,25.6,21.17
P52600,0.25,0.244,0.287,0.242,0.234,0.223,0.472,0.267,0.319,0.373,0.353,0.319,0.213,0.208,0.213,0.373,0.179,0.198,0.264,0.141,0.304,0.275,0.208,0.258
P25736,0.933,0.745,0.619,0.597,0.695,0.83,1.3219999999999998,1.391,1.243,1.293,1.681,2.119,0.528,0.523,0.301,1.293,0.475,0.458,1.894,1.113,1.557,1.79,1.213,1.153
P0A6P9,61.47,53.21,43.32,40.84,45.5,48.29,76.53,78.94,78.08,55.38,74.9,80.83,44.51,56.92,45.06,55.38,49.02,49.03,79.72,94.44,84.61,81.27,86.86,77.14
P15047,1.741,1.245,1.168,0.928,0.972,0.925,0.419,0.263,0.484,0.418,0.416,0.254,0.0691,0.0983,0.0651,0.418,0.0564,0.0411,0.416,0.6759999999999999,0.28300000000000003,0.255,0.499,0.6709999999999999
P0ADI4,5.0280000000000005,5.957999999999998,3.093,4.234,3.991,3.587,2.509,2.604,2.09,2.039,1.6030000000000002,2.0380000000000003,1.351,1.4340000000000002,1.259,2.039,1.405,1.212,3.355,2.72,2.0980000000000003,2.672,2.61,2.134
P0AEJ2,3.188,3.682,2.56,2.345,2.293,2.622,1.774,1.689,1.307,1.508,1.324,1.345,0.7440000000000001,0.758,0.59,1.508,0.654,0.667,2.018,2.72,1.487,1.87,1.874,1.58
P19925,0.5329999999999999,0.696,0.528,0.335,0.46,0.447,0.407,0.5920000000000001,0.612,0.8059999999999999,0.55,0.468,0.448,0.316,0.253,0.8059999999999999,0.233,0.257,0.602,0.631,0.479,0.345,0.6679999999999999,0.5489999999999999
P10378,2.9130000000000003,3.043,2.432,2.32,1.92,1.902,0.982,1.061,0.743,1.114,0.411,0.935,0.629,0.735,0.6779999999999999,1.114,0.93,0.3670000000000001,1.487,2.725,0.813,1.037,1.5590000000000002,1.408
P11454,1.717,1.516,1.768,1.7380000000000002,1.505,1.121,0.499,0.475,0.211,0.792,0.354,0.219,0.335,0.35700000000000004,0.311,0.792,0.251,0.276,0.8190000000000001,1.317,0.743,0.376,0.6,0.593
P0ACT2,0.026,0.01,0.0245,0.01,0.01,0.01,0.0271,0.0104,0.0149,0.0559,0.017,0.01,0.0635,0.01,0.01,0.0559,0.01,0.01,0.012,0.016,0.01,0.01,0.01,0.01
P10805,0.026,0.0379,0.122,0.094,0.0218,0.011,0.0978,0.19,0.154,0.297,0.0567,0.135,0.22,0.16,0.13699999999999998,0.297,0.114,0.136,0.0396,0.241,0.152,0.125,0.255,0.179
P0AEJ4,4.744,4.593,5.2029999999999985,5.3679999999999986,5.626,5.94,5.767,5.377999999999999,5.534,4.8439999999999985,3.883,7.197,4.34,4.89,4.213,4.8439999999999985,4.444,4.758,5.102,3.583,4.3039999999999985,5.705,5.13,5.6560000000000015
P0A9B6,13.56,12.01,16.45,12.09,14.97,12.01,11.73,13.73,11.85,7.626,10.65,9.87,10.57,10.96,10.77,7.626,10.39,11.3,11.53,13.26,15.25,16.22,12.02,15.29
P06616,5.939,6.17,2.8680000000000003,3.534,4.817,5.359,5.2,5.0539999999999985,5.7029999999999985,4.96,7.204,6.299,2.568,3.477,2.749,4.96,3.017,3.23,4.972,4.44,7.033,8.437000000000001,6.642,5.636
P39176,0.44,0.578,0.394,0.628,0.451,0.607,0.652,0.417,0.5,0.639,0.638,0.609,0.624,0.949,0.912,0.639,1.344,0.991,0.404,0.363,0.557,0.443,0.333,0.458
P0AEJ6,2.629,3.926,2.271,4.003,3.36,4.213,3.007,3.042,2.813,2.653,3.277,3.574,3.56,4.34,4.459,2.653,5.206,4.129,2.958,3.175,3.743,4.471,2.972,4.126
P19636,2.04,1.927,1.639,2.07,2.001,1.874,2.549,2.623,2.233,2.254,2.188,2.2430000000000003,2.279,2.669,2.801,2.254,2.6860000000000004,3.145,2.59,3.341,3.028,3.196,3.262,4.248
P77445,0.135,0.329,0.107,0.28300000000000003,0.217,0.318,0.188,0.08800000000000001,0.0375,0.241,0.228,0.213,0.242,0.35,0.269,0.241,0.255,0.189,0.0654,0.06,0.101,0.221,0.107,0.0996
P76553,0.7829999999999999,0.509,0.3720000000000001,0.317,0.607,0.465,0.612,0.735,0.53,0.7659999999999999,0.464,0.5429999999999999,0.505,0.624,0.28800000000000003,0.7659999999999999,0.505,0.467,0.478,0.765,0.496,0.456,0.499,0.547
P76552,1.413,1.267,0.8590000000000001,1.117,0.917,1.186,1.365,1.26,0.845,0.946,1.279,1.272,0.895,1.03,0.7340000000000001,0.946,0.999,0.878,1.211,1.6569999999999998,1.038,1.289,1.482,1.2990000000000002
P77218,0.96,0.481,0.934,0.841,1.087,0.843,1.003,1.006,0.727,1.423,1.298,1.168,0.961,0.85,1.232,1.423,1.187,1.038,0.745,0.256,0.898,1.257,0.847,0.804
P77277,0.809,0.5770000000000001,0.339,0.693,0.58,0.6629999999999999,0.642,0.8,0.612,0.792,0.7190000000000001,0.563,0.598,0.6659999999999999,0.525,0.792,0.5479999999999999,0.575,0.642,0.536,0.6559999999999999,0.66,0.902,0.6729999999999999
P0ACZ4,5.299,4.992,6.027,3.434,4.803,3.346,2.697,3.64,3.711,1.537,2.843,3.947,7.427,7.346,7.737,1.537,6.303,7.1720000000000015,2.154,1.956,4.584,4.016,3.227,4.481
P30855,0.266,0.233,0.46,0.305,0.241,0.231,0.261,0.0946,0.142,0.194,0.155,0.16899999999999998,0.402,0.333,0.37,0.194,0.371,0.326,0.222,0.135,0.175,0.226,0.156,0.109
P0ABU7,12.36,10.96,6.6610000000000005,7.687,7.824,9.737,13.56,12.68,12.49,7.12,14.39,17.23,2.421,3.096,2.347,7.12,2.274,3.04,13.16,10.26,13.41,14.59,13.39,14.07
P0ABV2,11.71,10.35,5.424,5.235,7.154,8.156,10.05,10.64,11.34,7.268,11.2,12.2,1.875,2.758,1.972,7.268,1.719,2.264,10.33,10.34,12.06,12.39,10.73,14.52
P38506,2.668,2.911,1.281,1.7990000000000002,1.63,2.006,1.884,1.707,1.97,1.733,2.162,2.301,1.662,2.055,1.6869999999999998,1.733,1.781,1.85,1.723,1.653,2.319,2.416,1.947,1.727
P0ACL2,6.855,8.519,4.634,5.597,6.323,6.539,9.271,8.207,6.815,6.734,8.895,10.77,5.867000000000001,6.2570000000000014,5.706,6.734,5.233,5.505,7.126,4.776,8.509,10.11,7.476,7.19
P0AA78,2.196,2.7430000000000003,2.414,2.35,2.469,1.82,1.141,1.356,1.266,1.686,1.298,1.422,3.31,3.148,3.399,1.686,3.787,3.3360000000000003,1.537,2.02,1.112,1.24,1.676,1.604
P0A6Q3,32.81,28.3,26.51,21.09,19.67,25.96,37.69,43.47,51.6,12.04,34.5,41.09,13.57,17.17,13.63,12.04,12.39,14.28,39.54,62.67,48.02,27.82,37.17,43.98
P0A953,47.96,47.51,42.06,41.86,37.31,43.02,50.71,53.11,51.58,37.67,54.38,51.58,31.66,32.25,32.3,37.67,36.27,34.94,58.17,70.55,62.55,60.75,58.71,55.78
P0AAI9,61.4,49.24,34.62,32.73,43.1,40.27,39.72,45.02,46.85,34.84,45.4,41.36,20.8,25.23,19.17,34.84,16.71,20.72,39.21,49.54,57.01,53.23,56.38,51.93
P0AAI5,5.6629999999999985,5.7,3.661,5.223,4.129,6.127000000000002,6.3660000000000005,6.586,5.752000000000002,4.268,6.545,7.432,2.687,3.027,2.4,4.268,2.4090000000000003,3.07,5.89,5.356,7.4220000000000015,5.186,6.483,7.282
P0AEK2,95.09,83.55,67.81,55.26,64.72,68.62,63.71,67.25,61.53,49.93,61.55,70.38,27.66,33.54,28.43,49.93,26.66,28.35,60.21,53.57,76.76,67.58,71.9,61.36
P0A6R0,60.24,48.3,40.04,31.07,36.85,38.84,31.89,36.49,40.13,29.84,31.96,29.08,16.33,20.34,15.11,29.84,14.34,16.82,29.93,43.38,45.59,43.54,45.77,46.52
P0AEK4,30.83,23.28,17.74,20.17,16.63,21.94,31.23,31.24,34.58,18.26,29.63,32.95,17.86,20.11,16.42,18.26,17.43,18.11,37.64,45.59,37.19,37.72,32.98,30.88
P0A6Q6,63.2,61.19,53.07,42.2,55.07,46.78,66.64,58.75,81.79,24.86,47.64,67.49,31.93,23.35,30.14,24.86,24.57,33.05,54.15,70.4,56.88,43.17,55.13,34.76
P21151,0.926,0.952,2.899,2.3,1.38,1.3630000000000002,0.8220000000000001,0.611,0.893,1.001,0.921,0.895,3.272,1.351,6.497000000000001,1.001,5.716,5.7010000000000005,0.7559999999999999,1.021,0.7490000000000001,0.96,0.662,0.774
P21177,0.8590000000000001,1.446,2.813,1.629,1.836,1.187,0.63,0.556,0.507,0.8009999999999999,0.574,0.329,4.763,2.266,8.62,0.8009999999999999,9.328,8.475,0.5710000000000001,0.932,0.4920000000000001,0.405,0.639,0.6629999999999999
P69451,4.972,4.207,2.572,2.258,2.918,2.639,3.12,3.01,2.869,2.24,2.462,2.715,2.577,1.797,2.78,2.24,2.597,2.96,3.52,4.004,3.606,3.673,3.465,3.401
P10384,9.614,9.64,4.168,4.849,5.671,6.5870000000000015,6.642,4.636,7.023,4.947,7.188,6.403,2.334,1.68,3.665,4.947,3.814,3.516,8.642999999999999,4.271,7.3679999999999986,6.0070000000000014,5.795,5.82
P0A8V6,4.7410000000000005,4.852,2.029,2.513,3.198,2.7960000000000003,2.04,2.104,2.072,2.022,2.3,2.89,2.051,2.467,1.685,2.022,1.743,2.175,1.649,1.064,2.253,3.049,2.363,2.4530000000000003
P13669,1.449,1.508,1.442,1.4409999999999998,1.518,1.547,2.488,1.774,2.05,0.8190000000000001,1.716,2.442,1.433,1.352,1.106,0.8190000000000001,1.098,1.119,2.214,2.008,2.016,1.764,1.519,1.828
P0AB71,13.53,15.6,10.55,16.93,12.44,18.94,13.38,11.24,11.18,7.732,14.21,14.51,15.21,18.1,16.97,7.732,17.3,17.12,15.07,13.48,16.0,18.4,11.5,14.22
P0A993,15.93,20.72,9.916,15.38,14.38,16.3,10.63,9.486,8.322000000000001,7.686,9.723,11.78,12.09,15.98,12.28,7.686,14.77,15.0,9.7,6.787000000000001,11.2,12.76,10.07,9.693
P32177,1.492,1.579,1.652,1.229,2.122,1.248,3.104,2.94,2.963,3.227,3.208,2.245,1.974,2.276,1.787,3.227,2.397,1.694,2.065,2.279,2.812,2.954,3.027,2.47
P13024,5.57,5.894,4.334,6.127000000000002,6.462999999999999,6.625,4.726,5.019,3.863,4.312,6.273,6.256,4.504,4.225,3.935,4.312,4.455,5.077,3.899,4.563,6.388,8.275,7.1610000000000005,6.381
P07658,0.8809999999999999,0.706,0.853,0.89,0.8320000000000001,0.768,1.847,1.953,1.457,1.6769999999999998,1.555,1.596,0.928,0.861,0.831,1.6769999999999998,0.804,0.894,1.676,2.025,1.981,1.976,2.185,1.741
P24183,0.747,0.513,0.434,0.528,0.601,0.687,0.7559999999999999,0.836,0.726,0.738,0.939,0.8640000000000001,0.5579999999999999,0.677,0.654,0.738,0.625,0.644,0.8740000000000001,1.068,0.695,0.775,0.8140000000000001,0.947
P0AAJ3,1.173,0.914,0.8420000000000001,1.068,0.8370000000000001,0.7140000000000001,0.32299999999999995,0.799,0.6890000000000001,0.47,0.6459999999999999,0.773,0.961,1.119,1.227,0.47,1.095,0.8320000000000001,0.855,0.672,0.309,0.557,0.604,0.71
P0AEK7,0.508,0.156,0.302,0.0928,0.247,0.3670000000000001,0.58,0.773,0.78,0.5589999999999999,0.843,0.7759999999999999,0.511,0.552,0.468,0.5589999999999999,0.362,0.42,0.622,0.653,0.846,0.906,0.628,0.471
P32176,51.8,49.44,44.24,42.84,45.98,46.92,24.92,23.87,29.0,19.97,23.99,21.52,29.95,37.99,39.86,19.97,44.23,36.48,13.97,23.66,32.69,32.7,30.59,38.4
P0AAJ5,27.91,26.54,21.38,29.51,31.03,27.91,15.28,13.93,13.5,10.78,14.78,13.73,21.12,21.62,28.01,10.78,29.91,25.53,8.102,9.273,17.06,20.65,16.37,17.02
P0AEL0,43.09,37.11,28.38,32.53,37.36,34.9,20.5,23.98,23.45,16.94,17.64,18.24,27.24,29.17,30.14,16.94,30.8,30.21,11.99,16.73,24.98,24.97,29.24,26.25
Q47208,0.53,0.406,0.507,0.421,0.753,0.557,0.8490000000000001,0.417,0.79,0.588,0.481,0.76,0.847,0.56,0.8740000000000001,0.588,0.329,0.374,1.044,0.8270000000000001,0.639,0.58,0.949,0.652
P0A9R4,46.07,34.96,29.04,23.15,28.02,25.77,31.17,35.31,35.71,20.9,29.78,28.34,11.56,13.74,12.33,20.9,11.95,12.84,32.52,50.72,35.78,33.39,43.81,39.57
P80668,1.109,0.799,1.342,1.235,1.089,1.014,1.412,1.219,0.939,1.135,0.978,1.381,1.058,0.963,0.8220000000000001,1.135,1.106,0.932,1.33,1.528,1.347,1.507,1.419,1.336
Q47129,1.057,1.314,0.616,0.26,0.395,0.217,0.0664,0.165,0.0673,0.33,0.194,0.19,1.753,1.4409999999999998,1.367,0.33,1.158,1.683,0.0731,0.07200000000000001,0.212,0.197,0.133,0.219
P13036,15.17,19.84,11.13,18.03,15.32,16.97,6.2010000000000005,6.692,6.109,3.792,5.522,7.153,1.276,1.23,1.212,3.792,1.142,1.489,7.463999999999999,4.9110000000000005,9.036,8.824,5.971,7.705
P15028,10.49,10.75,6.141,8.232000000000001,8.201,8.216000000000001,3.642,3.253,3.015,1.725,2.736,3.024,0.813,0.934,0.722,1.725,0.942,0.956,3.38,2.62,5.114,4.731,4.136,4.325
P15030,7.4,7.17,4.814,6.893,6.444,5.851,2.834,2.178,2.806,2.05,2.3040000000000003,2.472,0.6729999999999999,0.6459999999999999,0.489,2.05,0.6940000000000001,0.674,2.094,1.968,3.62,3.435,3.444,3.529
P15029,9.208,9.57,6.425,6.8039999999999985,8.1,8.34,2.562,2.668,2.819,1.919,2.398,2.553,0.897,1.177,0.828,1.919,1.031,1.102,2.359,2.176,4.04,3.659,3.4410000000000003,4.042
P15031,8.753,9.811,5.019,7.162000000000001,8.033,8.35,3.747,3.5210000000000004,3.663,2.582,3.412,4.419,1.263,1.169,1.232,2.582,1.249,1.203,3.539,2.619,4.7780000000000005,4.942,5.07,4.454
P23484,2.417,2.451,1.735,1.99,2.051,2.742,3.836,4.466,3.77,2.241,3.807,3.627,1.4469999999999998,1.261,1.26,2.241,1.139,1.429,3.67,3.359,4.59,5.046,2.704,5.082
P23485,1.135,1.243,0.477,0.843,0.877,0.8540000000000001,0.674,1.194,1.036,0.5660000000000001,1.108,1.301,0.627,0.394,0.477,0.5660000000000001,0.532,0.515,1.045,0.884,1.509,1.509,0.519,1.314
P0AEL3,6.129,6.436,4.841,4.574,7.11,5.424,12.18,14.8,11.56,5.72,11.9,15.12,3.685,5.271,3.3110000000000004,5.72,2.773,4.0310000000000015,8.732999999999999,6.585,13.22,15.46,6.964,13.11
P33650,1.202,1.419,0.584,1.124,1.083,1.565,2.089,2.694,2.367,1.517,3.684,4.022,1.057,1.4269999999999998,0.914,1.517,0.831,1.138,1.977,1.291,3.141,3.96,1.676,2.424
P05825,4.467,3.977,3.2,2.858,2.785,2.75,1.7180000000000002,1.93,1.847,1.652,1.619,1.854,1.486,1.257,1.317,1.652,1.251,1.045,2.499,2.821,1.785,1.525,2.624,1.704
P0AEL6,1.015,0.7090000000000001,0.6859999999999999,0.775,0.595,0.642,0.8240000000000001,0.912,0.764,0.8420000000000001,0.706,0.79,0.588,0.62,0.62,0.8420000000000001,0.396,0.534,0.894,0.644,0.833,0.862,0.84,0.913
P23878,2.256,1.729,0.738,1.455,1.409,1.279,1.162,1.429,1.398,1.484,1.3869999999999998,1.409,0.861,1.011,0.715,1.484,0.701,0.7290000000000001,1.237,1.443,1.579,1.315,1.649,1.368
P23876,0.994,0.743,0.579,0.569,0.254,0.747,0.337,0.332,0.224,0.989,0.297,0.208,0.147,0.124,0.109,0.989,0.101,0.225,0.653,0.4320000000000001,0.653,0.311,0.815,0.765
P26266,0.611,0.397,0.455,0.488,0.27,0.192,0.8009999999999999,0.7340000000000001,0.804,0.846,0.6629999999999999,0.557,0.407,0.406,0.35700000000000004,0.846,0.458,0.363,0.615,0.74,0.551,0.465,0.75,0.608
P23877,1.44,1.284,0.816,1.016,0.816,0.911,0.768,0.539,0.7190000000000001,0.858,0.8759999999999999,0.883,0.38,0.349,0.32299999999999995,0.858,0.488,0.189,0.954,0.8170000000000001,0.922,0.708,1.18,0.66
P13039,2.037,1.982,1.3969999999999998,1.531,1.4780000000000002,1.422,0.8340000000000001,0.943,0.923,1.141,0.885,0.769,0.545,0.534,0.626,1.141,0.677,0.369,1.016,1.501,0.975,0.659,1.388,0.988
P0AGD7,19.46,17.66,10.76,13.82,15.13,16.72,11.84,12.58,14.04,11.75,14.56,14.95,5.397,6.683,5.1610000000000005,11.75,6.001,6.017,14.17,15.43,16.26,15.01,16.02,17.06
Q47153,0.135,0.5920000000000001,0.532,0.612,0.467,0.536,0.5760000000000001,0.677,0.31,0.616,0.412,0.3670000000000001,1.037,0.5429999999999999,0.821,0.616,0.733,0.565,0.523,0.909,0.0705,0.258,0.486,0.392
P19323,1.544,1.357,1.084,1.506,1.226,1.26,2.044,1.4069999999999998,1.828,1.764,1.602,1.209,1.027,1.106,1.253,1.764,1.359,1.159,1.6569999999999998,1.071,1.305,1.359,2.102,1.038
P06971,6.299,5.2810000000000015,4.977,3.831,4.053,4.922,6.457999999999998,5.61,6.7429999999999986,4.557,6.388,5.7360000000000015,1.565,1.5719999999999998,1.413,4.557,1.116,1.648,4.203,5.0360000000000005,4.13,2.659,5.142,5.627999999999999
P06972,4.4689999999999985,2.943,2.498,3.156,2.964,2.9210000000000003,2.995,2.466,2.757,2.629,3.267,3.025,1.117,1.216,0.893,2.629,0.807,1.133,1.7080000000000002,2.205,2.481,1.858,3.312,2.546
P07821,9.332,6.577000000000001,6.901,5.801,4.843,5.167999999999998,5.795,5.439,5.921,3.662,5.799,2.954,2.336,2.082,2.415,3.662,1.912,2.467,3.145,5.444,3.618,3.369,5.6320000000000014,4.794
P07822,2.292,1.938,1.642,1.536,1.54,1.707,2.293,2.02,2.326,1.395,2.313,2.018,0.534,0.674,0.665,1.395,0.575,0.638,1.528,1.633,1.72,1.505,2.171,1.639
P16869,0.89,0.727,0.736,0.682,0.698,0.797,0.727,0.626,0.8690000000000001,0.606,0.619,0.645,0.595,0.706,0.4920000000000001,0.606,0.652,0.446,0.493,0.613,0.616,0.6559999999999999,0.6559999999999999,0.785
P39405,5.13,4.836,3.4760000000000004,3.294,4.102,4.48,8.131,8.32,7.702000000000001,4.782,9.687,8.573,0.772,0.918,0.831,4.782,0.759,0.955,10.85,8.915,8.055,10.18,7.267,10.8
P20605,0.531,0.6,0.716,0.821,1.011,0.725,0.633,0.66,0.628,1.177,0.826,0.815,1.547,1.229,1.865,1.177,1.803,1.788,1.237,1.347,0.8320000000000001,0.877,0.7090000000000001,0.7709999999999999
P04128,2.579,2.954,2.184,2.093,2.748,3.194,9.582,8.013,8.809,5.515,8.726,8.222000000000001,11.3,10.61,7.582000000000002,5.515,8.214,10.8,6.6389999999999985,7.388,12.41,12.23,14.15,15.19
P0ADH5,0.557,0.388,1.187,1.088,0.978,0.883,0.982,1.045,1.093,0.586,0.904,0.809,1.267,1.26,1.208,0.586,0.992,1.0590000000000002,0.851,1.075,0.787,0.6970000000000001,0.5820000000000001,0.908
P31697,0.596,0.368,0.462,0.317,0.43,0.385,1.919,2.013,2.237,1.911,2.122,2.323,1.425,1.485,1.029,1.911,0.892,1.3219999999999998,1.779,1.612,2.579,2.729,2.585,2.942
P30130,0.098,0.313,0.271,0.198,0.0943,0.13699999999999998,0.701,0.513,0.638,0.51,0.595,0.502,0.589,0.7190000000000001,0.565,0.51,0.488,0.419,0.389,0.412,0.611,0.605,0.642,0.763
P0ADH7,0.4320000000000001,0.313,0.521,0.371,0.385,0.473,0.468,0.755,0.732,0.74,0.774,0.823,0.28600000000000003,0.328,0.208,0.74,0.328,0.331,1.26,1.033,0.7120000000000001,0.578,0.621,0.8009999999999999
P08189,0.374,0.269,0.342,0.315,0.255,0.205,0.904,0.981,0.934,1.0759999999999998,0.942,0.917,1.053,0.888,0.718,1.0759999999999998,0.639,0.8390000000000001,0.633,0.655,0.937,1.125,1.2009999999999998,1.212
P08190,0.113,0.132,0.0934,0.0677,0.0782,0.0674,0.48,0.377,0.487,0.644,0.879,0.846,1.016,0.954,0.725,0.644,0.785,0.906,0.343,0.412,0.918,1.215,0.924,0.962
P08191,0.162,0.26,0.203,0.135,0.308,0.14,0.909,0.7979999999999999,0.995,1.031,0.765,0.7659999999999999,1.291,1.092,0.907,1.031,0.875,1.004,0.57,0.537,0.701,1.141,0.8740000000000001,0.645
P39264,0.662,0.457,0.256,0.599,0.764,0.812,1.505,1.077,1.342,1.091,1.5659999999999998,1.68,1.611,2.376,1.324,1.091,1.348,1.675,1.023,1.221,1.6469999999999998,2.89,1.513,1.7009999999999998
P0AEL8,0.0674,0.0106,0.0132,0.01,0.01,0.01,0.0214,0.01,0.012,0.1,0.0959,0.01,0.0308,0.0215,0.01,0.1,0.01,0.0285,0.01,0.0187,0.0122,0.01,0.01,0.01
P0A6R3,83.28,74.32,28.0,28.12,40.02,40.09,98.27,115.8,101.0,66.92,84.4,98.61,21.64,32.7,14.36,66.92,13.17,18.84,95.23,136.2,98.61,88.13,111.2,91.3
P60566,0.0689,0.276,0.0453,0.226,0.28600000000000003,0.29100000000000004,0.101,0.0653,0.192,0.622,0.435,0.32299999999999995,0.445,0.429,0.459,0.622,0.461,0.373,0.468,0.32,0.231,0.378,0.239,0.0382
P31574,0.606,0.861,0.816,0.986,0.6659999999999999,0.813,1.277,1.149,0.608,1.01,0.652,0.679,0.622,0.628,0.448,1.01,0.491,0.474,0.775,0.792,0.687,0.619,0.959,0.551
P68644,0.701,0.512,0.368,0.41,0.624,0.509,0.466,0.625,0.606,0.81,0.634,0.517,0.522,0.528,0.7809999999999999,0.81,0.675,0.685,0.696,0.789,0.616,0.609,0.947,0.447
P68646,0.311,0.525,0.532,0.273,0.409,0.4320000000000001,0.257,0.185,0.397,0.6759999999999999,0.411,0.207,0.491,0.42,0.555,0.6759999999999999,0.496,0.35700000000000004,0.116,0.112,0.376,0.376,0.338,0.17600000000000002
P0A9L3,25.34,20.06,20.83,19.15,22.18,19.96,20.04,19.6,18.89,16.07,20.13,20.41,12.68,13.61,11.86,16.07,12.04,12.88,14.71,19.22,21.56,20.62,22.0,20.09
P45523,15.61,13.93,21.73,13.35,19.05,13.85,16.81,17.11,21.04,14.38,20.24,24.87,11.49,11.04,9.356,14.38,9.976,11.65,17.3,12.54,17.44,16.23,18.53,17.57
P61949,44.14,33.79,30.49,21.09,30.29,24.79,34.07,36.52,36.1,16.95,26.78,37.03,19.78,23.6,19.98,16.95,17.98,21.87,41.76,43.44,41.73,36.99,38.1,38.68
P0ABY4,5.681,4.369,4.432,3.816,3.901,4.032,9.335,10.0,10.07,6.4220000000000015,9.905,10.66,2.681,3.094,2.4730000000000003,6.4220000000000015,2.537,2.38,11.21,10.82,10.27,8.939,10.04,8.956
P75933,18.92,28.35,15.11,18.57,19.03,23.06,6.0939999999999985,4.418,5.022,2.479,4.546,5.1370000000000005,15.39,16.81,14.47,2.479,13.51,15.84,2.804,2.428,3.675,6.502999999999999,3.4530000000000003,4.143
P0ABW9,61.31,64.35,53.24,45.01,56.41,54.39,15.98,11.7,12.88,5.935,9.078,12.32,38.43,43.18,34.55,5.935,33.65,37.41,3.583,1.787,10.02,11.88,6.18,10.89
P0ABX2,102.5,103.2,74.0,79.49,91.22,87.39,23.08,20.86,21.37,11.41,15.66,19.0,50.29,59.3,49.07,11.41,56.01,54.87,7.644,4.104,17.43,20.84,12.0,18.98
P75936,85.16,92.04,64.81,75.45,78.55,84.06,14.81,11.12,12.33,7.147,9.965,9.941,41.85,52.16,41.87,7.147,57.82,49.59,3.663,3.309,11.24,12.73,9.248,13.21
P75937,87.34,89.44,81.75,73.75,81.37,85.88,17.41,13.8,15.62,9.213,12.35,11.39,43.68,55.58,44.91,9.213,48.29,49.67,3.991,2.951,13.14,14.7,10.43,12.75
P75938,80.72,62.78,60.41,63.14,70.59,62.31,7.183,5.066,5.455,4.323,5.287000000000001,5.107,27.66,32.8,23.93,4.323,30.8,31.46,2.215,2.232,7.772,7.294,5.078,6.941
P0ABX5,53.79,54.15,34.96,48.66,47.71,56.42,9.297,6.047999999999999,6.511,4.418,6.504,5.892,22.72,30.45,22.76,4.418,26.94,24.76,2.52,1.543,5.722,6.745,5.978,4.865
P0A6S0,35.92,28.28,25.58,24.13,29.17,28.53,3.024,2.094,2.694,2.067,2.46,2.4330000000000003,11.31,10.78,9.511,2.067,9.296,11.53,0.63,0.531,2.632,2.261,2.3,1.897
P0A6S3,38.42,19.65,22.7,17.36,25.15,17.78,2.904,2.412,2.502,1.869,2.455,1.941,8.129,7.287000000000001,6.476,1.869,6.178,6.9529999999999985,0.293,0.224,2.684,1.948,2.431,2.0980000000000003
P75942,13.46,13.13,11.57,12.12,16.01,14.09,2.59,2.086,2.026,1.4880000000000002,1.808,2.085,4.646,4.686,4.129,1.4880000000000002,4.28,4.729,0.957,0.7909999999999999,2.225,1.933,2.215,1.913
P33235,42.02,38.37,37.65,32.37,37.37,36.92,5.312,3.374,3.181,2.364,2.642,2.944,13.5,13.58,9.995,2.364,9.456,11.07,1.4680000000000002,1.136,2.424,2.667,2.677,2.201
P29744,22.06,22.87,19.1,20.42,23.19,24.4,2.849,1.816,1.705,1.564,1.838,2.274,7.805,7.787000000000001,5.523,1.564,5.875,6.397,0.65,0.175,1.569,1.871,1.745,1.0590000000000002
P0AEM4,62.16,54.69,60.01,43.99,65.85,54.1,12.17,9.811,9.688,4.08,6.997000000000001,9.45,25.67,26.44,23.71,4.08,22.06,23.79,2.613,2.016,7.567,7.51,3.582,7.114
P43533,35.56,37.29,39.11,35.13,42.68,38.89,8.91,6.686,7.462999999999999,2.6630000000000003,6.204,7.596,16.62,17.95,14.75,2.6630000000000003,13.93,15.7,2.739,2.504,5.888,5.825,4.017,5.769
P76298,6.496,7.9860000000000015,5.129,5.865,6.195,6.757999999999999,2.227,1.055,1.359,0.72,1.199,1.208,3.264,3.11,2.392,0.72,2.145,3.509,0.7390000000000001,0.124,1.6030000000000002,1.656,0.954,1.095
P76299,15.75,12.47,10.48,9.591,12.36,11.85,4.07,3.305,3.384,2.076,3.064,3.686,5.124,5.812,4.333,2.076,4.487,4.988,1.602,1.515,3.821,3.606,2.556,2.88
P0ABY7,22.63,21.56,14.64,13.82,15.37,16.25,8.135,7.777,8.581,6.2639999999999985,8.704,7.103,10.09,12.78,10.46,6.2639999999999985,10.81,11.96,2.56,2.744,7.756,7.532999999999999,7.983,7.78
P0A8S9,41.69,45.65,29.79,25.12,32.65,29.06,17.37,16.28,17.13,13.5,15.22,17.98,20.07,22.22,18.41,13.5,19.03,20.64,4.705,3.46,15.93,17.47,13.85,13.36
P76297,8.43,8.13,4.7189999999999985,5.182,8.084,6.299,2.076,1.78,1.73,1.236,1.6769999999999998,1.885,3.3280000000000003,3.739,2.864,1.236,2.312,3.024,0.8690000000000001,0.6629999999999999,2.2030000000000003,1.703,1.2990000000000002,1.6980000000000002
P0AEM6,65.11,68.2,78.18,58.47,64.61,58.35,21.51,21.95,22.5,5.709,18.99,17.96,38.88,44.34,35.72,5.709,38.17,40.43,3.684,3.327,23.35,15.37,16.84,19.34
P04949,113.1,112.5,85.9,83.4,96.82,105.3,9.939,6.3820000000000014,7.604,2.8280000000000003,5.984,6.0939999999999985,31.34,31.34,27.73,2.8280000000000003,26.39,29.34,1.961,1.707,2.048,1.7080000000000002,1.509,1.474
P24216,50.04,51.98,51.25,53.74,56.02,56.42,3.053,2.166,2.175,1.474,1.909,1.805,17.03,15.27,12.66,1.474,12.42,13.54,0.632,0.664,1.151,1.178,1.132,1.306
P0A8T5,28.02,23.03,25.25,18.76,28.44,20.85,5.401,4.71,5.8420000000000005,4.859,5.066,6.005,13.3,11.76,9.714,4.859,10.17,9.768,2.86,2.4530000000000003,5.166,4.329,5.568,3.99
P25798,39.36,33.77,31.97,25.93,35.23,30.64,7.923999999999999,6.943,6.765,5.831,8.083,7.8039999999999985,10.83,10.46,8.685,5.831,8.727,9.547,3.159,2.191,8.23,5.29,7.362,6.22
P0ABZ1,41.27,37.04,32.46,31.1,38.15,34.15,7.298999999999999,6.5070000000000014,6.975,4.863,5.672999999999999,7.771,13.29,12.72,11.12,4.863,10.48,13.42,2.991,2.375,8.1,6.981,7.124,6.322
P31068,30.9,25.05,19.03,26.03,28.94,29.73,4.208,4.436,3.25,2.63,2.927,3.257,9.272,10.59,7.9689999999999985,2.63,7.944,8.058,1.421,1.183,4.726,4.37,2.025,3.545
P52612,12.96,13.41,10.17,11.87,12.99,15.85,3.494,3.277,3.122,2.079,2.593,2.937,4.505,4.845,4.65,2.079,3.818,4.6389999999999985,1.3330000000000002,1.275,3.803,3.36,2.154,3.201
P52613,35.66,31.79,24.09,26.17,29.82,29.14,2.925,2.482,2.295,2.028,2.43,3.123,8.883,10.73,7.246,2.028,6.944,7.777,1.114,0.564,3.1710000000000003,4.496,1.94,2.385
P52614,12.53,13.52,8.777000000000001,12.71,11.92,13.94,1.349,1.213,0.996,0.852,0.893,1.116,4.387,5.138,3.947,0.852,4.001,4.463,0.83,0.599,0.99,1.332,0.812,1.497
P0ABX8,54.2,38.08,35.38,30.44,41.02,38.12,12.77,9.855,9.526,6.686,7.109,10.19,18.61,19.24,16.34,6.686,13.3,18.68,3.769,2.599,11.02,11.45,5.504,9.139
P06974,33.89,29.28,24.1,20.75,22.7,27.61,6.119,4.831,5.07,3.241,4.5280000000000005,4.882,12.14,13.58,11.17,3.241,9.346,11.89,1.544,1.439,5.675,5.37,3.14,4.936
P15070,37.65,35.15,24.38,24.78,32.89,31.63,5.6720000000000015,4.5,4.5680000000000005,3.109,4.127,4.084,13.4,15.15,11.39,3.109,10.98,13.64,1.497,1.28,5.8870000000000005,5.52,3.023,4.871
P22586,43.81,31.63,26.93,25.29,30.3,29.44,5.6770000000000005,5.2429999999999986,4.769,3.612,3.914,4.641,12.05,12.53,9.83,3.612,9.4,13.09,1.5,1.669,6.26,5.591,4.147,5.965
P0AC05,13.96,11.57,8.579,8.657,11.87,12.08,2.064,1.97,1.984,1.6,2.209,1.6969999999999998,3.219,5.064,2.749,1.6,3.984,4.845,0.693,0.625,1.653,1.744,1.4780000000000002,2.075
P0AC07,10.56,12.62,6.109,8.998,10.29,12.78,1.261,1.108,0.772,0.716,1.207,1.0,3.682,3.305,3.314,0.716,3.25,3.677,0.524,0.389,0.972,0.861,0.6759999999999999,1.012
P33135,5.665,4.957,3.772,3.2460000000000004,4.475,4.979,0.7240000000000001,0.561,0.623,0.4,0.496,0.5429999999999999,1.574,1.507,1.209,0.4,1.027,1.318,0.187,0.036000000000000004,0.452,0.393,0.381,0.409
P26608,30.83,31.48,31.71,29.82,36.87,33.87,2.704,1.984,3.033,1.759,1.98,1.982,10.9,9.254,7.9129999999999985,1.759,6.454,7.826,0.728,1.004,1.5119999999999998,1.346,1.741,2.059
P0ABY2,55.49,42.81,47.64,42.31,55.25,45.88,2.557,2.514,1.949,2.08,1.768,1.768,9.571,6.891,5.638,2.08,5.7189999999999985,6.792000000000002,1.14,1.289,1.658,1.53,1.759,1.815
P0AEM9,13.57,12.83,13.05,16.42,14.27,15.26,5.51,5.295,4.709,3.796,4.41,5.046,6.863,8.638,7.241,3.796,7.645,7.5,4.166,4.6530000000000005,4.7189999999999985,5.058,4.385,4.632
P52627,33.22,34.07,35.49,33.63,35.98,34.11,5.002,3.599,4.029,1.83,2.919,4.092,22.86,25.52,20.11,1.83,20.79,24.31,1.017,0.732,4.367,3.813,2.135,2.866
P39180,0.547,0.7240000000000001,0.447,0.885,0.852,1.3769999999999998,0.25,0.218,0.284,0.321,0.539,0.478,1.431,1.828,1.325,0.321,3.073,2.74,0.335,0.07200000000000001,0.483,0.792,0.327,0.418
P77609,26.57,21.28,36.11,20.76,30.46,23.29,2.073,1.273,1.829,1.175,1.028,1.276,4.16,2.594,2.318,1.175,2.332,2.104,0.622,0.623,0.436,0.539,0.4320000000000001,0.523
P23882,14.78,17.82,9.196,14.15,15.19,17.8,13.58,13.64,12.93,11.1,16.25,15.44,6.207000000000002,8.277999999999999,6.432,11.1,8.346,7.997000000000001,17.18,14.55,16.52,17.83,15.07,15.34
P0A9E5,13.16,10.23,6.377999999999999,7.927,9.194,9.927,7.422999999999999,6.519,6.962999999999999,5.0280000000000005,8.432,9.884,5.454,6.729,5.855,5.0280000000000005,6.292999999999998,6.754,6.607,4.053,6.621,10.39,6.134,6.121
P0AC23,16.5,20.37,15.82,14.57,17.46,14.46,14.74,18.19,17.29,11.31,13.63,13.36,11.57,13.19,12.03,11.31,9.588,12.25,17.97,18.09,17.84,16.48,16.94,16.46
P77733,0.325,0.522,0.241,0.514,0.46,0.441,0.7240000000000001,0.57,0.616,0.992,0.807,0.998,0.723,0.66,0.612,0.992,0.629,0.588,0.954,0.5870000000000001,0.5489999999999999,1.011,0.57,0.626
P0ABQ4,8.404,10.88,6.018,6.563,8.855,8.451,12.13,10.84,10.48,4.883,11.62,16.18,4.92,4.129,4.636,4.883,4.069,5.03,8.88,4.687,13.41,10.32,9.54,6.1770000000000005
P08192,14.02,13.0,8.546,10.33,10.76,10.42,9.36,11.69,10.48,4.916,9.544,11.79,6.535,8.759,7.272,4.916,6.792999999999998,7.875,10.49,9.276,13.62,15.07,9.059,10.77
P24186,5.926,5.902,3.877,4.578,4.189,5.619,7.1160000000000005,5.412000000000001,5.674,3.084,4.788,6.3420000000000005,3.38,4.904,3.354,3.084,3.892,3.934,8.806000000000003,5.5760000000000005,5.127999999999999,5.644,4.848,4.673
P0A6T5,9.799,8.725,8.556000000000001,9.954,9.274,7.772,7.635,6.697,5.563,4.843,7.646,8.679,5.4670000000000005,5.941,4.884,4.843,6.535,6.5920000000000005,8.487,4.4110000000000005,7.522,9.237,7.024,6.746
P26281,2.89,3.111,3.494,3.031,3.472,3.492,4.222,3.587,4.509,3.175,3.204,4.063,2.5780000000000003,1.9,2.305,3.175,2.068,2.438,2.565,3.107,3.694,3.147,3.239,2.233
P0AC13,7.565,12.0,5.8610000000000015,8.025,9.017,11.23,7.007999999999999,7.26,6.555,5.329,7.508999999999999,9.027,4.221,5.506,4.613,5.329,5.455,4.744,6.66,3.809,8.311,7.473,6.98,6.853
P0AC19,10.26,8.097999999999999,10.08,6.153,10.04,6.519,12.6,16.84,17.28,11.09,13.44,15.73,11.18,11.23,10.64,11.09,9.208,9.386,13.22,12.96,17.41,15.39,13.53,14.21
P28861,3.345,3.467,3.752,4.297,3.641,3.511,3.01,2.949,3.256,2.277,2.6210000000000004,2.882,3.513,3.805,3.978,2.277,4.928,4.424,3.636,3.743,3.161,3.519,3.039,3.26
P00363,5.187,7.567,9.072,8.48,7.276,6.256,2.425,2.614,2.336,2.9210000000000003,3.023,2.9730000000000003,9.291,8.61,9.465,2.9210000000000003,11.1,11.54,2.151,2.3680000000000003,2.832,3.5980000000000003,3.215,3.323
P0AC47,3.035,3.921,7.757999999999999,6.547999999999999,5.075,5.007,3.077,2.149,2.272,2.34,2.007,2.204,7.451,5.549,8.082,2.34,7.951,8.972000000000003,2.157,1.7280000000000002,2.834,2.2880000000000003,2.192,2.938
P0A8Q0,0.856,1.3219999999999998,2.38,2.069,1.652,1.825,0.5529999999999999,0.53,0.65,0.617,0.782,0.625,2.552,2.025,2.85,0.617,2.482,3.507,0.464,0.392,0.5720000000000001,0.589,0.537,0.606
P0A8Q3,1.868,2.441,6.997999999999998,4.182,4.353,2.3,1.812,1.781,1.402,1.858,1.65,1.521,3.349,2.631,4.17,1.858,3.746,4.595,1.269,1.825,1.756,1.565,2.609,1.888
P0A805,12.06,20.61,12.71,16.24,15.49,20.41,21.24,18.54,22.78,12.71,19.65,22.37,12.75,16.14,13.24,12.71,12.45,13.49,23.6,19.49,22.62,26.03,21.93,13.19
P20966,1.314,1.608,2.389,2.849,1.995,2.055,11.24,12.71,12.63,6.704,10.41,12.96,1.853,1.173,2.749,6.704,1.804,1.715,7.7879999999999985,8.452,11.36,15.44,12.97,13.38
P69811,3.029,3.092,3.165,2.377,2.392,1.65,12.51,13.46,12.23,9.702,12.65,14.44,3.0860000000000003,2.248,4.3180000000000005,9.702,3.604,3.584,12.22,9.959,15.66,18.48,11.85,14.78
P0AEW9,1.4980000000000002,1.865,2.241,1.85,1.66,1.285,10.08,12.76,12.26,6.4929999999999986,12.28,10.09,2.019,1.442,3.279,6.4929999999999986,3.025,2.603,8.006,10.14,14.09,15.08,9.716,13.33
P0ADF0,0.574,0.348,0.535,1.124,0.585,0.383,0.657,0.755,0.532,0.723,0.792,0.516,0.581,0.316,0.479,0.723,0.333,0.15,0.5760000000000001,0.368,0.46,0.478,0.595,0.301
P0ACP1,3.136,5.59,2.651,3.31,3.595,3.074,1.615,1.526,1.669,1.3230000000000002,2.024,1.778,3.499,3.169,3.109,1.3230000000000002,3.374,3.832,1.426,1.413,1.5219999999999998,1.5730000000000002,1.22,1.046
P32155,0.228,0.406,0.0434,0.293,0.139,0.103,0.188,0.159,0.0878,1.011,0.379,0.124,0.487,0.324,0.35,1.011,0.38,0.307,0.062,0.0973,0.304,0.188,0.112,0.284
P32154,0.464,0.627,0.691,0.53,0.506,0.453,1.0,0.753,0.552,1.5519999999999998,0.531,0.565,0.767,0.501,0.5,1.5519999999999998,0.6579999999999999,0.473,0.514,0.672,0.605,0.5760000000000001,0.723,0.892
P32152,0.0597,0.0621,0.083,0.0815,0.054000000000000006,0.0637,0.17800000000000002,0.11,0.188,0.948,0.537,0.262,0.281,0.135,0.0472,0.948,0.0589,0.162,0.104,0.175,0.265,0.124,0.0929,0.264
P32153,0.328,0.4270000000000001,0.529,0.394,0.451,0.28800000000000003,0.789,1.01,0.685,1.185,0.72,0.98,0.546,0.716,0.532,1.185,0.515,0.6,0.705,0.655,0.8270000000000001,1.075,0.841,0.78
P69816,0.792,1.111,1.0,0.7809999999999999,0.74,0.322,0.762,0.7,0.635,0.87,0.5429999999999999,0.5329999999999999,1.582,1.406,1.403,0.87,1.222,1.615,0.6990000000000001,0.483,0.483,0.608,0.434,0.44
P32672,1.368,1.47,1.445,1.179,1.275,0.866,0.762,0.8909999999999999,0.758,0.8759999999999999,0.818,0.524,2.185,1.534,1.808,0.8759999999999999,1.4980000000000002,1.84,0.758,0.8109999999999999,0.7659999999999999,0.794,0.536,0.8490000000000001
P32676,0.0245,0.0621,0.174,0.145,0.0632,0.0208,0.16,0.14800000000000002,0.11,0.388,0.0867,0.0343,0.177,0.14800000000000002,0.0766,0.388,0.189,0.226,0.102,0.105,0.121,0.114,0.113,0.151
P52067,0.8190000000000001,1.164,1.6869999999999998,1.352,1.324,1.2919999999999998,1.211,1.135,1.218,1.206,1.0490000000000002,1.112,0.797,0.774,0.5820000000000001,1.206,0.857,0.7440000000000001,0.96,0.78,1.341,1.137,1.359,1.16
P0A998,38.76,34.3,26.15,21.37,32.48,24.63,12.5,12.27,11.71,10.54,10.01,13.96,24.53,30.56,27.14,10.54,24.03,27.17,13.67,9.156,13.28,14.32,5.6960000000000015,11.07
P0ABH0,22.97,15.33,26.85,17.1,21.07,14.3,22.91,28.71,24.16,16.01,18.55,19.69,14.76,14.94,13.94,16.01,12.99,16.39,25.84,32.66,31.4,26.8,34.38,26.65
P0A9R7,8.378,8.857000000000003,9.08,7.569,8.841000000000003,6.957000000000002,9.911,10.91,10.82,9.24,10.41,9.988,6.863,6.5520000000000005,6.475,9.24,6.6629999999999985,7.287000000000001,11.13,9.069,12.35,12.57,10.92,11.17
P0AD68,5.457999999999998,4.834,6.931,5.299,7.3439999999999985,5.363,8.668,8.414,10.2,5.062,11.16,7.95,5.017,4.757,5.278,5.062,3.628,4.926,6.806,7.188,7.48,5.627000000000002,6.746,5.459
P0C0R7,26.89,20.65,37.9,31.42,47.68,41.24,19.62,22.27,25.33,13.21,18.55,19.31,10.85,10.27,17.17,13.21,13.75,13.92,19.85,12.25,19.34,13.28,20.84,15.63
P46889,16.65,15.74,9.298,17.74,14.29,15.92,7.3679999999999986,5.598,5.518,5.439,7.223,7.745,6.903,8.48,6.022,5.439,5.7620000000000005,6.8870000000000005,7.484,4.421,7.638,8.71,9.488,5.209
P0AEN4,16.99,13.83,18.1,13.62,15.69,11.97,22.01,23.09,26.06,19.51,24.71,23.16,11.16,12.06,11.0,19.51,9.444,12.01,22.49,36.69,20.37,16.91,25.36,23.69
P29131,7.7,6.678,6.686,6.681,7.71,5.4460000000000015,11.14,10.77,9.543,8.512,11.77,13.73,5.8820000000000014,4.635,6.126,8.512,6.809,7.802,9.972,7.911,13.36,15.14,10.1,11.32
P06136,19.44,15.18,15.75,12.82,16.76,14.29,18.22,22.02,21.38,18.58,20.5,21.63,10.97,11.26,9.906,18.58,10.16,11.95,21.87,26.41,23.35,19.56,26.34,18.75
P0ABG4,10.34,6.954,7.588999999999999,7.305,8.628,9.197,7.309,8.132,10.3,6.667000000000002,10.02,9.471,4.449,5.059,4.497,6.667000000000002,3.769,5.246,5.257999999999999,6.751,8.177,4.633,11.95,8.015
P0AC30,7.302,6.374,5.483,5.549,6.476,6.795,7.52,8.356,8.277000000000001,7.295,8.302999999999999,8.77,4.171,4.149,3.377,7.295,4.187,3.831,8.408999999999999,9.088,9.803,8.835,9.48,8.645
P10121,20.44,16.44,17.64,14.8,17.74,16.24,21.11,23.34,21.7,18.54,21.28,22.39,10.45,11.64,11.24,18.54,11.98,11.74,24.93,25.14,25.13,21.7,26.42,24.88
P0A9A6,22.02,16.35,18.43,22.53,16.21,20.81,18.56,23.43,25.92,21.35,24.3,21.5,19.36,21.7,21.25,21.35,21.73,25.02,20.73,22.67,27.37,25.84,31.69,23.0
P0AB87,0.562,0.79,1.153,0.7170000000000001,1.008,0.648,0.391,0.454,0.617,0.841,0.652,0.508,3.139,2.354,3.511,0.841,3.564,3.3510000000000004,0.7609999999999999,0.601,0.562,0.311,0.509,0.452
P69922,0.74,1.269,1.466,1.547,1.278,1.4680000000000002,0.3670000000000001,0.418,0.371,0.597,0.578,0.591,1.366,1.596,1.828,0.597,2.247,1.979,0.565,0.344,0.565,0.475,0.467,0.443
P11553,1.732,2.18,3.765,2.2430000000000003,2.6210000000000004,2.402,2.032,1.977,2.343,1.439,1.632,1.744,3.605,3.772,4.626,1.439,4.187,4.018,2.009,1.597,1.693,1.391,2.201,1.898
P0A9S1,0.611,0.547,0.57,0.513,0.505,0.527,0.395,0.371,0.396,0.557,0.5429999999999999,0.365,1.785,1.305,1.823,0.557,1.919,2.186,0.416,0.343,0.378,0.184,0.639,0.428
P11551,0.35100000000000003,0.527,0.329,0.272,0.257,0.242,0.0621,0.0246,0.0227,0.156,0.0163,0.058,0.382,0.289,0.454,0.156,0.486,0.579,0.0284,0.028,0.0157,0.0342,0.0337,0.0362
P0ACK8,4.037,5.955,4.178,3.07,3.653,2.687,1.811,2.199,1.885,1.665,1.907,2.385,11.0,10.61,9.415,1.665,8.238999999999999,11.92,1.925,1.359,2.583,3.0460000000000003,1.504,1.279
P0AEN8,0.317,1.6230000000000002,2.952,2.992,2.887,2.334,3.626,4.646,3.772,2.89,3.324,4.4830000000000005,6.348,5.791,7.218,2.89,5.731,7.944,4.879,4.124,3.97,4.7,2.948,3.341
P0AC33,9.781,13.67,20.03,19.05,19.77,17.83,2.469,3.764,3.515,2.79,2.556,2.224,23.3,14.92,28.85,2.79,28.24,27.8,1.851,2.741,3.717,2.992,2.565,4.02
P14407,0.27,0.388,0.126,0.544,0.261,0.555,0.166,0.107,0.085,0.667,0.682,0.375,0.8540000000000001,0.721,0.7659999999999999,0.667,0.8079999999999999,0.828,0.139,0.13699999999999998,0.6679999999999999,0.7,0.292,0.449
P05042,1.475,2.011,3.866,4.524,3.343,2.835,0.153,0.202,0.421,0.384,0.391,0.168,2.077,1.51,2.852,0.384,2.947,2.708,0.204,0.517,0.69,0.767,0.231,0.385
P0A9A9,22.94,27.71,23.86,12.89,19.1,18.6,21.27,21.18,22.51,11.42,17.96,24.67,14.69,14.76,12.62,11.42,9.075,14.0,20.57,22.84,23.2,19.17,20.46,19.62
P0A6M8,132.5,142.9,101.8,98.61,108.4,110.5,114.9,138.6,131.7,79.52,112.5,115.4,64.03,84.97,69.13,79.52,78.69,69.89,117.7,175.4,118.3,108.1,142.0,106.8
P25526,0.403,0.721,1.6969999999999998,1.62,1.405,1.3230000000000002,0.17800000000000002,0.211,0.122,0.302,0.363,0.244,1.864,1.306,4.577,0.302,3.442,2.659,0.825,0.705,0.419,0.634,0.134,0.145
P25527,0.0398,0.056,0.226,0.3670000000000001,0.232,0.25,0.378,0.0795,0.0694,0.377,0.204,0.0534,0.422,0.188,0.904,0.377,0.83,0.5,0.113,0.0733,0.106,0.133,0.0747,0.0607
P22256,1.361,0.863,1.725,2.13,1.679,1.5630000000000002,1.068,1.087,1.029,1.177,0.8759999999999999,0.9,1.367,1.3230000000000002,3.148,1.177,3.221,2.319,1.212,1.525,0.969,0.987,1.329,1.251
P69908,0.136,0.0802,0.232,0.0502,0.154,0.0514,0.136,0.225,0.161,0.54,0.318,0.14800000000000002,0.727,0.508,0.836,0.54,0.8740000000000001,0.826,0.393,0.42,0.198,0.163,0.242,0.166
P69910,0.0505,0.0106,0.01,0.0263,0.0322,0.0208,0.153,0.142,0.173,0.188,0.209,0.125,0.5770000000000001,0.684,1.005,0.188,0.813,0.8809999999999999,0.316,0.299,0.157,0.139,0.0756,0.168
P09147,6.648,10.05,7.795,8.937999999999997,9.084,8.309,5.3020000000000005,5.79,4.954,4.024,4.632,5.073,10.61,11.12,12.29,4.024,12.55,12.08,9.516,7.903,6.974,6.41,6.421,6.009
P0AAB6,17.44,16.5,11.87,13.93,14.66,15.93,13.25,11.69,10.61,6.957000000000002,12.33,13.72,7.562,8.908999999999997,7.765,6.957000000000002,8.051,8.105,12.85,11.87,15.58,17.49,13.67,15.05
P0A6T3,10.97,10.73,20.3,21.98,20.15,17.61,4.995,6.9,5.949,5.422999999999999,5.33,5.132999999999999,14.98,14.33,20.92,5.422999999999999,21.35,21.22,14.39,19.24,8.877,9.108,9.071,9.177
P0A9C3,8.49,7.35,18.14,18.04,16.25,15.46,10.03,9.592,8.52,7.749,9.518,8.9,19.06,14.85,22.28,7.749,18.16,24.74,22.07,17.78,13.91,14.24,12.15,10.35
P0AEP1,4.711,4.35,7.385,4.591,4.462,4.348,1.29,1.486,1.535,1.471,1.388,1.252,3.652,3.664,3.789,1.471,4.408,4.152,2.727,2.8560000000000003,1.861,1.636,1.894,2.107
P03024,4.052,3.5460000000000003,4.356,3.571,3.803,3.385,1.483,1.481,1.787,1.564,1.493,1.354,1.235,1.301,1.227,1.564,1.34,1.223,1.103,0.6609999999999999,1.3019999999999998,1.17,1.513,1.6
P25748,6.127000000000002,17.71,4.498,2.651,2.6860000000000004,2.051,0.535,0.479,0.53,0.4370000000000001,0.623,0.63,7.808,7.776,6.774,0.4370000000000001,8.1,8.568999999999999,0.657,0.6729999999999999,0.392,0.5579999999999999,0.361,0.387
P09148,4.032,6.607,9.531,8.963,7.803,6.922999999999999,2.662,2.337,2.035,2.175,2.485,2.664,10.95,10.25,13.73,2.175,13.99,15.64,7.701,6.079,4.32,5.355,3.282,3.535
P0AEP3,13.13,11.54,9.26,8.843,10.72,10.42,11.48,15.23,12.56,9.396,10.4,12.38,9.792,11.79,9.385,9.396,8.392000000000001,9.221,10.88,11.76,16.88,15.72,13.05,12.74
P0A9B2,100.4,94.78,93.2,88.36,96.9,103.7,97.08,104.7,105.4,71.13,91.74,109.3,68.67,83.06,78.52,71.13,79.65,73.49,111.3,139.6,113.7,103.1,100.8,94.52
P69828,66.59,80.69,94.4,88.3,93.58,92.04,4.937,4.657,5.808,4.91,4.988,4.981,62.22,67.33,67.96,4.91,78.61,72.27,1.781,0.884,4.207,3.529,3.872,4.183
P37188,48.69,43.77,85.96,64.15,72.86,70.08,3.198,3.345,3.545,2.963,3.277,3.738,53.53,57.88,64.33,2.963,68.34,64.84,1.053,0.919,2.874,2.51,3.096,2.694
P69831,18.87,29.43,41.81,57.25,57.8,61.8,1.029,1.042,1.246,1.08,1.144,1.11,40.78,40.99,50.81,1.08,59.81,49.87,0.468,0.203,0.945,1.021,1.095,0.8
P0A9S3,7.346,7.85,31.7,41.87,39.0,35.88,0.499,0.426,0.522,0.6709999999999999,0.626,0.532,24.39,21.51,32.47,0.6709999999999999,37.65,35.86,0.281,0.076,0.472,0.469,0.424,0.407
P0C8J6,76.35,82.6,95.22,67.28,72.77,62.49,7.974,12.61,10.54,4.489,10.41,10.8,58.22,64.76,68.45,4.489,58.34,57.72,5.194,4.627,11.18,12.16,8.917,10.56
P0C8J8,95.83,112.3,122.7,107.0,118.3,113.6,5.846,5.449,6.151,4.432,6.114,6.5920000000000005,70.88,84.27,81.29,4.432,93.65,83.54,1.978,1.653,6.65,3.579,6.8660000000000005,5.416
P15877,4.424,2.79,1.749,1.846,2.082,2.229,2.221,2.505,2.314,2.496,2.0580000000000003,1.939,1.0,0.745,1.112,2.496,1.106,0.913,2.675,2.9760000000000004,2.6710000000000003,2.126,3.401,2.314
P0AEP7,0.415,0.271,0.298,0.335,0.5589999999999999,0.37,0.467,0.398,0.396,0.6920000000000001,0.484,0.462,0.469,0.324,0.411,0.6920000000000001,0.51,0.439,0.442,0.635,0.441,0.508,0.5870000000000001,0.449
P62620,15.26,14.12,11.64,11.62,11.0,11.44,8.106,8.492,8.535,5.891,8.006,8.988999999999997,5.936,6.884,6.209,5.891,6.734,7.476,8.594,8.035,9.854,9.163,8.386000000000001,10.59
P0A9F6,3.109,2.721,1.6880000000000002,1.878,1.844,1.69,3.36,3.298,2.9130000000000003,2.232,2.6910000000000003,3.029,1.47,1.594,2.576,2.232,1.735,1.834,3.381,3.417,3.477,3.782,2.166,3.115
P0A6T9,23.22,32.03,71.05,64.41,76.8,61.43,9.347,9.672,7.901,6.738,9.05,10.75,42.89,50.56,49.59,6.738,55.9,51.36,11.05,14.12,8.806000000000003,11.05,10.47,10.89
P33195,2.051,2.0380000000000003,8.405,8.712,7.744,6.7189999999999985,0.966,1.071,1.17,0.986,1.164,1.119,4.7360000000000015,5.047,5.261,0.986,6.431,6.022,0.984,1.7990000000000002,0.963,1.291,1.528,1.669
P0A9I3,6.7810000000000015,8.531,16.62,10.38,10.85,9.416,9.982,9.676,9.194,6.34,8.593,12.01,9.718,11.55,10.64,6.34,11.2,13.79,10.23,9.811,10.19,11.91,7.959,10.15
P27248,9.172,17.06,33.58,35.71,35.46,28.61,2.649,2.7230000000000003,2.842,1.865,2.807,2.387,19.44,22.33,25.6,1.865,29.12,26.3,3.033,3.216,2.227,3.055,2.735,2.773
P00370,2.616,2.795,4.618,5.975,5.033,4.517,2.375,1.293,2.171,1.265,2.316,2.051,1.5319999999999998,1.891,2.241,1.265,1.988,1.915,2.704,1.321,1.5219999999999998,2.595,1.306,1.382
P33236,0.519,0.648,0.45,0.404,0.413,0.441,0.331,0.174,0.4,0.182,0.376,0.44,0.328,0.277,0.281,0.182,0.274,0.458,0.253,0.263,0.264,0.131,0.157,0.175
P18956,0.988,0.887,1.078,0.959,1.003,0.818,0.991,0.991,0.7240000000000001,1.243,0.89,0.78,1.362,1.245,0.847,1.243,1.054,1.0659999999999998,1.071,1.4069999999999998,0.74,0.777,0.98,0.7559999999999999
P0A6U3,8.296,5.7620000000000005,3.655,4.598,5.629,5.671,7.637,7.495,7.423999999999999,6.5520000000000005,9.268,8.719,2.052,2.967,2.108,6.5520000000000005,2.5380000000000003,2.479,9.519,10.54,8.611,9.502,9.356,9.218
P0A6U5,4.049,3.028,1.89,2.1630000000000003,2.617,2.9,4.056,4.346,4.504,4.074,5.454,5.634,0.985,1.3130000000000002,0.726,4.074,0.68,0.825,4.869,4.815,4.688,5.121,4.772,4.868
P30147,0.395,0.397,0.277,0.212,0.478,0.32,0.393,0.3670000000000001,0.13,0.419,0.393,0.35600000000000004,0.42,0.277,0.431,0.419,0.453,0.322,0.428,0.472,0.28300000000000003,0.261,0.201,0.28300000000000003
P37330,0.902,0.728,0.983,1.065,1.195,1.535,0.448,0.527,0.472,0.502,0.6829999999999999,0.649,0.977,0.988,1.411,0.502,1.286,1.15,0.674,0.665,0.512,0.5920000000000001,0.504,0.547
P0ACL5,2.986,5.612,2.204,1.239,1.416,1.157,0.477,0.491,0.421,0.629,0.6859999999999999,0.754,16.27,9.368,13.32,0.629,14.02,17.24,0.723,0.28,0.7070000000000001,0.841,0.486,0.35600000000000004
P0AEP9,0.0597,0.0363,0.0707,0.0301,0.131,0.103,0.0764,0.0634,0.0347,0.505,0.205,0.0542,0.343,0.177,0.223,0.505,0.211,0.168,0.068,0.0973,0.0679,0.0456,0.0856,0.0525
P0AEQ1,7.27,5.785,8.878,5.9129999999999985,9.07,7.2029999999999985,4.601,4.416,4.602,3.467,3.733,4.121,6.082000000000002,6.144,7.699,3.467,7.007999999999999,6.904,7.138,9.191,4.632,4.669,5.432,5.167000000000002
P0A9S5,0.735,0.395,0.774,1.033,0.8009999999999999,0.8340000000000001,0.971,1.272,1.193,1.237,1.396,1.37,0.795,0.95,0.919,1.237,0.912,1.214,1.3330000000000002,1.683,1.154,0.992,0.877,1.408
P37747,16.85,23.26,8.315,7.773,14.63,16.17,6.69,7.991,8.652999999999999,3.283,7.949,12.4,10.05,14.27,8.011000000000001,3.283,7.829,9.23,7.754,6.599,9.317,11.96,7.468,9.332
P0A6U8,2.573,2.774,4.272,6.085,6.146,5.6720000000000015,2.262,1.864,2.541,2.347,2.468,2.1830000000000003,4.442,4.445,6.575,2.347,7.1770000000000005,5.982,3.133,3.825,2.547,2.592,2.15,2.6660000000000004
P07762,3.25,4.391,10.89,11.75,10.16,9.651,4.0539999999999985,4.325,4.704,4.992,4.863,4.635,8.447000000000001,8.375,12.31,4.992,14.28,13.82,5.238,7.073,5.48,5.624,5.8020000000000005,5.795
P0A6V1,3.3080000000000003,3.776,5.209,9.66,8.599,8.554,1.857,2.041,2.331,2.373,2.148,2.265,7.854,7.532,11.42,2.373,13.12,12.06,4.1080000000000005,3.187,3.143,3.454,2.6830000000000003,3.029
P0AC86,2.332,1.927,1.844,2.085,2.072,2.543,1.891,1.618,1.875,2.083,2.029,1.7519999999999998,2.04,2.05,2.369,2.083,1.685,2.224,1.857,1.663,1.6909999999999998,1.733,2.056,1.7
P26649,0.825,1.328,1.843,1.18,1.1,1.128,1.472,1.588,1.495,1.327,1.531,1.796,10.08,9.461,10.27,1.327,10.74,10.02,2.422,2.255,1.745,2.386,1.521,1.66
P15067,2.968,4.725,4.838,9.214,7.467,9.09,2.361,2.14,2.108,2.025,2.341,2.384,6.437,7.501,8.982000000000003,2.025,11.04,9.615,3.528,2.8,2.186,3.388,2.353,2.508
P0A6V8,3.087,3.511,4.964,4.716,4.282,3.892,1.641,1.49,1.72,1.217,1.836,1.683,4.088,3.829,4.668,1.217,3.957,5.731,2.024,1.311,2.014,2.456,1.129,1.993
P17169,11.22,10.21,8.092,10.55,8.532,9.999,11.22,12.25,12.07,9.116,13.31,13.59,6.081,8.927,6.544,9.116,8.362,7.5379999999999985,18.9,21.22,14.79,14.84,14.02,13.85
P0ACC7,33.93,29.73,26.93,27.64,31.1,26.67,26.81,30.79,27.74,19.93,27.15,30.98,14.28,19.5,15.92,19.93,16.97,17.16,48.92,56.67,32.36,35.44,33.07,30.95
P0A9C5,4.89,8.151,8.661,9.575,9.545,9.459,4.684,5.5,5.836,4.634,3.822,6.238,6.989,8.422,7.886,4.634,9.83,8.388,6.305,4.657,7.685,6.712999999999999,7.0070000000000014,6.95
P0A9Z1,3.273,3.582,2.603,3.2430000000000003,4.002,3.39,5.939,6.928,6.096,3.913,6.7189999999999985,9.613,3.547,3.556,3.37,3.913,2.8510000000000004,2.984,6.018,3.179,7.125,9.16,4.333,4.695
P27249,3.358,3.702,2.537,2.782,3.454,3.028,3.771,3.623,3.349,3.103,2.963,3.497,3.571,3.749,3.659,3.103,3.603,3.948,3.83,4.012,3.739,4.167,3.82,3.141
P30870,3.965,3.17,6.791,4.502,5.051,5.6370000000000005,4.637,5.032,5.5760000000000005,3.015,4.9030000000000005,4.992,5.662000000000001,7.222,7.194,3.015,6.24,5.3870000000000005,3.793,3.793,5.738,4.968,5.445,6.319
P0AFB8,1.781,1.3869999999999998,2.849,2.083,1.898,1.568,2.58,2.768,2.314,2.648,1.716,2.246,1.463,1.509,1.2819999999999998,2.648,1.829,1.538,1.5519999999999998,1.579,2.545,1.849,2.6,2.171
P0AEQ3,23.53,24.44,40.31,25.8,37.96,27.09,19.06,18.43,18.67,10.17,12.99,10.92,40.95,39.69,50.71,10.17,46.85,45.87,26.43,25.99,19.88,19.12,15.6,23.54
P0AC55,0.335,0.38,0.265,0.166,0.156,0.0637,0.383,0.446,0.152,0.623,0.4,0.334,0.307,0.0796,0.18,0.623,0.112,0.105,0.355,0.181,0.476,0.224,0.29100000000000004,0.302
P0AFB5,3.259,3.67,4.173,3.131,3.698,3.739,3.542,3.3710000000000004,3.158,2.85,2.974,3.58,2.867,2.886,2.902,2.85,3.532,3.667,2.129,2.323,3.167,2.8110000000000004,3.4130000000000003,3.3310000000000004
P0AEQ6,6.384,7.516,9.729,9.338,8.792,7.593,7.096,6.5779999999999985,6.779,2.812,5.857,5.1160000000000005,13.98,10.67,16.72,2.812,18.12,19.11,7.92,8.311,7.494,8.015,4.377,7.528
P10346,9.492,7.957999999999998,14.39,12.2,11.78,9.855,10.79,9.892,10.73,5.103,10.22,11.65,13.48,11.94,17.58,5.103,17.37,17.02,12.21,15.69,12.56,10.79,7.596,11.62
P00962,16.91,13.92,12.35,11.16,12.14,12.51,17.48,18.35,17.64,10.19,15.42,14.3,7.49,9.194,7.308,10.19,6.984,8.082,14.85,16.54,20.58,19.63,19.49,17.74
P0AC81,14.57,10.36,15.28,8.47,11.68,12.1,15.45,19.9,21.92,12.77,16.52,18.64,11.66,13.42,11.14,12.77,9.077,9.695,16.74,26.64,23.76,17.99,22.78,25.42
P0AC84,1.023,1.3869999999999998,2.821,0.835,1.666,1.306,1.651,2.005,2.267,1.368,0.97,1.347,3.123,3.006,3.096,1.368,2.178,3.445,1.239,1.005,1.861,1.4169999999999998,1.655,0.909
P0A9C0,4.916,16.55,10.1,7.569,7.216,5.841,0.42,0.762,0.639,0.878,0.885,0.5710000000000001,1.74,4.937,0.495,0.878,0.818,1.3119999999999998,0.596,0.608,0.693,0.522,0.547,0.486
P13033,3.2510000000000003,10.17,14.41,13.54,10.07,8.391,0.989,1.213,0.973,0.693,0.7340000000000001,0.911,3.113,9.622,1.196,0.693,1.584,2.417,0.75,0.888,0.963,0.97,0.83,0.922
P0A996,1.38,2.345,6.306,6.157,6.497000000000001,4.005,0.483,0.804,0.353,0.599,0.649,0.71,2.447,5.932,0.901,0.599,0.972,1.507,0.545,0.8390000000000001,0.6859999999999999,0.638,0.716,0.488
P13035,33.21,48.74,19.23,27.64,28.77,37.41,1.086,1.392,1.475,1.692,1.546,1.445,1.15,5.305,0.733,1.692,1.127,0.952,2.8,3.36,1.555,1.521,1.865,1.93
P0A6V5,8.043,10.29,6.392,7.728,9.048,8.855,5.124,5.711,4.648,4.041,5.244,6.709,3.319,4.604,3.743,4.041,3.658,4.044,4.8039999999999985,4.168,5.547999999999999,6.3889999999999985,4.928,4.885
P0AER0,47.69,56.9,54.92,47.66,47.24,37.86,1.375,1.0490000000000002,1.019,1.295,1.257,1.17,11.1,25.66,4.794,1.295,6.0360000000000005,9.266,1.888,2.336,1.402,1.449,1.475,1.495
P09391,17.62,15.28,16.42,12.97,17.09,14.04,17.67,20.45,20.2,13.09,16.0,18.08,8.684,9.887,9.234,13.09,8.802,9.909,17.71,20.14,19.15,18.92,19.58,21.16
P0A6F3,16.36,37.38,54.91,53.86,54.44,45.52,0.32299999999999995,1.063,1.025,1.124,1.036,1.037,22.2,38.96,14.6,1.124,18.37,22.35,1.664,1.941,1.286,1.6840000000000002,1.3219999999999998,1.357
P09394,14.57,27.01,56.32,31.81,37.91,27.51,1.59,2.191,1.897,2.173,2.09,2.06,12.44,22.38,4.5280000000000005,2.173,5.586,9.712,1.395,1.3530000000000002,2.207,1.68,2.454,1.822
P0ACL0,5.098,5.384,4.243,5.421,5.218,5.2029999999999985,5.954,5.202000000000001,5.48,4.317,6.581,6.285,3.362,4.6110000000000015,3.4560000000000004,4.317,4.013,4.688,5.683,4.919,6.282,7.5,5.8260000000000005,5.574
P08194,28.08,68.58,62.29,65.37,54.36,55.5,0.91,1.088,1.393,1.875,1.44,1.094,18.59,39.45,6.73,1.875,12.48,16.18,0.7340000000000001,0.951,1.656,1.084,1.996,1.5219999999999998
P0A9C9,4.975,6.341,8.747,9.018,8.448,7.771,3.57,3.2,3.604,2.9360000000000004,3.506,3.553,2.94,4.748,2.459,2.9360000000000004,2.5980000000000003,2.852,4.404,4.096,3.5460000000000003,3.59,3.533,3.613
P0ABH7,12.86,15.53,35.8,32.18,28.08,21.73,3.669,3.941,4.019,2.527,2.994,4.03,30.88,22.94,51.31,2.527,50.25,41.18,4.146,3.451,4.151,3.591,3.36,3.258
P09831,8.357999999999999,6.872000000000001,7.598,13.16,13.37,17.11,3.677,3.777,4.006,3.089,2.977,2.885,3.801,4.355,3.5010000000000003,3.089,4.043,4.112,2.855,3.2310000000000003,2.8510000000000004,2.5540000000000003,4.058,3.259
P09832,7.599,8.622,6.621,12.08,12.57,16.27,4.1960000000000015,4.013,4.5760000000000005,3.793,3.967,3.915,5.504,6.537000000000001,4.979,3.793,4.909,5.07,3.58,3.757,3.471,3.24,4.487,4.235
P28721,1.04,0.637,0.742,0.539,0.664,0.664,0.8170000000000001,0.726,1.023,0.804,0.647,1.047,0.457,0.536,0.241,0.804,0.495,0.398,1.67,1.329,0.595,0.555,0.831,0.677
P0AER3,1.714,1.258,2.306,1.829,1.569,1.6130000000000002,0.964,0.856,1.12,1.414,1.257,1.281,1.4509999999999998,1.088,1.528,1.414,1.604,1.852,1.213,0.6890000000000001,1.079,1.003,1.569,1.136
P0AER5,2.962,2.866,5.376,3.886,3.928,2.9610000000000003,0.928,0.763,0.815,1.007,0.957,1.089,2.358,1.64,2.341,1.007,2.158,2.466,0.7190000000000001,0.455,0.866,1.3159999999999998,0.853,0.5379999999999999
P0AAG3,3.196,2.762,4.92,3.804,3.125,2.806,2.217,1.727,1.742,1.723,1.757,1.764,2.1830000000000003,2.026,2.231,1.723,1.978,2.483,1.351,1.513,1.622,1.823,1.9,1.843
P21345,5.706,4.977,6.47,5.314,6.206,4.838,7.894,7.2120000000000015,7.457999999999998,6.674,6.914,6.7429999999999986,2.905,2.7310000000000003,3.071,6.674,2.776,3.012,6.022,5.899,8.357999999999999,7.5310000000000015,7.713999999999999,8.5
P0AER8,1.479,1.849,1.085,0.996,1.329,1.254,3.323,3.156,3.665,2.8080000000000003,3.642,2.391,1.605,1.815,1.672,2.8080000000000003,1.636,1.724,2.194,3.632,3.162,3.971,4.806,3.267
P04805,7.6629999999999985,5.507999999999999,4.22,6.055,5.436,7.803,8.877,8.581,8.876,7.405,10.7,12.23,4.333,6.402,3.687,7.405,4.157,4.525,9.245,8.632,11.55,12.63,10.81,9.603
P69789,0.547,0.528,0.377,0.42,0.438,0.31,0.5589999999999999,0.573,0.461,0.873,0.565,0.493,0.392,0.366,0.34600000000000003,0.873,0.399,0.324,0.816,0.889,0.557,0.52,0.506,0.7
P31452,0.35200000000000004,0.268,0.562,0.482,0.289,0.364,0.544,0.24,0.189,0.708,0.301,0.321,0.513,0.362,0.39,0.708,0.423,0.3670000000000001,0.4270000000000001,0.552,0.18600000000000005,0.265,0.318,0.18
P31450,0.815,0.8959999999999999,0.521,0.821,0.62,0.528,1.565,1.196,1.084,1.514,1.223,1.144,0.778,0.6890000000000001,0.507,1.514,0.653,0.605,1.7480000000000002,1.66,1.304,1.329,1.1740000000000002,1.25
P0A825,15.24,14.35,13.97,12.34,11.32,13.45,8.522,9.517,8.2,6.724,9.654,9.934,20.47,21.84,19.4,6.724,22.2,23.1,14.83,13.61,10.93,11.0,8.862,10.5
P00960,20.98,22.83,13.57,19.03,18.55,19.93,17.17,17.51,19.81,16.48,20.28,16.91,11.59,17.25,12.71,16.48,16.17,15.71,12.05,13.71,20.07,25.12,21.18,21.82
P00961,31.7,28.68,20.3,24.15,23.61,23.77,27.27,29.1,30.71,26.56,27.54,25.42,16.01,20.81,14.37,26.56,16.98,17.63,20.73,29.83,34.13,30.57,40.84,38.31
P0AC88,1.833,1.46,1.132,1.263,1.256,1.355,1.481,1.345,1.291,1.59,1.133,1.128,1.048,1.084,0.8270000000000001,1.59,0.746,0.996,1.666,2.025,1.214,0.939,1.692,1.442
P63224,10.85,12.1,15.0,11.37,14.5,10.41,12.06,10.34,12.68,5.2429999999999986,9.744,12.04,14.89,12.15,17.35,5.2429999999999986,14.89,15.92,9.799,10.61,10.76,9.511,8.119,7.04
P60546,23.78,20.82,15.48,17.48,21.01,19.17,26.13,28.15,26.94,17.26,25.97,32.68,8.625,10.67,9.414,17.26,9.894,10.5,21.49,18.06,29.43,33.08,23.9,26.77
P00350,56.72,55.31,42.34,37.76,46.78,44.89,43.91,47.11,48.78,25.2,41.42,43.97,38.73,46.89,39.03,25.2,38.7,42.0,58.31,71.64,53.37,47.91,47.89,47.46
P46859,3.093,2.9810000000000003,1.694,1.379,1.5759999999999998,0.985,2.443,3.5610000000000004,3.431,1.778,2.713,2.665,1.238,1.197,1.2819999999999998,1.778,0.97,1.063,1.877,2.313,2.373,2.281,1.975,2.327
P0AC94,1.567,1.732,1.203,1.169,1.291,1.07,0.911,0.908,0.986,1.101,1.092,0.841,3.446,3.474,3.769,1.101,4.53,4.2780000000000005,0.943,0.965,0.949,0.922,1.145,0.879
P0ACP5,5.5870000000000015,4.039,2.7460000000000004,4.339,4.492,4.263,3.828,2.949,4.4060000000000015,1.7,4.057,4.4510000000000005,4.3260000000000005,4.12,4.2330000000000005,1.7,3.488,4.195,4.722,2.9730000000000003,4.864,5.482,2.818,3.626
P39835,2.951,4.033,2.524,2.475,2.228,2.639,2.111,2.0380000000000003,1.7819999999999998,1.828,1.682,2.044,1.497,1.445,1.639,1.828,1.391,1.4380000000000002,1.476,1.535,1.3030000000000002,1.509,1.146,1.259
P50457,0.971,0.73,0.912,1.266,1.22,1.081,0.706,0.716,0.684,0.916,0.732,0.792,1.251,1.16,1.17,0.916,1.235,1.203,1.01,0.865,0.767,0.8290000000000001,1.132,0.92
P06715,11.82,10.98,7.284,9.335,8.843,11.4,9.108,8.18,9.778,7.305,11.03,10.88,7.563,11.26,7.732,7.305,9.469,8.497,7.937,9.675,10.42,9.803,11.36,8.578
P32662,19.09,17.93,11.1,15.23,15.48,15.67,20.13,21.23,19.05,12.51,20.41,21.62,13.21,15.89,12.87,12.51,14.46,15.15,16.26,12.67,19.03,28.8,16.43,16.62
P62707,19.86,17.62,21.49,16.91,19.6,17.06,25.1,29.19,29.12,22.95,29.51,29.4,18.57,21.73,19.82,22.95,16.45,17.95,29.31,31.2,36.0,30.58,33.68,27.94
P0A7A2,4.15,4.833,2.775,1.971,3.0010000000000003,3.129,3.2430000000000003,3.58,4.384,3.518,3.95,4.405,2.255,2.403,1.953,3.518,2.228,2.574,3.715,3.299,4.534,4.024,4.007,3.956
P25552,2.986,3.184,2.489,3.31,2.989,3.849,2.021,1.666,1.7619999999999998,2.136,2.323,2.178,2.0340000000000003,1.928,1.973,2.136,2.077,2.142,2.115,2.949,1.809,2.589,1.74,2.135
P0A6S7,23.06,22.65,22.97,24.01,23.39,20.35,14.93,20.44,15.48,8.656,15.44,14.93,16.97,19.46,20.23,8.656,20.59,21.35,13.31,18.92,18.54,18.51,15.73,21.28
P0A9M5,19.58,17.19,9.702,9.161,14.47,13.34,18.87,19.81,21.9,16.3,21.49,20.98,5.723,10.14,5.505,16.3,5.114,6.0870000000000015,14.33,12.67,23.43,17.41,23.34,18.04
P0A6W5,16.2,14.07,9.036,9.31,13.05,10.9,18.65,24.1,21.2,13.15,19.67,22.67,6.059,8.088,5.274,13.15,4.269,6.151,32.26,22.61,23.66,22.85,12.57,16.56
P30128,2.76,3.004,3.424,2.7710000000000004,3.745,2.786,4.141,4.953,5.961,2.0340000000000003,5.167000000000002,4.569,2.794,3.096,3.179,2.0340000000000003,2.688,3.129,3.139,4.577,6.265,5.962999999999999,4.775,6.0539999999999985
P09372,21.24,16.61,31.73,29.6,41.16,45.14,39.18,41.55,47.26,33.11,40.0,40.67,22.13,21.91,27.38,33.11,26.6,21.18,39.62,36.19,43.96,32.45,46.78,35.23
P68688,2.66,1.6230000000000002,2.8510000000000004,1.531,1.933,1.304,4.351,5.024,4.9430000000000005,2.612,3.444,3.972,1.536,1.391,1.321,2.612,1.285,1.269,4.035,4.671,3.156,3.573,4.374,5.1110000000000015
P0AC59,4.23,3.37,5.012,3.471,4.187,2.84,6.488,6.402,6.862,3.036,5.197,7.247000000000001,10.28,10.63,12.07,3.036,11.16,12.72,8.762,7.604,7.685,7.734,6.365,6.78
P0AC62,43.53,52.12,38.52,42.52,43.14,41.39,47.58,51.06,42.86,35.77,42.94,64.61,34.89,42.03,38.82,35.77,39.47,42.89,46.52,37.97,53.04,63.98,50.29,47.33
P0A6W9,28.94,30.67,26.68,29.44,26.48,30.05,25.05,23.36,20.85,18.53,20.37,22.6,17.61,20.88,18.25,18.53,22.28,19.1,17.48,14.64,24.07,20.48,26.45,24.16
P04425,14.23,10.32,12.89,10.95,13.56,10.73,12.55,13.67,12.9,11.75,13.61,14.03,6.602,6.812,6.3439999999999985,11.75,6.502000000000002,7.411,15.21,14.96,15.61,14.27,15.92,15.45
P0AEW6,2.116,3.475,1.805,1.925,1.953,2.173,3.266,2.944,2.875,2.522,3.279,3.397,1.383,1.73,1.122,2.522,1.106,1.388,2.285,1.896,3.3280000000000003,3.642,3.172,3.057
P0AES0,1.404,1.01,1.116,0.983,0.901,0.878,1.978,1.535,1.841,1.713,1.6269999999999998,1.517,1.525,1.56,1.134,1.713,1.362,1.267,1.707,1.821,1.819,1.626,1.938,1.908
P0A9D2,2.714,2.684,2.389,2.555,3.254,2.884,2.371,2.4930000000000003,2.195,2.391,2.798,3.12,5.606,6.25,6.457999999999998,2.391,6.122999999999998,6.848,2.903,1.597,3.229,3.4160000000000004,2.637,2.484
P04079,13.48,12.54,5.7810000000000015,8.357000000000001,7.941,9.881,12.6,12.27,12.59,4.955,16.34,15.06,6.0779999999999985,8.526,4.251,4.955,4.394,6.184,16.73,11.35,17.1,21.58,7.09,13.49
P0ADG7,22.81,16.73,8.925,11.86,13.91,15.74,26.91,31.29,27.18,18.45,25.0,22.59,7.158,12.18,4.478,18.45,4.248,6.5139999999999985,27.98,35.68,38.56,37.65,25.11,37.69
P60560,9.632,8.279,6.5360000000000005,6.731,7.308,8.31,12.21,11.27,11.49,6.584,9.945,10.02,11.63,15.21,10.42,6.584,10.05,11.41,11.55,10.88,11.85,9.716,11.15,8.238999999999999
P15081,0.925,1.947,4.628,5.882999999999999,5.132999999999999,3.5980000000000003,0.41,0.539,0.387,0.574,0.522,0.55,1.335,0.903,1.222,0.574,1.172,1.415,0.3670000000000001,0.431,0.477,0.662,0.457,0.462
P17115,0.928,1.372,3.11,1.789,1.7480000000000002,1.25,0.748,0.478,0.949,1.212,1.3,1.034,1.652,1.266,1.873,1.212,1.25,1.186,0.855,0.415,1.629,1.567,1.128,1.649
P0AES4,13.77,11.34,8.781,8.586,8.949,7.746,11.54,9.753,9.739,8.024,10.93,11.17,4.745,6.442,5.261,8.024,5.855,5.374,14.44,18.84,12.87,12.73,14.63,13.81
P0AES6,12.15,9.314,5.8210000000000015,6.645,7.018,7.832000000000002,11.12,10.29,10.91,8.99,12.81,12.22,5.202000000000001,6.205,5.018,8.99,4.853,5.297999999999999,18.15,17.75,12.0,12.39,12.98,10.01
P0ABR5,1.034,0.6629999999999999,1.6669999999999998,1.249,1.723,1.295,0.385,0.954,1.004,1.2990000000000002,0.8809999999999999,0.8109999999999999,1.206,1.205,1.402,1.2990000000000002,1.167,1.556,1.248,0.847,1.044,0.486,1.195,0.88
Q47140,0.634,0.812,1.093,1.419,1.341,1.023,0.962,1.096,0.985,1.114,0.7759999999999999,0.898,1.055,0.916,1.357,1.114,1.129,1.3769999999999998,0.976,0.659,0.775,0.727,0.7609999999999999,0.7909999999999999
P0CI31,1.017,0.872,0.925,1.278,1.36,0.852,0.575,0.795,0.794,0.747,0.627,0.7190000000000001,0.882,1.018,1.286,0.747,1.141,1.104,0.787,0.6409999999999999,0.868,1.005,0.7709999999999999,1.126
P0ABW0,1.44,1.19,1.39,1.485,1.459,1.5490000000000002,1.248,1.259,0.882,0.989,0.903,0.831,1.33,1.4480000000000002,1.58,0.989,1.297,1.449,1.14,1.157,0.784,0.725,0.7120000000000001,0.583
P77650,0.815,0.696,1.007,1.396,1.337,1.138,1.089,0.833,0.961,1.3730000000000002,0.985,1.072,1.365,1.072,1.394,1.3730000000000002,1.159,1.3430000000000002,1.114,0.952,1.147,1.15,0.6609999999999999,1.113
Q47141,2.81,2.822,1.851,1.203,1.146,1.144,0.526,0.675,0.967,0.912,0.7170000000000001,0.603,5.746,4.492,4.882,0.912,6.392,6.117000000000001,0.498,0.389,0.588,0.535,0.519,0.431
Q47142,1.896,1.261,1.242,1.269,1.379,1.167,1.246,0.931,1.16,1.3630000000000002,1.664,1.594,0.922,0.795,0.938,1.3630000000000002,0.821,0.962,0.985,1.127,1.31,1.148,1.426,1.093
P0AES9,1.413,1.823,1.82,1.412,2.218,2.096,3.383,3.769,3.913,1.975,3.656,5.101,13.4,14.3,15.79,1.975,16.02,16.4,3.418,2.861,3.562,3.749,2.652,3.012
P0AET2,0.6659999999999999,0.642,0.8440000000000001,0.579,0.852,0.615,1.3130000000000002,2.115,1.832,1.193,1.714,1.796,7.404,8.213,9.673,1.193,8.521,9.111,1.472,1.873,1.551,1.305,1.34,1.631
P0AET5,0.464,0.435,0.325,0.453,0.331,0.442,0.224,0.41,0.44,0.564,0.5,0.565,1.077,1.3330000000000002,1.294,0.564,1.5659999999999998,1.392,0.54,0.483,0.458,0.471,0.403,0.295
P0AET8,1.501,2.363,2.104,2.6260000000000003,3.987,2.315,14.13,14.77,13.41,7.049,13.81,17.3,30.39,34.78,36.61,7.049,37.3,36.5,14.81,10.47,16.51,18.88,11.44,11.74
P15038,2.0380000000000003,1.846,1.952,2.208,1.971,2.3040000000000003,4.146,4.009,4.072,4.171,4.342,4.505,2.499,2.6630000000000003,2.592,4.171,2.7310000000000003,3.042,4.22,2.5810000000000004,3.965,4.525,3.945,3.659
P0A6X1,5.9860000000000015,6.702000000000001,4.748,5.347,6.184,6.306,7.32,7.636,7.684,5.043,8.979,11.98,4.49,5.494,4.7330000000000005,5.043,4.904,5.74,6.85,6.6320000000000014,9.579,11.14,9.338,9.306
P0ACB2,6.306,5.815,7.01,5.14,6.089,4.97,7.832999999999998,7.442,8.19,6.187,7.317,8.641,5.274,5.919,4.716,6.187,4.2010000000000005,4.62,7.731,7.4929999999999986,9.531,9.202,10.85,8.19
P06983,7.409,7.617000000000001,7.711,7.811,7.572,6.976,6.9510000000000005,6.658,6.502000000000002,5.088,6.987,6.306,7.431,8.361,9.134,5.088,9.512,9.986,8.817,8.423,7.069,7.648,7.273,7.742000000000001
P09126,13.21,11.89,15.13,13.77,15.47,13.2,14.38,17.05,14.16,11.34,14.08,17.59,12.36,12.56,13.2,11.34,12.99,14.45,20.12,21.89,16.79,17.41,16.19,17.4
P29680,8.925,5.942,5.629,6.747000000000001,6.832999999999998,6.2360000000000015,5.207999999999998,5.7,5.348,4.303,5.914,5.8,3.84,3.828,5.046,4.303,4.857,5.063,4.383,4.613,6.459,6.9620000000000015,6.516,7.462999999999999
P36553,1.877,1.618,1.841,1.92,1.889,1.806,2.051,2.2430000000000003,2.232,1.367,1.975,1.751,1.421,1.582,1.63,1.367,1.7619999999999998,1.6669999999999998,1.755,2.18,2.204,2.52,1.547,2.572
P0ACB4,5.96,7.167000000000002,8.014,6.45,9.116,6.3260000000000005,9.465,10.81,9.103,8.379,9.607,10.73,7.024,8.494,8.333,8.379,8.312000000000001,8.488999999999999,10.59,8.248,11.6,11.24,10.22,10.01
P23871,3.3110000000000004,3.723,2.719,2.825,3.182,3.329,3.004,3.719,2.932,3.749,3.363,2.978,2.464,2.437,2.736,3.749,2.498,2.695,2.99,3.049,4.1160000000000005,4.041,4.0939999999999985,3.771
P0ACC1,3.559,3.317,2.492,2.785,3.147,2.998,2.968,3.165,2.866,2.187,2.63,3.4960000000000004,1.414,1.5519999999999998,1.2990000000000002,2.187,1.272,1.5730000000000002,1.964,2.556,3.043,3.063,3.133,3.361
P23893,5.501,4.478,4.892,5.763,5.544,5.773,6.166,6.377999999999999,6.7029999999999985,5.5779999999999985,7.919,7.044,3.907,4.4430000000000005,3.602,5.5779999999999985,4.455,4.6789999999999985,5.5520000000000005,6.5,8.071,7.085,10.07,6.7010000000000005
P61320,7.96,8.557,8.174,7.047999999999999,8.672,8.525,7.126,5.595,6.551,4.207,5.643,7.638,7.097,8.437000000000001,6.605,4.207,7.392,7.997999999999998,5.843,4.381,7.484,8.568999999999999,6.174,7.102
P32131,3.583,2.734,2.512,2.336,2.58,2.679,2.522,3.149,3.4530000000000003,2.54,3.048,2.815,2.599,2.955,2.583,2.54,2.574,2.735,1.537,1.781,3.207,2.617,3.466,3.741
P09127,6.7810000000000015,6.875,8.827,10.08,9.591,8.605,7.867000000000001,7.207000000000002,7.1110000000000015,4.995,8.39,9.066,6.863,6.434,7.291,4.995,8.195,8.55,10.33,8.185,9.266,11.28,7.815,8.497
P0ACB7,3.737,3.5810000000000004,6.372999999999998,5.319,5.645,5.124,4.65,4.525,4.141,3.962,4.4289999999999985,5.082,3.658,3.213,4.557,3.962,3.956,4.768,5.964,5.144,4.846,5.392,4.203,4.55
P60240,15.47,11.6,3.5210000000000004,5.846,7.452000000000001,9.154,12.95,13.32,13.33,12.23,15.29,14.13,2.263,3.746,1.98,12.23,1.819,2.518,11.53,12.88,15.67,13.68,17.18,11.93
P0AAI3,16.72,14.6,16.39,20.05,20.57,29.39,20.98,20.89,25.57,16.26,21.41,23.71,9.674,12.28,11.17,16.26,13.14,11.5,19.11,16.96,20.89,19.72,23.89,19.49
P0ABC3,8.665,7.933,6.42,9.979,10.04,13.59,8.669,8.891,8.2,7.178,10.12,11.14,5.752999999999999,5.631,6.187,7.178,7.422999999999999,6.1320000000000014,7.185,6.792999999999998,9.593,9.493,11.39,10.21
P0ABC7,14.77,12.83,13.76,19.44,21.25,26.6,14.58,13.92,13.05,10.05,14.58,16.11,10.57,13.24,10.9,10.05,12.33,12.17,12.17,10.72,16.81,19.88,18.0,17.32
P25519,35.95,35.7,49.24,42.5,56.24,61.05,30.85,34.44,35.57,25.44,30.12,34.25,25.42,26.38,29.35,25.44,26.8,24.94,24.52,33.34,35.15,32.21,33.75,41.25
P0A6X3,40.4,49.82,34.02,49.4,63.48,55.83,36.65,36.48,30.01,27.08,40.6,53.03,29.67,29.09,30.88,27.08,34.13,35.64,38.77,22.5,39.63,47.76,27.54,28.91
P0ACE3,14.84,11.88,15.23,11.47,14.32,12.39,23.34,22.27,23.94,15.27,19.66,25.63,6.574,7.122000000000001,7.002999999999999,15.27,5.622000000000001,6.207000000000002,14.1,11.75,13.27,16.37,12.55,16.57
P0A6X7,23.23,19.22,15.85,13.56,17.84,16.5,23.91,20.08,21.8,18.22,24.91,29.56,15.42,15.63,12.72,18.22,13.0,14.92,30.3,15.61,28.79,28.85,22.67,19.14
P0A6Y1,14.74,19.05,10.21,15.14,14.27,15.7,15.71,13.91,13.53,5.76,12.31,24.1,16.02,20.31,15.62,5.76,14.77,17.96,16.32,8.381,16.8,27.0,12.46,11.66
P23874,1.518,1.5219999999999998,1.671,1.432,1.5719999999999998,1.45,2.101,2.193,2.2,1.456,1.735,1.68,2.01,2.312,1.99,1.456,2.023,2.225,1.783,2.539,2.478,2.186,1.996,2.061
P23873,3.38,3.596,3.528,2.607,3.692,2.497,3.63,4.79,3.866,2.4730000000000003,2.81,4.021,3.681,3.655,3.615,2.4730000000000003,3.362,4.038,3.16,2.272,4.52,3.708,2.5,3.911
P10371,9.205,7.466,8.929,9.813,10.49,8.517999999999999,6.7620000000000005,7.718,6.4270000000000005,5.653,6.1389999999999985,5.2170000000000005,7.2029999999999985,7.869,7.955,5.653,6.997999999999998,7.676,6.797999999999999,8.887,7.707000000000002,7.725,5.2879999999999985,8.015
P06987,3.596,3.679,4.137,4.839,4.2360000000000015,4.521,2.421,3.382,3.062,1.584,2.102,1.89,3.507,3.951,4.615,1.584,4.004,4.312,3.0460000000000003,4.535,3.575,3.667,2.838,3.613
P06986,3.931,3.955,4.7010000000000005,4.42,4.783,4.178,2.572,3.953,2.75,1.551,2.354,2.508,3.02,4.0139999999999985,3.689,1.551,3.158,3.36,3.511,2.915,3.2260000000000004,3.563,2.233,2.9560000000000004
P06988,1.724,2.005,1.641,2.8710000000000004,2.143,1.919,0.843,0.8059999999999999,0.611,0.637,0.972,1.204,1.352,1.487,1.305,0.637,1.544,1.794,1.069,0.325,1.055,1.274,1.046,1.122
P60664,5.386,4.609,5.535,5.658,6.183,5.997999999999998,5.709,5.377999999999999,5.365,3.949,4.705,4.526,4.346,5.132999999999999,4.97,3.949,4.634,5.093,4.869,6.131,5.222,5.046,4.064,5.464
P60757,6.7860000000000005,5.567,7.716,5.165,6.436,4.878,4.739,4.734,4.925,3.75,4.246,3.843,3.272,3.257,3.643,3.75,4.051,3.939,4.574,4.739,4.643,2.877,6.146,4.723
P60595,2.631,2.4,2.4530000000000003,3.4810000000000003,3.647,3.116,1.4580000000000002,1.38,1.365,0.909,1.307,1.535,2.408,2.443,2.809,0.909,2.834,3.184,1.711,1.267,2.161,2.675,0.787,1.883
P06989,2.262,1.808,1.622,2.525,1.7380000000000002,2.367,1.642,1.17,1.4169999999999998,1.207,1.968,1.436,2.017,1.954,2.376,1.207,2.189,1.896,1.652,1.371,2.03,2.205,1.589,1.231
P0AEU0,8.234,8.165,9.215,7.4060000000000015,7.841,7.095,5.454,6.146,6.312,4.976,5.051,6.377000000000002,9.243,10.28,10.58,4.976,10.97,11.05,5.872000000000001,5.54,6.815,6.605,6.812,6.7
P60995,4.199,6.289,5.2410000000000005,4.297,4.395,3.914,7.217,7.75,5.189,5.7,4.27,8.891,6.895,4.228,4.341,5.7,5.079,5.254,4.996,2.352,5.9510000000000005,7.005,3.755,3.759
P0AEU3,1.1909999999999998,0.969,2.05,1.379,1.793,1.041,1.196,1.169,1.247,0.879,0.938,1.166,0.831,0.7909999999999999,1.495,0.879,1.379,1.245,1.101,1.075,1.077,1.113,1.254,0.887
P07109,3.599,3.765,3.971,4.232,3.861,3.173,2.923,3.261,2.721,2.837,3.204,3.802,2.37,3.012,2.725,2.837,3.0810000000000004,2.878,2.954,2.9810000000000003,2.841,3.2110000000000003,3.944,2.898
P52094,0.8270000000000001,0.957,1.629,0.882,1.021,0.969,1.004,0.735,0.879,0.8859999999999999,0.8220000000000001,0.879,0.939,0.934,1.29,0.8859999999999999,1.203,1.413,0.713,0.5920000000000001,0.8170000000000001,0.7829999999999999,0.98,0.802
P60906,30.52,30.02,21.14,26.33,27.37,27.24,18.1,20.16,17.08,14.54,17.63,19.64,14.31,17.09,13.42,14.54,14.87,15.64,20.91,19.14,22.42,26.1,16.47,21.55
P0AEU7,67.8,48.98,76.85,50.52,65.59,50.8,63.46,67.95,67.3,47.04,57.72,62.66,32.16,28.85,34.91,47.04,33.09,38.0,77.38,101.4,62.27,47.42,66.89,47.86
P77335,0.211,0.157,0.118,0.0702,0.149,0.111,0.313,0.321,0.251,0.43,0.267,0.172,0.642,0.482,0.534,0.43,0.428,0.476,0.5429999999999999,0.5920000000000001,0.228,0.175,0.149,0.158
P24232,1.611,1.626,1.411,1.767,1.655,1.445,2.518,2.329,2.021,2.109,2.259,2.354,2.757,2.556,2.8,2.109,3.221,3.029,2.992,2.783,2.574,2.449,2.758,2.422
P0AEV1,1.574,1.827,1.664,1.679,1.711,1.95,1.043,1.295,1.786,1.108,0.878,1.381,1.385,1.604,2.079,1.108,1.672,1.626,0.909,0.997,1.565,1.4680000000000002,1.48,1.517
P0ACF8,98.66,101.6,85.11,78.06,93.33,81.03,92.25,116.1,97.28,78.9,93.36,102.6,47.84,55.42,49.24,78.9,46.51,45.4,96.74,81.87,108.3,100.3,93.99,82.03
P36645,0.112,0.276,0.0698,0.219,0.0862,0.153,0.289,0.0823,0.128,0.171,0.227,0.29100000000000004,0.317,0.214,0.226,0.171,0.158,0.227,0.189,0.0547,0.239,0.163,0.151,0.149
P36646,0.378,0.45,0.7,0.519,0.617,0.509,1.161,0.983,1.014,0.978,0.8420000000000001,0.939,0.733,0.644,0.632,0.978,0.593,0.6920000000000001,1.099,0.92,0.907,0.952,0.985,0.677
P25960,0.482,0.537,0.365,0.499,0.383,0.402,0.542,0.509,0.452,0.643,0.603,0.64,0.58,0.375,0.456,0.643,0.483,0.541,0.575,0.484,0.5429999999999999,0.5579999999999999,0.447,0.483
P41441,0.0536,0.0757,0.0509,0.181,0.149,0.412,0.198,0.0681,0.14800000000000002,0.662,0.24,0.16399999999999998,0.282,0.173,0.145,0.662,0.16,0.129,0.128,0.0627,0.298,0.0745,0.0765,0.0512
P41442,0.446,0.327,0.237,0.303,0.289,0.266,0.6659999999999999,0.631,0.557,0.79,0.67,0.4920000000000001,0.392,0.383,0.268,0.79,0.248,0.365,0.4920000000000001,0.461,0.445,0.395,0.586,0.489
P41443,0.674,0.419,0.491,0.425,0.332,0.29,0.165,0.16399999999999998,0.4370000000000001,0.627,0.59,0.159,0.525,0.35600000000000004,0.265,0.627,0.299,0.4320000000000001,0.4970000000000001,0.451,0.555,0.128,0.505,0.454
P34749,0.7090000000000001,0.627,0.6709999999999999,0.68,0.703,0.682,0.833,0.875,0.7659999999999999,0.792,0.908,1.017,0.61,0.534,0.604,0.792,0.487,0.569,1.207,1.14,0.764,1.04,1.037,0.862
P28630,7.081,9.152,6.051,7.829,7.371,8.094,7.011,6.714,7.697999999999999,4.1930000000000005,4.248,7.1110000000000015,4.763,5.115,4.761,4.1930000000000005,4.9430000000000005,5.931,5.8870000000000005,7.864,6.901,5.136,5.335,9.918
P28631,2.6830000000000003,2.6,1.791,1.902,2.552,2.654,2.305,1.979,2.006,1.052,2.454,2.509,1.243,1.269,1.129,1.052,1.314,1.805,1.3869999999999998,0.725,3.002,4.2810000000000015,2.029,2.319
P28905,12.53,10.42,13.78,13.68,18.41,13.38,12.4,14.04,12.16,9.079,11.68,11.02,8.466000000000001,10.23,10.98,9.079,10.37,11.5,12.93,14.25,15.19,17.38,14.34,16.64
P28632,11.37,10.61,5.313,7.402,11.54,9.918,12.76,13.67,10.32,8.009,14.25,17.79,4.912,6.0920000000000005,5.059,8.009,4.518,6.268,19.65,10.16,13.76,19.62,11.33,11.17
P0ABS8,8.231,6.2410000000000005,6.916,4.172,7.61,5.205,8.775,9.557,11.89,5.229,8.777000000000001,11.28,7.808,9.714,9.149,5.229,7.883999999999999,9.446,8.657,8.283,10.25,9.782,7.814,11.21
P0A9M2,27.78,22.64,15.55,12.28,18.49,16.46,14.97,18.8,18.9,16.07,17.97,20.73,7.326,9.273,7.4529999999999985,16.07,6.695,7.8039999999999985,20.88,20.44,19.64,17.51,23.13,15.25
P43329,5.723,3.846,3.516,2.861,2.736,3.657,5.3,5.716,5.73,4.545,5.635,6.0760000000000005,2.795,3.708,3.03,4.545,2.484,3.006,4.784,5.185,6.8020000000000005,5.767,6.832999999999998,7.091
P37024,3.469,3.123,3.309,2.801,3.915,3.05,5.686,4.8,5.011,3.749,5.185,6.117000000000001,3.307,3.364,3.352,3.749,3.119,3.585,6.039,5.82,5.0310000000000015,4.658,3.267,4.0760000000000005
P54745,0.703,0.628,0.614,0.544,0.703,0.727,0.616,0.521,0.472,0.418,0.439,0.175,0.484,0.405,0.396,0.418,0.404,0.4320000000000001,0.423,0.452,0.339,0.379,0.243,0.534
P0A6Z1,38.58,33.84,19.01,22.5,24.9,24.89,24.61,23.17,22.19,17.07,26.08,23.34,12.12,14.63,12.61,17.07,11.85,14.12,24.77,29.75,26.88,30.11,29.78,28.61
P08957,7.456,6.987,7.6320000000000014,7.026,9.876,7.322999999999999,10.73,12.01,9.376,8.077,10.75,10.93,7.0120000000000005,8.402000000000001,6.657,8.077,7.5070000000000014,7.938,12.02,14.18,12.53,12.67,13.25,13.9
P08956,1.876,1.658,3.317,1.975,2.1590000000000003,1.821,1.557,1.5759999999999998,1.6269999999999998,1.229,1.394,1.7,4.599,3.644,4.726,1.229,4.981,6.09,1.173,1.585,1.736,1.917,2.167,1.744
P05719,3.144,3.835,2.741,3.13,4.151,3.805,4.385,4.738,4.007,3.167,5.1,4.902,2.709,3.9,2.748,3.167,3.09,3.426,4.386,4.1389999999999985,4.625,4.847,4.9110000000000005,4.958
P52644,5.55,3.204,2.56,2.562,4.306,4.8439999999999985,7.213999999999999,7.2010000000000005,8.634,6.582999999999998,7.832000000000002,8.092,1.731,2.352,1.845,6.582999999999998,1.7280000000000002,1.617,10.8,11.55,8.267999999999999,7.7029999999999985,8.538,7.822999999999999
P0A6H5,11.87,8.279,16.06,23.72,34.28,36.52,22.8,21.69,23.39,19.1,23.83,23.3,9.901,11.42,16.47,19.1,16.51,12.82,25.96,32.35,25.91,28.46,27.76,25.31
P0A7B8,21.52,20.84,49.43,50.59,74.46,68.33,45.81,52.53,46.55,33.47,37.99,39.63,25.47,24.15,37.22,33.47,39.4,33.15,48.78,48.59,47.98,47.45,45.57,41.32
P28697,0.276,0.226,0.411,0.184,0.23,0.185,0.393,0.214,0.28,0.483,0.182,0.16899999999999998,0.359,0.119,0.195,0.483,0.162,0.18,0.192,0.248,0.226,0.231,0.193,0.0518
P0A6Z3,2.767,2.843,5.049,8.953,12.62,17.64,6.832000000000002,5.814,6.92,5.747999999999998,7.459,7.667000000000002,4.065,5.591,6.907,5.747999999999998,8.783,5.754,5.977,5.271,7.444,9.878,8.713,5.92
P23894,6.103,5.475,11.52,14.2,17.24,20.4,11.94,14.07,13.06,9.025,12.25,12.47,9.043,9.515,14.2,9.025,11.34,11.88,15.31,14.48,15.76,15.28,9.071,12.45
P0C0V0,2.213,1.717,3.537,3.708,2.778,2.727,3.132,3.096,4.113,3.951,5.516,4.854,6.138,5.29,5.994,3.951,7.818,8.318999999999999,7.59,5.962999999999999,4.841,5.712999999999999,6.115,3.621
P0ACV0,4.392,5.997000000000001,2.759,4.624,4.303,5.424,4.601,3.907,3.659,3.511,4.336,4.919,3.185,4.066,3.395,3.511,2.9360000000000004,3.774,3.004,2.289,5.325,7.059,4.323,4.842
P27375,1.455,1.464,0.8540000000000001,0.685,0.964,0.795,1.349,1.479,1.776,0.921,1.513,1.839,0.775,0.604,0.644,0.921,0.622,0.64,1.046,0.715,1.015,0.865,1.106,1.021
P33129,0.17,0.13,0.29100000000000004,0.124,0.161,0.151,0.448,0.256,0.353,0.237,0.336,0.217,0.184,0.0655,0.0472,0.237,0.0423,0.14800000000000002,0.335,0.393,0.348,0.267,0.292,0.0614
P25666,2.389,3.605,1.455,1.644,2.185,2.1590000000000003,1.894,1.384,3.463,1.384,3.137,3.465,1.212,2.9410000000000003,2.0,1.384,1.789,2.276,2.971,2.971,3.346,3.762,2.742,3.29
P0ACF0,67.11,83.4,63.97,67.82,70.78,76.46,74.18,81.41,71.09,55.49,78.93,97.84,50.54,61.18,58.63,55.49,62.8,55.06,67.08,42.82,84.08,85.12,72.66,71.58
P0ACF4,21.55,24.14,23.81,20.42,21.23,23.46,22.49,20.41,23.15,19.39,27.63,33.51,21.89,22.47,20.41,19.39,17.72,21.55,22.77,11.37,21.53,27.62,20.78,18.33
P69739,0.0658,0.0636,0.0943,0.0677,0.0287,0.0845,0.145,0.0842,0.0488,0.0895,0.0535,0.0679,0.14,0.126,0.194,0.0895,0.442,0.204,0.0972,0.0827,0.0592,0.0958,0.104,0.0969
P0ACD8,0.985,0.846,0.607,0.982,0.762,0.6990000000000001,0.435,0.65,0.6809999999999999,1.133,0.6859999999999999,0.574,1.026,0.802,0.631,1.133,0.6579999999999999,0.852,0.379,0.369,0.617,0.4320000000000001,0.586,0.698
P0AAM1,0.73,0.527,0.5379999999999999,0.745,0.449,0.507,0.7959999999999999,0.88,0.7759999999999999,1.012,0.723,0.7709999999999999,0.8009999999999999,0.669,0.5870000000000001,1.012,0.677,0.647,0.621,0.5720000000000001,0.6990000000000001,0.5820000000000001,0.703,0.789
P19930,0.274,0.22,0.275,0.295,0.28300000000000003,0.214,0.413,0.22,0.38,0.933,0.412,0.52,0.735,0.551,0.614,0.933,0.518,0.539,0.61,0.257,0.406,0.665,0.191,0.473
P19931,0.21600000000000005,0.276,0.136,0.355,0.194,0.462,0.448,0.118,0.116,0.277,0.0959,0.199,0.401,0.429,0.5770000000000001,0.277,0.59,0.474,0.238,0.07200000000000001,0.0522,0.361,0.129,0.292
P19932,0.0858,0.0606,0.0651,0.0665,0.0598,0.0465,0.0921,0.132,0.104,0.213,0.0959,0.0831,0.118,0.11,0.15,0.213,0.0896,0.187,0.0981,0.08800000000000001,0.136,0.17,0.128,0.0935
P0AAJ8,1.47,1.855,1.723,1.853,1.834,2.092,2.869,2.807,3.042,2.971,2.556,2.682,4.735,4.402,4.242,2.971,5.048,4.869,2.11,2.8080000000000003,3.52,3.761,2.274,3.319
P37180,1.4,1.251,1.574,1.67,1.651,1.285,1.489,1.521,1.6130000000000002,0.89,1.204,1.555,2.593,3.035,3.963,0.89,2.769,3.099,1.176,1.665,1.729,1.805,1.178,1.947
P0ACE0,0.833,0.229,0.665,1.205,0.924,1.176,1.66,1.5590000000000002,1.4469999999999998,1.455,2.313,2.024,2.45,2.083,2.7460000000000004,1.455,1.589,3.005,1.773,0.915,3.127,2.323,1.471,2.104
P37182,1.7519999999999998,1.534,2.998,2.05,2.437,2.239,4.218,3.68,3.47,3.658,3.326,3.385,2.844,2.789,3.4,3.658,3.682,3.585,3.188,2.608,2.425,1.746,3.268,2.5980000000000003
P0AAN1,1.325,1.226,1.7919999999999998,1.6230000000000002,1.5619999999999998,1.486,2.272,2.241,2.373,2.63,2.329,2.373,2.1630000000000003,2.096,2.543,2.63,2.725,2.623,2.461,2.391,2.392,2.3680000000000003,2.97,2.817
P0A703,0.136,0.43,0.35700000000000004,0.759,0.677,0.6829999999999999,0.4970000000000001,0.769,0.809,0.8320000000000001,1.019,0.7120000000000001,1.037,0.8540000000000001,1.029,0.8320000000000001,1.175,1.086,0.682,0.488,0.7120000000000001,0.972,0.7170000000000001,0.802
P0AAM7,1.234,0.861,1.605,1.3030000000000002,1.449,1.152,2.019,2.287,2.379,2.512,2.415,1.797,2.035,1.81,1.979,2.512,2.165,2.142,1.862,2.421,2.258,1.929,2.498,2.23
P0AEV4,0.0735,0.107,0.0471,0.0828,0.0529,0.108,0.0778,0.0795,0.213,0.449,0.233,0.181,0.14400000000000002,0.0927,0.078,0.449,0.0978,0.104,0.14300000000000002,0.209,0.187,0.129,0.209,0.203
P0AAK1,0.7170000000000001,0.6679999999999999,0.436,0.413,0.544,0.4370000000000001,0.8109999999999999,0.938,0.8909999999999999,0.966,0.8220000000000001,0.8540000000000001,0.483,0.36,0.472,0.966,0.303,0.388,0.746,0.684,0.746,0.653,0.74,0.628
P16429,0.8809999999999999,0.6920000000000001,0.5870000000000001,0.49,0.495,0.6,0.65,0.435,0.496,1.034,0.433,0.508,0.284,0.401,0.391,1.034,0.454,0.39,0.481,0.84,0.51,0.375,0.6859999999999999,0.8140000000000001
P16430,0.642,0.6,0.551,0.923,0.977,0.976,0.8740000000000001,0.852,0.742,1.16,0.722,0.635,0.6970000000000001,0.708,0.603,1.16,0.764,0.66,0.8390000000000001,0.9,0.6990000000000001,0.856,1.17,1.056
P16431,0.7240000000000001,0.718,0.482,0.581,0.629,0.6,0.48,0.324,0.71,0.926,0.6759999999999999,0.468,0.489,0.613,0.378,0.926,0.574,0.463,0.414,0.417,0.579,0.5539999999999999,0.733,0.68
P16432,0.948,0.613,0.41,0.789,0.8290000000000001,0.6859999999999999,1.055,1.229,1.281,1.6569999999999998,1.4469999999999998,1.188,0.8009999999999999,0.758,0.754,1.6569999999999998,0.892,0.944,1.34,1.339,1.247,1.273,1.495,1.244
P16433,1.429,0.992,1.088,1.305,1.148,1.128,1.4269999999999998,1.712,1.186,1.296,1.324,1.257,1.229,1.196,1.297,1.296,1.4880000000000002,1.177,1.445,1.607,1.04,1.238,1.819,1.621
P0AEV7,1.259,0.84,1.265,0.841,0.871,1.021,1.869,1.868,2.062,1.25,1.879,1.7480000000000002,1.079,1.084,1.172,1.25,1.2,0.919,1.7990000000000002,1.961,1.307,1.599,1.953,1.6469999999999998
P0AEV9,2.064,1.585,2.133,1.505,1.569,1.395,3.102,3.198,3.224,2.7710000000000004,3.073,3.217,2.355,2.637,2.172,2.7710000000000004,2.063,2.353,3.15,3.871,3.068,2.859,3.1630000000000003,3.372
P14375,2.815,2.156,2.306,1.6230000000000002,1.585,1.919,2.901,2.699,2.887,2.697,2.421,2.464,2.227,2.317,2.04,2.697,2.048,2.319,2.094,2.489,2.353,2.489,2.794,2.639
P14377,0.945,1.431,0.7509999999999999,1.051,0.831,0.898,1.004,0.6940000000000001,0.8809999999999999,1.278,1.138,0.902,1.769,1.749,1.622,1.278,1.953,2.138,0.731,0.527,0.921,1.275,0.8540000000000001,0.96
P0AAK4,0.57,0.569,0.546,0.747,0.807,0.611,0.569,0.764,0.6459999999999999,1.043,0.7929999999999999,0.863,0.398,0.387,0.328,1.043,0.35700000000000004,0.438,0.711,0.936,0.713,0.635,0.7759999999999999,0.741
P23481,0.107,0.0772,0.0962,0.0903,0.0494,0.0416,0.115,0.0719,0.0786,0.0711,0.0606,0.0564,0.087,0.0468,0.0716,0.0711,0.0796,0.0703,0.0775,0.0747,0.0592,0.0684,0.0674,0.0546
P23482,0.0873,0.0742,0.0783,0.0702,0.0552,0.0637,0.184,0.0605,0.0333,0.142,0.102,0.0892,0.0722,0.0609,0.0436,0.142,0.0605,0.0522,0.0516,0.0813,0.0513,0.0913,0.0519,0.0839
P77858,0.132,0.0969,0.0754,0.105,0.0874,0.107,0.205,0.106,0.0418,0.276,0.0867,0.0976,0.221,0.0384,0.0279,0.276,0.034,0.0216,0.0843,0.292,0.0809,0.0654,0.14800000000000002,0.0928
P77416,0.0934,0.101,0.08199999999999999,0.0777,0.0655,0.0735,0.15,0.112,0.104,0.0946,0.0893,0.0816,0.0925,0.0861,0.0623,0.0946,0.0854,0.0598,0.109,0.17600000000000002,0.087,0.0897,0.149,0.13
P0AEW1,0.389,0.539,0.652,0.349,0.301,0.496,0.5770000000000001,0.711,0.644,0.6809999999999999,0.583,0.468,0.379,0.426,0.449,0.6809999999999999,0.375,0.153,0.505,0.857,0.747,0.5539999999999999,0.757,0.85
P77437,0.401,0.465,0.328,0.621,0.399,0.601,0.525,0.36,0.207,0.5379999999999999,0.353,0.41,0.485,0.573,0.593,0.5379999999999999,0.693,0.43,0.355,0.301,0.41,0.5379999999999999,0.285,0.35
P77329,0.0383,0.0681,0.0745,0.069,0.046,0.0416,0.108,0.0615,0.0503,0.179,0.073,0.0656,0.12,0.0552,0.0479,0.179,0.172,0.161,0.0731,0.107,0.0583,0.0586,0.0519,0.0614
P77423,0.505,0.419,0.414,0.464,0.4920000000000001,0.485,0.336,0.424,0.664,0.804,0.74,0.629,0.674,0.58,0.45,0.804,0.723,0.603,0.769,0.544,0.7440000000000001,0.759,0.5589999999999999,0.435
P77668,1.165,0.669,0.8320000000000001,0.713,0.679,0.639,0.877,0.785,0.836,0.973,1.149,1.053,0.546,0.669,0.621,0.973,0.648,0.5529999999999999,1.007,1.516,0.939,0.979,1.491,0.823
P71229,0.6970000000000001,0.5329999999999999,0.596,0.7240000000000001,0.524,0.69,1.061,0.623,0.537,0.873,0.7240000000000001,0.6920000000000001,0.447,0.519,0.361,0.873,0.708,0.527,0.688,0.851,0.5529999999999999,0.6409999999999999,0.84,0.682
P0A700,2.392,2.612,1.938,2.033,2.255,2.0380000000000003,1.822,1.619,1.848,1.829,1.452,1.346,1.55,1.868,1.662,1.829,1.826,1.64,1.706,1.824,1.669,1.863,2.114,1.874
P0AAN3,1.259,1.278,0.835,1.176,1.124,1.179,0.7140000000000001,0.851,0.892,1.09,1.113,0.943,1.367,1.464,1.422,1.09,1.939,1.514,0.8190000000000001,0.695,1.043,1.227,1.091,1.026
P0AAM3,2.334,2.15,1.625,2.061,2.14,2.165,1.835,1.787,1.715,1.998,2.055,1.462,1.385,1.844,1.808,1.998,2.587,1.927,1.6669999999999998,1.471,1.85,1.798,2.499,2.187
P24192,3.225,2.266,2.657,2.208,2.457,2.336,2.393,2.614,2.543,2.543,2.073,1.848,2.68,2.735,2.846,2.543,3.276,3.217,2.402,2.459,2.126,2.07,2.938,2.579
P24193,2.825,2.516,2.452,1.624,2.353,2.056,2.152,2.5660000000000003,2.511,2.625,2.196,2.184,1.885,2.205,2.11,2.625,2.206,2.207,3.065,2.424,2.439,2.015,2.849,2.702
P30131,1.429,0.728,1.079,0.561,0.614,0.6579999999999999,0.89,0.527,0.608,0.7240000000000001,0.703,0.691,0.917,0.8009999999999999,0.982,0.7240000000000001,0.722,0.6890000000000001,0.932,0.529,0.5379999999999999,0.608,0.48,0.604
P39377,1.403,1.544,1.138,1.386,1.3869999999999998,1.683,1.523,1.876,1.936,1.51,2.0,1.818,0.97,1.426,1.46,1.51,1.319,1.682,1.804,2.055,2.382,2.365,1.5630000000000002,2.177
P10423,0.922,0.967,0.797,0.884,0.816,0.938,1.113,1.5630000000000002,1.649,1.293,1.7380000000000002,1.759,0.8440000000000001,0.89,0.863,1.293,0.8420000000000001,0.805,1.083,1.444,1.58,1.531,1.533,1.734
P0C054,2.825,4.117,30.03,43.59,64.04,74.12,17.73,17.75,17.3,9.141,10.88,9.265,10.32,7.067,46.46,9.141,36.4,21.1,26.9,27.77,17.21,15.0,11.92,10.28
P0C058,1.354,0.921,10.52,21.76,30.88,39.8,8.463,9.126,6.013,4.2860000000000005,5.053,4.149,3.0580000000000003,1.672,20.98,4.2860000000000005,16.28,5.819,12.43,7.535,7.035,6.525,4.547,4.329
P0AEW4,9.173,12.93,5.955,10.56,10.6,10.13,6.549,6.363,5.48,4.0710000000000015,6.0360000000000005,8.805,9.457,10.61,10.63,4.0710000000000015,10.13,12.56,5.5520000000000005,3.687,8.027000000000001,11.25,4.224,6.917000000000002
P08200,77.84,71.56,66.63,58.03,66.51,60.38,33.9,37.59,34.4,20.05,25.27,36.09,47.31,48.19,58.43,20.05,57.37,52.31,35.15,32.62,43.23,36.43,37.62,37.46
P0A8S1,1.135,0.768,1.131,1.038,1.389,0.976,0.652,0.754,0.919,0.956,0.735,0.887,1.064,1.041,1.077,0.956,1.255,1.1,0.775,0.672,0.812,0.7809999999999999,0.836,0.774
P16528,3.828,4.995,3.325,3.397,4.184,3.475,5.216,6.174,4.915,4.927,6.549,7.32,2.155,2.7030000000000003,1.899,4.927,2.888,2.306,4.005,3.4160000000000004,6.409,7.667000000000002,5.051,4.93
P39346,0.923,0.934,1.385,1.124,1.121,0.964,1.237,1.232,1.162,1.653,1.084,0.92,2.15,1.695,2.091,1.653,2.458,2.242,0.88,1.28,1.1,0.958,1.112,1.072
P39208,0.305,0.637,0.472,0.206,0.333,0.227,0.328,0.363,0.335,0.5,0.436,0.399,0.763,0.585,0.57,0.5,0.585,0.6809999999999999,0.374,0.204,0.479,0.501,0.29600000000000004,0.411
P0A9P9,0.767,0.418,0.865,0.685,0.7859999999999999,0.6920000000000001,0.695,0.805,1.016,1.21,0.813,0.7829999999999999,1.089,0.6990000000000001,1.158,1.21,1.376,1.4469999999999998,0.655,0.715,0.6779999999999999,0.906,0.8009999999999999,0.84
P39343,0.4920000000000001,0.706,0.667,0.769,0.5760000000000001,0.721,0.757,0.981,0.94,1.016,0.958,1.006,1.104,1.22,1.032,1.016,1.095,1.394,0.584,0.504,0.946,1.241,0.792,1.004
P39344,2.04,2.768,2.57,2.603,2.344,2.364,2.813,2.507,1.987,2.63,2.108,2.1180000000000003,3.27,3.095,2.667,2.63,3.199,3.2510000000000003,1.85,2.021,2.512,2.697,2.524,2.442
P00956,22.36,14.4,21.12,23.51,25.27,19.6,20.93,27.22,28.85,25.2,26.43,24.26,12.43,16.22,13.37,25.2,14.86,16.78,23.43,24.6,29.06,18.78,34.7,23.61
P04968,1.449,1.453,1.979,2.345,1.783,2.301,1.535,1.5830000000000002,1.409,2.032,1.894,1.273,1.077,0.6990000000000001,1.058,2.032,1.167,0.965,2.12,1.787,1.381,1.501,1.62,1.295
P08142,6.596,7.119,4.1,4.69,5.101,4.354,3.3560000000000003,3.696,3.222,3.698,3.435,3.654,2.199,2.1630000000000003,2.3680000000000003,3.698,2.479,2.349,2.28,2.625,3.221,3.008,3.531,3.516
P05793,7.502000000000002,13.11,2.195,1.501,1.489,1.242,1.555,1.096,1.477,1.391,1.547,1.519,1.815,1.671,1.935,1.391,1.95,1.75,2.627,2.419,1.507,1.611,1.2919999999999998,1.197
P05791,1.435,1.694,2.345,2.725,2.717,2.3480000000000003,2.206,2.307,2.391,2.486,2.372,1.964,1.736,1.348,1.8,2.486,2.367,2.084,2.267,3.019,2.229,2.346,3.172,2.489
P0AB80,3.89,4.154,6.7970000000000015,5.245,6.336,4.563,4.323,4.013,4.945,4.209,3.669,3.407,3.665,2.986,3.4730000000000003,4.209,3.2060000000000004,3.192,4.078,6.8,4.225,3.835,4.827,5.63
P0DP89,3.0610000000000004,3.005,3.975,3.842,4.662,3.46,4.1110000000000015,3.693,3.43,3.06,3.701,4.558,2.253,2.428,2.044,3.06,2.075,1.922,2.497,1.609,4.331,4.72,3.177,3.666
P00894,0.951,0.875,1.364,1.709,1.568,1.337,1.285,1.088,0.847,0.593,0.967,0.917,1.6,0.6729999999999999,1.247,0.593,0.971,1.084,1.149,0.728,1.236,0.963,1.29,0.626
P00893,0.732,0.807,1.101,1.666,1.578,1.208,0.635,0.873,0.423,0.37,0.388,0.55,1.166,0.6940000000000001,1.081,0.37,0.912,1.214,0.61,0.508,0.535,0.489,0.481,0.192
P62522,8.599,9.909,13.67,11.55,10.29,10.08,23.16,21.3,22.16,15.22,18.94,28.22,15.43,11.35,11.44,15.22,12.32,12.31,12.5,13.57,22.08,25.01,17.87,17.44
P0ADG1,1.66,1.79,2.765,2.6910000000000003,2.947,2.399,1.459,1.794,1.992,2.55,2.351,1.604,0.7490000000000001,0.982,0.917,2.55,1.115,0.664,2.292,1.908,2.397,2.189,1.673,2.075
P0ADF8,2.377,3.2260000000000004,1.578,2.275,1.682,1.844,1.214,1.14,1.114,1.139,1.386,1.466,0.895,0.9,0.961,1.139,1.129,0.642,0.696,0.7759999999999999,0.858,1.05,0.853,1.031
P05827,1.59,1.682,1.837,1.584,1.6,1.491,2.214,2.398,2.3,1.906,1.999,1.969,1.624,1.6669999999999998,1.481,1.906,1.564,1.75,2.785,4.1560000000000015,2.583,2.694,3.358,2.697
P31554,9.753,13.48,9.116,12.71,11.8,13.64,6.857,6.6629999999999985,8.039,5.872000000000001,9.341,8.407,10.18,12.0,9.764,5.872000000000001,9.109,10.83,4.0710000000000015,3.3960000000000004,4.915,5.755,5.841,5.24
P27294,4.404,4.08,4.884,4.0139999999999985,4.485,4.033,2.323,2.7110000000000003,2.801,2.661,2.478,3.182,1.989,2.033,1.86,2.661,2.051,2.017,2.991,3.06,2.676,2.611,3.072,2.6
P69222,55.85,58.52,30.46,36.77,44.74,48.14,65.23,59.05,55.14,34.87,65.04,54.8,15.26,21.32,13.01,34.87,13.1,13.23,55.47,31.8,65.02,71.0,44.84,50.24
P0A705,41.35,43.48,18.66,21.14,23.34,29.19,30.03,29.75,32.23,24.08,29.63,32.46,15.0,19.95,12.83,24.08,14.53,15.84,32.75,35.23,33.48,37.16,33.16,33.61
P0A707,124.3,122.8,87.95,84.0,98.63,103.9,108.2,145.4,118.9,83.02,97.44,112.3,55.01,66.67,61.14,83.02,60.66,54.98,124.8,182.7,121.1,107.3,143.4,95.85
P0CF07,4.801,4.3889999999999985,3.289,3.349,3.951,3.499,5.877999999999999,5.4270000000000005,5.472,5.3210000000000015,6.827000000000001,10.03,2.989,2.549,2.4,5.3210000000000015,2.408,3.194,6.515,3.547,5.436,6.332000000000002,4.884,4.698
P0CF08,4.524,6.189,4.309,3.761,5.332999999999998,4.4860000000000015,4.901,3.654,3.865,4.103,5.914,8.977,3.1460000000000004,3.612,2.662,4.103,2.658,3.661,4.955,3.04,5.284,6.424,3.908,4.035
P0CF11,3.149,3.503,2.468,2.199,3.0210000000000004,3.115,3.636,3.006,3.284,3.737,5.171,6.84,2.347,2.277,2.127,3.737,1.769,2.268,4.006,1.4880000000000002,3.268,4.164,2.43,2.669
P19767,1.453,1.414,1.631,1.155,1.078,1.009,2.759,2.783,2.595,1.57,3.138,3.982,1.331,0.885,1.132,1.57,1.09,1.331,3.414,2.455,2.753,2.186,1.662,2.164
P32053,1.462,1.2990000000000002,2.705,1.831,1.67,1.351,2.802,3.217,2.85,1.332,2.5780000000000003,2.563,3.918,3.471,3.935,1.332,3.3,3.772,2.577,2.563,2.805,2.471,1.824,2.45
P39347,1.144,0.769,0.802,0.638,0.7020000000000001,0.7140000000000001,1.3430000000000002,1.4980000000000002,1.569,1.239,1.4480000000000002,1.207,0.816,0.565,0.624,1.239,0.483,0.6559999999999999,1.185,1.749,1.4880000000000002,1.4369999999999998,1.529,1.423
P37326,1.796,1.36,1.917,1.591,1.176,1.406,3.003,2.224,2.611,2.196,2.222,2.349,1.779,1.861,1.538,2.196,1.756,1.6969999999999998,1.7990000000000002,1.5319999999999998,2.565,2.086,2.62,2.366
P24218,1.237,1.051,1.192,0.945,1.123,1.274,0.922,0.6829999999999999,1.088,0.986,1.231,1.036,0.8370000000000001,0.7709999999999999,0.901,0.986,0.75,0.852,0.957,0.737,0.69,0.9,0.631,0.769
P75969,0.6459999999999999,0.5720000000000001,0.174,0.0815,0.109,0.0674,0.297,0.165,0.195,0.139,0.232,0.175,0.843,0.996,0.15,0.139,0.121,0.139,13.14,10.91,0.125,0.0616,0.108,0.101
P71298,2.018,1.864,2.369,1.472,2.302,1.3730000000000002,6.847,7.945,7.864,6.448,7.452000000000001,7.471,10.56,12.34,11.61,6.448,11.82,13.28,5.238,4.58,8.562999999999999,7.162000000000001,8.606,6.98
P22939,10.09,13.61,8.179,10.65,10.3,12.06,6.792999999999998,5.509,5.417000000000002,2.946,6.5070000000000014,8.674,7.507999999999999,8.601,7.442,2.946,8.243,9.404,5.955,3.083,6.464,9.033,3.224,6.604
P0AD57,7.744,9.918,4.812,8.93,8.274,10.86,11.7,9.353,9.751,6.101,12.88,15.73,6.284,8.283,6.771,6.101,7.316,7.787000000000001,12.26,9.424,11.55,15.28,10.14,9.81
P03061,31.1,38.75,25.65,22.16,25.03,23.49,16.61,17.77,17.96,14.07,18.13,25.46,19.36,19.59,15.57,14.07,20.15,18.13,8.693999999999999,6.962999999999999,15.27,13.92,14.32,15.05
P21179,1.129,0.934,1.005,1.239,1.337,1.042,0.951,1.237,1.127,0.91,0.966,1.008,2.958,3.514,3.609,0.91,3.851,3.454,2.37,3.732,0.973,1.002,1.471,1.22
P13029,2.899,3.717,4.315,5.394,4.529,5.024,3.934,4.167,4.424,3.44,4.212,5.282,7.724,7.545,10.35,3.44,13.61,10.91,4.507,4.732,6.072,4.163,5.246,5.1770000000000005
P0AB77,24.99,31.02,25.12,31.03,26.33,28.84,19.21,20.97,18.73,15.29,19.14,17.25,26.45,30.52,30.85,15.29,36.94,34.39,18.42,21.91,22.83,25.02,23.6,22.58
P31069,2.121,2.33,3.242,2.3080000000000003,2.9,2.201,2.692,3.399,2.984,1.601,2.389,3.059,3.011,2.697,2.402,1.601,2.522,2.778,1.949,2.121,2.886,2.753,2.62,2.797
P37647,2.894,3.827,3.014,4.122,3.162,3.261,2.721,2.949,3.305,2.78,3.212,3.41,3.573,3.751,3.647,2.78,4.273,4.046,2.909,2.881,3.407,4.243,4.147,3.24
P0A712,0.812,0.439,0.5870000000000001,0.399,0.679,0.61,0.784,0.8009999999999999,0.6729999999999999,0.8059999999999999,0.885,0.474,0.947,0.564,0.706,0.8059999999999999,0.532,0.741,0.75,0.901,0.652,0.59,0.402,0.428
P03959,1.129,0.917,0.785,0.883,0.66,0.8809999999999999,1.957,2.005,1.805,1.784,1.824,1.714,0.858,1.051,0.613,1.784,0.494,0.626,1.5519999999999998,1.769,1.661,2.008,1.896,2.07
P03960,0.429,0.322,0.113,0.222,0.0713,0.156,0.61,0.578,0.5760000000000001,0.7490000000000001,0.8390000000000001,1.077,0.331,0.463,0.257,0.7490000000000001,0.303,0.293,0.772,0.6509999999999999,1.012,1.06,1.083,0.92
P03961,2.541,2.053,1.6569999999999998,1.433,2.006,1.656,4.833,4.947,5.354,3.373,5.001,4.058,2.474,2.572,2.185,3.373,2.512,2.364,5.734,5.62,3.626,4.522,4.6789999999999985,4.959
P21865,1.602,1.528,1.686,1.7,1.331,1.604,2.532,2.624,2.244,1.991,2.121,1.986,1.904,2.192,2.467,1.991,2.405,2.383,2.963,3.611,2.302,2.659,2.531,3.326
P21866,2.4,2.309,2.26,2.528,2.8710000000000004,2.68,4.1930000000000005,3.692,3.923,3.377,3.327,3.889,2.829,2.653,2.712,3.377,2.577,2.656,4.787,3.423,3.148,4.151,2.8560000000000003,3.089
P0A715,12.9,11.69,8.234,9.47,10.49,11.03,11.87,12.74,13.79,5.754,10.94,12.57,10.02,14.0,8.876,5.754,10.26,11.11,8.577,11.62,13.31,15.02,9.923,15.43
P04951,15.2,12.48,9.298,8.182,9.764,10.66,12.19,11.42,13.61,4.745,11.65,11.74,8.517999999999999,10.12,8.298,4.745,7.629,9.701,6.825,6.831,12.81,14.1,8.056000000000001,12.51
P0AC75,6.479,7.354,4.397,5.176,5.228,5.924,9.572,9.603,11.06,8.907,11.85,14.0,4.548,5.5779999999999985,4.434,8.907,4.7189999999999985,5.553,5.857,3.332,11.39,12.33,10.07,9.583
P0A6I6,2.8680000000000003,2.6460000000000004,2.373,1.348,1.887,2.169,3.682,4.3439999999999985,3.661,3.053,3.388,3.004,1.362,2.377,1.395,3.053,1.723,1.393,2.003,2.152,2.869,2.992,3.891,3.2910000000000004
P37769,0.329,1.6230000000000002,1.06,1.462,0.818,1.141,0.111,0.149,0.119,0.429,0.185,0.508,0.7490000000000001,0.6809999999999999,0.711,0.429,0.922,0.7909999999999999,0.262,0.068,0.0887,0.392,0.108,0.244
Q46938,0.345,2.504,2.074,2.021,2.2430000000000003,1.521,0.7979999999999999,0.871,0.589,0.624,0.92,0.8140000000000001,0.7929999999999999,1.013,1.262,0.624,0.94,1.246,1.105,0.909,0.7070000000000001,0.6970000000000001,0.826,0.973
P45522,3.466,2.7710000000000004,5.728,3.821,3.841,2.889,1.737,1.998,1.74,2.1180000000000003,1.634,1.779,3.957,2.774,3.487,2.1180000000000003,3.215,3.696,2.187,2.231,2.0780000000000003,2.35,1.8,2.408
P03819,1.38,1.157,2.215,1.749,1.5590000000000002,1.315,2.294,1.908,2.553,1.861,1.937,2.237,1.853,1.846,2.471,1.861,2.823,1.514,1.967,2.001,2.5860000000000003,1.222,2.502,1.5490000000000002
P0AEX3,43.52,43.85,41.66,32.11,36.27,33.29,12.67,13.36,12.92,8.451,12.6,17.26,14.13,13.99,15.92,8.451,14.47,16.83,13.85,13.52,15.77,15.55,13.21,14.43
P06992,9.905,11.17,7.686,11.03,10.86,12.04,7.517,6.694,7.772,5.132999999999999,8.014,10.67,6.601,8.073,7.638,5.132999999999999,7.8820000000000014,9.07,6.0139999999999985,5.556,5.459,7.245,5.957000000000002,5.7120000000000015
P63183,3.914,3.647,1.854,2.035,2.276,2.6180000000000003,2.8480000000000003,2.372,3.497,1.6030000000000002,2.839,3.2110000000000003,1.432,1.807,1.418,1.6030000000000002,1.439,1.4480000000000002,2.496,2.817,2.521,1.526,2.768,2.507
P07464,0.149,0.22,0.752,0.504,0.794,0.464,0.0771,0.115,0.138,0.124,0.134,0.204,0.675,0.39,1.057,0.124,0.8420000000000001,0.99,0.102,0.0587,0.0792,0.0768,0.0774,0.0975
P03023,1.165,1.443,1.258,1.254,1.123,1.255,1.388,1.017,1.51,0.623,1.103,1.318,2.4930000000000003,1.86,2.539,0.623,2.657,2.925,0.784,0.853,1.491,1.524,0.787,1.05
P02920,0.655,0.35600000000000004,1.829,1.416,1.879,1.067,0.293,0.0965,0.326,0.241,0.325,0.268,1.866,1.134,2.972,0.241,2.215,2.523,0.211,0.416,0.35200000000000004,0.17800000000000002,0.0674,0.379
P00722,0.539,1.178,2.246,1.986,2.382,1.876,0.55,0.149,0.35100000000000003,0.412,0.601,0.826,2.937,2.465,3.669,0.412,3.513,4.408,0.5529999999999999,0.368,0.654,0.502,0.364,0.479
P02943,10.37,11.31,7.042999999999998,8.672,7.117000000000001,6.32,0.967,1.025,1.09,1.39,1.423,0.852,6.307,5.513,8.394,1.39,8.231,8.521,1.301,0.695,0.913,0.911,0.8859999999999999,0.711
P33229,0.315,0.251,0.236,0.256,0.278,0.247,0.574,0.634,0.436,0.516,0.5479999999999999,0.482,0.527,0.428,0.414,0.516,0.315,0.329,1.25,1.351,0.632,0.511,0.49,0.523
P37005,5.737,4.421,5.604,4.586,6.505,5.314,5.4289999999999985,6.066,5.346,3.286,4.805,5.941,3.2230000000000003,2.827,3.254,3.286,2.313,3.237,6.403,5.3439999999999985,5.6160000000000005,5.914,2.776,5.22
P52095,1.391,1.245,1.879,1.606,1.753,1.956,0.985,0.911,0.998,1.195,1.092,0.944,1.75,1.7380000000000002,2.406,1.195,2.411,2.386,1.778,2.277,0.916,0.6659999999999999,0.887,1.046
P52643,10.48,6.356,6.709,7.164,10.9,11.15,14.46,12.84,14.8,11.77,17.33,15.92,4.7410000000000005,5.558,5.845,11.77,4.968,5.095,15.24,16.38,20.32,18.47,20.02,16.9
P60785,11.43,13.62,6.976,11.24,10.25,12.67,9.558,8.767999999999999,9.105,8.1,10.87,9.963,5.596,7.992000000000001,5.4929999999999986,8.1,6.5360000000000005,6.518,10.29,7.5470000000000015,12.17,14.21,10.88,11.95
P00803,8.697000000000001,7.6,5.3039999999999985,6.3870000000000005,6.738,6.606,7.811,8.81,8.34,7.117000000000001,8.474,9.204,2.797,3.294,2.291,7.117000000000001,2.826,2.587,8.103,8.616,10.45,9.957,10.33,11.1
P09151,0.7959999999999999,1.176,2.832,1.675,2.105,1.724,2.106,2.238,1.97,1.787,1.46,1.5119999999999998,0.923,0.7809999999999999,0.8859999999999999,1.787,0.8220000000000001,0.649,2.311,2.892,1.85,1.359,1.844,1.194
P30125,1.149,1.204,1.386,1.332,1.3869999999999998,1.318,1.29,1.219,1.19,0.792,1.062,0.976,0.653,0.6920000000000001,0.649,0.792,0.6890000000000001,0.447,1.158,1.393,1.203,1.003,1.224,0.924
P0A6A6,1.291,1.682,1.939,1.821,2.236,1.964,1.979,1.653,1.802,1.733,1.506,1.709,1.278,1.493,1.408,1.733,1.3,1.404,1.945,1.832,1.7819999999999998,1.557,2.064,1.168
P30126,0.931,0.7829999999999999,1.211,1.055,1.083,1.226,1.415,0.984,1.069,0.919,0.889,1.038,0.731,0.611,0.5489999999999999,0.919,0.726,0.6809999999999999,1.338,1.189,1.053,1.0590000000000002,1.0659999999999998,0.716
P0AD79,0.35200000000000004,0.4970000000000001,0.606,0.281,0.331,0.251,1.123,1.041,1.074,0.519,0.6679999999999999,0.833,0.67,0.36,0.5920000000000001,0.519,0.421,0.435,1.157,0.9,0.912,0.4920000000000001,0.5770000000000001,0.272
P10151,0.123,0.22,0.304,0.371,0.239,0.263,0.754,0.353,0.389,0.625,0.473,0.396,0.451,0.257,0.312,0.625,0.258,0.328,0.6659999999999999,0.471,0.465,0.35700000000000004,0.457,0.229
P07813,22.84,20.09,13.15,15.72,14.82,17.52,16.9,16.22,16.62,10.39,16.35,17.29,9.161,12.9,9.081,10.39,9.75,10.62,15.83,14.55,19.18,20.76,16.86,16.45
P0A7C2,12.28,11.77,10.37,8.158,9.621,9.11,12.88,12.43,13.37,9.862,12.23,12.53,7.331,8.368,5.882999999999999,9.862,5.119,6.18,40.31,57.19,12.89,12.45,14.59,13.38
P60955,12.41,11.43,8.562000000000001,9.941,12.63,11.1,5.694,6.126,5.654,3.899,6.353,6.41,3.909,4.646,4.157,3.899,4.41,4.987,3.96,3.905,8.579,10.72,6.7029999999999985,8.602
P30015,0.0842,0.16699999999999998,0.0537,0.155,0.199,0.174,0.0835,0.0653,0.0814,0.244,0.0815,0.147,0.0888,0.0646,0.192,0.244,0.174,0.265,0.145,0.0533,0.0505,0.0517,0.0674,0.0518
P15042,8.424,5.564,5.462999999999999,4.662,6.029,5.073,10.6,11.53,11.03,9.009,12.68,12.52,3.766,4.756,3.717,9.009,3.635,3.72,8.266,8.76,14.39,14.61,12.17,13.67
P60716,16.19,11.2,6.686,9.036,7.6110000000000015,11.28,11.58,9.078,8.783999999999999,9.544,10.64,10.54,5.159,6.522,4.937,9.544,5.033,5.82,13.61,9.811,14.87,15.67,11.35,10.65
P60720,3.812,3.49,2.421,2.68,3.549,3.818,3.661,3.607,3.429,2.773,3.649,4.547,1.742,2.461,1.971,2.773,1.787,1.754,4.481,3.028,4.853,4.027,3.766,3.119
P11072,0.433,0.484,0.273,0.13699999999999998,0.214,0.284,0.111,0.17800000000000002,0.217,0.0463,0.0854,0.182,0.49,0.516,0.54,0.0463,0.34700000000000003,0.365,1.371,1.287,0.185,0.151,0.0601,0.21600000000000005
P22731,1.329,1.3259999999999998,2.063,1.673,1.725,1.248,2.353,2.36,1.918,2.279,1.773,2.416,1.108,0.984,1.143,2.279,1.445,1.125,2.074,2.007,2.023,2.208,1.922,1.505
P0A9S7,1.196,1.036,1.253,1.422,1.0590000000000002,0.888,1.091,1.222,1.413,1.409,1.332,1.467,0.64,0.77,0.7909999999999999,1.409,0.696,0.758,1.399,1.341,1.539,1.393,1.489,1.5319999999999998
P0AEX7,0.8590000000000001,1.081,1.87,1.3330000000000002,0.8390000000000001,1.035,1.168,0.978,0.6920000000000001,1.102,0.7759999999999999,0.75,0.89,0.8079999999999999,0.746,1.102,0.836,0.637,0.745,1.216,0.873,0.7759999999999999,1.289,1.358
P0AD96,2.381,2.812,2.112,1.865,1.939,2.137,3.622,3.761,3.405,3.398,3.21,3.847,2.185,1.837,2.246,3.398,1.972,1.962,3.1830000000000003,3.424,3.934,3.613,3.944,3.119
P04816,0.649,0.522,0.49,0.816,0.833,0.5770000000000001,1.251,0.831,0.7559999999999999,1.483,0.991,1.072,0.562,0.247,0.311,1.483,0.119,0.5529999999999999,1.03,0.637,1.211,1.42,1.234,1.24
P22729,1.035,1.101,1.324,1.241,1.352,1.068,1.123,1.352,1.138,0.8759999999999999,0.983,1.079,0.71,0.6829999999999999,0.851,0.8759999999999999,0.716,0.779,1.047,1.44,0.828,0.861,0.954,1.3630000000000002
P33232,14.49,18.22,24.04,46.33,44.76,31.87,1.58,1.877,1.856,1.3030000000000002,1.354,1.141,36.41,25.62,58.93,1.3030000000000002,55.93,50.3,0.991,2.008,2.164,1.565,1.2009999999999998,1.943
P33231,17.95,33.21,30.17,28.59,26.06,20.91,0.7340000000000001,0.98,0.8170000000000001,0.5670000000000001,0.8640000000000001,0.805,38.88,35.17,57.47,0.5670000000000001,51.36,55.57,0.6970000000000001,0.911,0.927,0.71,0.675,0.937
P0ACL7,11.13,31.07,28.39,42.22,39.59,25.8,0.14300000000000002,0.6,0.3670000000000001,0.154,0.387,0.258,32.0,26.23,50.5,0.154,48.08,47.45,0.0947,0.0773,0.498,0.78,0.0692,0.362
P23930,3.954,3.346,3.129,4.456,5.567,6.939,3.323,3.895,3.507,3.4930000000000003,3.352,4.372,1.519,1.837,2.119,3.4930000000000003,2.388,1.832,2.738,2.416,3.483,3.44,4.716,3.696
P61316,14.91,13.4,14.88,15.1,17.79,12.89,9.059,8.453,9.245,7.46,9.571,9.773,7.306,8.22,6.976,7.46,6.774,7.332000000000002,10.17,7.5470000000000015,9.06,10.64,9.62,9.035
P0A9M0,17.84,19.4,27.77,31.99,40.6,52.55,25.9,27.05,29.66,25.43,32.23,30.6,14.7,17.05,19.01,25.43,17.47,16.36,27.0,26.86,30.52,32.09,30.58,26.17
P0A9P0,97.28,68.5,49.82,44.28,42.31,45.33,68.7,72.28,71.98,52.1,65.79,59.41,35.61,40.47,34.55,52.1,36.7,39.44,60.89,91.41,65.52,57.61,81.56,64.13
P32099,1.239,1.288,1.893,2.065,1.879,1.996,1.4380000000000002,1.3130000000000002,1.485,1.711,1.793,1.7719999999999998,1.756,1.982,1.413,1.711,1.779,2.144,2.008,2.136,1.649,2.144,1.47,1.48
P69776,87.65,93.48,82.08,74.54,79.13,87.27,113.2,135.4,123.8,90.33,105.5,123.3,58.17,64.97,56.9,90.33,61.6,58.43,125.6,147.3,128.2,114.7,124.2,99.81
P0A722,13.25,12.83,9.959,10.88,10.83,11.96,17.54,13.22,16.44,7.284,13.55,16.49,6.881,5.974,7.091,7.284,6.6,7.997000000000001,14.83,14.45,13.78,12.99,12.06,11.0
P10441,10.98,9.136,9.125,10.01,11.71,10.43,11.75,11.18,13.84,6.5139999999999985,11.01,11.13,4.06,4.799,4.314,6.5139999999999985,4.42,4.71,10.93,17.46,14.75,10.56,11.93,15.07
P0A725,21.1,21.61,13.22,17.84,17.95,21.71,17.18,16.51,17.3,16.18,24.01,21.81,14.67,18.78,15.47,16.18,15.23,16.79,23.1,16.49,22.65,27.33,19.85,16.98
P21645,44.12,39.19,34.44,37.22,42.3,42.13,52.63,53.6,54.15,27.94,48.22,55.93,20.05,17.7,20.26,27.94,18.92,22.71,60.76,69.73,52.88,52.97,47.17,40.04
P36771,2.5540000000000003,3.148,2.314,2.589,2.4290000000000003,2.465,2.942,3.011,2.878,2.194,2.825,3.056,4.35,4.792,4.235,2.194,4.763,4.524,2.792,2.508,3.462,3.868,3.373,3.777
P0ACJ0,9.312,10.29,12.36,11.53,12.64,11.2,6.483,5.484,5.595,3.905,7.18,7.916,6.225,5.694,7.252999999999999,3.905,6.167999999999998,6.475,4.622,2.563,4.596,6.995,5.692,5.582999999999998
P00804,14.05,8.619,13.64,12.79,16.12,11.9,8.33,8.972999999999997,11.44,11.76,12.16,9.619,7.109,8.272,6.731,11.76,6.5360000000000005,9.044,6.546,8.365,12.37,5.643,14.74,9.193
P00861,0.378,0.238,0.313,0.602,0.284,0.632,0.502,0.317,0.198,0.35700000000000004,0.498,0.225,0.486,0.979,0.467,0.35700000000000004,0.611,0.598,0.227,0.409,0.222,0.563,0.493,0.312
P08660,0.979,0.861,0.8440000000000001,0.5820000000000001,0.64,0.685,1.078,0.649,0.925,0.731,0.7490000000000001,1.012,1.3259999999999998,1.376,1.325,0.731,1.269,1.446,0.737,0.809,0.7929999999999999,0.637,0.821,0.84
P25737,11.48,8.482999999999999,3.11,2.7960000000000003,4.043,4.4860000000000015,8.052999999999999,7.6389999999999985,8.583,6.49,8.225,7.471,2.352,3.719,2.442,6.49,2.015,2.372,6.678,7.711,8.248,8.08,8.288,8.9
P03030,1.161,0.818,0.747,0.856,0.745,0.949,0.945,1.003,1.131,1.26,1.089,0.868,0.93,0.91,0.84,1.26,1.017,0.765,0.652,0.371,0.926,0.895,1.105,0.907
P0A8N3,9.531,11.91,6.647,8.162,7.548999999999999,9.806,7.824,7.9620000000000015,7.947999999999999,5.6610000000000005,10.16,9.445,5.3370000000000015,7.426,5.197,5.6610000000000005,5.598,5.815,10.31,9.983,9.661,13.67,7.817,9.078
P0A8N5,5.306,4.902,7.557,7.237999999999999,6.877999999999999,7.612,14.42,16.53,17.94,12.07,14.93,15.98,33.13,38.31,38.12,12.07,40.18,37.24,15.43,22.93,20.37,19.95,21.05,22.86
P62623,9.614,6.056,7.584,8.741,9.401,8.926,5.91,6.143,7.758999999999999,6.6370000000000005,8.357000000000001,7.6179999999999986,4.984,5.079,4.288,6.6370000000000005,4.177,5.4460000000000015,4.598,5.681,8.73,5.455,10.23,6.847
P37677,0.366,0.0787,0.305,0.594,0.469,0.394,0.573,0.578,0.28300000000000003,0.688,0.578,0.562,0.446,0.375,0.375,0.688,0.466,0.395,0.509,0.529,0.498,0.443,0.519,0.52
P0AEX9,30.1,24.17,13.91,14.37,10.72,9.966,0.852,1.107,0.833,1.046,0.863,0.885,11.77,7.562,17.55,1.046,15.08,15.53,0.688,0.879,0.945,1.128,0.8220000000000001,1.134
P02916,1.579,1.411,1.966,2.119,2.16,1.842,1.246,1.297,1.235,1.003,1.069,1.319,2.907,2.208,3.587,1.003,2.9560000000000004,3.713,0.956,0.653,0.872,1.189,0.785,1.048
P68183,2.104,1.137,2.1830000000000003,2.443,2.329,1.704,0.687,1.088,0.993,1.085,1.18,0.957,3.224,1.819,4.276,1.085,1.461,3.552,1.028,0.787,0.996,0.921,0.7959999999999999,0.967
P18811,1.371,1.933,1.574,1.129,1.237,0.867,1.3769999999999998,1.173,1.018,0.968,1.231,1.285,1.219,0.86,1.331,0.968,1.101,1.157,1.044,1.46,1.02,1.205,1.234,1.128
P68187,2.386,1.883,3.418,4.046,3.577,2.325,0.168,0.149,0.115,0.342,0.166,0.0931,5.745,4.174,7.802,0.342,7.566,7.675,0.108,0.127,0.123,0.0966,0.0674,0.111
P03841,1.874,1.779,1.86,2.089,2.2430000000000003,1.6909999999999998,0.6859999999999999,0.951,0.695,1.138,0.809,0.752,3.1210000000000004,1.39,4.192,1.138,3.3280000000000003,3.701,0.921,0.855,0.645,0.8109999999999999,0.768,0.767
P00490,16.01,10.8,8.326,5.192,5.2860000000000005,4.753,1.1740000000000002,1.513,1.558,0.879,1.34,1.148,3.871,3.525,4.792,0.879,4.167,4.057,1.6869999999999998,2.697,1.6469999999999998,1.499,1.97,1.971
P15977,4.2360000000000015,3.423,2.608,2.489,2.454,2.595,1.966,1.99,1.551,1.22,1.632,1.183,2.345,2.055,2.347,1.22,2.228,2.23,1.382,1.991,1.453,1.402,1.67,1.296
P25718,0.481,0.404,0.405,0.6459999999999999,0.359,0.364,0.537,0.439,0.444,0.65,0.816,0.675,0.575,0.597,0.5539999999999999,0.65,0.532,0.6409999999999999,0.634,0.565,0.632,0.8390000000000001,0.5670000000000001,0.6
P06993,2.8680000000000003,3.747,3.832,3.821,3.184,3.258,1.839,1.872,1.823,1.7519999999999998,1.791,2.24,7.068,5.577000000000001,6.29,1.7519999999999998,6.609,7.147,1.206,1.567,2.0340000000000003,2.579,1.854,1.864
P19642,2.651,3.797,3.401,2.009,2.046,1.5419999999999998,1.206,1.25,1.141,0.879,0.888,1.403,4.823,4.124,4.6160000000000005,0.879,4.51,5.685,0.7490000000000001,1.227,1.148,1.039,1.273,1.167
P23256,0.833,1.431,1.264,1.167,1.107,1.0659999999999998,0.956,0.6629999999999999,0.6409999999999999,0.502,0.7879999999999999,0.787,1.993,2.043,2.176,0.502,2.208,2.557,0.47,0.7190000000000001,0.8859999999999999,1.028,0.65,0.728
P21517,2.198,1.625,1.443,1.388,1.53,1.53,1.34,1.43,1.224,1.401,1.128,1.045,1.18,1.267,1.158,1.401,1.185,0.985,1.132,1.156,1.216,1.103,1.411,1.281
P00946,4.64,5.176,5.175,6.193,6.237,6.589,5.308,5.875,6.401,5.093,6.405,7.114,7.776,8.833,7.795,5.093,7.801,9.256,3.943,3.029,7.912000000000001,9.113,6.945,6.881
P69797,14.13,19.42,29.49,32.47,29.68,29.06,5.502000000000002,7.434,6.7189999999999985,5.669,5.767,6.033,25.2,26.22,32.54,5.669,41.41,32.41,5.396,5.705,6.187,9.714,8.272,8.161
P69801,17.81,24.54,27.57,39.78,30.58,36.8,8.626,8.596,8.401,7.359,9.042,9.277,30.8,31.42,36.87,7.359,45.64,39.79,7.638,5.707999999999998,9.85,14.41,9.168,8.924
P69805,2.025,1.829,4.295,9.081,5.695,8.389,1.39,0.925,1.106,1.038,1.418,1.307,6.617000000000001,5.947,8.555,1.038,11.27,7.947999999999999,1.022,0.768,1.528,2.821,1.243,1.212
P77455,0.531,0.422,0.669,0.604,0.61,0.596,0.917,0.6709999999999999,0.477,0.355,0.405,0.488,0.81,0.815,0.675,0.355,0.774,0.588,0.603,0.233,0.297,0.677,0.118,0.412
P0AE18,20.63,20.65,13.86,12.16,17.51,15.73,21.28,20.56,19.91,11.46,19.05,21.66,8.658,9.669,8.488,11.46,7.653,8.203,24.11,22.59,22.56,24.12,18.62,20.77
P0ACH5,8.704,7.185,7.032,6.488,8.394,7.497999999999998,34.09,40.49,34.06,27.38,36.63,46.85,16.56,21.4,14.37,27.38,14.5,16.39,35.5,30.45,45.21,47.47,32.96,36.17
P31121,1.372,1.149,0.94,1.355,0.885,1.482,2.638,2.403,2.116,1.732,2.458,3.312,1.689,1.985,1.574,1.732,1.624,1.896,2.336,1.996,2.283,2.798,1.844,1.841
P27245,5.652,4.456,6.081,4.839,6.936,5.872999999999998,10.39,13.06,12.22,7.5870000000000015,10.62,11.05,5.402,6.287000000000001,5.332000000000002,7.5870000000000015,4.168,4.567,9.776,12.38,14.25,13.47,10.46,14.89
P0AEY3,6.776,4.45,6.2570000000000014,4.878,5.421,4.894,6.2860000000000005,7.0760000000000005,7.1720000000000015,5.259,6.131,6.268,4.895,4.534,4.989,5.259,4.715,4.824,5.678,9.279,8.424,7.192,9.063,9.069
Q47154,0.992,0.895,0.768,0.662,0.6829999999999999,0.665,0.851,0.942,1.005,0.946,1.026,0.6729999999999999,0.746,0.931,1.007,0.946,0.8240000000000001,0.7040000000000001,0.799,1.187,0.61,0.523,1.0590000000000002,0.918
P24200,0.443,0.436,0.562,0.421,0.478,0.326,0.498,0.684,0.632,0.501,0.552,0.578,0.407,0.375,0.334,0.501,0.206,0.219,0.613,1.048,0.632,0.396,0.466,0.377
P15005,4.202,4.351,4.577,3.172,5.5539999999999985,3.637,3.624,4.738,4.527,3.434,3.762,3.85,5.747000000000001,5.64,5.619,3.434,4.273,5.1610000000000005,3.084,4.085,4.783,4.128,4.8889999999999985,5.649
P15006,0.268,0.419,0.327,0.27,0.254,0.365,0.285,0.3,0.303,0.648,0.612,0.55,0.6729999999999999,0.6,0.462,0.648,0.532,0.596,0.289,0.241,0.45,0.459,0.431,0.389
P17117,17.35,15.54,14.35,13.21,17.52,13.0,14.34,14.16,13.17,8.31,15.11,12.95,12.57,13.19,9.906,8.31,11.56,14.11,17.17,14.47,14.35,19.65,15.33,14.87
P0AEY5,7.397,5.8,6.702000000000001,4.262,6.075,4.6389999999999985,12.4,13.55,12.73,9.477,11.15,12.54,10.36,11.8,10.16,9.477,10.24,11.13,15.11,10.9,12.69,11.27,13.81,12.73
P61889,26.93,33.77,42.66,37.93,46.19,39.59,18.96,21.16,20.14,13.79,19.42,21.04,51.4,50.56,62.26,13.79,60.36,59.02,20.58,18.81,23.77,24.12,21.34,20.5
P77265,1.283,1.192,1.219,1.283,1.113,1.097,2.093,1.977,1.7519999999999998,1.606,2.121,2.488,0.767,0.904,0.6629999999999999,1.606,0.6970000000000001,0.843,1.939,1.66,2.255,2.286,2.381,1.936
P0AAG5,1.043,1.225,1.31,1.3730000000000002,1.039,1.296,1.7,1.455,1.3259999999999998,1.225,1.64,2.522,1.034,0.8320000000000001,0.536,1.225,0.43,0.71,1.124,1.3119999999999998,1.971,2.192,1.556,1.43
P39401,8.078,7.122000000000001,5.641,5.27,6.9929999999999986,6.622999999999998,7.019,7.331,8.038,6.145,7.316,9.404,5.034,5.505,4.854,6.145,4.996,4.792,4.685,5.308,7.762,6.983,7.082000000000002,7.997999999999998
P33136,23.65,18.89,20.64,17.16,20.01,16.25,22.45,27.09,24.17,20.6,23.52,23.27,13.51,16.73,11.8,20.6,16.92,15.27,18.74,18.96,31.88,31.3,36.11,30.44
P62517,6.109,5.314,3.1710000000000003,4.191,4.502,4.059,4.886,4.878,5.39,3.679,4.957,4.9460000000000015,3.425,4.202,2.8960000000000004,3.679,3.4,4.07,3.168,2.144,5.7360000000000015,5.586,6.819,5.306
P06720,0.435,0.5329999999999999,0.5489999999999999,0.562,0.7859999999999999,0.616,0.752,0.443,0.5720000000000001,1.192,0.805,0.604,2.427,1.614,3.0860000000000003,1.192,3.708,3.511,0.598,0.76,0.81,0.83,0.73,0.888
P02921,0.386,0.5720000000000001,0.5539999999999999,0.42,0.478,0.522,0.71,0.594,0.598,0.726,0.539,0.532,0.8690000000000001,0.6990000000000001,1.052,0.726,1.032,0.981,0.5710000000000001,0.455,0.525,0.5920000000000001,0.476,0.456
P0ACH8,1.482,2.226,0.52,0.406,0.29100000000000004,0.511,0.0628,0.123,0.103,0.524,0.277,0.34700000000000003,3.1710000000000003,3.819,2.47,0.524,2.867,2.79,0.166,0.211,0.203,0.249,0.252,0.327
P32166,4.043,2.881,2.315,3.314,3.915,5.386,4.675,4.597,4.846,4.364,4.7780000000000005,4.383,1.82,2.111,1.594,4.364,1.853,1.798,3.303,4.021,5.314,5.1160000000000005,5.66,6.244
P0ABU0,8.165,6.827000000000001,4.7189999999999985,5.403,5.459,5.814,6.448,6.029,6.372000000000001,4.811,6.509,6.229,5.476,6.88,4.728,4.811,5.644,6.357,5.358,6.573,7.999,8.914,7.923999999999999,8.658999999999999
P29208,8.975,7.397,5.206,5.037,5.3260000000000005,5.59,8.136000000000001,7.376,7.718,5.45,7.8039999999999985,7.371,5.188,5.593,4.623,5.45,4.7780000000000005,5.349,6.129,6.941,8.549,8.47,8.57,8.911
P17109,3.182,3.688,2.339,2.846,2.679,3.195,2.153,1.734,1.703,1.226,2.268,2.447,1.64,2.211,1.486,1.226,1.803,1.816,1.92,1.22,1.858,3.014,2.052,2.21
P37353,4.507,4.144,2.133,2.698,2.818,3.123,3.564,3.411,4.018,2.4530000000000003,3.987,4.633,2.202,2.87,1.837,2.4530000000000003,2.041,2.228,3.028,2.697,4.522,5.187,4.0,4.4110000000000005
P38051,4.897,4.609,2.884,3.674,4.455,4.464,4.43,4.685,3.8,3.507,4.782,5.13,2.718,3.04,2.516,3.507,2.988,2.821,4.481,3.5010000000000003,4.964,5.6110000000000015,4.563,6.141
P0A8R0,10.29,10.37,9.139,8.144,9.306,8.87,13.57,13.96,14.65,10.15,13.96,15.73,9.674,10.2,8.968,10.15,9.713,10.3,12.83,14.03,13.94,15.31,16.44,14.26
P0C0T5,2.9530000000000003,3.29,2.592,3.515,3.3480000000000003,3.82,2.016,1.947,2.113,1.605,2.669,3.281,1.704,1.805,2.006,1.605,2.204,2.047,1.511,1.181,2.689,3.52,2.42,2.589
P52097,3.469,2.97,3.0460000000000003,2.701,3.016,2.785,3.525,3.319,3.4610000000000003,2.255,3.382,2.306,2.644,2.507,2.33,2.255,2.153,2.445,2.354,3.156,2.576,2.744,3.2230000000000003,2.917
P07623,1.314,1.629,0.757,1.034,0.898,0.997,1.019,1.057,0.647,1.002,0.933,0.893,0.991,1.187,0.905,1.002,0.995,1.058,0.861,0.612,0.8140000000000001,0.945,0.82,0.99
P00935,2.708,2.861,1.414,3.0780000000000003,2.523,3.34,3.247,3.024,1.859,2.286,3.134,4.142,2.727,3.367,2.665,2.286,3.928,3.524,2.849,2.227,2.992,4.22,2.789,3.029
P06721,1.79,2.3040000000000003,2.113,2.372,2.138,1.685,1.188,1.279,1.079,1.048,1.172,1.272,0.7959999999999999,0.94,0.8370000000000001,1.048,0.885,1.124,1.132,1.155,1.116,1.4369999999999998,1.17,1.042
P25665,0.7859999999999999,0.457,0.438,0.8290000000000001,0.8059999999999999,0.768,0.37,0.435,0.227,0.777,0.5429999999999999,0.4,0.444,0.235,0.495,0.777,0.54,0.408,0.741,0.524,0.485,0.465,0.436,0.375
P0AEZ1,1.139,0.813,0.644,0.71,0.6970000000000001,0.8270000000000001,0.322,0.29600000000000004,0.304,0.775,0.32299999999999995,0.412,0.578,0.114,0.398,0.775,0.247,0.391,0.24,0.128,0.19,0.0745,0.306,0.379
P00959,11.43,7.826,6.955,7.1389999999999985,8.293,5.636,9.049,9.493,9.045,5.3279999999999985,6.642,5.337999999999999,6.629,7.8370000000000015,6.501,5.3279999999999985,5.7620000000000005,6.4220000000000015,11.67,15.67,10.09,11.11,11.75,11.19
P13009,2.07,2.335,3.153,3.1910000000000003,3.179,2.79,1.694,1.7919999999999998,1.405,1.749,1.274,1.248,2.02,2.272,2.301,1.749,2.688,2.21,1.527,1.632,1.247,1.4680000000000002,1.788,1.457
P0A8U6,10.42,8.372,7.33,5.209,7.316,6.254,16.02,18.97,17.87,13.63,15.44,18.21,6.265,6.501,5.199,13.63,4.939,5.199,14.18,14.83,17.54,16.06,16.33,15.63
P0A817,16.2,11.55,6.777,6.025,6.985,8.448,10.8,10.5,11.45,6.8,11.97,12.31,6.1389999999999985,8.776,4.868,6.8,5.714,6.079,10.81,15.22,12.62,13.58,12.18,11.08
P00562,2.342,1.5619999999999998,1.6269999999999998,1.653,1.649,1.404,2.389,2.576,3.189,3.01,3.0810000000000004,3.1630000000000003,1.4580000000000002,1.318,1.372,3.01,1.7280000000000002,1.942,3.069,2.7030000000000003,2.955,1.995,3.405,3.173
P0A9F9,1.251,1.119,0.675,1.009,0.836,0.871,0.203,0.518,0.701,1.134,0.345,0.841,0.89,1.202,0.735,1.134,1.187,0.721,0.373,0.345,0.838,0.557,0.246,0.885
P30958,3.649,2.7960000000000003,3.254,3.418,4.314,5.6789999999999985,3.515,3.613,4.152,3.765,4.542,4.6930000000000005,3.011,3.357,3.925,3.765,3.589,3.752,2.379,2.299,3.936,4.122,3.992,3.471
P0AAG8,8.058,25.4,42.9,28.65,27.02,15.53,0.616,0.457,0.6809999999999999,0.632,0.401,0.29600000000000004,25.26,19.07,33.13,0.632,34.66,31.98,0.213,0.508,0.276,0.48,0.445,0.452
P0AEE5,60.71,91.14,101.9,65.36,73.07,41.45,2.18,2.446,2.375,1.6840000000000002,1.609,2.292,58.65,54.8,69.2,1.6840000000000002,73.37,66.56,2.337,2.316,2.296,2.156,2.617,2.336
P23200,3.1180000000000003,4.745,24.69,17.28,14.12,7.5310000000000015,0.212,0.36,0.522,0.519,0.388,0.225,9.817,4.434,13.78,0.519,13.4,13.35,0.234,0.173,0.377,0.465,0.198,0.21
P0A731,16.63,15.61,16.91,13.2,15.59,10.81,12.56,11.1,10.46,8.517000000000001,11.45,13.99,16.54,14.77,15.02,8.517000000000001,15.16,16.48,11.45,8.379,10.92,13.06,11.93,9.727
P0ABB8,9.861,8.413,3.035,4.05,4.133,4.849,3.153,3.131,3.32,2.672,3.874,2.97,2.165,3.394,1.631,2.672,1.911,2.201,1.887,2.02,4.301,4.4030000000000005,4.3039999999999985,3.701
P77397,1.247,0.895,0.6,1.354,1.143,0.914,1.518,0.899,0.8220000000000001,1.232,0.957,0.919,1.108,1.086,1.401,1.232,0.8390000000000001,1.033,0.872,0.871,0.632,0.782,0.946,1.034
P0ABR9,0.0582,0.0636,0.0603,0.133,0.0954,0.0894,0.14800000000000002,0.0908,0.0581,0.267,0.0613,0.0671,0.263,0.0824,0.393,0.267,0.368,0.225,0.0697,0.0813,0.0461,0.0722,0.0975,0.113
P77044,0.636,0.601,0.581,0.7809999999999999,0.5870000000000001,0.475,0.193,0.399,0.313,0.598,0.519,0.349,0.508,0.469,0.765,0.598,0.7170000000000001,0.601,0.183,0.0267,0.28600000000000003,0.375,0.35200000000000004,0.342
P77608,0.688,0.43,0.883,0.6679999999999999,0.718,0.725,0.889,0.675,0.6890000000000001,0.706,0.579,0.4,0.7829999999999999,0.6920000000000001,0.905,0.706,0.731,0.772,0.398,0.443,0.376,0.521,0.644,0.473
P51020,1.816,1.329,1.891,1.742,1.676,1.6840000000000002,1.284,2.295,1.628,1.827,1.649,1.51,1.431,1.717,1.536,1.827,1.466,1.219,1.642,1.007,1.38,1.095,2.139,1.6030000000000002
P77580,0.608,0.506,0.633,0.564,0.469,0.434,0.799,0.7,0.743,0.93,0.706,0.586,0.653,0.627,0.7140000000000001,0.93,0.6679999999999999,0.604,0.455,0.78,0.569,0.753,1.102,0.8029999999999999
P77569,0.882,1.868,4.27,1.847,2.001,1.328,0.17600000000000002,0.332,0.264,0.541,0.173,0.121,11.09,5.659,12.11,0.541,13.16,14.59,0.565,1.12,0.597,0.476,0.601,0.623
P77589,1.228,1.399,1.3030000000000002,1.443,1.644,1.401,1.058,0.8440000000000001,1.053,0.934,0.5329999999999999,0.609,1.166,1.443,1.5019999999999998,0.934,1.43,1.219,0.994,0.684,0.662,0.778,0.436,0.629
P16384,46.39,54.18,56.79,61.77,78.15,69.13,47.05,51.56,48.48,35.59,43.23,52.08,36.07,34.91,45.94,35.59,45.94,41.73,48.51,50.32,48.77,49.22,48.39,47.29
P18196,30.26,31.68,27.05,22.49,28.95,22.99,18.66,18.43,18.44,9.409,12.64,22.37,21.31,22.72,21.16,9.409,21.22,24.23,10.85,7.149,21.4,20.1,12.81,17.61
P0AEZ3,17.2,23.99,22.43,20.43,25.22,19.01,20.42,19.0,20.64,9.827,21.23,25.82,23.31,24.52,25.61,9.827,24.26,26.71,13.27,8.259,20.51,24.29,15.53,16.06
P0A734,20.11,21.26,29.24,20.92,21.93,21.47,19.34,23.85,26.73,10.85,19.37,20.11,22.3,25.7,22.57,10.85,24.3,23.52,12.68,23.52,26.49,22.27,25.25,27.15
P03817,14.57,13.14,12.06,12.17,15.06,14.67,15.86,16.61,17.36,13.71,17.46,22.7,5.817,6.8370000000000015,6.042999999999998,13.71,7.021,6.641,14.19,10.9,18.63,17.91,17.05,16.6
P78055,1.06,0.8859999999999999,0.773,0.706,0.8390000000000001,0.623,0.7440000000000001,1.123,1.465,1.034,1.14,0.89,0.78,0.833,0.899,1.034,0.944,0.7490000000000001,1.306,1.36,1.405,0.8540000000000001,1.548,1.045
P50456,2.3480000000000003,3.696,3.093,3.139,3.354,2.952,1.354,1.27,1.465,0.957,1.337,1.5830000000000002,3.222,2.872,4.063,0.957,3.753,3.574,0.933,0.609,1.356,1.865,0.898,1.402
P0A935,3.172,3.104,3.152,2.39,3.072,2.532,7.233,8.08,7.034,5.29,7.338999999999999,8.177,3.282,3.575,2.989,5.29,3.043,3.2260000000000004,6.287000000000001,5.461,8.361,6.8,6.9860000000000015,7.386
P41052,3.4960000000000004,3.403,2.096,3.554,2.477,2.807,4.173,3.894,3.485,2.906,4.425,5.127000000000002,3.157,3.899,3.709,2.906,3.937,4.027,5.949,5.733,4.77,6.428,5.188,4.316
P0C066,4.836,5.017,5.074,5.008,5.09,4.968,3.977,5.11,4.399,3.597,3.943,4.375,2.317,2.737,2.63,3.597,2.635,2.777,3.352,3.889,3.249,3.828,4.932,3.4130000000000003
P0C960,5.142,4.185,4.0310000000000015,3.219,3.945,3.919,5.315,5.289,6.0939999999999985,4.43,5.093,4.6960000000000015,4.348,5.098,4.461,4.43,4.939,4.83,4.372,4.8889999999999985,6.0360000000000005,5.099,6.97,4.892
P30745,9.213,9.956,6.77,7.391,7.237,7.999,6.41,6.37,6.517,5.136,6.3610000000000015,5.752000000000002,4.35,6.8610000000000015,4.678,5.136,5.449,6.1610000000000005,6.7970000000000015,6.928,6.409,9.378,7.432,6.622999999999998
P0AEZ9,11.2,9.461,9.206,8.648,9.34,7.7429999999999986,9.62,9.667,10.09,8.228,9.905,10.32,12.06,14.98,12.53,8.228,11.73,13.7,10.76,7.209,11.63,12.07,10.32,9.397
P0A738,12.02,10.61,8.82,9.361,9.586,9.623,12.53,13.46,13.46,10.95,12.98,12.95,10.69,13.19,10.7,10.95,11.52,12.09,11.34,11.06,14.26,13.54,16.4,13.12
P30748,9.775,8.232000000000001,7.992000000000001,7.357,7.428,6.233,11.2,11.38,13.0,12.07,11.88,13.39,7.267,10.48,6.885,12.07,8.062999999999999,8.943999999999997,12.03,8.116,15.17,13.93,15.2,10.91
P30749,5.3279999999999985,4.8580000000000005,3.571,4.322,4.256,3.933,4.52,4.4430000000000005,4.891,3.964,5.341,6.069,4.632,5.834,5.118,3.964,4.761,4.859,4.632,4.257,5.3889999999999985,6.635,6.195,4.273
P32173,1.207,1.469,1.765,1.4980000000000002,1.794,1.537,2.15,2.311,2.576,2.022,2.583,2.685,2.7960000000000003,3.112,3.017,2.022,2.905,3.131,1.666,2.307,2.205,2.967,3.015,2.975
P32125,0.908,0.84,1.646,1.366,1.3159999999999998,0.772,2.9360000000000004,3.3710000000000004,3.0210000000000004,2.6830000000000003,2.9,3.0980000000000003,2.218,1.888,1.87,2.6830000000000003,1.909,1.879,2.075,2.525,3.656,2.9730000000000003,4.623,3.647
P37329,8.232999999999999,8.12,12.9,10.61,11.9,10.23,3.355,3.457,3.4960000000000004,2.345,2.824,3.239,5.261,4.5360000000000005,4.393,2.345,4.067,4.948,2.838,2.8110000000000004,3.427,3.129,3.0410000000000004,2.94
P0AF01,9.115,9.011,14.17,10.67,12.98,12.1,2.599,2.58,2.251,1.803,1.871,2.949,4.522,4.9830000000000005,4.5680000000000005,1.803,4.051,4.148,2.472,2.184,2.632,2.577,2.188,2.132
P09833,3.207,2.8960000000000004,4.454,4.394,4.497,4.71,1.976,1.29,1.276,0.961,1.02,1.252,1.935,1.978,2.113,0.961,1.879,1.726,1.544,1.0759999999999998,1.334,1.183,1.524,1.164
P0A9G8,2.003,2.259,1.4980000000000002,2.445,2.064,2.153,1.465,1.709,1.538,1.121,1.486,1.76,1.465,1.649,1.453,1.121,1.402,1.5719999999999998,1.756,1.4,1.893,2.214,1.624,1.6980000000000002
P31060,1.168,1.325,1.668,1.508,1.238,1.057,1.013,0.927,0.939,0.982,0.754,0.88,1.567,1.177,1.45,0.982,1.337,1.429,0.662,0.777,0.987,0.77,1.163,0.8809999999999999
P12281,4.617,3.889,2.755,3.559,3.6010000000000004,3.446,4.39,4.3610000000000015,4.657,4.47,5.2810000000000015,4.272,4.148,4.772,4.208,4.47,4.538,4.884,5.006,4.795,6.292999999999998,6.371,6.341,5.579
P12282,2.364,1.6869999999999998,1.48,1.645,1.136,1.199,2.0580000000000003,2.397,2.362,2.692,2.258,2.184,1.743,2.03,1.5519999999999998,2.692,1.46,1.9,2.849,2.165,3.22,2.742,3.005,2.756
P0AF03,6.657,5.013,4.088,3.254,4.543,4.098,8.856,8.716000000000001,8.797,5.6389999999999985,8.891,11.75,5.296,5.271,5.078,5.6389999999999985,4.4830000000000005,5.87,13.4,9.788,10.95,7.91,9.31,6.542000000000002
P33345,0.0521,0.17600000000000002,0.0292,0.0602,0.117,0.0649,0.279,0.201,0.218,0.23,0.24,0.299,0.224,0.145,0.102,0.23,0.0862,0.111,0.285,0.0773,0.191,0.228,0.279,0.194
P0A6F5,13.24,19.32,28.74,43.84,47.41,56.26,41.06,44.59,39.95,22.57,44.0,46.0,33.64,36.14,49.4,22.57,49.03,44.32,44.78,36.89,45.49,54.29,29.38,40.98
P0A6F9,77.77,77.04,100.9,103.8,123.8,120.5,120.1,148.6,115.9,82.13,103.7,120.2,69.99,77.86,85.5,82.13,86.35,80.42,123.6,169.7,125.8,113.2,120.8,106.9
P09348,31.34,22.8,31.7,24.04,31.96,28.24,1.537,1.142,1.247,1.088,0.926,0.911,5.274,3.923,3.3760000000000003,1.088,2.654,3.807,0.361,0.579,0.344,0.329,0.716,0.423
P0AF06,20.59,18.4,14.51,23.13,25.44,25.9,0.8220000000000001,0.627,0.8059999999999999,0.35,0.665,0.812,4.902,4.022,3.455,0.35,3.663,3.452,0.166,0.241,0.404,0.192,0.251,0.117
P0A6W3,5.761,4.398,5.332999999999998,6.134,7.176,6.359,4.958,5.985,6.779,5.41,6.205,5.4220000000000015,4.146,4.132,3.744,5.41,3.385,4.23,3.542,4.8210000000000015,6.495,3.592,8.312000000000001,5.144
P02918,4.322,4.306,2.815,2.958,3.406,3.863,4.984,5.239,4.714,4.342,4.833,4.752,2.129,2.6910000000000003,1.7619999999999998,4.342,1.885,1.78,3.088,4.188,4.9460000000000015,5.359,5.964,5.915
P02919,1.651,2.537,1.466,1.73,1.878,1.733,3.034,2.317,2.531,1.5630000000000002,2.59,3.004,1.2919999999999998,1.838,1.2990000000000002,1.5630000000000002,1.275,1.331,2.102,2.001,1.301,1.742,1.937,1.395
P0AD65,5.763,6.191,3.411,4.312,5.255,5.864,7.9129999999999985,7.588999999999999,7.914,4.753,7.63,10.16,1.624,2.64,1.592,4.753,1.392,1.6130000000000002,6.706,4.671,8.652000000000001,8.687000000000001,7.991,7.073
P0ABG7,8.623,8.43,5.855,5.412000000000001,8.155,7.991,8.201,9.796,10.83,5.3210000000000015,7.795,10.02,4.066,5.8870000000000005,3.878,5.3210000000000015,3.823,3.88,7.731,9.268,10.96,9.337,10.23,9.881
P0A9X4,36.7,25.93,26.1,22.08,26.7,23.41,25.25,28.14,30.94,21.67,23.7,25.57,11.7,14.07,11.74,21.67,12.51,13.71,27.71,29.56,27.83,21.67,34.36,25.14
P16926,7.27,6.601,5.224,5.653,5.586,7.585,4.933,5.175,6.125,4.5939999999999985,5.4460000000000015,5.204,2.7060000000000004,3.603,2.844,4.5939999999999985,3.7,3.349,5.147,4.935,6.0710000000000015,5.649,7.558,6.319
P0ABH4,10.37,7.6789999999999985,6.957000000000002,6.182,8.056000000000001,8.245,5.087,6.033,8.025,5.778,6.622999999999998,6.638,3.08,3.312,2.985,5.778,2.85,3.339,4.433,4.657,6.886,5.722,7.6110000000000015,7.063
P0AF08,16.77,17.67,9.592,11.91,12.39,13.19,16.51,15.79,17.79,9.579,19.25,19.52,14.87,18.69,13.32,9.579,14.05,16.46,21.59,16.35,21.92,24.85,13.31,15.89
P24202,3.5410000000000004,3.048,4.26,3.056,3.32,3.3510000000000004,4.418,4.276,5.23,4.386,4.873,5.146,5.654,5.276,5.269,4.386,5.609,5.801,6.551,7.117000000000001,5.631,5.567,4.644,4.974
P31120,14.59,14.05,11.75,11.78,12.53,12.67,14.06,14.31,14.8,12.09,14.61,14.82,8.019,9.782,8.51,12.09,9.009,9.023,15.74,15.43,15.75,14.69,17.99,16.86
P60752,15.49,12.42,6.752000000000002,7.724,8.667,7.359,11.37,11.27,11.44,6.199,11.31,13.47,3.111,3.802,2.673,6.199,2.5660000000000003,3.909,7.1,4.772,14.1,12.45,10.24,12.13
P24205,7.252999999999999,6.69,5.056,5.398,6.49,7.341,7.35,7.149,7.641,6.277,7.6789999999999985,7.525,4.258,5.2,4.399,6.277,4.769,5.237,7.144,7.465,8.08,8.293,8.544,8.023
P0A742,10.49,8.345,13.6,6.8210000000000015,8.772,8.615,9.419,10.94,17.93,8.743,12.81,12.72,8.823,8.329,8.544,8.743,7.064,8.964,13.09,14.21,12.17,9.238,13.95,13.98
P0A744,1.436,2.035,2.669,3.683,3.384,2.67,1.516,1.4469999999999998,1.486,0.799,1.07,1.154,4.44,3.86,6.263,0.799,6.158,6.727,1.5830000000000002,1.193,1.421,1.535,0.83,1.5719999999999998
P25738,4.691,4.182,7.646,5.955,7.646,5.876,6.6720000000000015,8.988999999999997,8.481,6.825,6.357,7.627000000000002,17.88,17.48,23.83,6.825,22.39,19.75,23.83,22.32,8.048,6.457999999999998,7.246,7.441
P46022,1.41,0.914,1.411,1.298,1.671,1.581,1.653,1.357,1.525,1.903,1.628,1.527,1.127,1.158,1.3219999999999998,1.903,1.383,1.3330000000000002,0.8,0.941,0.818,1.139,1.4409999999999998,1.497
P00550,3.556,3.523,4.971,4.382,3.783,3.465,7.9289999999999985,8.214,8.421,7.072,6.803,7.2810000000000015,3.44,3.3,3.671,7.072,4.442,4.145,4.3580000000000005,5.864,7.55,7.356,9.154,7.274
P09424,3.1,2.901,3.991,4.055,3.654,3.591,5.922999999999999,5.705,6.537000000000001,4.87,5.556,6.364,3.613,3.488,4.077,4.87,5.449,4.48,3.865,3.449,6.371,5.9510000000000005,5.516,6.017
P0AF10,2.541,2.9210000000000003,3.747,2.919,3.1060000000000003,2.843,5.99,5.837999999999999,6.332999999999998,4.942,6.497000000000001,6.852,3.193,2.769,3.71,4.942,3.607,3.185,3.584,2.9810000000000003,5.837999999999999,4.261,5.066,4.678
P0AAD2,1.04,1.069,1.069,1.048,0.944,1.307,1.4369999999999998,1.254,1.396,1.108,1.797,1.537,0.868,0.976,0.794,1.108,0.94,0.928,1.157,1.547,1.7480000000000002,1.452,1.7819999999999998,1.561
P22523,9.395,5.4,7.527,5.655,10.09,7.382999999999999,7.074,7.145,8.443999999999999,3.691,10.22,8.937000000000003,4.384,3.9,4.328,3.691,3.671,4.717,4.657,3.323,7.126,8.16,5.972,7.832999999999998
P22524,21.23,21.03,27.21,20.02,27.55,18.25,22.67,26.29,24.71,15.41,20.19,23.94,12.44,12.7,12.95,15.41,12.28,15.12,13.48,12.81,20.53,21.72,20.42,26.75
P60293,14.83,18.61,17.6,16.14,16.44,15.5,13.0,14.67,13.28,8.029,10.5,14.06,6.965,7.752999999999999,6.579,8.029,7.652,7.85,8.281,8.395,12.37,15.02,11.13,13.8
P0A749,8.991,8.089,7.079,7.902,7.122999999999998,8.623,11.32,10.4,10.68,7.702000000000001,11.51,13.91,4.065,4.974,4.063,7.702000000000001,4.135,4.543,12.8,13.75,12.16,12.65,12.55,11.17
P08373,6.04,7.225,4.923,5.6179999999999986,5.961,6.994,5.256,6.15,5.82,4.874,6.278,7.386,4.5760000000000005,5.037,4.151,4.874,4.614,4.982,4.846,5.323,6.311,7.497999999999998,6.377000000000002,6.358
P17952,5.23,5.4129999999999985,3.397,3.0610000000000004,4.209,5.0939999999999985,4.448,4.756,4.016,4.316,4.438,5.422999999999999,2.371,2.85,1.917,4.316,2.6660000000000004,2.955,3.651,3.808,4.599,3.497,6.181,3.555
P14900,9.072,6.843,6.896,6.653,7.89,7.967,5.897,6.317,9.388,6.1770000000000005,7.5710000000000015,6.436,5.183,5.295,5.027,6.1770000000000005,4.557,4.59,5.51,5.919,6.484,3.956,8.486,5.505
P22188,14.39,9.594,15.08,13.01,14.54,11.65,11.88,11.93,12.02,10.25,11.46,9.51,6.919,7.532999999999999,6.979,10.25,7.39,7.221,9.832,16.15,12.53,11.44,16.82,14.87
P11880,4.289,5.914,3.657,7.058,5.709,6.218,3.647,2.844,3.228,3.18,4.282,4.643,2.532,3.142,3.785,3.18,3.585,3.505,3.444,2.636,3.2430000000000003,4.325,3.792,2.748
P17443,6.904,5.9670000000000005,5.544,6.001,6.2010000000000005,6.649,5.796,6.199,6.422999999999999,5.657,6.749,6.199,3.375,4.457,3.236,5.657,3.468,3.675,5.226,5.54,6.0310000000000015,4.749,8.073,5.99
P22634,5.018,10.85,3.412,4.724,5.794,7.4289999999999985,4.586,4.628,3.88,3.707,4.685,6.3039999999999985,5.704,7.247999999999998,5.902,3.707,8.577,9.305,4.896,3.367,6.113,8.252,4.043,4.9
P06722,1.028,0.7190000000000001,1.014,0.932,1.248,0.8079999999999999,1.89,1.943,2.05,1.484,2.022,1.358,1.053,0.899,1.11,1.484,0.993,0.892,1.518,1.152,1.4,1.648,1.224,1.828
P23367,3.17,3.998,3.278,3.636,4.033,4.387,3.486,3.115,4.1080000000000005,2.8760000000000003,3.649,4.1530000000000005,3.095,3.307,3.347,2.8760000000000003,3.574,3.133,3.649,2.937,3.742,4.408,3.297,3.289
P05523,3.599,2.872,3.959,4.503,5.547999999999999,7.221,4.037,3.405,3.652,3.542,3.297,3.208,1.735,1.882,3.247,3.542,2.4930000000000003,2.212,1.879,2.019,3.615,2.761,3.737,3.46
P23909,3.424,5.3260000000000005,2.6180000000000003,3.845,2.6860000000000004,4.089,4.418,4.939,4.548,3.1860000000000004,4.803,5.339,3.487,4.052,3.466,3.1860000000000004,3.062,3.36,3.825,3.437,6.02,6.421,3.721,4.145
P08337,2.193,2.189,2.116,2.242,2.069,2.23,2.218,1.916,1.974,2.302,1.93,2.283,1.015,1.218,1.096,2.302,0.774,1.03,1.985,1.453,2.247,2.376,1.842,1.611
P17802,11.37,8.413,8.072000000000001,7.175,9.476,7.481,6.58,7.285,5.64,4.542,6.502999999999999,8.555,3.628,4.109,3.224,4.542,3.149,3.992,10.1,7.819,7.563,8.832,4.857,6.325
P75931,1.926,2.0380000000000003,3.2510000000000003,3.092,2.3480000000000003,2.436,1.278,0.872,1.332,0.416,1.118,1.079,2.31,2.099,2.178,0.416,2.745,2.259,0.8170000000000001,0.925,1.3159999999999998,1.36,1.058,1.136
P0AF16,2.741,2.021,2.171,2.199,2.121,2.138,3.263,3.022,3.172,1.7380000000000002,2.245,2.5610000000000004,1.1,1.452,1.06,1.7380000000000002,1.14,1.086,1.867,2.4530000000000003,2.447,2.299,2.617,3.139
Q47005,0.132,0.16399999999999998,0.375,0.27,0.313,0.241,0.335,0.311,0.279,0.418,0.329,0.345,0.453,0.421,0.308,0.418,0.35100000000000003,0.342,0.231,0.271,0.319,0.252,0.16699999999999998,0.295
P11458,1.706,1.116,1.194,1.092,1.17,1.072,0.882,1.031,1.024,1.05,1.241,0.911,0.927,0.917,0.924,1.05,1.177,0.941,1.725,1.081,1.037,1.144,1.261,0.954
P10902,1.334,1.048,1.253,1.221,1.192,1.14,1.47,1.183,1.208,1.516,1.161,1.129,0.862,0.964,0.7809999999999999,1.516,0.8690000000000001,0.799,1.222,1.143,1.063,0.726,1.482,1.06
P30011,1.466,2.074,2.254,2.129,2.3480000000000003,2.104,1.3730000000000002,1.711,1.773,0.821,1.264,1.7280000000000002,1.912,1.156,1.725,0.821,1.643,1.703,2.076,1.304,2.124,1.253,1.933,0.745
P18843,5.997000000000001,7.055,7.792999999999998,7.747999999999998,9.545,7.348,7.042999999999998,6.917000000000002,6.84,3.131,6.255,8.449,6.627000000000002,7.847,7.263,3.131,6.884,7.042000000000002,16.65,11.14,7.1,9.983,5.402,7.018
P27278,4.775,4.056,5.192,4.267,5.471,4.964,7.596,8.478,8.479,6.063,7.769,7.487999999999999,4.977,5.053,4.552,6.063,4.0539999999999985,5.14,7.391,10.06,7.548999999999999,8.113,8.086,8.128
P0AF18,5.354,7.803,5.722,6.801,7.3610000000000015,7.141,5.2639999999999985,5.1,5.233,4.001,5.01,5.439,8.886000000000003,10.25,9.3,4.001,9.145,9.344,5.402,5.501,6.287000000000001,6.337999999999999,5.945,6.214
P0A759,4.8439999999999985,7.102,6.456,4.771,5.617000000000001,5.134,5.008,5.121,4.641,3.773,4.257,5.121,12.14,12.58,11.05,3.773,10.34,12.71,4.522,4.9110000000000005,5.925,5.369,5.561,4.509
P0AF20,5.795,7.237,6.487,7.348,6.711,7.667999999999998,6.779,6.072,5.237,5.2570000000000014,4.811,6.767,5.582000000000002,6.16,5.457999999999998,5.2570000000000014,5.002,5.71,5.081,4.427,6.712999999999999,7.166,5.997999999999998,5.9270000000000005
P0AF24,6.194,9.373,5.67,6.893,6.846,8.74,5.945,6.104,6.254,4.97,6.928,7.417000000000002,5.965,7.705,6.339,4.97,6.787000000000001,7.298999999999999,5.3039999999999985,3.848,7.492000000000001,9.055,5.92,6.256
P09323,2.299,2.974,4.646,4.387,4.013,3.9,2.567,2.452,2.495,2.031,2.301,2.2430000000000003,7.327000000000001,5.766,8.135,2.031,7.024,7.717,2.801,2.969,2.406,2.923,3.03,2.382
P0A6L4,5.292000000000002,16.75,25.34,18.89,19.9,14.67,0.166,0.504,0.448,0.768,0.4320000000000001,0.639,21.37,18.82,22.58,0.768,26.56,26.47,0.5329999999999999,1.019,0.6890000000000001,0.861,0.908,0.578
P41036,0.737,1.753,9.736,8.552999999999999,8.163,5.181,0.16699999999999998,0.124,0.101,0.114,0.124,0.128,7.617000000000001,5.77,8.791,0.114,10.9,10.16,0.127,0.151,0.106,0.151,0.131,0.156
P33937,0.302,0.209,0.51,0.37,0.33,0.307,0.435,0.8029999999999999,0.777,0.53,0.951,0.645,0.998,1.154,1.3159999999999998,0.53,1.204,1.139,1.237,1.436,1.114,1.244,1.0,0.988
P0ABL3,0.0827,0.0712,0.0924,0.168,0.131,0.24,0.8320000000000001,0.868,0.818,0.908,0.991,0.944,0.698,0.764,0.7020000000000001,0.908,0.7609999999999999,0.8690000000000001,1.225,1.039,0.969,1.052,0.857,0.79
P0ABL5,1.672,1.396,1.349,1.516,1.392,1.281,3.153,2.854,3.202,3.028,2.698,3.071,1.939,2.421,2.086,3.028,2.052,2.1590000000000003,3.954,4.2189999999999985,3.135,3.0610000000000004,3.168,3.134
P0A9I5,1.51,1.022,1.127,1.034,1.329,0.8140000000000001,2.145,3.3680000000000003,2.246,1.798,2.176,2.378,1.5719999999999998,1.844,1.921,1.798,2.194,2.363,2.9930000000000003,2.7230000000000003,2.44,2.494,2.487,2.262
P0AAL0,0.364,0.25,0.336,0.0614,0.21600000000000005,0.23,0.703,0.759,0.938,0.612,0.85,0.873,0.8740000000000001,0.7290000000000001,0.7070000000000001,0.612,0.727,0.769,0.948,0.985,0.937,0.912,0.726,0.879
P0AAL3,1.658,1.182,1.022,1.3869999999999998,1.24,1.058,2.103,2.343,2.3480000000000003,1.848,2.102,1.849,1.672,1.6880000000000002,1.846,1.848,1.964,1.918,2.446,2.844,2.434,2.037,2.793,2.3
P33934,1.358,1.273,1.135,1.26,0.971,0.654,1.7990000000000002,1.503,1.812,1.685,1.928,1.346,1.89,1.538,1.653,1.685,2.0780000000000003,2.187,1.442,1.231,1.654,1.716,2.387,1.87
P09152,0.0613,0.107,0.049,0.104,0.0448,0.0551,0.0778,0.0577,0.0588,0.099,0.0698,0.0366,0.591,0.669,1.101,0.099,1.296,0.942,0.0491,0.0493,0.0531,0.0433,0.0656,0.0525
P11349,1.259,0.597,0.649,0.924,0.691,0.833,0.7440000000000001,0.532,0.647,0.956,0.758,0.605,1.106,1.126,1.4580000000000002,0.956,1.867,1.285,0.679,0.836,0.602,0.635,1.197,0.762
P11350,0.672,0.388,0.099,0.623,0.325,0.294,0.161,0.407,0.401,0.51,0.353,0.263,0.469,0.4270000000000001,0.525,0.51,0.569,0.622,0.337,0.363,0.252,0.3670000000000001,0.411,0.422
P0AF26,1.268,0.967,0.848,0.991,1.095,0.968,0.8440000000000001,0.836,1.137,1.143,1.002,0.992,0.825,0.899,1.024,1.143,1.234,1.02,0.843,0.975,0.976,0.918,1.433,0.973
P10903,0.429,0.342,0.8440000000000001,0.377,0.207,0.374,0.28600000000000003,0.511,0.677,0.936,0.693,0.457,0.813,0.923,0.7709999999999999,0.936,0.626,0.667,0.457,0.348,0.586,0.364,1.38,0.856
P0AF28,7.274,4.978,5.255,4.024,5.4670000000000005,4.271,11.32,11.02,12.6,9.505,10.9,10.44,10.7,12.01,10.11,9.505,9.588,10.45,7.7,8.238999999999999,10.27,10.65,11.57,11.73
P31802,3.871,3.572,2.93,3.244,3.267,3.439,11.04,9.853,10.67,6.915,12.51,14.21,5.964,7.362999999999999,5.78,6.915,6.234,6.358,10.42,7.441,10.9,13.11,9.184,9.402
P27896,0.391,0.504,0.515,0.448,0.545,0.5870000000000001,1.079,0.6859999999999999,0.6890000000000001,0.664,0.6970000000000001,0.8240000000000001,0.6859999999999999,0.754,0.65,0.664,0.58,0.7859999999999999,0.716,0.603,0.816,0.847,0.501,0.789
P37758,0.7659999999999999,1.013,0.75,0.928,0.544,0.655,0.795,0.826,0.737,0.7140000000000001,0.848,1.2,0.818,0.9,0.841,0.7140000000000001,0.794,0.836,0.87,0.983,0.7659999999999999,0.89,1.274,0.901
P0AF32,0.7659999999999999,0.354,0.417,0.433,0.35700000000000004,0.434,0.34700000000000003,0.594,0.593,0.45,0.4370000000000001,0.536,0.467,0.5489999999999999,0.4320000000000001,0.45,0.435,0.5,0.402,0.383,0.5870000000000001,0.344,0.6559999999999999,0.333
P19317,1.602,1.113,1.22,0.858,0.917,0.6829999999999999,1.6469999999999998,1.5590000000000002,1.749,0.947,1.034,0.7,0.6890000000000001,0.821,0.787,0.947,0.604,0.569,0.835,1.2990000000000002,1.058,1.101,1.15,1.276
P0AFA2,3.103,2.3480000000000003,2.205,1.62,2.507,2.338,4.474,4.803,5.3439999999999985,3.332,5.3610000000000015,6.515,4.768,5.3039999999999985,4.607,3.332,4.197,5.452000000000001,3.429,3.675,5.4110000000000005,6.224,5.877000000000002,5.797999999999999
P19318,0.579,0.509,0.416,0.415,0.411,0.5670000000000001,0.411,0.124,0.27,0.457,0.256,0.397,0.482,0.643,0.5529999999999999,0.457,0.551,0.601,0.425,0.392,0.478,0.404,0.457,0.295
P19319,0.564,0.76,0.618,0.5379999999999999,0.615,0.6579999999999999,0.248,0.0899,0.35,0.29600000000000004,0.441,0.307,0.413,0.941,0.643,0.29600000000000004,0.611,0.433,0.12,0.404,0.409,0.0928,0.433,0.385
P00393,21.71,10.95,5.117,5.48,10.14,10.83,32.44,33.52,37.74,20.26,30.4,32.26,2.852,4.345,1.746,20.26,2.055,2.249,27.06,34.5,33.27,36.83,34.62,38.86
P0A763,48.47,49.25,20.51,17.39,23.08,21.76,24.28,26.38,25.73,14.89,25.88,29.48,38.45,34.95,41.6,14.89,40.22,39.24,21.14,16.94,26.2,28.76,26.08,24.16
P50465,1.516,1.311,3.143,3.594,3.222,3.01,2.178,2.051,2.152,1.928,1.816,1.852,1.539,1.465,1.808,1.928,1.834,1.875,1.694,2.14,2.378,2.286,2.046,2.352
P77258,5.02,4.759,3.391,4.463,4.595,5.339,1.874,2.187,2.17,1.6909999999999998,2.252,1.964,1.497,1.4580000000000002,1.794,1.6909999999999998,1.796,1.71,4.059,3.045,2.4730000000000003,2.631,1.944,2.139
P68739,3.905,3.653,4.873,4.15,4.922,4.242,5.002,5.667999999999998,5.315,4.309,4.722,4.105,3.079,2.724,3.3960000000000004,4.309,3.214,4.109,2.8710000000000004,4.6389999999999985,5.27,5.329,6.497999999999998,6.771
P38489,14.61,11.85,10.9,9.073,11.57,10.0,8.485,7.454,8.051,5.924,10.28,7.923999999999999,10.04,9.956,9.184,5.924,8.682,7.117000000000001,8.952,5.885,9.27,8.695,6.18,6.83
P0A6C1,3.38,3.42,3.589,3.724,3.646,3.326,4.402,4.388,4.06,3.181,3.489,3.422,3.111,3.685,3.61,3.181,3.775,3.868,4.471,4.721,3.073,4.7860000000000005,4.456,3.507
P31600,0.93,0.701,0.512,0.665,0.506,0.6629999999999999,2.085,2.248,2.978,1.689,1.79,2.509,1.38,1.527,1.134,1.689,1.014,1.482,1.692,2.273,2.295,2.087,2.213,2.389
P0AFA5,0.53,0.777,0.337,0.495,0.528,0.55,0.632,0.915,0.8809999999999999,0.476,1.105,1.529,0.8109999999999999,0.948,0.708,0.476,0.7340000000000001,0.8859999999999999,0.838,0.303,0.828,1.125,0.416,0.621
P13738,4.735,3.891,3.661,3.798,4.093,4.686,4.59,3.746,4.7360000000000015,2.991,4.338,6.535,2.289,2.279,2.516,2.991,2.07,2.95,4.501,3.785,2.4530000000000003,2.247,2.08,2.469
P0AFA7,2.91,3.512,1.898,3.54,2.938,3.96,2.333,1.564,2.262,1.788,2.502,2.968,1.661,1.852,1.654,1.788,2.008,2.055,1.112,1.304,2.72,3.523,2.7110000000000003,2.5780000000000003
P0A9G2,1.779,1.734,2.174,1.7,2.071,1.984,2.138,1.78,2.97,1.625,1.876,2.437,1.1740000000000002,1.133,1.127,1.625,0.765,1.3030000000000002,1.619,2.273,1.195,0.8140000000000001,1.415,1.5719999999999998
P33590,0.547,0.51,0.503,0.423,0.313,0.527,0.552,0.601,0.316,0.59,0.489,0.585,0.464,0.35600000000000004,0.368,0.59,0.317,0.374,0.4970000000000001,0.584,0.562,0.607,0.606,0.494
P33591,2.035,2.5810000000000004,1.155,1.848,1.349,1.886,1.403,1.271,1.327,1.288,0.904,1.375,1.051,1.147,1.159,1.288,1.255,0.914,1.3530000000000002,1.649,1.429,1.535,1.63,1.6980000000000002
P0AFA9,0.511,0.64,0.581,0.49,0.211,0.604,0.7020000000000001,0.343,0.615,0.759,0.693,0.59,0.532,0.5720000000000001,0.361,0.759,0.527,0.251,0.711,0.452,0.513,0.718,0.405,0.664
P33593,1.49,1.3130000000000002,1.119,1.27,1.074,0.965,1.55,1.587,1.162,1.712,1.354,1.243,1.079,1.084,1.081,1.712,1.213,1.118,1.525,1.815,1.372,1.257,1.546,1.4340000000000002
P33594,1.041,0.969,0.655,0.775,0.7090000000000001,0.936,1.3969999999999998,1.051,0.7140000000000001,1.396,0.972,0.924,0.747,1.165,0.7559999999999999,1.396,0.8759999999999999,0.725,1.034,1.04,1.0,0.989,0.831,0.909
Q47270,0.0781,0.0939,0.0905,0.0614,0.069,0.0674,0.0685,0.134,0.171,0.552,0.149,0.223,0.287,0.224,0.274,0.552,0.306,0.28800000000000003,0.0912,0.0907,0.0687,0.0631,0.138,0.0873
P08201,0.6509999999999999,0.802,0.867,0.597,0.6629999999999999,0.596,0.934,1.325,1.494,1.592,1.679,1.5419999999999998,0.626,0.7240000000000001,0.6679999999999999,1.592,0.6759999999999999,0.5539999999999999,1.147,1.105,1.248,1.5630000000000002,1.533,1.4169999999999998
P0AC26,0.957,0.575,0.292,0.125,0.28600000000000003,0.245,0.116,0.56,0.564,0.703,0.5579999999999999,0.35200000000000004,0.201,0.184,0.187,0.703,0.16399999999999998,0.212,0.188,0.423,0.496,0.261,0.696,0.387
P0A9I8,0.5479999999999999,0.159,0.179,0.117,0.14400000000000002,0.303,0.482,0.59,0.193,0.997,0.7170000000000001,0.6829999999999999,0.33,0.147,0.0966,0.997,0.321,0.23,0.645,0.187,0.417,0.537,0.28600000000000003,0.8240000000000001
P0ACH1,0.8959999999999999,0.54,0.407,0.5760000000000001,0.57,0.74,1.317,1.358,1.279,1.126,1.699,1.5319999999999998,0.586,0.4320000000000001,0.416,1.126,0.342,0.359,1.274,1.248,1.426,1.103,1.318,1.219
P04846,0.464,0.527,0.901,0.54,0.499,0.532,0.7340000000000001,0.74,0.645,0.895,0.6759999999999999,0.621,0.609,0.386,0.53,0.895,0.43,0.401,0.5579999999999999,0.633,0.583,0.627,0.65,0.616
P0A903,11.61,10.26,10.3,11.64,10.07,10.77,10.78,11.42,10.75,8.347000000000001,11.04,12.22,7.422999999999999,9.169,6.686,8.347000000000001,7.91,8.914,11.7,10.53,11.64,13.67,10.56,11.3
P23898,1.194,1.3159999999999998,1.979,1.727,2.121,1.758,4.52,4.595,4.602,3.887,4.9060000000000015,5.285,4.226,4.1610000000000005,4.412,3.887,4.458,4.624,3.131,2.739,4.873,4.992,5.671,4.173
P0ADA3,22.73,31.47,35.48,37.07,35.29,32.95,24.2,23.29,21.28,13.83,25.03,28.61,35.35,39.81,37.5,13.83,44.07,44.5,23.66,22.0,25.82,32.03,20.6,22.14
P21420,14.55,24.51,23.12,17.82,25.02,20.78,27.17,31.45,29.02,26.88,27.4,26.15,58.13,77.4,67.81,26.88,64.73,59.15,13.64,14.77,34.98,35.35,33.32,32.88
P31061,0.784,0.7659999999999999,0.708,0.914,0.929,0.727,1.103,1.36,0.944,1.571,0.872,0.815,0.757,0.7909999999999999,0.696,1.571,0.6679999999999999,0.483,1.16,1.321,1.252,1.109,1.368,1.4069999999999998
P00452,25.03,19.73,13.16,15.33,16.69,12.22,15.6,16.14,15.45,12.71,15.78,14.68,8.154,10.97,8.145,12.71,8.824,8.88,39.26,31.17,20.39,23.27,18.49,19.2
P69924,13.26,16.86,7.992000000000001,11.6,8.368,11.44,12.09,12.91,13.77,10.46,15.54,13.02,7.282999999999999,10.48,7.6629999999999985,10.46,8.939,7.872000000000001,28.14,40.55,10.26,11.13,13.02,10.64
P28903,2.349,1.979,4.058,4.5939999999999985,4.437,3.145,2.273,1.781,2.064,2.081,1.887,1.868,4.198,3.923,3.906,2.081,5.852,5.252000000000002,1.409,1.348,2.253,1.964,1.877,1.909
P39452,0.8420000000000001,1.095,2.7230000000000003,4.558,3.5980000000000003,3.297,1.815,2.349,1.704,1.474,1.894,2.069,0.252,0.0627,0.423,1.474,0.388,0.0898,1.346,1.6230000000000002,2.393,2.932,2.4,2.419
P37146,1.3630000000000002,1.349,2.436,2.26,2.652,2.115,2.022,2.108,1.944,1.504,2.38,2.262,0.509,0.463,0.373,1.504,0.415,0.404,1.3119999999999998,1.443,1.81,1.954,1.974,2.088
P0A9N8,0.865,0.742,2.23,1.639,1.501,1.52,0.5660000000000001,0.499,0.6920000000000001,1.018,0.92,0.768,1.499,1.297,1.391,1.018,2.007,1.788,0.578,0.784,0.943,0.745,0.959,0.936
P0AC65,4.002,4.587,10.62,10.69,9.261,6.593,12.55,12.41,10.14,6.115,10.44,13.86,1.712,1.889,2.25,6.115,1.983,1.911,11.22,7.882999999999999,13.42,16.04,10.72,12.14
P0A772,2.387,2.394,5.917000000000002,5.348,4.9110000000000005,3.633,6.561,6.792999999999998,5.794,3.766,6.023,6.502999999999999,1.043,0.988,0.903,3.766,0.784,1.358,4.806,5.325,6.6370000000000005,7.234,6.614,7.348
P0ABK9,1.168,0.88,0.851,0.93,0.818,0.848,1.248,1.518,0.975,0.937,0.908,1.113,0.773,0.67,1.009,0.937,0.892,0.982,1.401,1.013,0.931,1.0759999999999998,1.199,1.005
P0ABL1,0.21,0.126,0.376,0.312,0.245,0.17,0.132,0.0426,0.0227,0.374,0.236,0.0702,0.338,0.212,0.185,0.374,0.294,0.205,0.125,0.199,0.157,0.121,0.0364,0.0409
P0AAK7,0.7140000000000001,0.86,0.518,0.213,0.433,0.214,0.393,0.451,0.278,0.8059999999999999,0.5670000000000001,0.47,0.511,0.35600000000000004,0.481,0.8059999999999999,0.608,0.364,0.281,0.636,0.44,0.4270000000000001,0.475,0.479
P32709,0.942,1.26,0.7240000000000001,1.053,0.843,0.884,1.231,0.914,0.745,1.376,1.0,0.7859999999999999,1.05,1.271,0.978,1.376,0.8340000000000001,1.193,0.885,1.16,0.685,1.0590000000000002,0.785,1.192
P32710,0.07200000000000001,0.227,0.107,0.107,0.184,0.087,0.246,0.229,0.153,0.404,0.255,0.355,0.453,0.398,0.407,0.404,0.297,0.435,0.355,0.224,0.28600000000000003,0.464,0.528,0.198
P32711,0.527,0.329,0.436,0.153,0.433,0.509,0.408,0.48,0.619,0.6829999999999999,0.551,0.685,0.603,0.489,0.428,0.6829999999999999,0.35200000000000004,0.424,0.703,0.765,0.62,0.662,0.54,0.512
P32712,0.403,0.36,0.0556,0.316,0.24,0.269,0.477,0.5429999999999999,0.43,1.12,0.738,0.569,0.573,0.336,0.29600000000000004,1.12,0.447,0.34700000000000003,0.66,0.605,0.653,0.498,0.453,0.377
P0AB83,3.876,3.199,0.911,0.95,2.139,2.501,2.462,2.151,2.667,2.022,2.968,2.326,0.932,1.541,0.578,2.022,0.659,0.726,1.338,1.873,3.0,3.003,2.639,3.05
P0AFC0,33.88,29.72,20.3,18.17,21.23,22.26,27.1,32.97,31.73,17.64,27.11,24.25,12.07,17.03,11.02,17.64,9.847,12.98,35.23,50.82,33.75,32.72,23.74,38.36
P0AFC3,43.52,70.3,45.06,44.74,43.12,47.44,12.11,12.4,11.53,8.183,10.15,12.24,33.48,44.84,33.39,8.183,39.05,38.9,9.881,11.68,13.15,14.04,10.97,13.24
P0AFC7,49.42,51.7,54.21,37.66,42.84,34.61,16.58,18.34,18.21,12.85,17.69,17.0,32.65,37.64,33.18,12.85,32.1,37.16,13.98,17.49,19.99,19.68,20.33,21.69
P33599,43.61,52.17,45.73,52.18,55.71,47.79,15.14,15.18,15.43,10.41,16.36,16.52,34.36,38.96,37.48,10.41,40.19,41.5,13.92,15.06,19.06,24.11,15.94,19.54
P0AFD1,45.86,47.52,57.02,58.34,57.31,53.34,20.25,22.71,20.91,17.27,19.08,17.41,38.05,41.79,42.82,17.27,46.2,44.22,16.76,18.77,26.03,26.84,22.62,24.6
P31979,43.51,47.07,46.03,55.71,47.67,54.91,12.83,15.55,14.34,9.942,12.53,10.63,30.07,33.23,38.13,9.942,37.53,37.56,10.8,14.73,17.18,16.8,12.38,18.72
P33602,33.06,31.52,30.07,45.48,42.8,47.74,14.05,14.01,11.83,11.35,16.43,16.0,22.99,23.94,29.53,11.35,31.98,29.36,13.95,8.545,19.15,22.21,12.52,15.12
P0AFD4,42.13,32.4,35.46,44.68,48.69,49.01,10.49,12.15,13.16,8.07,11.37,8.057,22.29,26.32,31.23,8.07,29.47,29.35,7.215,10.16,15.26,16.37,9.894,12.95
P0AFD6,34.81,28.7,32.64,32.84,38.94,39.59,13.07,16.4,15.43,10.09,14.61,13.0,20.45,23.46,27.53,10.09,24.2,27.74,11.46,11.26,19.55,19.45,14.49,17.59
P0AFE0,31.39,31.22,22.57,39.4,42.4,43.25,6.143,7.345,6.995,3.613,6.782,6.982,20.86,25.96,29.1,3.613,26.03,27.63,5.16,4.663,11.1,12.73,6.597,8.986
P0AFE4,17.7,16.71,14.01,22.12,24.41,26.89,5.814,7.612,7.028,3.047,7.911,6.401,13.39,16.36,18.78,3.047,15.53,20.04,6.063,5.1960000000000015,8.875,10.92,7.144,7.784
P33607,36.7,34.65,25.75,37.23,46.4,43.35,8.774,12.68,10.59,5.667000000000002,10.46,8.686,20.2,27.88,25.84,5.667000000000002,24.84,27.67,9.293,6.882999999999999,15.14,14.68,11.4,14.09
P0AFE8,20.74,21.37,12.73,16.84,19.9,25.24,4.6930000000000005,4.268,5.17,3.924,5.097,4.012,13.13,14.96,15.47,3.924,16.81,17.13,3.264,2.529,5.381,4.825,5.466,3.806
P0AFF0,18.68,21.28,9.907,15.92,15.48,23.91,5.968,5.175,4.625,5.072,4.584,5.013,11.9,14.1,12.62,5.072,15.35,16.11,3.33,2.4090000000000003,5.008,5.647,5.763,4.8660000000000005
P0AFF2,22.13,34.0,13.23,13.8,13.22,15.46,5.525,5.561,5.5870000000000015,2.982,5.949,6.3279999999999985,4.879,8.568999999999999,5.324,2.982,5.44,6.299,3.256,3.2430000000000003,6.244,7.938,3.3560000000000003,6.31
P0AFF4,17.69,26.28,8.103,3.836,3.744,2.6210000000000004,1.565,1.43,1.305,1.032,1.0659999999999998,1.648,1.781,1.963,1.5530000000000002,1.032,1.712,1.74,0.968,0.984,1.107,0.995,1.456,1.242
P0AFF6,65.96,62.6,32.81,36.66,43.36,53.24,50.29,53.63,54.55,41.7,48.73,46.42,21.85,35.32,23.05,41.7,27.15,25.07,53.41,76.36,53.08,55.72,60.24,60.23
P0A780,18.51,29.13,15.54,24.71,23.59,35.51,21.14,19.55,22.19,12.19,19.2,23.38,11.55,14.64,14.83,12.19,16.24,15.01,19.96,21.21,23.71,22.36,18.03,16.27
P0AFG0,48.58,34.89,25.31,24.15,24.4,29.82,41.07,40.24,48.01,34.07,44.11,43.15,14.55,18.45,14.37,34.07,14.61,17.4,35.31,42.82,41.7,37.91,50.59,47.75
P37057,1.747,1.955,1.385,1.601,1.733,1.664,5.567,5.0539999999999985,4.324,3.799,5.336,7.242000000000001,2.995,3.759,1.999,3.799,2.825,2.527,9.25,6.109,5.465,8.728,4.45,4.1560000000000015
P0AFH0,1.366,1.052,1.149,1.149,1.301,0.992,1.44,1.4580000000000002,1.509,1.3,1.682,1.714,3.3480000000000003,3.264,3.419,1.3,3.695,4.008,1.253,1.371,1.548,1.63,1.401,1.406
P0A910,116.3,106.8,90.34,87.92,88.28,94.6,107.5,115.7,116.2,62.34,95.64,103.1,59.06,73.23,62.24,62.34,71.12,66.94,100.1,123.6,84.67,96.34,95.09,100.9
P06996,90.86,90.35,79.75,71.09,76.31,81.49,88.98,100.9,88.94,63.75,89.54,98.78,52.15,70.14,55.35,63.75,60.03,56.76,88.34,87.4,99.08,92.27,91.04,86.72
P02931,133.6,107.0,111.1,84.28,100.9,98.07,29.02,31.88,38.21,25.06,30.25,31.7,32.0,33.49,38.5,25.06,34.91,35.01,7.279,8.06,21.18,17.45,25.09,21.51
P76045,0.374,0.204,0.226,0.425,0.456,0.326,0.32,0.631,0.47,0.738,0.561,0.51,0.504,0.235,0.255,0.738,0.328,0.264,0.45,0.405,0.34600000000000003,0.294,0.726,0.563
P0AA16,4.677,4.933,5.0360000000000005,5.9060000000000015,5.323,5.285,3.779,3.62,4.421,2.029,4.288,4.686,5.865,6.202000000000001,6.311,2.029,4.953,7.164,3.519,1.915,6.0,6.624,2.544,3.5460000000000003
P09169,17.76,39.27,32.26,29.33,40.17,38.02,62.07,64.2,62.65,28.14,46.07,72.08,35.58,44.69,40.06,28.14,37.11,36.83,35.36,27.64,55.95,47.39,43.85,35.72
P0A917,64.06,58.2,32.18,36.11,35.92,42.83,78.49,75.37,71.6,49.89,76.71,77.57,13.72,20.18,12.26,49.89,12.45,13.44,87.29,72.14,65.84,71.83,67.88,60.58
P23843,42.28,35.98,40.02,33.72,41.13,37.18,26.48,30.85,30.23,15.67,25.27,30.08,15.75,16.1,22.57,15.67,19.51,18.58,18.02,18.59,30.06,27.83,23.33,25.69
P0AFH2,28.41,30.25,28.99,24.7,32.34,27.78,16.82,17.48,20.83,9.397,15.96,20.32,10.71,9.567,14.78,9.397,11.97,12.26,10.89,9.463,20.19,19.5,16.67,17.97
P0AFH6,49.52,40.94,37.91,32.61,43.16,35.08,23.19,26.43,25.55,16.42,21.76,23.78,12.09,13.34,14.96,16.42,12.32,13.51,15.76,15.87,26.65,22.36,25.78,26.1
P76027,31.54,30.25,20.33,25.25,27.75,28.4,16.99,17.54,18.28,11.56,15.54,19.16,8.905,12.1,11.51,11.56,10.49,10.58,10.92,10.44,19.76,19.33,17.9,16.88
P77737,12.92,13.0,6.8020000000000005,11.64,10.28,12.83,7.081,6.636,8.312999999999999,4.512,5.68,7.972,4.728,7.262,6.454,4.512,6.211,5.974,5.141,4.415,7.985,7.0139999999999985,7.3210000000000015,7.585
P33596,2.41,2.003,1.298,0.913,1.223,0.848,1.263,1.785,1.6030000000000002,1.314,1.4069999999999998,1.339,0.738,0.805,0.509,1.314,0.465,0.552,16.66,19.13,1.981,1.487,1.256,1.982
P37906,0.162,0.515,0.0726,0.893,0.691,0.9,0.0999,0.141,0.194,0.624,0.0828,0.0542,0.112,0.417,0.474,0.624,0.618,0.525,0.328,0.116,0.194,0.0593,0.125,0.0634
P0ADA7,1.706,1.4580000000000002,3.488,3.245,3.094,2.391,4.484,4.575,4.202,2.101,3.69,5.404,5.2120000000000015,5.183,5.114,2.101,4.131,4.395,13.76,9.327,4.42,4.864,3.074,3.711
P0C0L2,1.694,1.888,2.702,2.902,3.024,2.681,2.48,2.221,2.394,2.175,2.628,2.924,4.7810000000000015,4.9510000000000005,5.57,2.175,4.919,4.605,17.65,11.99,2.846,3.055,2.736,1.965
P0ADB1,0.74,0.5710000000000001,1.784,1.364,1.453,1.362,3.998,4.289,4.115,3.602,4.565,5.645,5.714,5.3610000000000015,6.569,3.602,6.282,5.814,15.13,12.56,4.08,5.027,3.589,3.865
P0AFH8,3.628,3.588,6.968,6.006,6.837999999999999,5.325,4.504,5.158,5.774,3.4930000000000003,4.7010000000000005,5.739,12.78,11.24,18.96,3.4930000000000003,16.2,16.57,33.87,42.41,5.002,4.47,5.606,5.602
P31677,0.309,0.506,0.804,0.574,0.675,0.851,0.239,0.43,0.424,0.499,0.574,0.423,1.399,1.351,1.5119999999999998,0.499,1.6969999999999998,1.5659999999999998,1.358,1.543,0.612,0.37,0.579,0.568
P31678,1.4469999999999998,1.048,2.275,1.906,2.4,1.383,1.1840000000000002,1.371,1.08,1.003,0.955,0.828,3.754,2.949,3.97,1.003,4.2360000000000015,4.42,5.774,3.849,1.072,0.8270000000000001,1.018,1.137
P0ACQ4,1.314,2.592,1.639,3.445,1.89,3.15,4.121,1.923,2.241,2.291,2.636,2.832,2.825,2.515,2.58,2.291,3.267,2.878,2.199,2.613,2.821,3.4,3.161,2.28
P00903,1.985,1.655,1.266,1.213,1.732,1.4380000000000002,2.957,2.604,2.634,2.6010000000000004,2.998,3.485,1.154,1.247,1.097,2.6010000000000004,0.959,1.203,2.437,1.473,2.794,2.879,2.713,2.698
P05041,2.631,2.707,2.008,2.056,2.193,2.345,2.005,2.231,2.237,1.317,2.184,2.112,2.226,2.655,1.968,1.317,2.447,2.022,1.831,2.419,2.016,2.421,2.168,2.972
P28305,3.383,2.377,2.199,2.135,3.085,2.545,2.069,1.879,2.414,1.248,1.85,3.299,1.2819999999999998,1.384,1.293,1.248,1.104,1.56,2.146,1.479,2.411,2.289,2.798,2.0540000000000003
P0A912,43.15,45.82,32.94,35.53,37.46,45.52,31.22,28.89,35.79,27.37,33.44,33.39,27.71,35.06,27.42,27.37,29.95,29.63,35.09,24.83,34.13,35.91,38.98,29.29
P31057,11.24,12.26,10.54,9.768,11.96,12.42,10.38,9.842,9.672,7.4860000000000015,8.88,8.699,7.774,8.245,9.248,7.4860000000000015,7.207999999999998,8.929,11.86,10.46,11.0,10.84,10.94,8.12
P31663,5.452000000000001,4.754,6.702000000000001,4.168,4.895,4.85,6.875,5.933,5.841,5.457999999999998,5.997000000000001,5.157,4.752,5.1320000000000014,5.392,5.457999999999998,4.124,5.046,7.841,8.271,7.798999999999999,6.221,7.545,5.3679999999999986
P0A790,9.44,13.92,5.823,11.43,11.5,10.69,12.86,11.61,11.46,9.268,13.22,17.44,8.873,10.25,10.11,9.268,9.236,9.871,15.78,8.852,12.11,17.33,9.484,7.005
P16256,4.548,3.799,1.826,1.89,2.73,2.997,3.324,3.625,3.329,1.824,2.884,2.889,0.892,1.2990000000000002,1.006,1.824,0.7859999999999999,0.797,2.329,3.649,3.852,4.637,2.7230000000000003,4.902
P0AFI2,7.362999999999999,7.581,4.598,5.7810000000000015,6.4289999999999985,7.672999999999999,6.62,7.184,7.337999999999999,6.622000000000001,7.195,6.872999999999998,3.882,5.9220000000000015,4.959,6.622000000000001,5.73,4.925,6.291,8.004,9.043,10.57,9.178,10.5
P20083,6.394,3.597,4.164,4.754,4.0,4.8180000000000005,5.388,6.7410000000000005,7.056,4.119,7.422999999999999,7.209,2.8280000000000003,3.648,2.985,4.119,2.416,3.358,4.775,6.621,7.6960000000000015,9.001,6.3889999999999985,8.413
P76577,1.541,1.293,1.838,1.46,1.606,1.239,1.6840000000000002,1.653,1.633,1.403,1.635,1.3259999999999998,1.529,1.3,1.6840000000000002,1.403,1.3,1.632,1.416,1.9,1.4380000000000002,1.422,1.578,1.661
P0AFI5,4.45,6.147,4.6080000000000005,6.834,5.857,5.652,3.572,3.4730000000000003,3.313,2.423,3.2,4.643,1.902,2.385,2.07,2.423,2.168,2.491,3.89,2.929,3.858,4.578,2.679,3.42
P22259,12.8,16.64,11.99,15.61,13.85,14.75,5.335,4.801,4.953,3.629,6.16,6.127000000000002,21.66,21.11,23.26,3.629,30.77,27.36,4.666,2.717,6.3660000000000005,7.416,5.255,4.134
P0A7A5,7.1320000000000014,6.157,6.058,5.808,6.961,6.987,9.656,9.258,8.212,6.635,9.022,9.022,7.907,9.172,8.057,6.635,8.35,9.417,5.417999999999998,3.9,9.088,11.05,8.187000000000001,9.313
P0ABF1,21.06,23.05,17.78,17.84,21.05,21.24,23.82,24.15,27.87,17.9,25.87,30.61,12.89,12.38,11.92,17.9,11.0,14.37,20.15,20.32,26.67,26.9,21.51,21.75
P0ACL9,1.749,0.905,2.5580000000000003,4.729,4.102,6.474,8.408,5.7029999999999985,7.688,4.436,8.13,8.746,1.455,1.8,1.394,4.436,1.453,1.686,4.923,4.716,4.888,5.172999999999999,4.758,4.832
P19624,8.968,10.22,7.996,8.656,11.49,10.36,6.394,3.278,5.96,2.011,3.708,7.375,4.793,6.1610000000000005,5.966,2.011,4.828,6.581,2.873,2.037,3.39,3.399,3.418,4.181
P05459,9.124,6.733,5.9060000000000015,5.047,5.58,5.706,5.223,6.7,6.4129999999999985,3.989,5.8210000000000015,5.15,4.376,5.859,4.555,3.989,4.266,5.129,5.691,8.605,7.222,6.776,4.3889999999999985,8.267999999999999
P0AFI7,6.603,6.2170000000000005,5.077,5.595,5.8679999999999986,6.245,5.1560000000000015,5.114,5.622999999999998,4.607,4.923,4.674,6.645,7.973,6.771,4.607,7.876,7.731,4.459,4.359,5.245,6.0939999999999985,6.34,5.257999999999999
P0A794,5.727,5.924,5.341,6.028,5.8610000000000015,5.9620000000000015,5.289,5.001,4.925,4.034,6.002000000000002,5.198,4.488,4.602,4.948,4.034,5.372999999999998,4.841,5.039,4.9430000000000005,5.045,5.985,6.542999999999998,6.2860000000000005
P40191,2.401,2.322,2.001,2.824,2.418,2.265,2.984,2.708,2.638,2.303,2.642,2.481,2.467,2.491,3.155,2.303,3.434,2.964,2.6180000000000003,2.204,2.557,3.043,2.633,2.78
P77150,6.9110000000000005,5.817,5.44,7.228,6.546,7.672999999999999,4.74,4.329,4.589,4.549,4.711,5.039,4.4030000000000005,5.846,4.1560000000000015,4.549,4.79,4.885,4.937,5.6770000000000005,5.596,5.303,7.158,5.885
P68767,9.014,9.413,9.911,11.46,12.17,12.1,7.629,7.251,7.138,5.03,7.74,6.871,9.051,11.18,12.42,5.03,10.69,11.36,9.287,8.464,7.888,10.6,6.882999999999999,7.766
P37095,24.65,16.9,16.23,14.5,16.22,13.72,15.12,16.22,15.73,11.85,16.74,14.9,10.55,11.65,10.48,11.85,10.69,12.8,17.48,20.49,17.95,19.67,18.21,18.28
P15288,10.54,11.09,13.53,10.86,13.31,11.71,7.016,6.832999999999998,9.606,7.442,9.287,8.481,8.838,9.227,10.39,7.442,11.45,11.02,10.92,11.73,8.308,7.3370000000000015,11.14,7.234
P0A7C6,2.064,2.699,2.082,2.392,2.174,2.54,0.8290000000000001,0.804,1.157,1.501,1.045,1.163,4.42,4.333,5.1110000000000015,1.501,5.675,4.869,0.79,0.987,0.976,1.062,0.89,0.932
P04825,6.519,7.402,7.327000000000001,9.19,7.524,7.461,5.466,5.417999999999998,5.567,4.454,5.602,5.876,5.724,5.81,6.106,4.454,7.6560000000000015,7.029,5.627000000000002,4.7410000000000005,5.735,6.197,7.467,4.0310000000000015
P15034,15.04,14.18,12.68,12.94,12.8,14.38,8.758,11.96,11.05,9.395,10.7,10.6,8.698,11.19,9.375,9.395,10.6,12.18,11.85,12.97,13.41,12.9,14.37,12.94
P21165,8.648,7.494,14.59,13.32,12.57,10.52,9.251,10.61,10.77,7.372999999999998,9.484,8.757,11.08,9.911,12.83,7.372999999999998,14.76,14.16,14.53,18.37,13.15,13.57,13.85,13.42
P29745,1.291,1.385,1.726,1.577,1.454,1.205,0.87,1.234,0.983,0.968,0.913,0.928,2.033,1.675,2.253,0.968,1.98,2.095,1.0590000000000002,1.645,1.34,1.036,1.509,1.202
P0AFI9,2.005,1.5930000000000002,1.534,1.382,1.385,1.344,1.418,1.265,1.804,1.786,1.141,1.3219999999999998,1.257,1.246,1.119,1.786,0.98,1.2,1.213,1.692,1.755,1.636,1.812,1.808
Q57083,1.093,1.199,1.787,1.1,1.406,1.086,1.986,2.0780000000000003,1.865,1.509,1.774,1.783,1.557,1.1,1.08,1.509,0.87,1.024,1.6880000000000002,1.665,2.061,1.198,1.905,1.3090000000000002
P0A796,12.27,12.38,10.3,10.44,11.67,11.13,19.08,23.43,21.09,12.5,19.61,21.22,6.886,9.107,7.669,12.5,7.073,8.788,18.94,22.45,24.55,26.22,27.32,24.06
P06999,1.168,1.067,1.951,1.535,1.926,1.5659999999999998,4.113,4.61,6.055,2.991,3.945,3.744,5.718,5.1789999999999985,6.942,2.991,5.794,6.4510000000000005,6.12,9.169,4.185,5.43,3.27,4.779
P0A9N4,4.7639999999999985,6.058,4.504,4.073,5.5760000000000005,4.745,6.974,8.129,7.4220000000000015,5.607,6.697,9.715,7.002000000000002,8.904,6.2,5.607,6.444,6.559,10.39,7.124,10.01,12.22,7.002000000000002,7.093
P09373,11.0,11.24,10.11,10.57,9.872,11.6,11.73,12.16,12.06,10.01,12.76,11.62,15.19,18.02,14.56,10.01,13.48,17.26,14.83,12.58,15.82,15.38,12.23,12.4
P32675,0.795,0.687,1.442,1.149,0.8029999999999999,0.6579999999999999,0.759,0.675,0.466,0.913,0.725,0.6609999999999999,0.982,1.62,1.04,0.913,1.6769999999999998,1.086,0.7140000000000001,0.6890000000000001,0.6559999999999999,0.54,0.745,0.611
P32674,0.0766,0.0727,0.0811,0.227,0.0816,0.0453,0.128,0.1,0.0935,0.408,0.113,0.0915,0.7040000000000001,0.477,0.395,0.408,0.435,0.921,0.195,0.248,0.185,0.221,0.108,0.194
P0AF12,5.937,9.537,3.896,5.901,5.775,6.997999999999998,3.961,3.853,4.3889999999999985,3.857,5.072,5.49,4.88,7.228,5.01,3.857,5.6629999999999985,5.791,5.105,4.008,4.916,5.84,6.158,4.4110000000000005
P0A6T1,13.78,13.95,12.22,12.88,14.96,14.7,15.09,16.77,17.89,12.52,15.05,16.43,14.35,15.98,15.97,12.52,17.01,15.14,12.51,12.02,19.28,16.5,17.6,19.15
P0A799,34.88,37.64,38.63,40.18,44.73,41.98,44.83,51.0,47.25,34.69,45.74,37.87,31.36,46.87,41.48,34.69,44.96,44.14,46.88,60.14,57.93,55.53,55.96,58.75
P36938,5.544,5.1960000000000015,5.667000000000002,5.9460000000000015,5.667000000000002,5.439,6.3279999999999985,6.746,6.65,3.244,5.582999999999998,6.132999999999999,4.11,4.2410000000000005,4.231,3.244,4.563,4.519,8.062000000000001,8.492,7.351,9.452,6.434,6.9860000000000015
P18200,2.845,3.565,2.102,2.882,2.529,3.391,2.972,2.21,2.116,0.862,1.821,2.733,2.191,2.3480000000000003,2.2880000000000003,0.862,2.228,2.364,1.7080000000000002,1.305,2.365,2.3480000000000003,2.213,1.731
P0A924,3.239,2.307,2.951,2.5580000000000003,2.694,2.321,2.402,2.398,2.297,2.251,1.7619999999999998,2.648,2.287,1.814,1.756,2.251,1.579,2.301,2.252,3.556,3.034,2.524,2.548,2.505
P0ABF8,4.423,5.045,3.747,3.068,3.448,2.922,3.559,3.519,3.276,2.858,2.73,3.309,5.414,5.61,4.452,2.858,4.5760000000000005,5.283,2.975,2.697,3.783,3.273,3.232,3.402
P0A9J8,2.464,3.535,2.4090000000000003,3.807,4.211,3.405,2.431,2.2,2.52,2.014,3.157,2.91,1.7919999999999998,2.822,2.03,2.014,2.467,2.181,2.208,2.303,2.421,3.144,2.959,2.552
P0AD72,0.461,0.772,0.705,0.637,0.562,0.843,0.35700000000000004,0.63,0.615,0.109,0.451,0.918,0.768,0.677,0.95,0.109,0.784,0.961,0.282,0.297,0.664,0.608,0.279,0.846
P0AD74,1.639,0.6829999999999999,1.296,0.599,0.8640000000000001,0.802,1.3969999999999998,1.711,2.521,1.21,1.785,2.074,0.67,0.628,0.636,1.21,0.412,0.602,0.985,1.295,1.604,0.914,1.612,1.78
P24207,1.943,1.874,0.8370000000000001,0.981,1.032,1.45,1.7919999999999998,1.7819999999999998,2.139,1.147,2.022,1.905,0.5870000000000001,0.479,0.643,1.147,0.396,0.326,1.077,1.288,1.4980000000000002,1.5019999999999998,1.455,1.76
P08312,22.66,31.42,12.34,17.43,17.09,29.45,11.82,9.972,10.45,8.543,13.02,12.57,8.352,12.98,7.246,8.543,9.637,11.24,9.908,5.356,13.92,20.08,13.09,12.16
P07395,52.45,44.2,36.4,27.97,34.63,36.75,37.9,39.21,41.94,33.44,37.55,38.88,22.29,28.07,18.9,33.44,19.48,22.57,37.19,40.74,44.13,41.51,49.95,43.45
P0AFJ1,12.2,13.21,7.494,6.502000000000002,9.569,5.777,22.23,29.62,26.04,14.76,24.66,31.06,11.2,15.33,9.466,14.76,8.405,11.18,16.3,18.07,25.65,23.33,25.86,26.96
P16681,0.133,0.0681,0.0783,0.147,0.232,0.0686,0.153,0.332,0.244,0.5710000000000001,0.327,0.355,0.561,0.297,0.578,0.5710000000000001,0.488,0.496,0.417,0.265,0.313,0.388,0.109,0.223
P16677,0.0674,0.117,0.0641,0.103,0.156,0.0661,0.13699999999999998,0.0728,0.111,0.596,0.113,0.0709,0.348,0.059,0.252,0.596,0.268,0.0786,0.14800000000000002,0.157,0.0609,0.0692,0.115,0.0866
P16682,1.009,0.977,0.812,1.091,0.971,0.897,1.505,1.435,1.306,1.954,1.433,1.267,1.087,0.768,1.035,1.954,0.8909999999999999,0.85,1.852,1.791,0.948,1.334,0.956,1.157
P0DP69,0.462,0.273,0.529,0.211,0.43,0.316,0.555,0.202,0.366,0.483,0.231,0.127,0.34,0.376,0.448,0.483,0.354,0.35200000000000004,0.407,0.585,0.0853,0.151,0.253,0.381
P16684,0.0873,0.0818,0.0594,0.0752,0.069,0.0661,0.0842,0.0776,0.092,0.338,0.213,0.0625,0.0475,0.0346,0.0623,0.338,0.0796,0.0411,0.127,0.149,0.0748,0.129,0.141,0.0668
P16685,0.4,0.147,0.28800000000000003,0.14800000000000002,0.266,0.17,0.271,0.624,0.537,0.958,0.471,0.633,0.3,0.383,0.34,0.958,0.439,0.507,0.515,0.741,0.493,0.278,0.629,0.404
P16686,1.5219999999999998,0.569,0.654,0.67,0.598,1.073,0.7559999999999999,0.851,0.778,0.977,0.989,0.539,0.722,0.614,0.659,0.977,0.6629999999999999,0.523,0.799,0.733,0.779,0.532,1.17,0.8170000000000001
P16687,0.253,0.259,0.228,0.158,0.187,0.159,0.28,0.31,0.436,1.107,0.259,0.328,0.205,0.142,0.15,1.107,0.14800000000000002,0.13699999999999998,0.494,0.8109999999999999,0.217,0.121,0.475,0.256
P16688,2.332,2.185,1.865,2.132,1.743,1.886,2.004,1.882,1.882,2.506,1.811,1.823,1.579,1.491,1.43,2.506,1.7009999999999998,1.475,2.084,2.552,1.656,1.306,2.441,1.947
P16678,0.14400000000000002,0.147,0.16899999999999998,0.147,0.114,0.158,0.246,0.14,0.131,0.231,0.159,0.17600000000000002,0.134,0.123,0.135,0.231,0.13,0.103,0.601,0.693,0.152,0.215,0.16899999999999998,0.142
P16679,0.208,0.141,0.138,0.515,0.126,0.377,0.206,0.267,0.13,0.408,0.22,0.207,0.252,0.287,0.28800000000000003,0.408,0.402,0.321,0.14,0.191,0.191,0.173,0.389,0.267
P16689,0.182,0.245,0.0726,0.0865,0.0851,0.498,0.0999,0.132,0.0899,0.385,0.112,0.124,0.471,0.476,0.258,0.385,0.354,0.397,0.102,0.096,0.107,0.0791,0.154,0.117
P16690,0.727,0.456,0.883,0.617,0.475,0.628,1.051,0.955,0.818,1.435,0.866,0.7809999999999999,0.983,0.8320000000000001,0.947,1.435,1.1,0.772,0.7959999999999999,1.537,0.8759999999999999,0.8440000000000001,1.245,1.025
P16691,1.305,1.228,1.3259999999999998,1.473,1.3630000000000002,1.304,1.869,1.624,1.531,1.917,1.481,1.268,1.635,1.509,1.801,1.917,1.908,1.749,1.836,1.6840000000000002,1.579,1.622,1.699,1.596
P16692,0.6629999999999999,0.329,0.516,0.594,0.5539999999999999,0.726,0.631,0.677,0.598,0.6970000000000001,0.747,0.693,0.7140000000000001,0.757,0.8740000000000001,0.6970000000000001,0.968,0.8240000000000001,0.732,0.4370000000000001,0.619,0.7340000000000001,0.677,0.613
P00634,0.6829999999999999,0.179,0.6970000000000001,0.648,0.892,0.879,0.272,0.183,0.21,0.455,0.527,0.601,0.395,0.49,0.136,0.455,0.376,0.182,0.168,0.179,0.614,0.399,0.4970000000000001,0.51
P0AFJ5,3.018,3.385,2.352,2.897,3.424,3.432,1.746,1.844,1.568,1.467,2.327,1.744,1.298,1.504,1.6840000000000002,1.467,1.7919999999999998,1.388,1.815,1.732,2.504,2.31,1.964,1.78
P02932,0.58,0.398,0.5920000000000001,0.495,0.423,0.363,0.527,0.604,0.617,0.987,0.765,0.616,0.413,0.337,0.482,0.987,0.342,0.312,0.54,0.823,0.5429999999999999,0.407,0.718,0.563
P0A9K1,0.322,0.201,0.8420000000000001,0.542,0.38,0.21600000000000005,0.274,0.278,0.211,0.521,0.32,0.311,1.166,0.987,1.337,0.521,1.4380000000000002,1.785,0.139,0.265,0.205,0.246,0.241,0.219
P23836,12.81,13.51,13.22,15.81,18.29,16.93,8.141,8.881,7.776,6.221,6.502000000000002,9.689,7.024,7.285,8.132,6.221,8.783999999999999,7.721,4.756,4.805,9.073,11.67,8.541,8.905
P23837,4.5680000000000005,2.984,4.667,3.877,5.4670000000000005,5.2639999999999985,3.437,4.567,4.266,3.686,3.457,4.039,2.364,2.187,2.263,3.686,2.0540000000000003,2.1,2.383,3.056,4.6789999999999985,3.875,4.6,4.982
P08400,0.884,0.746,0.556,0.583,0.856,1.249,0.606,0.968,1.2990000000000002,1.2,1.047,0.782,0.537,0.379,0.45,1.2,0.197,0.321,0.6709999999999999,0.3,1.431,1.163,1.444,1.004
P0A9K7,1.528,2.16,1.712,3.882,2.41,4.317,2.208,1.605,1.3330000000000002,1.594,1.829,3.208,1.053,2.081,0.8809999999999999,1.594,1.384,1.283,3.915,2.277,3.2510000000000003,4.456,2.995,2.599
P52086,2.107,2.63,1.7519999999999998,2.392,2.332,2.505,2.333,2.301,2.2840000000000003,1.51,1.857,2.466,1.329,1.745,1.17,1.51,1.335,1.483,2.144,1.717,2.573,2.061,2.186,2.282
P00914,2.547,2.0,2.81,2.712,2.338,2.365,2.087,2.192,1.906,2.3280000000000003,1.871,1.886,1.954,1.927,1.672,2.3280000000000003,1.7719999999999998,1.866,2.17,2.239,2.027,1.824,2.53,1.759
P03014,0.816,1.042,1.028,0.825,0.903,0.618,1.44,0.942,0.983,0.65,0.5529999999999999,0.8759999999999999,0.6890000000000001,0.97,0.799,0.65,0.794,0.627,1.231,1.073,0.955,0.867,0.981,0.7909999999999999
P03825,2.224,1.826,1.446,1.253,2.448,2.479,3.43,3.769,3.2260000000000004,3.27,2.657,2.975,1.78,2.066,1.544,3.27,1.384,1.507,3.281,4.353,3.472,2.85,3.779,3.945
P0AFJ7,17.11,15.98,6.135,8.107999999999999,10.94,11.87,13.92,13.96,13.75,11.58,14.56,17.09,4.296,6.09,3.659,11.58,3.313,4.038,12.45,11.65,16.06,17.29,14.75,15.48
P43676,0.243,0.233,0.033,0.166,0.0839,0.0269,0.0914,0.0539,0.145,0.455,0.201,0.156,0.276,0.16699999999999998,0.185,0.455,0.0912,0.0522,0.213,0.155,0.111,0.214,0.092,0.0396
P0A921,4.541,4.827,3.048,3.255,3.774,4.132,5.118,4.4689999999999985,5.046,3.91,5.725,6.148,2.839,3.958,2.351,3.91,2.3280000000000003,3.159,5.881,6.1770000000000005,5.559,5.96,4.731,5.369
P07000,5.049,5.942,4.32,5.363,6.1610000000000005,5.042,3.482,3.652,3.398,2.817,3.2030000000000003,3.0460000000000003,4.317,3.344,4.057,2.817,4.672,4.157,5.127000000000002,4.3439999999999985,3.5410000000000004,5.087,3.595,3.443
P0A7A7,3.194,4.015,2.552,3.549,2.966,3.593,4.291,4.081,4.4060000000000015,3.907,4.512,4.566,3.904,4.225,3.6010000000000004,3.907,4.4910000000000005,4.384,3.99,2.124,5.715,6.028,4.428,3.482
P26647,6.421,5.095,4.046,4.927,6.354,4.723,5.898,5.26,4.995,4.341,5.999,7.391,3.428,3.819,3.337,4.341,3.425,3.971,5.059,4.2410000000000005,6.654,9.31,6.046,6.7860000000000005
P27247,46.03,40.38,25.05,25.23,34.2,33.1,26.42,30.4,27.76,22.55,28.95,31.87,12.25,16.02,11.64,22.55,10.31,12.83,24.8,24.65,35.7,37.45,32.02,35.22
P0AFK0,4.626,4.488,4.073,4.292,4.367,4.453,3.951,3.763,4.113,3.345,4.226,3.817,3.324,3.919,3.875,3.345,4.003,3.955,3.4410000000000003,4.724,4.391,4.957,4.824,5.089
P37590,8.28,9.422,7.547999999999999,5.27,7.561,6.227,4.341,4.731,4.551,2.5540000000000003,4.582,6.777,6.5520000000000005,7.1389999999999985,5.761,2.5540000000000003,5.792999999999998,5.5139999999999985,2.922,2.9410000000000003,5.005,5.608,3.349,5.377999999999999
P18133,7.412000000000001,5.4460000000000015,6.104,5.349,5.28,5.591,4.634,5.416,5.783,5.343,5.799,5.229,2.611,2.929,2.591,5.343,1.602,2.9160000000000004,3.175,2.979,6.049,5.0680000000000005,7.818,6.162000000000001
P05055,48.45,46.57,28.95,34.22,39.7,42.97,28.64,31.46,34.31,20.86,33.17,31.84,15.75,18.84,16.16,20.86,16.38,14.88,35.31,40.29,34.67,40.52,36.77,39.46
P07001,9.934,11.95,14.75,13.31,15.42,14.78,9.592,9.591,10.86,8.261000000000001,9.939,9.074,14.79,16.16,15.67,8.261000000000001,17.0,18.03,6.888,7.608,12.34,12.91,13.19,12.23
P0AB67,3.178,3.759,4.767,5.7029999999999985,5.722,6.376,4.177,4.464,4.234,4.078,5.026,5.04,5.621,5.982,5.524,4.078,6.647,5.7810000000000015,2.23,2.029,4.9510000000000005,5.285,5.207999999999998,4.678
P0AFK2,0.685,0.8220000000000001,0.911,0.998,0.7490000000000001,0.805,0.507,0.556,0.5920000000000001,0.615,0.625,0.626,1.129,1.205,1.175,0.615,0.998,1.152,0.61,0.816,0.68,0.5920000000000001,0.954,0.7140000000000001
P00582,6.513,5.294,7.0120000000000005,5.135,5.159,4.254,6.74,8.662,7.362,6.198,6.774,6.643,4.405,4.579,4.245,6.198,4.648,4.6930000000000005,3.81,5.444,8.195,7.382999999999999,9.227,9.166
P21189,0.6459999999999999,0.637,0.767,1.008,1.008,0.8240000000000001,0.517,0.563,0.6559999999999999,1.004,0.936,0.6729999999999999,0.944,0.772,0.932,1.004,0.99,0.7390000000000001,2.107,0.983,0.7929999999999999,0.69,0.8,0.495
P69874,21.58,17.58,10.2,10.51,13.0,14.0,10.95,13.35,12.72,9.421,11.68,10.79,2.365,3.921,2.55,9.421,2.227,2.7460000000000004,7.191,9.539,15.09,13.92,15.95,16.55
P0AFK4,11.46,11.82,3.949,5.777,6.6370000000000005,8.562999999999999,4.548,4.985,5.377000000000002,4.695,5.997999999999998,5.9529999999999985,1.113,1.686,1.189,4.695,1.11,1.248,3.143,3.972,6.816,7.1629999999999985,4.939,6.489
P0AFK6,31.88,27.76,12.27,14.05,18.9,18.42,15.34,18.12,16.99,14.0,17.28,18.03,4.685,7.6320000000000014,4.2,14.0,3.677,4.953,11.81,11.51,22.94,22.4,14.13,19.88
P0AFK9,22.01,20.06,10.59,11.52,14.69,15.19,23.69,30.76,28.58,24.11,27.21,24.39,12.42,17.67,10.29,24.11,12.11,12.37,21.86,20.36,37.8,30.03,26.0,28.24
P0AAF1,0.0613,0.0484,0.146,0.115,0.0966,0.0576,0.0964,0.0568,0.068,0.33,0.136,0.133,0.191,0.149,0.0415,0.33,0.14300000000000002,0.158,0.213,0.311,0.24,0.107,0.0456,0.161
P31133,1.5930000000000002,0.927,1.456,1.203,0.731,1.16,0.4,0.4270000000000001,0.408,0.7909999999999999,0.597,0.369,0.802,0.77,0.897,0.7909999999999999,0.8370000000000001,0.983,0.565,0.636,0.454,0.446,0.522,0.501
P31134,0.182,0.168,0.273,0.0677,0.138,0.0637,0.13699999999999998,0.0804,0.0651,0.349,0.0717,0.0633,0.109,0.0974,0.0894,0.349,0.141,0.0682,0.0654,0.084,0.0583,0.0456,0.13,0.118
P31135,1.213,0.907,1.161,0.731,0.89,0.752,0.669,0.622,0.784,1.275,0.635,0.508,0.7490000000000001,0.544,0.705,1.275,0.512,0.7040000000000001,0.688,0.745,0.581,0.54,0.7070000000000001,0.564
P0AFL1,0.691,0.503,0.631,0.721,0.544,0.54,0.669,0.6859999999999999,0.653,1.045,0.726,0.7759999999999999,0.5589999999999999,0.515,0.5670000000000001,1.045,0.568,0.5579999999999999,0.93,0.708,0.843,0.472,0.999,0.623
P07003,1.015,1.023,1.28,2.321,1.961,2.491,0.5770000000000001,0.665,0.746,0.67,0.83,1.1,2.849,2.715,3.262,0.67,3.274,3.628,2.324,3.087,0.871,1.021,0.619,0.835
P0A7A9,29.97,32.79,25.91,24.67,35.64,26.56,48.67,51.67,50.99,38.12,49.26,56.35,26.93,26.09,23.67,38.12,18.69,24.84,43.35,38.21,56.82,62.23,49.06,48.29
P00864,2.859,3.276,6.666,7.7570000000000014,6.885,5.652,4.35,4.421,4.001,4.17,4.515,5.27,4.445,5.1770000000000005,5.8,4.17,6.25,6.194,3.339,3.58,5.2879999999999985,5.1789999999999985,5.339,4.66
P33554,0.461,0.348,0.309,0.389,0.299,0.345,0.265,0.298,0.358,0.488,0.455,0.324,0.403,0.243,0.34600000000000003,0.488,0.366,0.391,0.268,0.3,0.364,0.313,0.47,0.29100000000000004
P08371,1.473,1.74,2.027,1.705,1.886,1.476,1.65,2.335,2.135,1.801,1.769,1.5719999999999998,1.386,1.315,1.3130000000000002,1.801,1.5519999999999998,1.369,1.847,2.2880000000000003,1.621,1.6840000000000002,1.955,2.198
P08372,1.003,1.4340000000000002,0.857,1.374,1.421,1.663,0.4970000000000001,0.664,0.767,0.914,1.225,1.222,1.467,1.332,1.453,0.914,1.561,1.443,0.7929999999999999,0.132,1.112,1.081,0.425,0.591
P36647,0.049,0.0757,0.113,0.214,0.17,0.0637,0.127,0.08800000000000001,0.0864,0.251,0.199,0.0557,0.414,0.059,0.0801,0.251,0.218,0.0912,0.0775,0.112,0.428,0.0768,0.114,0.171
P55798,0.239,0.598,0.265,0.512,0.43,0.29,0.439,0.474,0.226,0.46,0.343,0.31,0.279,0.289,0.297,0.46,0.324,0.376,0.344,0.34700000000000003,0.281,0.409,0.451,0.237
P55799,0.386,0.277,0.168,0.196,0.205,0.219,0.453,0.711,0.406,0.517,0.636,0.626,0.485,0.236,0.263,0.517,0.217,0.228,0.688,0.708,0.7120000000000001,0.459,0.235,0.34
P0AFL3,7.979,9.731,6.702000000000001,9.936,13.31,13.21,6.2170000000000005,5.773,6.209,5.4510000000000005,7.2810000000000015,9.169,9.423,11.3,9.878,5.4510000000000005,11.12,11.47,4.512,2.7,7.829,10.43,6.42,6.317
P23869,34.36,37.37,35.86,30.38,32.85,32.85,65.43,72.78,67.41,32.25,56.61,71.21,29.66,35.28,27.9,32.25,29.07,29.7,83.18,73.43,78.53,68.76,66.4,59.2
P0A9L5,6.187,5.278,4.85,3.333,4.09,4.49,9.578,8.931000000000003,10.8,7.604,11.34,13.06,2.804,3.037,2.2840000000000003,7.604,2.363,2.761,11.96,10.52,10.4,10.84,11.84,11.38
P0A7B1,5.5539999999999985,5.959,7.14,6.495,6.851,5.925,4.884,5.994,6.004,4.575,5.2879999999999985,5.738,6.358,7.994,7.575,4.575,8.817,7.888,4.621,3.58,5.408,4.516,6.564,5.709
P23538,9.809,8.478,4.613,7.412000000000001,6.84,7.819,1.919,1.975,1.733,1.218,1.592,1.394,6.4270000000000005,7.206,6.585,1.218,6.675,6.4270000000000005,1.789,2.143,1.435,1.7919999999999998,1.5019999999999998,1.731
P0AFL6,2.162,3.534,3.281,4.754,3.174,4.309,2.772,2.915,3.23,2.557,2.411,2.9130000000000003,2.85,4.485,3.5410000000000004,2.557,5.205,5.3260000000000005,2.496,1.564,2.62,2.529,2.867,2.258
P0AFL9,5.224,4.394,3.125,2.594,3.47,3.28,5.7970000000000015,6.095,5.942,2.912,4.078,4.549,2.216,3.03,1.932,2.912,2.022,2.197,5.875,8.472999999999999,6.287000000000001,5.331,6.2429999999999986,7.018
P43671,7.919,7.308,4.533,3.412,4.997,5.058,10.96,11.34,12.0,6.483,10.38,13.46,5.5870000000000015,7.587999999999999,5.297999999999999,6.483,5.002,6.66,10.35,10.37,11.26,13.29,9.244,11.78
P31828,0.29100000000000004,0.162,0.124,0.298,0.154,0.309,0.324,0.464,0.337,0.415,0.578,0.365,0.237,0.298,0.14400000000000002,0.415,0.0937,0.259,0.315,0.34,0.408,0.56,0.508,0.522
P23865,8.613999999999999,7.134,7.3889999999999985,7.113,8.974,8.213,6.667999999999998,7.468,6.799,5.063,7.34,8.301,4.073,4.559,3.891,5.063,3.301,3.83,6.2639999999999985,6.609,8.012,8.538,5.63,7.407
P0A7I0,4.885,5.502000000000002,2.244,3.913,3.392,4.459,4.905,4.456,5.42,3.003,6.672999999999999,7.157,2.882,3.346,2.935,3.003,3.12,2.785,3.1910000000000003,3.409,5.716,7.397,5.415,4.735
P07012,50.86,55.16,34.84,36.99,44.64,45.84,47.34,51.98,44.38,32.68,45.84,50.47,23.43,31.53,23.03,32.68,24.64,25.55,52.97,45.13,57.01,58.66,51.99,52.72
P0A7I4,10.56,9.334,4.04,5.502000000000002,6.176,7.925,11.26,11.03,11.47,7.862999999999999,12.4,12.93,2.7110000000000003,4.462,2.637,7.862999999999999,2.495,3.095,14.5,15.55,13.59,14.66,13.64,13.94
P28369,0.259,0.0848,0.0924,0.154,0.0816,0.098,0.11,0.199,0.199,0.629,0.25,0.268,0.214,0.24,0.107,0.629,0.14300000000000002,0.204,0.267,0.52,0.21600000000000005,0.16,0.422,0.318
P17888,1.266,1.137,0.7070000000000001,1.055,1.0659999999999998,1.177,1.073,1.144,1.404,1.31,1.044,1.178,0.763,0.6509999999999999,0.693,1.31,0.946,0.915,1.013,1.097,1.115,1.27,1.508,1.023
P07013,124.2,125.5,54.4,65.88,76.53,93.16,84.43,95.54,83.88,65.0,79.53,85.19,37.85,60.55,28.4,65.0,37.98,40.46,83.64,77.9,90.29,88.82,84.3,79.57
P23862,4.144,4.203,3.4330000000000003,4.199,4.09,4.0710000000000015,6.025,6.231,6.098,5.523,5.9110000000000005,7.917999999999998,3.314,4.272,4.138,5.523,5.297999999999999,3.791,6.997999999999998,5.787000000000001,5.902,6.082999999999998,7.5,5.122999999999998
P0AEX5,1.384,1.659,2.06,2.149,1.732,2.421,1.279,1.372,1.3530000000000002,1.248,1.524,1.642,2.234,2.486,2.218,1.248,2.802,2.414,1.041,1.568,1.656,1.25,1.541,1.503
P0AGA2,123.5,115.7,80.31,81.94,93.42,95.29,97.44,120.7,105.5,62.91,89.24,100.2,54.39,67.11,52.4,62.91,51.78,57.67,96.23,140.3,100.4,94.83,93.07,93.07
P27298,2.214,2.445,3.0210000000000004,5.275,5.4289999999999985,7.155,3.294,2.934,3.133,3.105,2.998,2.739,2.075,2.43,3.269,3.105,3.386,2.974,2.8080000000000003,2.8960000000000004,3.806,4.827,3.944,3.361
P0A8T1,6.145,5.744,3.02,2.821,3.597,4.2010000000000005,5.225,5.289,7.456,2.7460000000000004,4.988,4.9460000000000015,1.6840000000000002,2.664,2.053,2.7460000000000004,1.716,1.892,4.524,5.556,5.513,6.45,6.131,5.667999999999998
P07004,1.838,2.188,1.872,1.994,1.76,1.615,2.6210000000000004,2.279,2.231,2.13,2.4930000000000003,2.326,1.712,1.491,1.6869999999999998,2.13,1.355,1.6880000000000002,2.744,1.968,2.402,2.694,2.336,1.964
P0A7B5,7.943,6.919,9.678,9.195,9.216,8.446,10.34,9.535,8.648,9.442,9.787,8.561,6.025,6.674,7.145,9.442,6.485,7.9929999999999986,10.13,8.269,10.49,12.32,10.17,10.87
P0A9L8,3.916,2.718,3.972,3.744,3.803,3.018,4.174,4.18,4.1610000000000005,3.4130000000000003,3.364,4.258,3.747,3.5780000000000003,3.976,3.4130000000000003,3.859,3.877,2.487,3.653,3.793,3.593,3.646,4.13
P0C0L7,4.657,2.812,6.102,7.136,7.951,8.883,12.0,13.23,12.31,8.085,12.52,13.24,4.003,3.843,5.1160000000000005,8.085,5.274,5.292000000000002,7.837999999999999,7.3279999999999985,13.63,14.88,14.54,14.46
P16659,9.58,13.57,5.4929999999999986,11.65,11.33,14.21,11.05,14.47,13.34,12.71,17.4,17.49,9.977,12.38,7.772,12.71,9.172,9.595,18.09,16.68,20.78,20.55,22.0,13.78
P14175,25.58,20.88,41.62,28.29,36.25,28.25,23.65,28.84,31.18,18.99,22.17,20.53,6.184,7.626,6.433,18.99,5.43,6.1960000000000015,12.38,13.66,23.81,21.92,26.58,28.93
P14176,17.24,20.08,25.89,31.57,38.34,32.24,14.81,13.07,13.24,8.808,13.99,12.39,4.882,6.0710000000000015,5.312,8.808,5.105,5.504,8.244,5.152,12.57,15.25,11.81,12.64
P0AFM2,17.26,16.48,28.45,29.09,30.61,30.16,15.48,16.56,19.1,13.17,16.92,18.62,3.798,4.292,3.556,13.17,3.688,4.079,9.658,14.23,14.03,14.22,15.25,15.74
P0AAE2,3.767,2.834,1.692,1.7,2.3480000000000003,1.76,2.805,2.567,2.719,2.991,2.852,2.389,1.259,1.36,1.061,2.991,1.134,0.981,2.1630000000000003,2.025,2.783,2.9930000000000003,2.692,2.356
P77541,0.227,0.633,0.324,0.601,0.369,0.507,0.541,0.6779999999999999,0.472,0.78,0.716,0.816,0.5429999999999999,0.631,0.507,0.78,0.4320000000000001,0.506,0.75,0.711,0.6659999999999999,0.522,0.65,0.462
P31660,0.449,0.422,0.753,0.611,0.52,0.532,0.765,0.735,0.545,0.5920000000000001,0.57,0.552,0.855,0.6759999999999999,0.706,0.5920000000000001,0.715,0.5329999999999999,0.894,0.6709999999999999,0.67,0.517,0.799,0.574
P77243,0.049,0.0666,0.0726,0.08900000000000001,0.0632,0.0502,0.121,0.0851,0.0665,0.34700000000000003,0.0587,0.0686,0.244,0.0506,0.182,0.34700000000000003,0.209,0.228,0.24,0.103,0.0713,0.0882,0.0975,0.0757
P77495,0.706,0.539,0.5479999999999999,0.632,0.608,0.593,0.852,0.774,0.772,1.052,0.79,0.88,0.688,0.625,0.5770000000000001,1.052,0.499,0.445,0.825,0.971,0.831,0.67,0.959,0.725
P77743,0.0812,0.154,0.179,0.117,0.16,0.217,0.131,0.136,0.109,0.62,0.157,0.106,0.8140000000000001,0.404,0.696,0.62,0.782,0.785,0.275,0.177,0.244,0.304,0.109,0.194
P0A717,14.85,16.37,7.381,8.855,9.325,13.28,12.66,12.07,12.78,6.858,12.48,11.55,8.144,12.93,7.1960000000000015,6.858,8.625,9.077,12.73,14.56,16.29,14.45,13.94,13.48
P0A8K1,11.67,8.751,9.281,7.88,9.124,8.946,13.44,13.21,12.79,10.59,13.3,13.32,6.391,6.9220000000000015,6.231,10.59,6.8,7.678,8.588,10.18,15.33,15.51,17.01,16.6
P36678,0.508,0.4970000000000001,0.574,0.4,0.46,0.344,0.7659999999999999,0.7959999999999999,0.56,0.57,0.7659999999999999,0.897,0.63,0.415,0.407,0.57,0.434,0.39,0.85,0.828,0.883,0.841,0.488,0.775
P0AFM4,0.8909999999999999,0.627,1.3019999999999998,1.045,1.098,1.173,0.857,0.8340000000000001,0.8140000000000001,0.7490000000000001,0.6609999999999999,0.804,1.815,1.513,2.093,0.7490000000000001,1.959,1.836,1.052,1.3030000000000002,0.8690000000000001,0.638,0.647,0.997
P0AFM6,3.583,4.562,3.38,5.144,2.562,4.922,2.821,2.813,5.218,3.088,3.612,3.107,2.944,3.766,2.443,3.088,2.369,3.5460000000000003,3.137,2.241,3.68,4.081,4.924,3.836
P0AFM9,6.239,5.391,5.9689999999999985,5.457999999999998,7.131,5.362,4.725,4.628,4.54,3.847,4.18,4.71,4.035,4.261,3.6,3.847,3.93,4.692,4.8610000000000015,3.621,5.247000000000001,4.663,4.79,3.945
P0AFN2,1.492,1.4409999999999998,1.983,1.596,1.408,1.744,1.653,1.296,1.6,1.234,1.3630000000000002,1.195,1.315,1.258,1.2919999999999998,1.234,1.31,1.3530000000000002,1.138,0.987,1.4380000000000002,1.185,1.934,1.138
P0AFV8,2.003,2.012,1.81,2.139,1.816,1.7180000000000002,1.767,1.763,1.897,1.449,1.911,2.079,1.337,1.624,1.294,1.449,1.536,1.476,1.6780000000000002,1.636,1.844,1.624,1.59,1.4169999999999998
P23857,4.172,5.048,4.853,3.233,4.567,4.033,2.884,3.492,3.725,2.594,3.2910000000000004,3.847,11.17,9.793,10.25,2.594,8.765,10.34,3.414,3.429,3.976,3.69,3.425,3.258
P37344,0.5479999999999999,0.98,0.833,1.25,1.021,1.017,0.6809999999999999,0.607,1.0759999999999998,0.768,0.966,0.96,0.964,0.974,1.099,0.768,1.157,1.393,0.8420000000000001,0.448,1.144,1.02,1.331,0.958
P23830,15.38,15.39,12.46,11.2,12.74,14.05,13.57,13.76,14.43,9.547,13.84,15.85,8.809,9.319,8.162,9.547,8.613999999999999,8.932,11.56,12.88,14.81,14.98,11.8,13.87
P07654,7.832000000000002,6.394,6.689,7.93,10.66,9.45,6.947,5.853,6.779,5.115,6.681,7.4129999999999985,2.602,3.72,2.313,5.115,2.384,2.27,8.88,7.7120000000000015,9.541,10.6,8.665,9.042
P0AAH0,14.59,14.9,14.29,16.89,21.44,20.3,17.8,19.19,17.08,14.86,17.45,19.13,8.809,12.89,6.11,14.86,6.638,8.446,26.9,20.5,26.74,29.13,22.99,25.24
P0AGH8,4.401,3.711,4.702,5.294,4.949,5.004,4.26,4.172,4.51,3.671,3.781,3.278,1.569,2.226,1.148,3.671,1.143,1.384,5.1370000000000005,6.489,6.682,7.197,6.542000000000002,6.502999999999999
P0AG82,8.273,8.542,9.925,13.52,12.09,12.27,7.777,8.397,8.777999999999999,7.352,7.887,6.82,2.211,4.1560000000000015,2.17,7.352,2.35,2.331,12.18,11.14,11.95,14.07,11.31,9.882
P0A9M8,12.0,14.49,5.275,10.34,5.684,8.792,14.49,14.85,12.88,9.683,15.78,15.52,6.4620000000000015,9.464,6.443,9.683,7.637,8.158,14.15,14.36,18.03,22.36,26.63,15.31
P0A7D1,8.783,12.74,5.935,6.982,8.087,9.579,12.56,10.86,9.86,5.8610000000000015,13.2,15.52,6.621,10.05,7.232,5.8610000000000015,6.5870000000000015,7.39,11.73,7.915,14.82,17.5,12.56,12.15
P05458,5.908,5.5120000000000005,7.041,6.362,7.105,5.691,5.692,7.022,6.087999999999999,4.892,6.138,5.747999999999998,4.3210000000000015,4.158,4.341,4.892,4.252,4.308,5.47,5.564,5.792999999999998,6.435,7.513,7.1320000000000014
P24555,0.557,0.494,0.55,0.591,0.389,0.385,0.7240000000000001,0.4270000000000001,0.462,0.35200000000000004,0.4370000000000001,0.4920000000000001,0.77,0.684,0.695,0.35200000000000004,0.632,0.809,0.499,0.528,0.498,0.466,0.445,0.462
P32670,0.464,0.606,0.753,0.8140000000000001,0.6679999999999999,0.4370000000000001,0.417,0.399,0.462,0.611,0.5489999999999999,0.426,0.672,0.575,0.616,0.611,0.782,0.868,0.381,0.5920000000000001,0.478,0.402,0.188,0.349
P69786,17.24,12.46,12.6,11.79,10.09,10.45,24.53,22.78,24.21,12.64,20.68,26.0,4.8580000000000005,5.204,4.405,12.64,4.64,5.073,11.63,13.31,27.37,23.77,26.76,25.77
P0AA04,60.31,56.28,59.77,44.9,58.04,47.27,86.23,101.5,94.52,55.2,87.17,90.17,36.56,46.49,40.37,55.2,42.95,42.46,72.86,103.0,93.72,86.33,106.7,89.28
P08839,62.81,61.03,56.17,52.54,58.64,58.02,86.92,95.48,85.77,51.17,85.12,88.67,38.07,45.44,40.76,51.17,42.19,42.25,72.94,82.49,88.75,85.95,82.8,89.68
P69829,11.7,13.27,11.31,14.44,15.43,14.06,11.26,12.19,11.24,8.443999999999999,12.31,13.78,13.24,13.21,12.56,8.443999999999999,11.54,11.63,9.182,11.66,9.039,14.97,13.14,15.7
P0A9N0,4.692,3.07,3.463,3.313,3.537,2.707,3.181,3.409,2.813,2.934,3.813,3.647,1.877,1.981,3.265,2.934,2.356,2.0540000000000003,3.728,3.036,3.028,3.704,3.41,3.424
P37177,5.152,3.771,5.109,4.382,5.055,4.621,3.636,3.781,3.754,2.262,3.691,3.713,2.925,2.866,3.324,2.262,3.377,3.653,2.387,2.469,3.083,4.534,4.137,4.2330000000000005
P69820,0.861,0.831,1.033,1.329,1.459,1.288,1.273,1.161,1.019,1.318,1.138,1.02,1.93,1.582,2.19,1.318,2.522,2.207,1.181,1.537,0.996,1.157,1.227,1.186
P0A7D4,25.57,23.3,12.06,16.79,15.89,16.62,12.58,11.67,12.74,8.289,12.71,13.15,9.375,11.19,7.966,8.289,11.64,10.52,12.63,13.53,14.72,12.18,14.94,14.19
P0AB89,8.387,7.308,2.854,4.063,4.49,5.5710000000000015,9.59,9.818,11.05,5.862,9.962,9.557,5.5520000000000005,8.753,4.079,5.862,4.549,5.126,8.948,12.59,12.41,14.44,12.66,13.69
P0A7D7,5.497999999999998,3.853,3.727,3.115,3.747,3.678,5.101,6.419,4.954,4.186,4.075,5.33,5.99,7.848,4.525,4.186,5.09,5.252999999999999,5.151,7.485,6.067,5.462999999999999,6.501,7.119
P15640,1.859,1.771,1.149,1.819,1.578,1.644,2.408,2.087,1.947,2.215,2.245,2.235,1.467,2.295,1.7990000000000002,2.215,1.945,1.585,1.617,1.676,1.997,2.432,2.416,2.411
P0AG18,3.616,3.82,2.408,2.631,3.14,2.943,4.944,5.0680000000000005,4.931,2.866,3.583,5.053,2.54,3.451,2.428,2.866,2.175,2.658,3.949,3.937,5.756,4.4460000000000015,5.733,4.2410000000000005
P0AG16,1.003,0.8240000000000001,0.386,0.362,0.486,0.519,1.169,0.903,1.422,1.222,1.5659999999999998,1.519,0.565,1.056,0.5710000000000001,1.222,0.708,0.922,0.8490000000000001,0.728,1.396,1.533,1.175,1.022
P15639,2.077,1.808,1.4,1.492,1.402,1.479,2.427,2.4,2.398,2.5610000000000004,2.477,2.67,2.285,3.988,2.296,2.5610000000000004,2.455,3.007,1.541,1.985,3.002,2.919,2.9410000000000003,3.012
P09029,1.975,2.354,1.764,1.826,1.841,2.182,3.256,2.596,2.886,2.194,2.109,2.416,1.544,2.408,1.6230000000000002,2.194,1.5759999999999998,1.543,2.093,2.3080000000000003,2.673,2.444,2.213,2.068
P15254,0.764,0.6659999999999999,0.3720000000000001,0.612,0.57,0.518,1.278,1.286,1.354,1.057,1.258,1.671,1.145,1.591,0.81,1.057,0.98,1.122,0.88,0.8109999999999999,1.72,1.902,1.212,1.588
P08178,2.282,2.634,1.3430000000000002,1.945,1.886,2.383,2.082,1.57,1.596,1.619,1.973,1.967,1.891,3.514,1.787,1.619,2.226,2.044,1.5419999999999998,1.251,1.91,2.235,1.952,1.525
P08179,5.017,6.3439999999999985,3.897,4.347,5.7570000000000014,5.113,5.059,4.343,4.893,4.026,5.047,5.795,2.93,4.633,3.017,4.026,3.663,3.466,5.422999999999999,3.1710000000000003,4.917,5.336,4.84,4.589
P0ACP7,3.136,3.634,1.7180000000000002,2.85,2.362,3.352,4.718,4.089,4.803,3.25,6.902,6.59,2.162,2.8680000000000003,1.887,3.25,2.13,2.289,5.0360000000000005,3.437,5.905,6.279,4.017,3.738
P33221,0.444,0.321,0.102,0.0589,0.0828,0.28,0.755,0.637,1.057,0.6709999999999999,0.975,0.805,0.762,1.321,0.634,0.6709999999999999,0.5920000000000001,0.745,0.889,1.379,1.137,1.105,1.123,1.167
P37051,9.505,10.05,7.025,6.4929999999999986,8.613,7.537000000000001,8.622,8.24,9.669,6.961,9.247,10.64,4.859,5.871,5.593,6.961,6.6370000000000005,6.475,5.39,3.209,9.95,9.825,9.789,7.5710000000000015
P09546,1.051,0.889,11.42,9.349,8.586,5.721,0.617,0.877,0.6579999999999999,1.072,0.903,0.857,3.718,3.1060000000000003,4.027,1.072,4.57,5.431,0.872,0.68,1.067,1.074,1.31,0.998
P07117,5.417999999999998,6.925,15.93,10.0,8.59,6.558,4.9910000000000005,4.686,6.0310000000000015,3.997,4.816,4.822,10.87,7.49,13.35,3.997,12.17,12.65,4.269,3.147,5.796,5.279,6.371,5.001
P21599,4.859,4.435,7.091,7.671,7.132999999999999,6.481,1.827,1.84,2.041,2.156,2.244,2.643,6.517,5.489,6.599,2.156,7.91,8.124,3.423,3.056,2.891,3.897,2.702,2.847
P0AD61,14.7,14.65,8.886000000000003,11.1,9.98,14.36,15.55,14.1,16.62,13.05,16.81,15.88,10.49,13.74,8.879,13.05,11.4,11.84,14.11,11.73,17.15,19.15,18.1,15.75
P0A786,1.611,1.724,1.214,1.587,1.805,2.087,2.51,2.182,2.122,2.577,2.37,2.466,5.755,7.808,5.2639999999999985,2.577,6.13,6.214,2.176,1.912,2.712,2.4930000000000003,2.229,2.732
P05020,4.047,4.0360000000000005,2.286,2.655,3.031,3.204,4.43,4.471,4.619,3.307,4.243,4.1389999999999985,4.537,6.89,4.124,3.307,3.98,4.878,2.908,3.8,5.357,5.246,5.026,5.091
P0A7E1,4.438,5.597,2.385,2.573,3.094,4.012,6.983,6.141,5.001,3.12,3.381,4.958,2.215,3.808,1.845,3.12,1.602,2.101,5.1629999999999985,2.803,4.176,5.974,4.413,4.57
P0A7E3,1.443,1.002,1.085,0.945,0.778,0.561,2.4930000000000003,2.338,2.286,2.097,2.158,2.193,1.061,0.784,0.8059999999999999,2.097,0.662,0.7829999999999999,1.4480000000000002,2.059,2.569,2.232,1.493,2.23
P08244,5.534,5.228,2.264,3.13,3.922,4.359,3.869,3.557,3.739,2.524,3.72,4.5760000000000005,1.5490000000000002,2.4290000000000003,1.482,2.524,1.5659999999999998,1.779,3.2310000000000003,2.789,4.453,5.353,4.314,3.75
P0A7E5,33.84,33.47,17.28,24.17,25.1,27.01,29.29,28.15,27.03,22.83,33.5,32.46,14.38,21.91,13.04,22.83,13.67,16.18,38.11,27.69,38.03,44.68,30.44,26.73
P0A7E9,30.8,33.76,21.22,16.43,23.33,22.62,38.76,40.9,40.71,17.99,35.78,33.72,25.34,31.24,23.22,17.99,20.01,25.17,41.6,41.29,45.34,36.89,39.37,28.69
P0A7F3,2.139,1.855,1.777,1.378,1.707,1.598,3.692,3.879,3.241,3.113,3.337,3.044,5.001,5.952000000000001,4.757,3.113,4.985,5.377999999999999,3.02,3.869,3.31,3.011,3.762,3.885
P0AD83,0.914,0.66,0.188,0.428,0.522,0.8759999999999999,2.769,1.988,2.551,1.75,4.105,6.534,1.462,1.712,1.466,1.75,1.084,1.141,2.754,0.593,3.06,3.916,1.411,1.145
P28304,2.211,2.015,3.141,2.449,3.239,2.552,2.948,2.443,2.416,2.119,2.516,2.059,4.646,4.239,5.768,2.119,5.568,5.147,3.633,4.511,2.196,2.583,2.333,2.21
P0A7F9,17.37,14.97,11.36,8.497,13.56,11.29,16.91,19.27,17.96,13.63,14.16,16.69,3.263,5.059,3.115,13.63,2.458,2.951,12.9,13.24,12.27,19.52,20.55,19.05
P15033,0.133,0.0257,0.155,0.117,0.122,0.0404,0.14300000000000002,0.13699999999999998,0.11,0.227,0.126,0.115,0.14400000000000002,0.103,0.0766,0.227,0.124,0.0146,0.126,0.28800000000000003,0.04,0.141,0.235,0.0859
P25531,1.919,2.048,1.4240000000000002,1.239,1.277,1.23,1.847,1.803,2.045,1.632,1.6869999999999998,1.619,2.211,1.864,1.446,1.632,1.634,1.911,1.398,1.12,1.482,0.95,1.932,1.372
P27844,1.942,2.194,1.6030000000000002,2.053,1.615,1.919,0.861,0.8640000000000001,1.26,1.655,1.686,1.216,1.288,0.996,1.205,1.655,1.625,1.454,1.516,0.632,1.162,1.518,1.122,1.121
P0A7G2,15.41,19.01,7.588999999999999,8.568,10.99,12.72,11.77,11.66,11.12,8.746,10.36,12.31,7.307,8.516,6.093,8.746,6.171,6.459,10.55,9.54,11.79,12.72,11.73,12.34
P0A8K8,1.239,2.631,2.862,2.912,2.5340000000000003,2.431,1.791,1.921,2.253,1.796,2.303,2.326,5.914,4.433,6.975,1.796,6.903,7.55,1.867,1.668,2.117,2.674,1.83,2.055
P04983,3.93,5.049,2.807,2.341,2.339,1.868,2.922,3.64,4.206,2.255,3.5010000000000003,4.007,7.6960000000000015,8.958,8.459,2.255,7.265,9.981,2.547,2.825,3.407,3.122,1.831,3.61
P02925,16.94,21.66,45.15,33.31,36.5,22.95,14.22,19.23,15.77,8.101,12.35,14.88,43.05,39.52,58.79,8.101,55.42,52.72,20.45,21.49,14.14,14.23,6.364,15.39
P0AGI1,3.902,5.765,7.287000000000001,6.12,5.608,4.776,3.604,4.3180000000000005,3.528,1.932,3.207,3.551,11.65,12.53,13.77,1.932,12.28,15.97,4.271,4.935,3.107,2.882,1.686,2.7230000000000003
P04982,25.38,40.78,20.34,18.0,22.8,16.36,18.15,21.19,20.41,11.31,19.26,29.24,39.91,47.9,43.28,11.31,47.47,49.09,13.33,8.415,17.38,16.44,10.56,13.32
P0A9J6,4.034,4.612,8.2,6.417999999999998,6.075,3.242,3.4210000000000003,4.74,4.769,3.0580000000000003,3.591,3.349,9.122,8.225,10.33,3.0580000000000003,9.968,11.15,4.966,6.881,4.873,4.388,3.568,4.565
P0ACQ0,1.609,2.441,1.826,2.426,1.706,1.3030000000000002,1.442,1.402,1.221,1.325,1.39,1.727,2.4130000000000003,2.0340000000000003,2.756,1.325,2.21,3.054,2.029,1.5,1.632,2.217,1.412,1.601
P0DMC9,2.588,2.484,2.89,2.194,2.734,2.688,0.82,0.88,0.872,0.797,0.777,0.908,1.208,1.246,0.919,0.797,0.852,1.047,1.396,1.544,0.58,0.546,0.311,0.621
P0DMC7,19.89,17.32,21.86,18.37,18.58,18.6,13.04,14.46,14.16,10.22,12.68,13.32,11.91,12.68,10.97,10.22,10.34,11.12,16.71,17.38,16.44,15.13,15.67,14.17
P0DMC5,1.432,1.487,1.923,1.48,1.6969999999999998,1.337,1.658,1.959,1.743,1.194,1.722,1.928,1.533,1.639,1.445,1.194,1.386,1.3119999999999998,2.088,1.725,1.6269999999999998,1.849,1.959,1.969
P69411,17.96,17.12,15.36,15.58,19.06,16.74,20.12,22.76,20.78,17.99,22.24,26.91,17.9,20.09,18.03,17.99,20.67,20.27,23.57,19.07,24.14,27.81,28.9,22.59
P0A7G6,17.93,17.25,11.44,10.1,11.48,12.58,15.05,17.77,14.97,9.616,16.77,17.28,17.04,24.94,8.46,9.616,7.807,9.092,121.2,172.9,23.35,22.74,12.92,20.67
P08394,2.776,2.329,2.417,3.05,3.064,3.712,2.263,2.457,2.341,1.761,2.713,2.656,2.336,2.889,2.873,1.761,2.9160000000000004,3.029,1.781,2.239,3.154,3.659,3.07,2.919
P07648,1.916,2.298,2.395,2.114,1.917,2.0780000000000003,1.842,1.5759999999999998,1.6840000000000002,1.274,1.643,1.933,2.3080000000000003,2.169,1.976,1.274,2.194,2.443,1.506,1.675,1.89,2.421,1.968,1.817
P04993,1.565,1.3130000000000002,1.287,1.101,1.167,1.577,1.4509999999999998,1.4469999999999998,1.362,1.47,1.595,1.783,1.319,1.3230000000000002,1.041,1.47,1.148,1.37,1.375,1.3130000000000002,1.914,1.671,1.939,2.168
P15032,0.551,0.589,0.474,0.544,0.528,0.475,0.826,0.631,0.598,0.7609999999999999,0.7020000000000001,0.674,0.615,0.7390000000000001,0.474,0.7609999999999999,0.583,0.573,0.929,1.093,0.7879999999999999,0.797,0.7709999999999999,0.8170000000000001
P0A7H0,6.867000000000001,5.057,4.476,3.605,6.013,5.265,6.605,7.234,7.73,6.037000000000001,7.425,7.609,1.803,2.132,1.823,6.037000000000001,1.983,2.106,9.052,12.4,7.415,7.502000000000002,8.644,9.94
P24230,1.953,1.945,1.5490000000000002,1.713,1.869,2.096,2.297,2.133,1.912,2.116,2.44,2.577,1.317,1.722,1.318,2.116,1.195,1.386,1.806,2.599,2.199,2.819,2.315,2.194
P21893,4.185,4.63,3.5580000000000003,5.324,5.391,5.942,3.632,3.957,3.573,2.5540000000000003,4.755,4.364,2.014,3.133,2.374,2.5540000000000003,3.323,2.74,4.938,5.372000000000001,4.9860000000000015,5.558,4.578,5.073
P05824,0.482,2.4090000000000003,1.643,1.557,1.501,1.493,2.602,3.402,2.559,1.714,2.168,2.6710000000000003,4.8439999999999985,6.557,2.044,1.714,1.727,2.018,49.63,41.3,2.7460000000000004,3.049,2.432,2.117
P0A7H3,2.5540000000000003,2.156,1.875,1.51,2.7060000000000004,2.231,2.276,1.912,1.953,1.942,2.258,2.366,1.442,1.224,1.332,1.942,1.396,1.507,2.1590000000000003,1.876,2.684,2.577,2.055,2.352
P15043,3.069,3.129,1.882,2.517,2.343,2.572,3.176,2.8710000000000004,3.042,3.458,4.085,4.253,1.994,2.103,1.805,3.458,1.99,2.086,3.26,2.007,3.06,3.571,2.923,2.616
P0A7H6,19.58,19.71,12.06,14.4,16.49,16.09,15.74,14.38,13.41,12.8,15.1,16.01,8.073,12.06,8.711,12.8,9.883,10.01,17.69,12.84,19.9,21.48,19.42,14.91
P33228,0.496,0.3,0.32299999999999995,0.16899999999999998,0.37,0.331,0.607,0.579,0.643,0.565,0.49,0.614,0.617,0.868,0.6559999999999999,0.565,0.58,0.529,1.118,1.033,0.8109999999999999,0.5670000000000001,0.68,0.359
P0AG20,2.786,3.095,4.107,3.139,3.608,2.999,4.333,3.804,4.177,2.752,4.462,5.04,3.151,3.0660000000000003,3.39,2.752,3.467,4.478,3.089,3.088,5.5310000000000015,4.728,3.713,3.909
P0C079,2.593,3.005,2.886,2.342,3.0860000000000003,3.015,4.683,5.209,5.8370000000000015,4.164,5.699,6.35,3.628,3.978,3.327,4.164,3.759,3.685,4.426,4.3,5.593,6.1,5.692,4.428
P0C077,5.0280000000000005,3.263,3.689,2.789,4.082,3.2460000000000004,5.067,5.76,5.346,4.76,5.553,5.519,4.316,4.8610000000000015,4.004,4.76,3.908,4.285,4.01,3.585,6.422999999999999,5.846,6.202000000000001,4.802
P0ACG6,0.665,0.624,0.4270000000000001,0.326,0.478,0.511,0.263,0.68,0.782,0.564,0.862,0.691,0.261,0.539,0.43,0.564,0.441,0.205,0.754,0.504,0.7509999999999999,0.7909999999999999,0.8809999999999999,0.789
P07010,0.247,0.339,0.331,0.35200000000000004,0.308,0.5,0.251,0.392,0.415,0.7659999999999999,0.512,0.512,0.426,0.39,0.23,0.7659999999999999,0.4,0.266,0.67,0.451,0.7879999999999999,0.589,0.645,0.672
P09980,2.634,2.737,2.614,2.31,2.197,2.1590000000000003,5.897,6.85,6.1,5.492000000000001,6.214,7.006,1.893,2.157,1.6780000000000002,5.492000000000001,1.789,1.465,6.27,8.975,6.38,5.9,6.9689999999999985,6.615
P27127,7.617000000000001,6.577000000000001,4.334,3.087,5.562,4.588,7.022,7.766,8.636000000000001,5.8660000000000005,7.334,8.18,3.2030000000000003,3.684,2.54,5.8660000000000005,2.307,3.125,5.0,4.789,6.818,6.489,6.367000000000001,7.662000000000001
P24173,13.41,14.15,10.4,9.591,12.46,12.18,12.28,13.16,12.11,8.823,10.63,12.2,6.21,8.427,6.987,8.823,7.127999999999999,8.14,8.231,8.024,11.9,13.24,12.59,14.19
P67910,25.7,23.91,18.01,20.41,22.26,22.06,32.7,38.67,31.2,25.22,36.94,40.52,16.59,21.29,17.23,25.22,18.69,20.17,27.82,29.37,38.17,45.13,44.07,38.79
P37692,19.92,15.58,14.71,11.9,17.84,14.69,18.55,20.85,18.84,15.52,17.6,15.67,8.458,10.36,9.196,15.52,8.464,10.61,13.12,14.43,20.0,18.96,21.3,24.35
P25740,7.8210000000000015,7.896,9.007,4.104,7.026,5.021,8.455,10.65,8.665,7.68,8.043,7.432,4.923,5.3660000000000005,3.763,7.68,3.408,4.4689999999999985,6.422999999999999,7.621,9.163,7.362999999999999,9.769,10.89
P0AFW0,1.398,1.399,0.7859999999999999,1.605,1.202,1.789,3.367,3.022,3.16,2.774,4.729,5.902,0.894,1.023,1.03,2.774,0.962,0.908,4.3,2.097,4.012,5.151,2.889,2.6660000000000004
P27128,4.9110000000000005,5.896,2.966,2.576,4.313,3.93,5.648,5.987,5.731,4.303,5.914,6.837999999999999,3.29,4.11,2.764,4.303,2.688,3.253,3.489,2.352,5.135,5.875,4.33,4.351
P27129,8.557,7.026,5.077,2.923,5.36,4.77,7.435,8.144,9.483,4.86,7.319,7.896,3.785,4.674,3.303,4.86,2.71,3.706,4.754,4.425,6.438,6.674,6.56,7.709
P27242,5.11,5.14,4.543,2.162,3.875,3.59,4.535,5.395,6.153,2.838,5.27,4.664,3.768,4.904,3.981,2.838,3.065,3.58,2.334,3.193,5.268,4.569,5.5139999999999985,6.54
P27243,6.772,8.076,5.194,3.885,6.931,5.832000000000002,5.7639999999999985,5.7410000000000005,7.655,4.065,6.5379999999999985,7.566,5.029,6.612,4.856,4.065,3.629,4.738,3.466,2.883,5.125,5.7,4.487,6.0939999999999985
P25741,6.479,6.002000000000002,4.422,3.342,4.715,4.714,4.35,4.848,5.607,4.354,5.151,5.294,2.63,3.158,2.307,4.354,2.327,2.5340000000000003,3.214,3.525,5.167000000000002,4.592,4.863,5.563
P25742,8.948,8.606,5.474,5.106,6.853,6.053,6.803,6.921,6.692,6.0,7.126,7.727,3.119,4.122,3.075,6.0,3.129,3.674,5.93,5.549,7.428,7.452000000000001,6.982,7.768
P27126,2.403,2.674,1.588,1.263,1.82,2.085,2.355,2.575,2.96,2.297,2.518,2.919,1.034,1.348,0.932,2.297,0.768,1.013,1.19,1.004,2.39,2.008,2.12,2.639
P27240,8.139,7.93,5.3279999999999985,4.029,5.813,5.492000000000001,8.173,10.36,9.164,6.4,8.383,10.51,4.757,5.667999999999998,4.263,6.4,3.83,4.684,5.7810000000000015,4.9030000000000005,9.054,8.999,8.802999999999997,9.58
P27241,2.6910000000000003,3.216,1.214,1.4269999999999998,2.408,1.958,2.804,2.763,2.801,2.131,3.1260000000000003,3.635,1.611,1.948,1.474,2.131,1.505,1.716,1.4240000000000002,1.287,2.681,3.1860000000000004,2.217,2.799
P37744,46.34,38.64,26.66,20.54,33.66,26.75,27.19,31.95,29.26,13.43,23.38,29.03,16.23,22.57,15.24,13.43,13.03,15.21,23.66,22.81,33.2,28.12,23.46,32.8
P37759,31.95,31.08,18.39,18.13,23.41,22.71,17.03,18.49,19.3,8.427999999999999,17.15,17.09,11.5,16.62,11.42,8.427999999999999,10.75,11.29,15.33,15.01,20.01,20.78,16.29,19.75
P37745,19.95,19.21,11.78,10.01,15.59,13.02,13.79,16.83,17.9,9.581,14.87,18.15,7.213999999999999,10.58,6.421,9.581,5.612,7.646,11.03,12.59,16.33,15.35,13.3,17.78
P37760,19.64,26.17,9.42,19.08,16.06,22.05,11.14,10.42,10.59,5.6389999999999985,11.05,14.95,8.171,13.84,8.811,5.6389999999999985,10.21,10.06,10.42,8.887,12.64,18.27,9.44,11.47
P37746,16.01,14.85,10.05,6.702000000000001,8.405,9.92,10.13,15.52,17.4,6.255,14.7,15.22,7.051,9.289,5.759,6.255,5.832999999999998,5.625,10.93,10.35,12.53,8.927,14.39,15.58
P0AC78,9.181,9.717,7.275,7.443,7.832999999999998,9.231,6.692,7.194,8.248,6.319,7.565,8.387,3.79,4.088,3.5660000000000003,6.319,3.58,4.289,6.754,5.787000000000001,8.374,7.992000000000001,7.565,7.771
P27830,13.23,11.42,7.856,8.352,12.46,11.27,9.901,9.948,10.8,8.771,7.63,10.22,4.395,5.572,4.313,8.771,4.012,4.0,10.56,10.66,10.69,8.31,11.25,10.55
P61887,7.689,12.13,4.516,7.923999999999999,7.07,9.209,6.58,5.519,5.325,2.859,5.105,7.191,3.302,5.4860000000000015,3.742,2.859,3.692,3.873,6.2620000000000005,4.459,6.149,5.465,5.122999999999998,5.337999999999999
P32170,0.256,0.16399999999999998,0.177,0.155,0.179,0.342,0.104,0.0937,0.0736,0.856,0.355,0.0648,0.513,0.209,0.233,0.856,0.12,0.214,0.043,0.193,0.0687,0.08900000000000001,0.182,0.0853
P32171,0.737,0.7390000000000001,0.764,0.8029999999999999,0.917,0.677,0.752,1.019,0.947,1.026,0.882,0.941,0.715,0.794,0.625,1.026,0.905,0.636,0.5920000000000001,0.851,0.8029999999999999,0.54,0.971,0.7020000000000001
P32169,0.495,0.616,0.67,0.871,0.745,0.747,0.72,0.625,0.695,1.988,0.758,0.594,1.0759999999999998,0.802,0.7879999999999999,1.988,1.022,0.983,0.402,0.7170000000000001,0.913,0.618,0.823,0.948
P09378,0.358,0.0939,0.13,0.14800000000000002,0.209,0.185,0.0792,0.0577,0.0949,0.5529999999999999,0.205,0.09,0.596,0.511,0.406,0.5529999999999999,0.34,0.279,0.0568,0.076,0.271,0.0548,0.0893,0.0825
P09377,0.302,0.4270000000000001,0.475,0.285,0.423,0.252,0.172,0.135,0.263,0.612,0.537,0.34,0.8290000000000001,0.6609999999999999,0.5670000000000001,0.612,0.531,0.562,0.14400000000000002,0.205,0.284,0.304,0.435,0.319
P27125,0.101,0.0696,0.521,0.0765,0.0506,0.0674,0.361,0.476,0.382,0.653,0.45,0.34600000000000003,0.6859999999999999,0.366,0.334,0.653,0.395,0.513,0.429,0.121,0.4320000000000001,0.329,0.5660000000000001,0.423
P0A8J8,20.02,22.04,18.29,18.6,17.87,22.88,12.77,11.9,11.89,10.96,11.7,12.58,10.47,11.66,11.22,10.96,12.77,11.78,15.8,11.38,14.35,14.01,12.92,14.57
P25888,3.15,2.689,2.322,2.474,2.784,3.375,2.597,2.496,3.179,2.327,2.2230000000000003,2.732,0.902,1.029,0.968,2.327,0.7709999999999999,0.946,2.627,3.4410000000000003,2.92,2.989,3.2260000000000004,2.9330000000000003
P0AG30,19.83,21.21,10.91,18.25,15.05,21.09,18.33,16.91,18.67,16.79,21.92,26.57,9.737,11.75,8.613,16.79,10.57,10.96,21.22,18.24,21.14,25.26,20.85,18.77
P0ADF3,81.29,89.37,68.02,59.15,71.41,72.3,83.93,90.4,94.63,65.4,74.84,92.98,36.37,47.61,37.91,65.4,44.17,42.95,83.95,115.3,75.02,71.64,94.4,74.97
P16916,0.322,0.386,0.631,0.3670000000000001,0.455,0.434,0.8640000000000001,0.85,0.76,1.277,0.769,0.741,0.523,0.388,0.462,1.277,0.507,0.431,0.83,1.335,0.665,0.628,0.715,0.705
P16917,0.194,0.179,0.227,0.142,0.251,0.197,0.376,0.289,0.401,0.502,0.436,0.423,0.321,0.299,0.284,0.502,0.371,0.34,0.35,0.3670000000000001,0.358,0.364,0.419,0.445
P16918,0.331,0.0348,0.503,0.147,0.532,0.17800000000000002,0.14300000000000002,0.528,0.634,0.6809999999999999,0.27,0.211,0.184,0.182,0.115,0.6809999999999999,0.133,0.157,0.416,0.16,0.404,0.0768,0.338,0.459
P16919,0.257,0.194,0.387,0.459,0.368,0.329,0.305,0.462,0.573,0.412,0.458,0.5720000000000001,0.34,0.219,0.327,0.412,0.17,0.228,0.387,0.463,0.28800000000000003,0.222,0.264,0.409
P24211,0.11,0.235,0.354,0.134,0.16899999999999998,0.25,0.63,0.578,0.418,0.529,0.415,0.371,0.416,0.469,0.408,0.529,0.518,0.4270000000000001,0.3670000000000001,0.475,0.508,0.435,0.511,0.535
P0A7I7,12.72,13.35,6.207000000000002,6.276,8.58,8.691,9.93,10.73,9.317,7.134,10.69,14.46,6.8889999999999985,7.785,5.466,7.134,5.457999999999998,6.521,11.15,5.9270000000000005,13.53,14.73,8.807,9.405
P0A7J0,9.273,10.94,12.16,13.22,15.46,16.35,6.303,5.997000000000001,5.766,4.114,6.7,7.937,5.629,9.431,3.693,4.114,4.083,5.5360000000000005,5.566,5.345,6.806,7.251,6.64,6.317
P25539,9.778,10.76,7.245,10.3,10.93,12.08,10.15,8.39,7.59,5.223,8.533,11.79,6.629,7.669,6.227,5.223,7.3889999999999985,7.395,10.75,8.093,13.02,13.5,8.923,9.638
P0AFU8,9.835,5.899,7.811,4.735,8.122,3.971,6.791,7.727,8.68,3.192,7.459,7.841,4.276,4.439,4.817,3.192,5.455,4.1930000000000005,9.305,10.26,8.439,8.04,6.303,8.045
P0AG40,23.54,15.69,21.33,15.78,19.4,17.1,13.52,16.15,20.5,16.07,19.59,17.36,15.05,19.25,16.73,16.07,13.17,19.68,11.61,14.87,16.92,13.34,21.41,17.01
P61714,24.53,27.3,24.73,23.77,29.78,29.93,23.14,22.66,23.61,12.97,14.83,19.77,14.59,15.16,15.57,12.97,16.72,15.12,21.75,36.82,28.2,23.98,27.05,25.59
P0A944,16.79,14.47,9.416,10.99,14.43,12.49,17.56,19.92,16.27,12.99,16.32,19.92,7.85,9.805,8.164,12.99,7.694,8.943999999999997,25.86,20.08,19.37,21.96,16.1,18.56
P0A948,12.22,14.01,16.61,14.32,14.36,9.412,8.342,8.048,8.775,4.272,8.079,9.882,14.75,14.68,14.81,4.272,14.33,16.59,6.3679999999999986,6.127999999999999,7.8610000000000015,8.779,6.832999999999998,7.3610000000000015
P0C0U4,3.881,3.543,4.063,4.4060000000000015,3.537,3.767,4.961,4.465,4.957,3.556,4.351,3.902,1.914,3.049,2.416,3.556,2.319,2.8510000000000004,4.267,8.079,7.301,5.144,8.035,7.972
P13857,1.185,1.158,1.285,1.075,1.247,1.119,0.909,1.058,0.908,0.809,1.028,1.324,1.65,1.828,1.735,0.809,1.575,1.624,1.0590000000000002,0.883,1.2009999999999998,1.129,0.976,0.998
P10100,5.809,7.776,3.971,6.685,5.191,7.27,4.752,5.377000000000002,4.811,3.935,5.21,7.189,4.342,5.734,3.946,3.935,4.4110000000000005,5.636,5.612,3.3110000000000004,6.8370000000000015,9.972,4.753,4.663
P0ADC1,18.33,19.74,11.34,14.84,13.89,17.4,19.16,17.26,18.16,9.433,16.96,22.26,8.363,12.42,9.298,9.433,9.322,10.24,17.52,13.0,21.59,19.38,16.55,16.75
P0AFW2,1.254,1.125,3.475,1.941,1.972,1.466,3.634,4.106,4.668,1.709,4.093,5.65,12.1,10.5,11.41,1.709,12.59,10.66,2.635,3.284,3.752,3.62,3.4930000000000003,3.389
P21338,5.614,4.677,5.711,3.411,4.354,4.0939999999999985,5.819,5.626,6.526,3.057,4.018,3.982,3.38,3.518,3.524,3.057,3.082,3.016,4.4289999999999985,6.365,5.162000000000001,4.022,3.718,5.756
P30850,18.07,17.64,6.989,11.23,14.35,15.91,12.16,10.15,9.031,7.059,10.51,14.38,8.839,13.54,7.73,7.059,9.026,10.01,10.93,6.2360000000000015,13.3,16.72,8.781,10.16
P0A7Y0,16.89,12.64,11.62,8.413,13.07,11.16,20.1,21.15,21.29,18.7,24.58,28.72,6.2970000000000015,7.853,6.282,18.7,5.839,7.145,19.33,13.05,23.31,23.18,21.82,22.13
P09155,6.13,4.6530000000000005,2.877,2.875,3.313,3.738,5.7879999999999985,6.643,5.822,4.254,5.574,6.018,1.4469999999999998,1.6980000000000002,1.144,4.254,1.158,1.285,5.872000000000001,5.519,7.767,7.547999999999999,8.038,8.072000000000001
P21513,13.85,12.31,12.37,10.79,11.39,11.63,9.125,9.395,11.31,6.515,8.093,9.243,9.069,10.3,8.475,6.515,9.906,10.12,6.239,6.435,10.48,13.05,14.8,10.27
P0A7Y4,8.265,8.745,5.515,6.098,7.524,7.568,6.316,6.816,4.976,3.942,5.642,6.65,3.314,4.037,3.719,3.942,4.061,4.072,5.132999999999999,3.02,7.593,7.572999999999999,6.438,4.488
P10442,11.83,9.567,8.515,9.249,10.74,10.59,12.06,10.78,11.68,5.519,10.8,12.07,4.282,5.492000000000001,4.112,5.519,3.744,4.989,9.75,13.37,14.37,9.798,9.374,11.47
P0AFW4,4.5360000000000005,4.238,3.5580000000000003,3.956,3.814,3.609,2.158,1.525,1.5319999999999998,0.629,1.42,2.333,2.039,3.085,2.489,0.629,2.575,2.857,1.812,0.7879999999999999,1.256,1.352,1.108,1.3119999999999998
P0A7Y8,63.53,68.68,27.1,43.24,42.18,54.22,30.34,29.05,30.13,25.51,35.01,46.5,10.08,14.29,9.671,25.51,11.51,12.99,43.94,33.07,35.22,41.54,33.84,36.04
P30014,6.041,3.924,2.63,3.772,3.874,4.092,4.559,4.019,4.0539999999999985,3.916,5.148,5.32,2.6060000000000003,2.327,2.229,3.916,2.279,2.525,3.69,3.809,5.941,5.689,5.021,6.511
P0ACI0,6.585,5.466,4.761,5.65,6.082999999999998,5.822,5.081,4.8,4.617,2.982,4.988,4.908,5.384,5.465,5.6610000000000005,2.982,7.059,6.072,5.617000000000001,5.8610000000000015,5.238,5.65,5.455,5.2360000000000015
P0AG07,5.79,7.659,5.101,6.801,8.169,7.237999999999999,6.292999999999998,6.8679999999999986,6.657,4.851,6.207000000000002,5.497999999999998,6.678,7.978,6.676,4.851,7.68,7.37,5.767,6.777,8.575,9.266,7.561,8.187000000000001
P0CG19,7.766,5.2010000000000005,4.452,4.15,5.559,4.2010000000000005,8.565,9.616,9.209,5.686,9.267,10.26,1.917,2.531,1.942,5.686,1.337,1.62,6.835,9.476,11.0,10.65,8.562000000000001,9.227
P0A7Z0,12.31,12.29,7.858,8.66,9.571,11.68,12.88,10.67,10.08,9.883,12.58,15.01,12.18,13.97,12.59,9.883,14.14,12.68,18.01,11.07,14.37,15.54,12.96,12.39
P37351,2.165,4.465,3.487,2.198,2.486,1.767,1.742,2.037,1.757,2.081,1.757,1.3219999999999998,2.966,2.511,2.187,2.081,2.466,2.852,1.528,1.621,1.889,1.796,1.5519999999999998,1.806
P0ACS7,3.703,8.64,4.563,4.144,4.841,3.07,1.999,3.208,2.0,2.312,1.666,3.304,8.736,7.026,4.651,2.312,6.692,9.589,1.523,1.423,3.295,2.299,2.2880000000000003,1.855
P0A7L0,157.0,146.2,90.27,85.25,110.9,108.8,117.0,136.4,126.7,96.21,106.9,121.8,55.35,71.81,52.09,96.21,57.55,57.42,114.0,160.8,118.7,99.05,136.9,107.6
P60422,114.3,122.6,68.81,80.92,84.9,95.37,92.23,90.06,89.19,62.12,90.38,95.77,44.61,65.68,45.24,62.12,53.38,52.8,86.54,106.7,87.13,96.05,102.1,91.53
P60438,136.8,123.9,100.0,79.65,103.1,99.63,107.9,120.6,113.4,83.13,99.41,106.5,50.76,68.96,49.88,83.13,56.05,52.96,107.7,158.6,111.6,98.23,129.7,104.8
P60723,136.4,147.4,102.4,98.59,106.3,111.4,120.5,135.4,128.0,90.7,115.7,113.5,53.61,72.6,51.42,90.7,63.15,58.92,119.9,175.2,121.5,101.8,144.6,113.4
P62399,148.8,148.4,100.0,106.7,121.6,127.1,132.8,139.9,136.4,99.15,124.1,132.8,59.93,86.35,69.4,99.15,76.16,71.75,138.3,196.7,136.4,124.8,143.6,119.9
P0AG55,132.9,124.8,74.73,86.54,96.05,98.61,104.5,116.5,105.5,80.27,98.56,110.3,48.25,69.23,50.02,80.27,61.53,55.89,111.9,157.0,114.1,101.3,114.9,91.22
P0A7R1,31.65,29.6,8.965,12.88,13.5,24.85,34.74,33.05,37.07,27.42,35.7,37.83,7.108,10.94,5.32,27.42,6.059,6.613,32.06,25.49,33.15,41.95,32.42,30.4
P0A7J3,136.6,127.6,92.14,92.89,94.28,105.1,114.4,131.1,131.5,96.91,105.2,126.6,54.41,71.71,58.53,96.91,69.27,61.94,110.1,156.6,123.9,90.17,149.0,109.4
P0A7J7,156.9,141.3,101.6,95.27,118.3,107.0,113.4,138.4,124.5,99.99,111.4,123.3,61.4,74.76,59.64,99.99,66.75,64.01,118.3,166.8,120.2,108.1,134.4,103.2
P0A7K2,140.6,129.0,87.29,75.15,89.0,89.83,93.66,109.7,107.5,79.51,86.92,100.4,47.7,58.08,47.95,79.51,55.12,49.49,89.59,137.0,101.0,72.66,116.7,91.25
P0AA10,133.9,158.6,87.91,98.21,113.2,121.1,119.8,172.1,119.4,106.8,112.8,140.9,52.29,73.94,51.7,106.8,59.27,58.1,143.1,204.7,138.5,133.8,175.6,106.9
P0ADY3,144.5,137.9,87.89,100.3,107.6,113.0,115.5,122.9,108.6,88.93,110.6,116.5,60.06,83.65,62.97,88.93,71.64,64.19,127.3,148.3,115.2,107.7,118.5,98.94
P02413,142.3,140.2,78.74,98.2,102.5,115.2,115.7,124.3,112.2,74.27,120.5,133.7,60.07,81.78,56.34,74.27,64.88,67.25,127.7,137.1,128.6,123.2,106.3,108.1
P0ADY7,139.2,124.7,99.5,79.06,82.35,96.52,112.7,129.3,99.52,86.69,101.1,109.1,50.38,65.31,48.26,86.69,56.33,57.56,113.0,192.3,120.3,100.6,137.8,93.32
P0AG44,81.14,97.09,37.76,43.11,54.44,58.86,78.72,81.35,83.26,59.73,73.37,88.64,37.99,48.23,29.95,59.73,35.26,41.09,71.25,60.56,77.7,68.63,83.01,62.69
P0C018,120.9,124.0,67.9,72.38,79.66,89.78,107.3,122.3,111.4,77.87,98.73,106.0,42.0,63.26,40.39,77.87,43.62,48.74,107.6,162.0,112.8,102.4,125.8,102.4
P0A7K6,49.65,55.0,22.28,32.95,26.61,44.41,79.53,64.31,76.9,57.79,83.45,86.38,17.76,25.54,15.55,57.79,18.73,20.33,66.75,53.08,79.69,71.55,72.86,58.43
P0A7L3,35.43,43.62,16.52,21.66,18.76,29.35,28.39,25.81,31.12,18.13,30.65,35.14,13.92,19.07,13.13,18.13,14.39,15.33,25.41,11.07,27.66,33.0,38.28,24.7
P0AG48,179.2,156.9,122.7,102.7,120.8,122.6,151.9,184.9,164.0,113.0,143.4,160.0,68.12,90.12,71.71,113.0,68.58,72.11,171.5,240.2,167.1,145.9,161.7,139.1
P61175,156.0,155.9,115.2,106.1,109.5,118.8,127.5,146.3,139.6,111.2,122.4,122.5,60.13,81.23,63.42,111.2,73.74,68.56,123.0,195.2,137.5,116.4,162.6,127.4
P0ADZ0,172.7,147.4,117.8,101.6,118.6,122.1,132.4,159.4,135.3,98.21,121.4,122.4,59.28,78.97,54.55,98.21,70.88,64.87,138.6,236.1,140.4,122.3,176.1,137.4
P60624,133.0,120.8,97.94,81.16,93.09,101.1,116.5,127.7,127.3,84.03,110.3,115.1,51.93,71.43,57.55,84.03,60.64,56.97,122.9,179.4,121.0,104.4,141.8,113.9
P68919,129.5,128.8,88.8,76.01,93.73,104.2,144.3,152.1,138.0,94.76,105.6,125.9,52.18,69.71,49.53,94.76,54.35,49.58,134.5,175.7,139.8,126.6,147.8,128.0
P0A7L8,49.9,36.79,25.94,20.86,25.51,31.03,45.31,51.28,54.08,29.11,52.65,55.91,15.61,20.17,13.64,29.11,10.87,17.5,48.78,68.18,56.18,50.51,47.52,51.42
P0A7M2,122.1,136.2,88.71,83.7,96.81,105.2,110.0,127.2,127.6,82.51,102.7,118.1,46.48,62.56,46.55,82.51,52.7,48.45,101.7,119.1,114.8,88.89,126.7,99.02
P0A7M6,66.99,71.58,34.08,41.26,35.33,47.65,62.9,57.41,73.26,45.66,69.44,76.12,21.05,30.55,18.47,45.66,23.65,26.06,61.29,58.78,66.17,74.45,59.02,63.77
P0AG51,98.52,98.67,44.01,57.7,58.69,74.25,80.18,77.38,83.22,42.13,83.15,81.75,35.0,51.0,31.25,42.13,35.65,39.03,80.05,92.27,86.45,87.31,91.89,82.2
P0A7M9,65.26,63.05,25.19,32.05,36.91,45.1,66.03,60.48,62.16,49.4,71.0,89.08,21.3,27.8,18.21,49.4,21.69,20.76,60.85,43.83,68.1,71.16,63.97,56.82
P0A7N4,54.06,48.38,27.69,31.92,27.61,41.84,58.75,59.12,58.0,48.44,74.8,85.6,15.98,23.2,16.14,48.44,16.04,18.6,54.66,34.95,70.71,61.03,52.16,45.61
P0A7N9,85.32,116.0,42.91,69.17,70.14,91.42,81.54,79.67,91.56,60.58,86.22,108.1,35.75,52.13,35.71,60.58,45.79,38.77,69.4,39.36,81.36,73.51,82.07,56.51
P0A7P5,86.44,82.53,47.1,50.75,61.91,68.98,55.48,53.56,58.86,45.81,62.84,82.35,20.47,27.8,20.18,45.81,21.68,23.1,81.03,65.93,67.1,65.47,69.88,64.4
P0A7Q1,61.23,82.76,31.47,58.07,46.41,68.55,62.35,62.49,62.17,45.5,69.75,96.87,32.89,41.7,30.11,45.5,34.26,37.56,65.28,33.0,82.01,80.2,65.81,49.42
P0A7Q6,142.4,145.5,98.73,108.0,110.1,116.6,122.3,145.4,118.1,75.42,107.5,120.8,65.75,88.44,67.02,75.42,71.17,71.78,125.0,201.1,124.6,118.0,112.7,107.9
P0A7Z4,147.8,137.1,101.5,93.38,110.1,108.7,119.0,151.3,137.2,100.9,119.2,132.5,62.0,77.12,63.66,100.9,65.53,68.63,131.6,164.1,134.1,115.7,129.0,110.7
P0A8V2,78.98,71.19,45.42,43.62,47.14,48.84,51.86,57.37,61.86,41.21,54.58,52.57,27.55,35.65,23.92,41.21,27.83,31.39,43.43,49.17,60.81,51.4,61.91,57.22
P0A8T7,12.54,14.46,6.635,10.71,9.441,10.74,12.75,12.29,13.92,10.87,15.22,15.77,7.362999999999999,7.7879999999999985,6.271,10.87,7.041,8.334,10.8,14.74,15.84,15.86,17.83,14.77
P00579,16.83,14.42,9.865,9.848,13.06,12.01,14.62,15.51,15.13,12.77,13.95,12.35,7.547999999999999,11.46,8.716000000000001,12.77,9.038,9.055,11.96,10.51,16.29,11.49,18.68,16.03
P0AGB6,13.08,14.19,16.0,10.56,12.76,10.99,11.91,12.15,12.71,10.12,11.8,13.97,26.32,24.84,14.95,10.12,19.01,24.24,18.75,13.37,13.58,10.64,12.75,11.59
P0AGB3,5.819,6.303,3.9,4.431,3.861,4.481,6.5070000000000014,6.055,6.731,4.895,6.683,6.77,5.449,6.768,6.011,4.895,5.742000000000001,5.759,12.0,12.79,7.36,8.251,7.255,6.034
P24255,23.53,22.88,25.34,22.71,26.13,22.6,19.76,21.02,19.61,13.34,18.98,19.22,18.66,19.44,18.38,13.34,20.13,19.52,17.35,16.81,19.78,23.5,20.37,20.23
P13445,7.845,8.724,11.59,15.33,12.31,13.99,11.1,10.78,8.149,7.615,9.832,10.33,15.06,17.74,17.25,7.615,19.72,20.3,9.519,9.612,8.765,10.67,7.827000000000001,8.183
P0A800,34.06,35.67,25.8,31.99,34.61,31.6,44.94,45.86,41.12,28.5,44.68,46.29,16.46,19.09,17.34,28.5,17.88,17.08,37.65,29.83,47.63,53.81,44.53,41.17
P0AG67,120.5,137.8,100.0,85.74,99.05,96.66,118.0,149.9,127.1,81.17,104.5,117.8,55.68,67.46,52.51,81.17,56.49,57.13,118.7,181.6,135.5,110.3,147.7,112.2
P0A7V0,83.46,93.55,67.58,55.4,69.22,70.14,77.15,79.86,81.3,54.29,67.82,77.3,37.74,51.77,37.34,54.29,35.41,40.94,80.81,86.64,89.7,75.65,93.75,60.49
P0A7V3,138.0,138.6,98.72,95.12,97.07,106.2,111.9,130.6,132.4,84.54,108.9,107.6,55.12,76.86,55.56,84.54,63.95,64.36,115.2,174.6,122.3,108.5,145.2,118.1
P0A7V8,126.6,138.4,91.27,86.61,99.1,108.7,105.1,137.8,123.4,75.71,97.67,113.5,56.84,78.66,62.69,75.71,50.61,63.93,120.7,154.8,127.4,115.9,104.1,102.9
P0A7W1,125.7,132.1,69.09,78.57,81.38,93.32,105.1,119.5,107.3,72.2,92.51,103.1,44.51,64.56,48.35,72.2,51.27,51.54,102.7,126.5,109.4,98.18,116.6,100.6
P02358,105.3,106.9,49.51,64.39,70.45,86.3,74.56,78.5,82.38,59.69,73.56,76.39,30.7,46.23,26.06,59.69,31.03,32.88,74.12,97.83,79.91,85.64,87.4,81.43
P02359,128.6,139.1,97.42,88.36,100.7,92.28,119.3,139.5,118.6,86.22,105.0,120.4,55.87,75.22,69.37,86.22,70.78,60.89,128.4,155.6,112.2,107.8,136.5,97.63
P0A7W7,131.4,139.7,78.55,88.92,101.0,111.8,126.6,135.0,125.4,97.31,112.4,125.8,50.65,73.45,50.51,97.31,57.51,57.17,130.5,172.0,137.6,124.8,144.7,117.8
P0A7X3,104.4,105.3,55.21,58.28,69.58,72.95,88.35,96.87,89.06,57.17,86.57,99.55,35.77,46.08,29.25,57.17,32.13,36.07,99.49,97.59,96.77,94.59,97.13,79.97
P0A7R5,144.6,150.3,109.5,101.7,118.2,112.6,117.9,150.6,120.9,96.07,103.2,108.5,56.05,72.68,51.37,96.07,66.46,62.37,127.0,191.8,129.2,113.3,158.5,114.0
P0A7R9,137.6,135.2,96.16,95.18,104.0,107.7,123.7,144.3,132.6,84.89,114.5,126.2,58.41,77.02,65.26,84.89,63.61,66.73,130.7,162.3,133.6,121.7,117.1,115.7
P0A7S3,155.0,135.1,91.6,83.25,104.8,100.2,126.2,135.5,123.9,89.17,115.4,131.9,61.88,77.72,63.17,89.17,67.81,68.33,123.7,128.6,125.9,113.1,115.7,97.99
P0A7S9,159.9,153.6,91.29,99.65,114.8,111.4,114.9,128.6,105.9,64.2,108.2,124.4,61.51,77.31,59.06,64.2,63.97,65.94,126.3,147.0,125.1,123.8,98.82,99.33
P0AG59,152.8,143.0,86.62,90.77,106.3,104.0,126.5,141.5,132.9,98.3,113.5,120.0,49.31,68.12,49.36,98.3,51.31,54.29,134.6,190.7,141.4,119.5,148.7,124.4
P0ADZ4,22.29,26.9,11.6,12.08,13.71,22.23,34.85,32.95,40.0,23.61,41.24,41.62,8.305,11.01,6.778,23.61,6.962999999999999,7.886,33.25,27.71,35.54,36.36,40.45,34.58
P0A7T3,107.9,91.07,66.6,56.67,80.74,73.01,93.95,108.1,96.87,83.02,93.27,102.5,31.72,42.08,27.46,83.02,30.6,31.7,92.28,132.0,102.0,83.71,116.3,89.75
P0AG63,135.2,124.4,77.54,62.25,70.46,75.17,108.9,118.3,112.1,84.56,101.8,107.2,36.95,49.92,27.18,84.56,32.65,36.43,106.0,139.3,112.3,103.4,121.4,107.1
P0A7T7,101.2,105.2,41.25,58.86,71.02,77.94,86.02,85.89,80.82,61.7,76.35,89.62,31.52,49.26,22.25,61.7,34.11,31.57,81.47,93.21,89.78,84.37,92.67,80.77
P0A7U3,170.6,169.3,105.5,122.4,119.9,137.4,125.5,128.8,121.1,98.77,127.5,138.2,65.69,92.72,65.33,98.77,80.76,75.62,130.9,128.7,134.5,143.6,136.4,118.2
P0A7U7,55.81,35.83,25.9,24.92,26.92,30.99,97.17,111.4,105.3,86.21,104.7,110.9,15.57,20.81,10.89,86.21,9.835,14.65,88.11,108.1,86.84,66.18,100.4,74.32
P68679,93.35,82.71,46.12,51.87,60.51,68.52,78.91,96.03,87.42,66.72,80.42,95.85,26.03,35.74,23.29,66.72,26.72,25.76,71.33,49.74,84.27,78.01,94.23,72.47
P68191,3.609,3.347,9.077,5.279,6.89,4.8439999999999985,3.283,4.724,5.408,3.486,4.186,3.253,15.31,13.21,16.29,3.486,14.07,11.71,22.49,25.25,3.287,3.874,4.734,4.291
P0AFX7,13.08,17.87,19.0,21.41,18.84,14.23,18.79,17.65,15.37,14.62,16.76,23.75,30.82,28.94,19.46,14.62,26.63,30.81,30.31,22.28,19.74,22.65,18.94,18.25
P0AFX9,4.175,5.272,10.02,6.43,6.431,6.182,6.455,7.457000000000002,7.261,5.551,7.207999999999998,6.11,7.077000000000001,6.352,4.896,5.551,7.063,8.53,8.061,5.9129999999999985,7.257999999999999,6.827000000000001,6.559,6.732
P46187,5.104,4.097,7.542999999999998,4.667,4.837,4.285,3.897,4.407,4.636,4.093,4.455,3.962,4.178,3.201,2.98,4.093,3.342,4.365,5.155,5.864,5.385,3.682,5.999,6.735
P38104,0.0613,0.0363,0.0236,0.104,0.0414,0.122,0.0328,0.0246,0.0382,0.0565,0.0215,0.013,0.422,0.419,0.29100000000000004,0.0565,0.376,0.355,0.0155,0.0333,0.02,0.0183,0.0219,0.0341
P38105,0.0306,0.0727,0.08199999999999999,0.015,0.0218,0.0135,0.0421,0.11,0.16,0.175,0.213,0.0458,0.275,0.293,0.205,0.175,0.198,0.212,0.0439,0.036000000000000004,0.0992,0.138,0.041,0.112
P52108,3.755,5.314,5.1160000000000005,5.337999999999999,6.12,5.7970000000000015,1.912,2.738,2.734,1.781,2.77,3.275,4.97,5.5710000000000015,5.176,1.781,4.831,5.6720000000000015,1.083,1.171,2.879,3.427,1.754,2.872
P18392,3.198,2.477,3.292,2.8280000000000003,4.024,3.509,2.005,2.761,2.425,1.653,2.445,2.629,3.055,2.883,2.918,1.653,2.495,2.53,0.954,1.229,2.6180000000000003,2.86,1.503,2.37
P0AA43,11.58,9.915,5.985,6.308,7.622000000000001,9.17,7.055,8.286,9.0,4.31,7.403,8.582,4.527,6.7429999999999986,5.1160000000000005,4.31,5.422999999999999,5.441,9.238,7.981,8.171,9.346,7.207999999999998,7.866
P46850,2.56,2.003,1.984,2.087,1.993,1.618,2.47,2.551,2.232,3.0780000000000003,2.3080000000000003,1.587,1.941,1.703,1.577,3.0780000000000003,1.5659999999999998,1.633,2.514,2.847,2.9560000000000004,2.56,2.849,2.7110000000000003
P38035,0.77,0.257,0.463,0.581,0.334,0.423,0.363,0.306,0.446,0.7140000000000001,0.654,0.565,0.361,0.457,0.35100000000000003,0.7140000000000001,0.34600000000000003,0.362,0.511,0.379,0.418,0.628,0.32299999999999995,0.314
P76446,1.636,1.402,1.984,1.814,1.802,1.546,1.279,0.875,1.052,0.887,1.3,1.0590000000000002,1.209,1.493,1.168,0.887,1.16,1.418,1.118,0.879,1.1740000000000002,1.106,0.959,1.153
P0AG74,0.821,0.537,0.47,0.522,0.371,0.258,0.574,0.5920000000000001,0.58,1.5490000000000002,0.715,0.484,0.608,0.652,0.436,1.5490000000000002,0.6970000000000001,0.503,0.324,0.456,0.623,0.502,0.642,0.5660000000000001
P0A809,8.599,8.986,6.394,5.912000000000001,6.528,5.733,6.664,6.9689999999999985,7.188,5.289,6.336,7.524,6.166,6.565,4.375,5.289,5.287000000000001,5.635,15.52,13.78,7.776,7.301,8.992,6.763
P0A812,4.44,3.599,3.41,3.1460000000000004,3.445,3.723,2.051,2.469,2.864,2.4330000000000003,2.639,2.127,3.219,3.4810000000000003,3.25,2.4330000000000003,3.454,3.665,5.521,8.988999999999997,2.9730000000000003,2.509,2.009,2.387
P0A814,16.81,15.86,9.438,12.84,13.0,13.29,16.4,17.29,16.31,10.17,16.39,21.77,7.041,8.79,6.738,10.17,6.276,8.449,24.08,15.82,20.17,23.78,12.0,15.25
P0AFY2,2.585,2.466,1.707,1.3530000000000002,1.4280000000000002,1.358,1.745,2.172,2.073,1.175,2.235,2.6010000000000004,1.388,1.616,1.324,1.175,1.42,1.7519999999999998,1.872,2.028,2.343,2.264,2.057,2.278
Q47622,4.453,3.443,3.0210000000000004,2.966,3.703,3.524,4.173,3.946,3.88,2.517,3.628,4.481,2.271,2.8310000000000004,2.438,2.517,2.565,2.86,3.666,3.816,3.695,4.694,3.752,4.782
P0AGH3,2.469,1.538,1.5630000000000002,1.433,1.578,1.642,2.181,2.091,2.383,1.046,2.112,2.245,1.027,1.332,1.271,1.046,1.204,1.395,1.735,1.864,1.849,2.173,1.626,2.2880000000000003
P0AGH5,3.458,3.2460000000000004,2.712,2.927,2.846,3.281,3.325,2.75,3.747,1.653,2.732,2.584,2.056,2.345,2.1830000000000003,1.653,2.105,1.925,2.793,3.3360000000000003,3.14,3.643,2.54,3.366
P0AAH4,2.406,2.462,1.726,1.846,2.156,2.265,2.688,2.656,2.687,1.25,2.309,2.719,2.151,2.7510000000000003,1.92,1.25,2.056,2.206,2.143,2.177,2.593,2.8110000000000004,1.629,2.611
P0AAH8,2.198,2.318,1.948,2.233,2.126,2.623,3.3480000000000003,2.351,2.95,1.672,2.539,3.4730000000000003,1.632,1.837,1.863,1.672,1.826,1.862,1.976,2.823,3.013,2.779,3.0210000000000004,3.305
P04995,3.219,3.128,2.786,3.111,3.095,3.312,2.115,2.838,2.814,2.5780000000000003,3.259,3.209,2.521,3.102,2.472,2.5780000000000003,2.919,2.923,2.259,2.651,2.983,3.294,3.275,3.725
P13458,2.133,2.015,1.526,1.97,1.843,1.513,2.051,1.935,1.252,2.008,1.858,1.962,1.6969999999999998,1.72,1.709,2.008,1.802,1.495,1.713,1.6569999999999998,2.329,2.09,2.446,1.947
P0AG76,3.165,2.603,1.85,2.232,2.487,2.263,3.006,3.257,2.884,2.942,2.846,3.03,2.147,2.299,1.946,2.942,2.333,2.446,1.919,2.116,3.295,3.838,3.956,2.838
P27253,0.504,0.438,0.241,0.614,0.61,0.7090000000000001,0.161,0.21600000000000005,0.496,1.006,0.29100000000000004,0.368,0.7509999999999999,0.491,0.568,1.006,0.733,0.7340000000000001,0.443,0.493,0.426,0.251,0.221,0.454
P0AFY6,1.254,2.101,2.135,1.866,2.164,2.5610000000000004,1.138,0.841,1.075,0.439,0.946,0.945,1.879,1.2919999999999998,1.281,0.439,1.016,1.585,0.763,0.4370000000000001,1.18,0.7,0.868,0.585
P33012,2.139,2.516,2.215,1.631,2.11,2.043,1.692,1.811,1.587,1.547,1.63,1.891,7.981,8.182,4.431,1.547,4.637,4.735,4.981,6.432,1.579,1.732,1.887,1.911
P0AG78,0.444,0.8079999999999999,0.7929999999999999,0.47,0.547,0.725,1.146,1.48,1.118,1.463,0.818,0.7340000000000001,0.706,0.546,0.7909999999999999,1.463,0.537,0.521,0.943,1.357,0.88,1.185,1.823,1.265
P16095,3.567,3.908,2.772,4.0680000000000005,3.447,4.748,1.905,2.166,2.02,1.477,2.492,2.717,3.507,5.016,3.948,1.477,4.993,4.5,5.038,4.26,2.2,3.247,1.848,2.11
P30744,14.8,21.57,5.55,11.04,9.369,15.13,8.908999999999997,8.44,8.216000000000001,7.838999999999999,10.35,10.26,7.721,11.74,5.966,7.838999999999999,7.983,8.896,6.009,3.775,10.93,11.84,10.33,8.043
P0AAD6,100.5,104.0,53.3,57.76,64.79,73.26,51.16,49.73,49.8,41.82,54.03,51.12,43.1,62.45,41.03,41.82,49.93,53.18,34.9,35.11,53.86,56.36,55.08,52.02
P0AC41,63.95,52.11,74.79,60.87,56.81,46.19,5.504,5.549,5.914,3.076,3.901,4.477,50.48,46.54,62.48,3.076,69.38,61.97,3.855,4.9510000000000005,6.726,6.34,6.511,6.047999999999999
P07014,12.08,14.7,18.74,21.53,16.16,14.16,1.902,1.582,1.66,0.769,1.662,2.211,19.03,14.49,26.95,0.769,25.92,30.75,1.711,1.227,1.954,2.551,1.723,1.551
P69054,31.52,51.42,35.83,31.87,33.0,28.31,2.01,2.3,1.975,1.366,1.34,2.06,38.89,43.22,46.85,1.366,45.1,45.03,1.903,1.803,1.963,2.167,2.269,2.009
P0AC44,61.42,77.38,75.76,51.03,57.99,44.68,4.618,4.776,5.5360000000000005,2.462,3.319,4.377,60.49,61.1,68.65,2.462,66.58,66.68,3.489,3.452,5.629,4.269,4.856,4.511
P07026,4.119,4.15,4.934,3.342,4.17,3.117,3.924,4.4430000000000005,5.019,2.3080000000000003,3.873,4.511,3.063,3.173,2.927,2.3080000000000003,2.415,2.887,2.7,3.285,4.619,4.29,3.967,4.561
P10408,12.04,8.94,12.1,9.846,11.43,10.05,13.31,13.92,14.52,13.12,17.75,16.18,5.466,5.61,5.5470000000000015,13.12,5.434,5.916,12.46,11.69,18.47,17.08,14.7,12.96
P0AG86,21.49,31.41,22.55,29.08,29.68,28.5,15.87,17.69,14.27,10.98,16.54,22.06,26.41,27.78,29.4,10.98,29.97,33.3,15.39,10.92,19.69,24.8,12.93,16.42
P0AG90,9.925,12.62,8.873,8.094,11.8,11.24,14.0,12.2,13.03,8.099,13.09,13.28,6.649,7.43,5.888,8.099,5.3420000000000005,6.522,10.25,8.545,16.58,15.8,13.44,10.66
P0AG96,45.99,51.04,21.76,30.95,31.46,40.51,32.47,29.43,30.01,26.37,34.58,41.92,13.52,19.12,13.82,26.37,15.97,16.71,30.22,19.55,37.51,43.03,32.03,29.81
P0AG93,4.398,6.854,3.372,4.6930000000000005,5.079,7.362,6.7170000000000005,5.434,6.27,2.585,7.26,8.988,3.837,4.206,3.4360000000000004,2.585,3.137,3.82,4.682,2.587,7.957000000000002,8.353,5.39,4.299
P0AG99,27.1,29.83,19.18,19.82,21.61,21.93,33.38,35.24,42.0,24.59,36.57,48.96,11.6,14.86,12.07,24.59,12.27,14.78,34.06,33.22,37.56,32.5,41.42,35.54
P0A821,6.9129999999999985,5.914,5.497999999999998,5.017,6.487,5.574,9.468,10.42,9.576,8.328,9.377,8.767000000000001,5.563,6.254,5.314,8.328,5.468,5.86,5.324,5.435,10.89,12.57,10.26,10.88
P14081,1.671,1.166,0.943,1.214,1.291,1.459,2.265,1.978,1.851,2.063,2.421,2.584,1.272,1.902,1.6980000000000002,2.063,1.981,1.379,1.4380000000000002,1.679,2.419,3.1060000000000003,2.479,2.6830000000000003
P16456,14.21,13.22,11.55,13.18,12.91,13.01,13.26,14.69,12.23,10.85,12.26,13.4,9.474,11.07,9.357,10.85,11.69,11.93,14.47,18.54,17.52,19.09,18.16,17.47
P0AFY8,16.58,19.24,13.67,16.71,16.16,17.2,18.19,18.25,18.32,8.249,16.72,23.48,13.63,15.37,14.5,8.249,16.18,15.02,23.55,18.49,18.48,22.76,13.35,16.05
P0A9T0,3.047,2.024,8.703,7.055,6.702000000000001,5.346,2.65,2.5580000000000003,3.036,2.844,2.3480000000000003,2.207,3.369,2.708,3.723,2.844,3.708,3.437,2.707,2.948,2.802,2.806,2.907,2.9330000000000003
P0AGB0,7.346,7.284,8.231,6.6960000000000015,9.294,6.596,9.413,10.3,8.749,7.332999999999998,8.207,8.735,4.725,4.9030000000000005,4.29,7.332999999999998,4.676,5.267,11.45,12.68,10.04,8.292,11.88,11.81
P23721,5.5870000000000015,5.157,7.601,8.312000000000001,8.272,7.015,4.547,4.035,4.454,2.9330000000000003,3.37,4.919,4.836,5.39,5.767,2.9330000000000003,5.294,5.997000000000001,3.679,3.267,5.624,5.129,4.657,4.664
P0A8L1,9.735,8.851,13.82,15.0,14.33,12.77,5.67,4.591,6.666,6.1960000000000015,5.917000000000002,5.7810000000000015,6.957999999999998,5.976,6.394,6.1960000000000015,7.94,7.349,6.5779999999999985,5.501,6.457999999999998,7.447999999999999,7.845,5.459
P0AAA5,0.292,0.607,0.276,0.411,0.336,0.412,0.657,0.6940000000000001,0.615,0.374,0.618,1.122,0.402,0.482,0.466,0.374,0.411,0.326,0.574,0.877,0.682,0.6,1.148,0.531
P26616,10.47,8.652999999999999,7.329,9.862,9.675,12.44,3.756,3.759,3.846,3.263,4.552,4.65,7.274,8.408,7.803,3.263,8.222999999999999,8.272,4.522,5.013,4.387,5.122000000000001,4.24,5.283
P33643,10.57,11.59,5.447,7.284,7.108,9.855,8.68,7.84,8.281,5.363,11.4,11.96,4.03,5.865,4.932,5.363,5.242000000000001,6.106,8.558,5.0680000000000005,10.15,11.8,7.106,8.706
P0ABW5,0.179,0.0651,0.226,0.135,0.133,0.0723,0.24,0.171,0.165,0.35200000000000004,0.18,0.0503,0.215,0.199,0.161,0.35200000000000004,0.163,0.0731,0.22,0.26,0.228,0.214,0.0474,0.115
P77249,0.15,0.0379,0.0745,0.0991,0.0609,0.0355,0.276,0.142,0.12,0.273,0.162,0.0915,0.166,0.0562,0.0136,0.273,0.0431,0.0626,0.118,0.227,0.174,0.0844,0.08199999999999999,0.103
P77468,0.0551,0.0696,0.0217,0.124,0.0241,0.0208,0.214,0.134,0.136,0.196,0.203,0.14400000000000002,0.0722,0.147,0.0315,0.196,0.0431,0.141,0.0611,0.0693,0.0696,0.105,0.0692,0.168
P38052,0.0842,0.0606,0.223,0.109,0.239,0.0943,0.353,0.22,0.25,0.528,0.312,0.0946,0.329,0.185,0.0673,0.528,0.0945,0.0592,0.177,0.0587,0.0583,0.0951,0.0966,0.0894
P75715,0.0322,0.0651,0.0462,0.0564,0.0322,0.0331,0.114,0.0624,0.0545,0.115,0.0659,0.0702,0.0592,0.118,0.0572,0.115,0.0614,0.0452,0.0534,0.052000000000000005,0.105,0.0669,0.0574,0.0362
P0A823,9.426,7.903,16.05,7.567,11.2,7.677,6.702000000000001,6.557,7.316,3.926,5.511,8.63,10.7,6.734,9.528,3.926,6.72,10.06,8.836,11.81,7.127000000000002,4.465,4.62,6.544
P69822,0.5329999999999999,0.322,1.132,1.439,0.914,0.8340000000000001,0.509,0.484,0.397,1.266,0.48,0.237,2.496,2.11,2.584,1.266,2.797,3.25,1.321,1.188,0.989,0.769,1.225,0.92
P39306,0.28,0.289,0.726,0.871,0.763,0.878,0.519,0.305,0.168,0.777,0.503,0.439,0.736,0.731,1.053,0.777,1.125,0.944,0.628,0.748,0.16899999999999998,0.5,0.203,0.181
P39304,1.306,0.613,1.169,1.327,1.147,1.115,1.016,1.367,0.775,1.4409999999999998,0.97,0.8220000000000001,1.194,1.222,1.453,1.4409999999999998,1.492,1.571,0.958,1.788,1.052,0.972,1.6769999999999998,1.278
P39301,0.482,0.542,0.644,0.523,0.455,0.62,0.447,0.464,0.49,0.8370000000000001,0.392,0.403,0.91,1.003,0.951,0.8370000000000001,0.8029999999999999,0.866,0.66,0.797,0.486,0.434,0.33,0.35
P39305,1.68,1.319,1.6569999999999998,1.875,1.953,1.94,1.418,1.725,1.439,2.68,1.722,1.296,2.074,1.293,2.309,2.68,2.347,2.307,1.977,2.819,1.651,2.03,2.139,1.847
P37680,0.124,0.253,0.436,0.602,0.475,0.349,0.253,0.13699999999999998,0.103,1.176,0.429,0.557,0.5720000000000001,0.496,0.55,1.176,0.642,0.624,0.33,0.125,0.599,0.525,0.128,0.116
P37678,0.871,0.622,0.7759999999999999,0.787,0.503,0.703,1.208,0.804,0.78,1.199,0.809,0.841,0.735,0.634,0.665,1.199,0.624,0.713,0.725,1.196,0.685,0.833,0.95,0.893
P37679,0.35100000000000003,0.309,0.88,0.597,0.728,0.502,0.8590000000000001,0.64,0.547,1.209,0.672,0.547,0.935,0.62,0.787,1.209,0.667,0.685,0.63,0.613,0.657,0.6729999999999999,0.8240000000000001,0.774
P39363,0.622,0.6990000000000001,0.828,0.713,0.664,0.899,1.178,1.068,0.825,0.997,0.933,0.79,1.214,1.253,1.5530000000000002,0.997,1.744,1.651,0.985,0.897,1.007,1.07,1.056,0.8740000000000001
P39365,1.017,0.836,0.718,0.682,0.7340000000000001,0.778,1.41,0.974,0.74,1.472,1.045,0.858,1.019,0.752,1.116,1.472,1.162,1.036,1.232,1.46,0.888,0.684,1.3230000000000002,0.875
P39362,0.239,0.218,0.396,0.396,0.413,0.343,0.21,0.6409999999999999,0.498,1.033,0.728,0.602,0.846,0.733,1.018,1.033,1.008,0.8540000000000001,0.5589999999999999,0.631,0.722,0.525,0.485,0.7070000000000001
P39364,0.109,0.269,0.0915,0.172,0.153,0.42,0.7340000000000001,0.6,0.6729999999999999,0.7120000000000001,0.727,0.5489999999999999,0.585,0.391,0.618,0.7120000000000001,0.716,0.79,0.67,0.8759999999999999,0.629,0.605,0.754,0.706
P39361,0.225,0.156,0.0792,0.226,0.213,0.263,0.362,0.322,0.358,0.601,0.342,0.34600000000000003,0.416,0.381,0.403,0.601,0.422,0.381,0.319,0.34,0.36,0.329,0.279,0.312
P39366,0.343,0.383,0.393,0.404,0.267,0.37,0.485,0.429,0.319,0.609,0.263,0.156,1.452,1.159,1.475,0.609,1.994,1.992,0.35600000000000004,0.392,0.307,0.217,0.15,0.142
P76350,1.45,1.464,2.645,1.419,2.264,1.226,1.246,1.7380000000000002,1.61,1.1,1.147,1.24,1.275,1.202,1.393,1.1,0.8440000000000001,0.969,1.013,0.981,1.507,1.7280000000000002,0.8029999999999999,1.64
P38392,0.0904,0.0893,0.0886,0.109,0.046,0.0306,0.425,0.378,0.344,0.242,0.319,0.31,0.301,0.29100000000000004,0.221,0.242,0.131,0.21600000000000005,0.32299999999999995,0.379,0.348,0.235,0.241,0.252
P37194,0.136,0.259,0.175,0.273,0.35600000000000004,0.19,0.557,0.7490000000000001,0.593,0.49,0.636,0.632,2.357,2.736,3.1910000000000003,0.49,2.908,3.135,0.7090000000000001,0.517,0.6509999999999999,0.723,0.526,0.457
P0AEM0,11.89,10.68,13.24,13.58,15.31,13.08,7.438,8.654,11.4,9.815,11.33,9.743,5.87,7.484,6.5760000000000005,9.815,6.334,8.166,5.425,7.2429999999999986,10.37,6.407,13.95,7.936
P0AGC3,1.651,2.061,2.611,2.193,3.053,2.724,3.465,3.424,3.592,2.387,3.466,3.1860000000000004,4.086,4.5939999999999985,5.03,2.387,5.322,4.415,4.026,3.109,3.783,3.956,3.464,3.277
P0A8W2,3.752,4.0760000000000005,4.132,3.408,4.047,4.356,5.4,8.541,7.515,4.912,6.171,10.62,4.789,6.122999999999998,4.801,4.912,3.754,5.051,8.426,8.587,9.306,10.65,5.827000000000001,8.362
P0A905,57.22,57.61,41.32,45.63,50.33,59.64,46.86,52.68,56.45,38.96,58.37,65.3,37.32,47.94,37.53,38.96,45.25,43.38,40.52,24.81,58.23,45.79,59.45,44.73
P0A9K9,33.16,31.93,24.07,19.54,23.91,22.28,21.57,19.97,21.66,13.66,19.81,26.15,12.71,13.35,11.64,13.66,10.9,12.45,21.86,22.45,24.01,22.15,25.28,25.7
P0A8R4,5.441,4.716,4.051,3.406,4.1389999999999985,4.214,11.03,12.4,11.74,10.41,11.63,14.6,3.903,4.3610000000000015,3.199,10.41,3.338,3.451,10.94,9.023,11.55,12.83,11.78,10.66
P0A828,11.74,14.95,17.52,14.98,18.52,14.58,9.448,9.83,10.18,6.778,9.262,11.56,15.35,15.67,15.61,6.778,16.35,15.54,11.09,12.35,10.14,11.2,10.09,10.42
P0AGC7,3.879,4.38,5.347,3.888,5.377999999999999,3.96,5.1720000000000015,5.23,4.442,3.591,4.218,5.56,5.351,5.138,4.873,3.591,4.872,5.557,6.269,6.729,5.945,6.291,5.452000000000001,5.806
P0A937,6.62,9.152,8.139,7.537000000000001,7.483,8.715,11.18,13.09,11.44,4.629,9.536,13.19,7.136,9.495,6.421,4.629,5.448,5.646,19.41,16.15,13.1,11.9,6.271,5.871
P0A832,15.09,17.08,10.57,11.97,13.76,14.46,12.91,14.38,11.16,7.8370000000000015,13.5,17.08,7.198,9.255,7.176,7.8370000000000015,7.857,7.555,21.84,14.53,14.78,17.36,8.179,13.16
P24554,6.6720000000000015,4.868,7.223,4.601,5.8,4.803,6.51,7.131,6.898,5.1770000000000005,6.865,6.294,4.738,4.722,4.44,5.1770000000000005,4.38,4.759,6.545,10.95,6.745,6.573,7.324,8.596
P36566,21.61,22.08,16.15,19.12,17.6,18.24,15.97,13.65,13.25,6.924,12.61,15.69,12.27,11.88,11.84,6.924,11.86,13.36,10.96,7.38,12.84,17.67,9.351,14.92
P00448,52.83,59.83,44.47,49.69,53.44,55.64,26.92,25.19,27.07,15.87,24.92,34.1,17.33,18.54,16.01,15.87,16.08,17.86,46.32,37.81,34.18,24.67,30.58,27.09
P0AGD3,32.41,31.44,23.03,24.93,29.57,29.69,54.05,60.76,59.38,30.28,53.91,70.28,47.01,57.07,49.29,30.28,53.56,50.89,56.78,52.77,65.16,57.99,57.45,51.83
P0AGD1,1.721,1.279,1.735,1.4369999999999998,1.664,1.4369999999999998,0.763,1.352,0.8690000000000001,1.112,0.936,1.085,2.036,1.79,2.55,1.112,2.113,2.271,2.108,1.867,1.031,1.286,1.031,1.238
P15373,4.311,3.278,4.393,3.0210000000000004,3.737,2.954,8.798,10.43,9.178,6.812,9.77,11.75,5.164,5.53,4.916,6.812,4.852,5.608,7.682,6.881,9.17,11.16,9.407,9.222
P0AG14,5.738,4.607,5.57,3.837,4.602,4.231,5.4529999999999985,6.957000000000002,6.627000000000002,4.63,5.242000000000001,5.96,4.081,4.284,3.711,4.63,3.24,3.799,6.904,6.495,7.322,6.71,5.391,6.073
P40874,3.544,2.931,4.099,3.313,3.4210000000000003,3.062,2.52,3.196,3.153,1.997,2.757,2.6060000000000003,2.164,2.576,2.091,1.997,2.097,2.411,2.451,2.9930000000000003,3.499,3.192,3.3280000000000003,3.257
P0ACS2,1.2990000000000002,1.105,0.875,0.779,0.902,0.897,1.913,1.989,2.257,1.796,2.222,2.3480000000000003,1.034,1.151,1.099,1.796,1.17,1.243,1.855,1.979,2.15,1.002,2.104,1.686
P0A9E2,3.737,4.204,3.971,3.579,3.209,3.036,3.3680000000000003,3.273,3.398,2.664,3.263,4.137,3.988,4.3039999999999985,4.671,2.664,4.729,4.96,7.096,4.412,4.118,2.732,2.727,3.057
P21170,17.88,17.51,14.47,12.8,14.29,16.01,4.3,4.517,5.165,2.564,5.775,4.452,2.464,4.311,2.351,2.564,2.253,2.642,4.833,4.183,5.138,5.011,4.6960000000000015,5.303
P60651,26.56,23.23,16.6,12.66,16.83,14.75,12.54,14.25,12.98,7.849,11.34,10.39,5.957999999999998,6.331,4.331,7.849,5.114,6.073,12.97,17.25,16.08,14.19,15.06,16.94
P21169,1.764,1.505,0.8809999999999999,1.402,1.336,1.531,1.096,1.314,1.115,1.317,1.589,1.974,0.937,1.149,0.638,1.317,1.008,1.005,1.253,1.153,1.689,1.855,1.366,1.4069999999999998
P0A7F6,39.18,36.14,21.74,19.18,26.2,26.4,15.54,18.69,23.14,16.01,22.15,23.11,5.689,8.713,5.04,16.01,4.862,6.002999999999999,14.68,14.16,18.63,13.0,22.08,15.75
P09158,38.77,39.05,20.14,20.5,27.5,28.7,17.47,18.32,21.84,16.71,22.07,22.88,5.712999999999999,10.05,5.287000000000001,16.71,5.849,7.037000000000001,14.87,13.07,19.19,16.88,19.49,11.68
P24169,0.355,0.574,0.5529999999999999,0.409,0.529,0.353,0.667,0.455,0.7040000000000001,0.476,0.477,0.513,0.422,0.369,0.483,0.476,0.398,0.388,0.58,0.579,0.377,0.477,0.38,0.606
P0A951,9.516,10.13,7.617000000000001,7.742000000000001,12.45,8.796,16.26,15.01,13.94,8.487,10.94,16.58,17.9,22.53,16.99,8.487,16.13,18.62,9.373,9.105,16.04,15.72,12.89,14.17
P0AG24,20.75,21.25,13.39,18.43,20.16,21.6,21.19,22.9,22.44,16.18,21.59,22.3,8.589,12.83,9.024,16.18,10.53,10.77,13.56,14.08,23.12,26.96,21.69,24.33
P0AGJ2,8.658,9.971,7.23,8.584,9.577,9.45,12.85,13.36,12.54,10.27,14.38,15.32,4.27,6.063,3.969,10.27,4.85,5.527,8.611,8.744,14.38,14.91,14.2,14.94
P08395,3.274,3.154,2.6,3.007,2.983,3.636,2.43,1.842,1.78,1.245,2.6260000000000003,2.858,2.079,2.158,2.002,1.245,2.214,2.23,2.286,2.139,2.886,2.947,2.067,2.46
P0AFV4,50.7,55.31,37.65,33.44,35.76,35.85,22.66,25.29,24.83,14.14,25.17,30.82,40.68,47.79,43.68,14.14,42.84,42.32,12.09,10.22,26.94,30.42,18.03,26.94
P39902,0.8320000000000001,0.807,0.901,0.6709999999999999,0.775,1.052,2.216,2.235,1.656,1.965,1.871,1.6669999999999998,1.061,0.8759999999999999,1.136,1.965,0.8220000000000001,0.6579999999999999,1.966,1.144,1.361,2.333,1.894,1.511
P77754,1.216,0.765,6.009,3.803,3.03,2.2880000000000003,2.906,2.781,2.521,2.309,2.458,2.251,2.583,3.164,2.917,2.309,2.553,2.352,12.39,10.3,3.524,3.847,3.721,3.385
P56579,10.17,17.0,24.16,21.9,25.78,20.93,1.724,2.332,2.073,2.2880000000000003,2.319,2.522,7.782,6.175,8.501,2.2880000000000003,7.947999999999999,9.001,3.043,2.525,3.698,4.237,2.563,2.885
P05706,3.23,4.893,13.25,14.83,16.8,16.18,1.256,1.479,1.113,1.081,1.278,1.459,3.011,2.027,4.03,1.081,3.09,4.198,1.492,1.396,1.962,2.068,1.73,1.836
P05707,4.609,5.506,11.29,14.04,14.8,17.01,1.315,1.594,1.296,1.601,1.731,1.43,2.946,2.881,3.437,1.601,3.606,3.839,1.922,2.265,2.156,2.34,2.472,2.383
P56580,2.0780000000000003,4.085,8.057,12.16,11.16,12.22,0.118,0.0861,0.12,0.377,0.297,0.0984,1.482,1.319,2.273,0.377,2.544,2.6060000000000003,0.118,0.333,0.513,0.45,0.116,0.597
P15082,3.775,5.008,6.6320000000000014,5.037,5.801,4.688,2.033,2.485,2.204,1.727,1.926,1.992,4.924,4.545,3.917,1.727,4.577,4.8180000000000005,2.373,2.576,2.381,2.859,2.175,2.451
P21507,11.98,9.275,5.864,7.737,10.02,8.247,17.49,21.97,17.44,9.676,14.54,17.78,5.441,7.332000000000002,5.835,9.676,5.306,5.34,22.84,24.87,24.2,24.39,16.85,19.18
P0AGE0,15.21,14.71,12.84,10.9,15.12,13.06,20.07,19.45,20.55,17.49,21.42,23.64,9.338,9.091,7.372999999999998,17.49,7.939,9.523,33.99,33.73,25.33,22.58,26.01,24.1
P31142,9.577,11.11,8.401,6.9670000000000005,6.466,5.3210000000000015,4.9910000000000005,5.919,5.605,2.216,4.734,4.383,10.69,10.34,9.475,2.216,10.9,11.51,6.375,7.393,4.6789999999999985,4.76,4.386,5.1389999999999985
P0AFZ1,15.98,15.3,11.11,8.549,10.14,10.3,12.25,13.28,13.61,7.956,12.77,13.48,8.296,8.389,7.974,7.956,7.407,8.222999999999999,13.36,12.89,13.61,13.71,10.88,13.47
P0ACA3,22.48,26.57,13.83,22.09,19.38,24.25,21.91,22.23,20.73,14.4,24.57,22.65,15.15,20.99,16.69,14.4,20.14,19.6,27.1,27.23,21.81,28.83,22.42,21.49
P0AFZ3,18.97,14.28,10.67,12.64,12.61,13.45,19.99,21.79,22.52,13.76,22.68,21.76,10.42,12.24,9.375,13.76,11.05,11.63,26.51,33.07,24.36,26.0,24.73,22.16
P0ACG1,4.167,5.8,2.627,2.436,3.438,3.073,33.37,37.78,31.22,24.03,31.82,38.23,10.57,12.69,9.755,24.03,10.13,10.04,26.86,26.61,39.04,37.76,35.98,35.38
P0AFG3,31.85,33.95,40.9,61.22,61.84,57.58,5.144,5.12,4.448,2.476,4.417,4.334,27.99,25.98,48.3,2.476,57.16,48.01,5.299,4.669,4.978,7.0760000000000005,4.396,5.8610000000000015
P0AFG6,51.45,49.39,53.42,69.91,76.11,74.48,8.734,9.188,10.2,4.422,7.567,8.307,34.1,35.74,55.74,4.422,56.53,48.77,9.378,11.53,10.35,11.26,9.691,10.62
P0A836,73.85,75.47,83.01,91.45,94.16,94.57,17.03,17.86,21.72,8.684,15.2,16.81,37.3,40.04,65.36,8.684,66.35,53.49,15.27,26.73,16.94,16.71,19.41,21.67
P0AGE9,15.58,13.01,14.59,22.28,20.03,25.14,3.515,3.034,3.475,1.4169999999999998,3.54,3.924,8.007,8.696,18.15,1.4169999999999998,14.88,12.46,4.018,3.277,2.932,4.082,2.812,3.389
P26648,5.124,4.609,2.95,3.383,4.355,4.043,4.382,4.928,4.79,4.191,4.917,4.863,2.255,2.494,2.0,4.191,2.168,2.209,3.429,3.807,5.7170000000000005,7.119,5.464,6.323
P69937,1.594,0.895,1.56,1.146,1.425,1.433,2.193,2.827,3.141,1.442,2.64,2.977,1.31,1.287,1.423,1.442,1.214,1.053,2.552,2.227,2.704,2.678,3.239,3.1
P0ADG4,5.573,3.734,1.188,1.818,1.943,2.449,4.15,3.43,3.782,3.609,3.808,4.542,0.767,1.761,0.611,3.609,0.8,0.7879999999999999,2.9210000000000003,2.872,3.667,4.573,4.302,3.825
P0AFZ5,10.97,11.15,2.982,2.54,3.43,2.508,3.747,3.978,2.564,1.263,2.224,2.883,15.05,18.77,4.178,1.263,4.25,4.672,96.3,90.65,2.208,2.999,1.775,2.46
P36929,9.57,8.48,6.218,5.843,8.541,7.46,6.207000000000002,6.716,7.223,6.065,6.82,6.166,3.59,4.209,3.3160000000000003,6.065,3.5410000000000004,3.619,6.754,6.721,8.092,7.0310000000000015,6.8420000000000005,7.95
P0ABZ6,30.53,24.78,27.55,26.9,28.42,25.28,19.52,20.65,22.84,13.7,22.08,14.98,16.09,17.98,15.68,13.7,15.49,18.56,9.814,16.48,16.45,12.74,19.37,15.07
P0A840,6.59,5.859,4.555,5.056,4.675,5.422999999999999,7.309,8.266,8.46,5.676,7.652,7.2810000000000015,6.484,7.89,7.045,5.676,7.43,8.724,3.307,4.016,8.48,8.967,7.41,8.568
P0A8U0,4.162,3.941,3.618,3.135,3.885,4.118,3.997,3.939,3.771,3.084,3.613,4.503,2.7510000000000003,3.1260000000000003,2.649,3.084,2.555,2.557,5.332000000000002,4.523,4.2780000000000005,5.317,4.096,4.619
P19769,0.279,0.217,0.232,0.125,0.109,0.127,0.236,0.29,0.408,0.758,0.45,0.399,0.312,0.136,0.14800000000000002,0.758,0.105,0.127,0.175,0.249,0.304,0.289,0.307,0.242
P05100,2.518,2.276,3.51,2.78,3.667,2.385,2.599,2.236,1.866,2.522,2.309,2.7460000000000004,2.949,2.65,3.065,2.522,3.075,3.357,1.692,1.731,2.219,2.501,2.333,2.067
P0A867,1.446,1.749,2.008,3.926,2.575,3.346,1.767,1.841,1.281,1.973,1.629,1.779,6.228,7.1789999999999985,9.984,1.973,11.4,9.564,2.707,2.988,1.649,1.781,2.249,1.883
P0A870,31.17,32.39,40.56,37.57,34.99,38.74,46.89,34.75,49.65,39.4,46.12,55.91,38.08,47.82,41.68,39.4,40.51,43.57,79.08,71.97,53.57,46.07,46.09,33.37
P32669,0.0873,0.0757,0.491,0.6409999999999999,0.677,0.473,0.308,0.293,0.0545,0.359,0.122,0.0953,0.7020000000000001,0.657,1.393,0.359,0.932,1.2990000000000002,0.293,0.339,0.303,0.156,0.109,0.468
P07018,19.35,19.12,23.11,26.05,27.29,27.38,1.84,1.183,1.383,1.054,1.266,1.497,5.402,4.6160000000000005,3.872,1.054,3.639,4.135,0.93,1.131,1.027,0.861,1.183,0.977
P07017,31.26,38.7,24.3,43.85,44.19,45.59,4.069,2.0980000000000003,2.676,1.648,2.195,2.013,13.23,12.31,10.96,1.648,12.42,12.3,0.941,0.763,0.8059999999999999,0.935,1.17,1.289
Q47537,0.518,0.273,0.318,0.542,0.36,0.407,0.267,0.267,0.389,0.818,0.401,0.278,0.415,0.433,0.355,0.818,0.4270000000000001,0.301,0.57,0.569,0.386,0.35100000000000003,0.417,0.197
Q47538,1.3630000000000002,1.393,1.259,1.139,1.3769999999999998,1.248,1.474,1.329,1.25,1.455,1.039,1.084,1.053,1.1909999999999998,0.937,1.455,1.011,0.946,1.336,1.349,1.108,1.3219999999999998,1.617,1.224
Q47539,0.92,1.154,1.5,1.0759999999999998,1.023,1.21,1.858,1.582,1.466,1.75,1.304,1.329,0.797,0.95,0.789,1.75,0.978,0.755,1.565,1.561,1.173,1.261,1.873,1.66
P37610,0.138,0.179,0.417,0.272,0.546,0.507,0.344,0.599,0.479,0.922,0.468,0.541,0.4920000000000001,0.7440000000000001,0.575,0.922,0.596,0.453,0.67,0.299,0.892,0.664,0.71,0.218
P31550,1.453,1.606,1.229,1.745,1.591,2.252,3.3480000000000003,1.914,1.882,2.028,2.155,2.305,1.225,1.401,0.835,2.028,1.231,1.5319999999999998,4.558,2.384,2.97,3.536,2.834,2.359
P0ACQ7,0.565,0.866,0.214,0.179,0.234,0.108,0.14300000000000002,0.22,0.159,0.532,0.34700000000000003,0.237,1.622,1.354,1.196,0.532,1.289,1.289,0.0783,0.215,0.24,0.212,0.0437,0.156
P0AGF6,0.516,0.769,1.002,0.667,0.63,0.4,0.182,0.118,0.19,0.314,0.447,0.311,1.631,1.082,1.828,0.314,1.819,1.834,0.617,0.7070000000000001,0.336,0.103,0.118,0.417
P0AAD8,0.579,0.428,0.921,0.7859999999999999,0.924,0.7390000000000001,1.033,0.7979999999999999,0.959,0.5379999999999999,0.897,0.75,1.723,1.043,2.086,0.5379999999999999,2.3680000000000003,2.268,0.84,0.905,0.696,0.74,0.933,0.7
P11868,0.493,0.28300000000000003,1.453,1.068,1.092,0.79,1.065,1.514,1.264,1.246,1.21,1.037,1.65,0.897,2.411,1.246,2.204,2.007,0.907,1.564,1.602,1.08,1.4369999999999998,1.604
P42632,0.732,0.907,0.843,1.019,1.16,0.925,1.161,0.915,0.879,1.068,1.189,1.217,0.959,0.8059999999999999,1.477,1.068,1.345,0.963,1.053,0.871,1.146,1.4,1.037,0.931
P11866,0.01,0.01,0.01,0.01,0.01,0.01,0.0157,0.01,0.0106,0.18,0.1,0.01,0.0555,0.0328,0.01,0.18,0.0124,0.0125,0.0129,0.0107,0.01,0.0129,0.01,0.01
P07913,13.8,11.34,11.81,14.97,13.51,13.57,11.41,9.565,10.07,6.385,10.04,9.857,14.72,15.4,19.33,6.385,19.98,18.27,9.348,8.735,11.01,11.25,9.734,9.835
P23331,5.4460000000000015,5.569,3.345,2.91,4.144,3.814,4.964,6.204,5.886,4.37,5.349,5.532,2.21,3.387,2.283,4.37,1.824,2.132,3.806,2.7310000000000003,6.4460000000000015,5.746,4.633,6.065
P25396,1.41,1.238,1.366,1.058,1.5719999999999998,1.222,1.453,1.546,1.97,0.858,1.2009999999999998,1.506,1.023,0.971,1.058,0.858,1.101,1.3219999999999998,1.67,2.303,1.578,1.642,1.584,1.5
P25397,2.704,3.3310000000000004,1.628,2.599,2.567,3.526,1.6669999999999998,1.372,1.108,1.236,1.591,2.353,2.133,2.89,2.309,1.236,2.503,2.688,2.246,1.409,2.114,2.497,1.3869999999999998,1.362
P0ADA1,4.85,4.998,5.599,6.087999999999999,6.075,4.952,4.109,3.631,3.222,1.9,2.884,3.946,4.0310000000000015,4.363,4.472,1.9,4.71,4.627,4.996,3.0,3.5380000000000003,3.469,2.164,2.807
P0AGG2,1.521,1.588,1.399,1.615,1.513,1.5319999999999998,2.513,2.26,2.022,1.582,1.817,2.416,1.964,1.7519999999999998,2.234,1.582,2.264,2.313,2.448,1.848,2.434,2.455,1.717,1.731
P0A847,23.83,27.9,18.43,16.94,24.17,23.47,24.09,24.41,24.59,18.97,20.3,25.22,11.2,13.8,10.33,18.97,9.837,11.35,18.38,16.23,26.78,25.52,25.28,22.43
P25522,6.662000000000001,6.801,3.349,3.937,4.2,4.431,10.73,11.81,9.812,9.148,11.18,12.14,3.397,3.938,3.4560000000000004,9.148,4.224,3.903,19.19,22.5,12.22,14.17,12.56,12.79
P30136,0.98,0.534,1.033,0.7240000000000001,0.969,0.6659999999999999,1.192,1.348,1.5490000000000002,1.102,1.0,0.974,0.7170000000000001,0.6459999999999999,0.748,1.102,0.716,0.857,0.706,1.1840000000000002,1.883,1.776,0.7040000000000001,2.021
P76422,1.3769999999999998,1.155,0.328,0.821,0.371,0.529,0.476,0.518,0.341,0.754,0.295,0.439,0.142,0.135,0.0823,0.754,0.251,0.256,0.638,0.8079999999999999,1.0,0.862,0.904,0.993
P30137,1.173,1.411,0.889,1.3019999999999998,1.094,0.96,1.105,1.34,1.39,1.036,1.027,1.2,0.66,0.7190000000000001,0.8959999999999999,1.036,0.623,0.85,1.137,1.268,1.354,1.655,1.092,1.5490000000000002
P30138,0.0995,0.132,0.0943,0.142,0.0862,0.207,0.214,0.105,0.166,0.113,0.138,0.0915,0.14800000000000002,0.121,0.114,0.113,0.424,0.177,0.0852,0.183,0.528,0.51,0.369,0.6509999999999999
P30139,1.911,1.161,1.426,1.5719999999999998,1.216,1.459,1.809,1.756,2.023,1.491,1.96,1.857,1.145,1.135,1.618,1.491,1.094,1.525,1.5659999999999998,1.827,2.382,2.208,1.456,1.9
P30140,0.472,0.466,0.256,0.523,0.363,0.517,0.308,0.123,0.258,0.311,0.51,0.5770000000000001,0.5479999999999999,0.375,0.5479999999999999,0.311,0.399,0.42,0.455,0.0933,0.504,0.342,0.0747,0.36
Q46948,1.3769999999999998,1.44,1.985,1.08,1.734,1.457,2.2430000000000003,1.879,2.325,1.347,1.834,1.942,1.638,1.658,1.5319999999999998,1.347,1.676,1.862,1.491,1.44,1.506,1.88,1.656,2.26
P0AGG0,5.455,4.223,3.2430000000000003,3.747,3.662,4.435,5.101,5.225,5.7570000000000014,2.744,4.5710000000000015,6.1720000000000015,3.055,3.487,3.5580000000000003,2.744,3.08,3.125,3.345,3.539,5.49,4.767,4.288,4.191
P76423,4.3660000000000005,3.499,2.074,2.295,1.7280000000000002,2.47,2.353,2.337,1.871,1.815,2.278,2.476,1.272,1.661,1.143,1.815,1.197,1.411,2.588,2.628,3.019,3.014,2.739,2.315
P00561,15.77,13.78,17.7,14.2,19.32,17.39,17.18,18.53,20.04,21.35,20.36,14.33,8.87,10.37,10.22,21.35,8.105,10.08,12.89,15.6,19.31,16.22,17.12,16.8
P00547,5.4929999999999986,5.2429999999999986,6.198,5.404,6.985,7.745,6.9670000000000005,5.819,6.881,7.0120000000000005,7.983,6.357,3.0980000000000003,3.405,4.123,7.0120000000000005,3.197,3.927,5.447,5.239,5.964,7.47,6.417000000000002,5.042
P00934,10.2,7.926,10.24,8.584,12.34,11.54,10.68,9.958,11.88,11.9,10.91,11.24,4.891,5.563,4.938,11.9,4.0939999999999985,5.489,8.497,7.777,10.7,9.907,9.985,8.641
P0AD86,1.043,1.938,1.328,2.929,1.944,3.042,17.77,10.61,9.981,12.89,20.17,32.94,2.479,2.434,2.6260000000000003,12.89,2.792,2.987,18.06,1.924,13.88,19.79,4.97,3.989
P0A8M3,44.68,48.14,31.21,32.27,35.73,41.1,29.32,41.01,39.25,20.15,32.38,35.32,31.28,44.69,32.63,20.15,30.9,34.12,41.54,44.84,44.87,46.85,32.04,48.57
P0A884,22.7,19.03,14.74,14.13,21.65,15.92,14.41,13.11,12.19,10.62,12.51,14.32,7.621,9.798,6.479,10.62,7.155,8.451,11.78,12.58,15.25,16.61,14.11,14.9
P0A850,58.17,60.74,42.55,39.11,49.54,49.85,46.81,47.0,53.68,46.28,58.67,57.55,20.28,26.67,17.14,46.28,16.6,17.73,66.22,46.33,62.34,59.38,57.85,41.88
P27302,14.95,11.64,8.212,10.99,12.79,12.53,8.399,8.72,7.152,6.12,8.679,9.012,9.518,12.35,7.501,6.12,8.932,8.975,11.63,9.645,11.85,15.14,8.709,9.009
P33570,1.109,0.922,0.959,1.439,1.202,1.405,0.515,0.5529999999999999,0.768,1.211,1.069,0.97,2.415,2.597,3.269,1.211,3.454,3.313,1.206,1.1840000000000002,1.155,1.295,0.974,0.677
P0AGG8,7.104,6.648,10.14,7.9129999999999985,9.306,7.312,8.656,8.999,9.975,7.508999999999999,9.433,8.867,5.441,5.471,5.752000000000002,7.508999999999999,5.666,5.903,9.946,9.828,9.916,8.934,11.16,10.23
P0A720,5.5870000000000015,6.397,4.059,5.3370000000000015,5.71,5.885,5.53,5.18,4.642,3.5380000000000003,4.938,5.863,2.819,3.3680000000000003,2.982,3.5380000000000003,3.36,3.715,3.725,2.9560000000000004,6.117000000000001,7.184,5.553,5.859
P0A853,1.631,3.668,49.41,49.59,48.4,42.93,0.111,0.0728,0.511,0.573,0.485,0.475,63.48,59.94,82.08,0.573,94.27,75.26,0.782,0.977,0.207,0.0715,0.062,0.0805
P23173,0.515,0.669,4.888,2.345,2.52,1.015,0.431,0.193,0.242,0.7929999999999999,0.28600000000000003,0.233,14.44,5.079,16.85,0.7929999999999999,13.8,16.01,0.421,0.32,0.258,0.192,0.342,0.134
P0AD89,20.18,50.74,130.3,86.53,101.2,85.16,0.6779999999999999,0.483,1.046,1.286,0.867,1.023,88.6,106.4,105.7,1.286,114.0,95.55,0.67,0.647,0.473,0.51,0.4370000000000001,0.401
P19934,13.36,9.899,7.954,7.282,9.971,8.339,9.911,9.906,10.06,8.631,10.19,11.71,5.119,5.3039999999999985,4.169,8.631,3.67,4.637,11.8,9.309,9.842,10.12,10.4,9.876
P0A855,25.11,24.18,16.33,20.6,20.92,22.54,18.06,17.85,20.16,15.92,17.76,17.6,14.82,19.23,15.63,15.92,17.17,15.92,20.18,19.95,18.17,18.57,19.7,18.03
P02930,14.89,17.74,10.75,16.77,17.9,18.81,12.32,13.95,14.2,7.432,14.47,16.56,12.21,15.76,13.8,7.432,13.37,14.77,13.99,11.86,16.52,20.71,9.821,15.75
P0ABU9,10.7,7.502000000000002,5.597,4.984,7.047999999999999,6.994,10.25,7.352,9.455,7.651,8.238999999999999,8.788,5.678,4.882,6.096,7.651,4.165,5.175,6.3210000000000015,5.507999999999999,5.131,7.443,8.331,8.533
P0ABV6,10.51,7.888,7.2029999999999985,6.1960000000000015,7.756,7.463999999999999,10.16,10.69,10.38,9.279,10.19,12.1,4.398,5.005,3.704,9.279,3.706,4.619,10.25,9.605,10.28,11.31,12.03,11.17
P02929,3.899,4.427,3.017,4.1960000000000015,4.045,4.87,8.357999999999999,7.995,7.124,4.667,7.217,11.4,2.297,2.762,2.437,4.667,2.636,2.588,6.904,5.922999999999999,9.578,12.88,8.795,9.337
P06612,5.862,5.44,4.212,4.44,5.664,7.367000000000001,6.729,6.5760000000000005,7.342,5.044,7.231,6.944,2.759,3.065,3.068,5.044,2.7030000000000003,2.95,6.2620000000000005,5.582999999999998,8.543,8.175,6.313,6.074
P14294,2.776,3.028,2.377,2.987,2.9160000000000004,2.9760000000000004,2.39,2.801,2.508,2.479,2.576,3.833,1.685,1.828,1.923,2.479,1.686,1.96,2.901,3.237,3.709,4.006,3.78,3.898
P33225,2.217,2.704,2.253,2.619,2.341,2.218,3.295,3.412,2.664,2.359,2.3480000000000003,2.389,2.049,2.286,2.062,2.359,1.765,2.114,2.732,3.3510000000000004,2.188,2.3480000000000003,2.386,2.619
P33226,1.084,0.8270000000000001,0.955,0.8540000000000001,0.8370000000000001,0.7759999999999999,1.181,0.82,0.794,0.924,0.813,0.928,0.8740000000000001,0.635,0.8440000000000001,0.924,0.595,0.67,1.007,1.077,0.812,0.915,0.94,1.096
P36662,0.387,0.0727,0.38,0.325,0.284,0.318,0.455,0.281,0.45,0.45,0.515,0.426,0.42,0.35200000000000004,0.369,0.45,0.454,0.326,0.5529999999999999,0.569,0.269,0.375,0.475,0.4970000000000001
P38684,1.646,0.905,1.1909999999999998,0.934,1.355,1.122,2.5780000000000003,2.562,3.037,1.7080000000000002,1.993,2.062,1.481,1.826,1.75,1.7080000000000002,1.44,1.602,2.194,2.0,2.121,1.6969999999999998,2.418,2.018
P39453,0.35200000000000004,0.365,0.325,0.324,0.362,0.306,0.489,0.633,0.451,0.326,0.475,0.487,0.503,0.531,0.402,0.326,0.522,0.5,0.3,0.32,0.339,0.478,0.222,0.45
P38683,0.0658,0.0606,0.105,0.0677,0.0356,0.129,0.0814,0.052000000000000005,0.0701,0.0375,0.121,0.0534,0.388,0.331,0.119,0.0375,0.188,0.31,0.0482,0.129,0.0835,0.0555,0.11,0.0825
P0A858,11.31,10.74,11.54,11.38,12.95,12.3,14.49,15.81,16.47,11.51,17.55,18.69,12.82,13.12,14.23,11.51,13.76,15.23,16.59,16.72,17.73,16.36,18.23,16.28
P02338,0.795,0.385,0.67,0.963,0.772,0.603,2.02,2.466,2.193,1.5830000000000002,3.065,4.86,0.318,0.421,0.0959,1.5830000000000002,0.107,0.284,2.501,1.759,3.097,3.684,2.5810000000000004,2.164
P0A862,53.46,43.0,42.4,36.7,41.86,36.21,48.19,55.83,54.54,30.65,50.43,59.95,25.13,30.67,28.31,30.65,33.4,28.81,58.73,71.38,55.91,57.76,53.12,48.65
P0CF80,1.975,1.847,2.29,2.224,1.954,1.843,2.45,1.938,2.69,2.687,2.305,2.658,1.869,2.074,1.811,2.687,1.78,1.379,2.1180000000000003,2.747,2.1,2.522,2.419,2.374
P0CF82,3.931,1.116,2.901,2.325,2.026,2.2880000000000003,2.486,0.97,2.082,3.723,2.882,1.757,2.889,0.902,1.635,3.723,2.759,2.524,1.408,1.671,3.684,1.965,1.992,4.072
P0CF90,2.911,4.598,4.167,5.596,5.452000000000001,5.961,3.068,2.637,2.6210000000000004,2.533,3.137,4.426,4.7010000000000005,4.907,5.005,2.533,4.838,5.634,2.867,2.0,2.935,4.338,2.496,2.874
P13482,0.75,0.939,1.09,1.7080000000000002,1.747,1.588,1.003,1.077,0.995,0.743,0.738,0.815,2.966,3.362,3.249,0.743,3.77,2.937,0.883,1.6,0.606,1.207,0.942,1.136
P36672,47.69,75.3,57.31,46.28,51.4,39.15,7.1960000000000015,6.082999999999998,5.518,4.207,5.169,6.521,57.73,65.91,62.38,4.207,71.9,66.06,3.927,4.475,6.81,7.962999999999999,8.236,6.68
P28904,13.84,20.26,24.54,27.27,26.52,19.87,2.119,2.397,2.181,1.796,1.574,2.042,26.18,30.89,32.06,1.796,38.61,32.96,0.934,0.959,2.398,3.442,2.677,1.941
P62601,1.79,1.046,1.626,1.088,0.944,1.117,1.966,1.742,1.4069999999999998,2.427,1.656,1.404,1.6909999999999998,1.185,1.505,2.427,1.463,1.288,1.507,2.261,1.749,1.494,2.062,1.716
P36673,0.629,0.422,0.361,0.564,0.395,0.4970000000000001,0.7020000000000001,0.7959999999999999,0.5660000000000001,0.989,0.969,1.429,0.44,0.477,0.633,0.989,0.7140000000000001,0.772,0.6,0.417,1.164,1.233,0.679,0.6829999999999999
P05704,7.62,8.101,7.626,6.222,7.061,6.12,1.36,2.263,2.184,1.662,1.928,1.979,3.792,2.825,2.589,1.662,2.829,3.182,3.132,2.373,2.073,1.4469999999999998,2.924,1.829
P0AGI8,3.4530000000000003,2.687,1.822,2.222,2.256,2.585,2.7060000000000004,2.914,3.611,2.572,3.073,2.988,1.642,1.714,1.518,2.572,1.285,1.505,3.028,2.9410000000000003,2.982,2.772,3.217,3.447
P23849,0.452,0.516,0.458,0.237,0.47,0.489,0.682,0.706,0.828,0.401,0.525,0.8809999999999999,0.496,0.406,0.361,0.401,0.271,0.444,0.546,0.541,0.6859999999999999,0.598,0.501,0.8640000000000001
P0AFZ7,4.239,4.6960000000000015,4.08,4.231,4.522,4.3,5.379,5.939,5.394,3.572,5.167999999999998,4.722,3.844,3.488,4.464,3.572,4.347,4.159,6.001,4.848,4.86,5.5379999999999985,5.082,4.965
P23003,7.403,5.777,3.155,3.912,4.716,5.3260000000000005,7.336,7.106,8.585,6.375,9.126,10.42,3.04,3.8,2.987,6.375,2.991,3.422,5.553,5.541,7.694,10.58,7.941,7.252999999999999
P0A873,101.4,97.33,56.87,59.57,76.32,80.24,78.43,86.11,76.88,62.5,74.25,84.12,39.34,53.7,38.15,62.5,45.02,41.56,81.66,82.41,79.24,79.16,78.54,67.28
P0A877,3.495,3.304,5.287000000000001,5.582000000000002,5.267,4.464,1.984,2.279,2.256,2.147,1.848,1.753,1.693,1.473,2.059,2.147,2.029,1.929,1.842,2.2840000000000003,2.197,2.262,2.529,2.651
P0A879,3.112,4.3180000000000005,6.785,7.403,8.241,6.485,1.655,1.926,1.626,1.231,1.868,1.944,2.263,1.797,2.338,1.231,2.405,2.065,1.289,1.021,1.639,1.908,2.3680000000000003,2.084
P00909,2.629,3.0460000000000003,5.43,4.283,5.27,3.697,1.366,1.538,1.122,1.301,1.197,1.289,1.62,1.469,1.727,1.301,1.765,1.767,1.22,1.475,1.48,1.681,2.199,1.58
P00904,1.776,1.422,2.77,2.1830000000000003,2.206,1.62,0.961,1.232,1.172,1.408,1.306,1.471,0.957,0.5660000000000001,0.846,1.408,0.952,1.187,1.217,1.015,1.047,1.135,1.235,1.166
P00895,1.247,0.7390000000000001,0.8740000000000001,1.102,0.986,0.71,1.011,0.922,1.138,1.074,0.912,0.904,0.488,0.555,0.633,1.074,0.6859999999999999,0.54,0.93,0.98,0.659,0.738,1.126,0.785
P0AD92,0.153,0.251,0.19,0.463,0.38,0.423,0.205,0.381,0.387,0.61,0.36,0.555,0.037000000000000005,0.0665,0.068,0.61,0.0473,0.0668,0.521,0.395,0.441,0.555,0.359,0.378
P0A881,3.55,2.763,2.502,2.021,2.7060000000000004,2.398,6.232,7.482,6.222,4.964,5.9689999999999985,7.087999999999999,2.207,2.23,2.121,4.964,2.119,2.169,5.464,6.456,7.079,7.529,7.26,7.39
P00954,4.421,4.621,3.763,4.224,4.46,4.143,10.27,11.39,11.88,8.156,10.8,12.95,4.398,4.31,3.735,8.156,3.765,4.495,10.29,11.73,13.76,12.46,13.86,11.28
P76071,0.727,0.422,0.462,0.529,0.517,0.644,0.217,0.158,0.232,0.511,0.7240000000000001,0.5539999999999999,0.735,0.639,0.411,0.511,0.556,0.94,0.33,0.34,0.484,0.695,0.506,0.583
P0CE55,43.68,59.51,40.26,43.47,50.82,43.62,42.41,46.21,41.48,33.59,36.0,44.61,48.3,66.36,57.73,33.59,69.87,61.07,38.28,40.81,49.47,53.48,49.14,53.17
P07649,14.97,12.31,10.38,11.15,12.32,10.38,11.42,13.13,12.26,9.173,12.12,11.33,5.442,7.205,6.185,9.173,5.627999999999999,6.732,14.3,17.61,14.96,15.27,10.67,15.76
P60340,26.94,25.73,12.5,11.02,14.97,15.7,21.23,20.1,21.62,13.0,22.96,25.1,8.566,10.67,6.431,13.0,6.228,8.177999999999999,20.96,17.28,21.28,24.34,20.53,21.86
P0AA25,38.77,39.64,29.78,24.03,34.19,27.78,48.72,55.61,50.56,40.22,46.96,56.59,24.65,27.22,23.9,40.22,24.0,24.46,62.75,54.09,51.74,48.8,46.56,44.73
P0A9P4,9.314,7.927,6.239,6.2970000000000015,7.212999999999999,7.615,12.53,11.87,13.03,7.305,14.11,13.62,7.457000000000002,9.879,8.184,7.305,8.631,9.622,12.71,10.49,11.06,14.66,12.92,11.83
P0AGG4,2.9,3.325,1.884,1.615,2.452,2.19,2.291,2.802,3.149,2.539,2.6180000000000003,3.314,3.156,3.263,2.85,2.539,2.5660000000000003,2.935,3.836,3.623,2.65,2.742,2.5380000000000003,2.593
P0A6P1,69.5,84.35,43.63,41.17,56.07,52.16,68.08,73.86,68.47,45.87,56.34,69.24,39.45,51.15,32.46,45.87,28.32,36.74,75.39,72.0,78.31,72.56,71.93,53.62
P02942,57.66,46.71,38.14,37.42,41.75,43.64,6.674,4.729,3.902,2.97,3.077,4.137,6.649,7.347,4.64,2.97,5.269,5.1320000000000014,1.88,2.3080000000000003,2.238,1.967,2.287,2.121
P0A927,37.35,56.27,55.61,48.56,43.29,43.86,14.78,13.75,12.6,8.434,14.02,19.58,10.87,12.69,8.987,8.434,9.704,11.14,9.725,6.473,17.31,14.67,13.83,9.695
P05847,0.156,0.0545,0.0754,0.0476,0.069,0.0674,0.0956,0.109,0.0616,0.402,0.0867,0.0778,0.0487,0.0421,0.0243,0.402,0.0464,0.0571,0.0688,0.0667,0.109,0.0722,0.128,0.0989
P0AC35,0.0796,0.289,0.264,0.15,0.0805,0.0649,0.203,0.226,0.295,0.623,0.495,0.364,0.313,0.0562,0.16699999999999998,0.623,0.405,0.24,0.407,0.331,0.378,0.205,0.146,0.273
P0C093,13.93,10.49,5.778,9.462,12.18,9.167,21.42,27.33,23.7,12.22,17.75,18.63,11.35,13.84,10.53,12.22,9.879,12.87,19.52,20.49,25.79,20.74,12.14,24.07
P0CE47,148.4,148.4,116.0,110.9,125.9,121.6,127.6,140.4,123.8,81.26,103.6,122.8,72.22,91.87,83.11,81.26,92.65,77.09,134.2,184.1,132.3,120.6,135.9,112.5
P0CE48,95.88,105.7,75.88,83.91,83.13,93.04,108.3,101.5,112.9,51.7,95.3,116.9,49.84,71.43,60.86,51.7,71.03,62.15,102.2,135.3,98.31,101.3,85.85,90.09
P16525,2.035,1.817,2.277,1.885,1.968,1.652,2.715,2.802,2.642,1.994,2.274,2.717,1.936,2.28,1.923,1.994,1.867,1.809,1.759,2.335,2.752,2.674,2.569,2.657
P46883,0.155,0.244,0.376,0.177,0.252,0.322,0.901,0.416,0.35100000000000003,0.625,0.308,0.405,0.389,0.264,0.196,0.625,0.3720000000000001,0.306,0.429,0.583,0.415,0.487,0.321,0.416
P07023,2.182,2.167,2.032,1.937,2.121,1.832,3.117,2.833,2.877,2.291,3.547,3.092,1.408,1.653,1.41,2.291,1.541,1.578,3.511,2.855,2.2230000000000003,2.281,3.125,2.902
P04693,2.98,2.893,4.508,4.334,3.553,3.432,2.111,2.112,1.973,2.143,2.16,2.033,2.456,2.331,2.592,2.143,2.668,2.679,1.689,2.449,2.075,2.1180000000000003,2.522,2.154
P0AAD4,2.11,1.634,1.176,0.969,1.152,1.295,2.1790000000000003,1.884,1.848,1.963,2.125,2.577,1.248,1.604,1.134,1.963,1.089,1.461,1.943,1.761,1.893,2.457,1.386,1.685
P07604,3.945,3.915,3.033,3.136,3.63,4.386,3.593,3.621,3.674,2.121,3.523,4.445,2.509,3.107,2.43,2.121,2.6660000000000004,2.587,3.256,2.325,4.356,5.132999999999999,3.81,4.265
P0AGJ9,15.44,14.85,11.68,12.48,12.96,15.11,8.29,9.636,10.58,8.117,10.03,6.881,9.0,13.32,9.679,8.117,10.52,10.82,13.66,12.31,8.039,11.13,12.22,9.39
P0AGK1,11.07,8.831,7.813,5.3020000000000005,6.584,5.159,7.935,9.253,9.376,6.581,7.772,7.1110000000000015,11.8,10.9,10.13,6.581,8.751,11.8,6.9110000000000005,8.187000000000001,9.037,7.155,9.624,10.34
P0AEN1,19.09,16.45,19.31,14.75,17.7,12.47,16.68,19.28,17.73,14.52,16.54,15.1,11.84,14.12,11.62,14.52,11.83,13.47,17.95,20.19,20.61,19.74,20.18,21.37
P26602,11.59,18.35,7.947,6.166,9.682,7.772,10.22,9.761,8.771,5.334,9.476,11.38,13.6,13.22,12.55,5.334,11.84,13.94,10.98,7.476,9.413,13.02,8.857000000000003,8.539
P0A887,10.96,15.65,8.913,13.27,10.83,11.03,10.0,13.52,10.18,5.648,10.44,11.85,9.385,10.28,11.97,5.648,11.45,12.9,17.4,19.19,12.91,12.57,4.95,14.1
P17993,11.67,11.22,9.153,7.491,10.52,8.752,8.979,9.819,7.737999999999999,7.241,6.44,9.979,5.127000000000002,7.4860000000000015,6.2620000000000005,7.241,6.915,7.101,11.14,9.287,10.25,11.69,9.263,9.534
P25534,5.312,4.162,3.756,3.497,4.17,4.412,3.74,3.239,3.817,3.053,4.157,3.792,2.553,3.297,2.859,3.053,2.824,3.372,3.549,3.86,3.91,4.4830000000000005,3.969,4.034
P0AG03,2.046,1.967,1.29,1.531,1.5930000000000002,1.592,0.81,0.861,0.79,1.124,0.863,1.233,1.011,1.075,0.926,1.124,1.052,1.077,0.841,0.304,0.961,1.112,1.068,0.924
P37440,7.992000000000001,9.449,9.15,6.898,7.91,5.269,2.296,2.722,2.399,2.6860000000000004,2.64,3.11,10.33,7.912000000000001,7.1110000000000015,2.6860000000000004,8.547,10.39,2.441,2.461,2.928,2.4330000000000003,3.455,3.213
P27306,10.75,16.01,18.41,16.09,17.81,12.66,1.655,2.2030000000000003,1.604,2.02,2.291,2.137,25.45,17.95,28.1,2.02,29.38,30.32,2.355,1.796,2.037,2.827,1.769,2.1630000000000003
P0A8F4,9.737,6.145,3.605,3.788,4.54,5.024,6.939,6.296,6.103,3.941,7.809,8.681000000000001,2.342,3.057,2.33,3.941,1.4480000000000002,2.498,6.877000000000002,6.308,8.91,7.755,6.646,7.778
P12758,48.82,44.05,31.88,25.73,26.24,16.41,8.471,10.09,9.693,6.37,8.825,9.053,8.762,11.8,8.536,6.37,8.869,9.763,15.92,13.7,12.5,11.42,4.933,12.14
P76373,1.649,1.328,1.012,1.359,1.756,1.922,0.974,1.442,1.178,1.218,1.317,1.42,0.873,0.966,0.805,1.218,0.899,0.8340000000000001,1.3969999999999998,1.329,1.176,1.3219999999999998,0.988,1.405
P10905,0.34600000000000003,0.742,0.767,1.034,0.537,0.701,0.591,0.481,0.484,0.711,0.511,0.542,1.586,1.003,2.45,0.711,2.423,2.3280000000000003,0.614,0.469,0.528,0.488,0.454,0.456
P0AG80,1.271,1.384,1.1840000000000002,1.206,0.872,0.966,0.883,0.899,1.026,1.269,1.046,0.8220000000000001,2.239,2.055,2.765,1.269,2.485,2.143,1.224,1.535,0.802,1.162,1.079,1.146
P10907,1.124,0.983,1.4240000000000002,1.49,1.928,1.319,1.141,1.471,1.621,1.474,1.193,2.015,1.604,1.6130000000000002,2.228,1.474,2.548,1.859,1.0,1.5490000000000002,1.505,1.444,1.5759999999999998,1.885
P10906,0.628,0.371,1.909,1.818,1.6669999999999998,0.85,0.746,0.878,0.722,0.903,0.848,0.621,1.954,1.148,3.015,0.903,2.91,2.6460000000000004,0.851,1.176,0.705,0.6609999999999999,0.644,0.703
P10908,2.325,1.729,2.193,2.764,2.5610000000000004,2.518,2.083,2.173,2.421,2.968,2.378,2.076,2.901,2.759,3.602,2.968,4.0360000000000005,3.264,2.267,3.891,2.986,2.7060000000000004,3.511,2.855
P0AGA6,3.274,3.2110000000000003,2.491,2.892,3.4,3.31,2.624,2.374,2.947,2.745,2.927,2.937,2.482,3.537,3.264,2.745,4.056,3.317,2.168,2.423,3.0460000000000003,3.344,2.719,2.553
P09835,0.723,0.4,0.264,0.784,0.853,0.685,0.812,0.723,0.8,1.177,0.967,0.995,0.621,0.527,0.262,1.177,0.306,0.486,0.417,0.383,0.711,0.69,0.5579999999999999,0.691
P09836,2.057,1.6969999999999998,2.144,1.5519999999999998,1.609,1.601,2.226,1.578,1.645,2.299,1.769,1.751,1.58,1.286,1.5659999999999998,2.299,1.713,1.376,2.024,1.5530000000000002,1.5519999999999998,1.76,1.492,1.5719999999999998
P0AGC0,1.467,1.061,1.496,1.349,1.357,1.491,0.942,0.825,0.662,1.666,0.922,0.7959999999999999,1.6909999999999998,1.083,0.937,1.666,1.04,1.128,0.675,0.78,0.556,0.525,0.627,0.612
P05804,1.092,1.117,1.115,1.251,1.271,1.143,1.03,0.8270000000000001,0.941,0.8320000000000001,0.706,0.78,1.3430000000000002,1.141,1.661,0.8320000000000001,1.59,1.509,0.95,1.0,0.775,0.648,0.67,0.794
P0CE44,0.3,0.209,0.508,0.325,0.302,0.234,0.72,0.3720000000000001,0.293,0.281,0.194,0.183,0.46,0.179,0.5489999999999999,0.281,0.489,0.479,0.15,0.0827,0.0565,0.195,0.282,0.24
Q47706,0.185,0.233,0.65,0.436,0.439,0.266,0.0671,0.276,0.408,0.448,0.393,0.318,0.489,0.267,0.772,0.448,0.5479999999999999,0.4320000000000001,0.311,0.192,0.16699999999999998,0.15,0.315,0.431
P0ACT6,5.155,5.3370000000000015,2.9960000000000004,2.371,2.884,2.911,3.244,3.716,3.686,2.166,2.89,4.067,3.594,3.964,3.143,2.166,3.198,3.4810000000000003,2.44,2.992,3.948,3.974,3.853,3.499
P04152,1.314,0.8490000000000001,0.8420000000000001,0.769,0.703,0.769,1.395,1.144,1.098,0.8440000000000001,1.031,0.954,1.069,1.47,0.621,0.8440000000000001,0.575,0.643,19.15,20.86,1.154,1.053,1.249,1.4069999999999998
P0AG11,1.469,1.193,0.691,0.637,0.546,0.503,1.781,1.858,1.281,0.872,1.393,1.19,2.272,2.75,0.96,0.872,0.847,0.805,43.72,37.83,1.061,0.906,0.7140000000000001,0.994
P12295,3.764,3.758,3.337,2.979,3.66,3.43,3.899,3.631,3.412,2.194,3.797,4.291,4.905,4.915,4.462,2.194,4.175,5.255,3.806,3.559,4.492,4.892,3.522,4.333
P0A8F0,34.13,24.24,11.72,10.42,17.96,12.51,24.48,26.71,24.0,18.28,20.1,25.46,8.896,11.14,5.983,18.28,6.235,7.669,29.97,23.44,26.9,25.39,26.37,24.36
P0AGM7,2.74,2.942,0.525,1.12,1.406,2.06,3.044,3.289,4.025,3.082,3.452,2.741,1.261,2.008,0.743,3.082,1.283,1.4509999999999998,2.067,1.536,4.272,4.768,3.428,3.782
P08390,10.14,9.378,6.082999999999998,8.36,8.089,8.202,8.482999999999999,8.535,7.457000000000002,5.968,8.67,8.937000000000003,4.377,6.419,4.53,5.968,5.146,5.813,10.84,9.38,10.44,12.48,6.127999999999999,10.45
P07024,3.588,4.362,6.355,4.737,5.363,5.047,6.756,7.536,7.5779999999999985,5.925,5.523,5.9860000000000015,7.603,8.199,8.402999999999999,5.925,7.716,7.647,7.607,8.853,7.7029999999999985,7.372999999999998,6.683,5.9
P0AED0,19.56,22.27,35.67,30.04,31.78,26.95,33.5,32.61,33.11,26.58,28.96,35.85,39.26,38.62,41.45,26.58,44.58,40.06,37.47,36.85,32.68,32.54,31.86,28.16
P43672,11.3,8.677,5.145,4.94,6.585,6.497000000000001,9.768,9.83,11.69,5.886,8.916,10.92,3.425,5.332000000000002,3.333,5.886,3.313,3.802,11.5,11.63,11.19,11.94,10.62,10.83
P0A698,1.74,1.241,0.903,1.525,1.161,1.307,1.443,1.52,1.729,1.947,2.207,2.225,1.505,2.077,1.519,1.947,1.638,1.928,6.444,5.916,2.099,2.303,2.279,2.068
P0A8F8,4.127,2.98,3.475,3.224,2.8280000000000003,2.844,4.09,4.726,4.215,3.027,5.045,3.863,3.088,3.447,3.239,3.027,2.805,2.793,19.97,23.89,4.431,5.193,5.652,4.48
P0A8G0,5.084,3.587,3.886,4.584,4.217,5.023,3.795,3.945,4.018,2.427,3.877,3.846,2.426,3.341,3.057,2.427,2.735,2.359,3.346,4.515,3.617,3.77,4.2810000000000015,3.804
P03018,4.11,3.241,2.898,3.196,3.018,3.199,4.731,4.097,4.309,2.892,4.481,4.5680000000000005,2.278,2.511,2.004,2.892,2.1830000000000003,2.17,6.157,6.269,4.214,4.886,4.5,4.485
P0AED5,11.74,11.5,12.5,10.92,12.68,10.59,12.61,14.16,13.55,9.36,11.53,14.71,7.256,7.773,7.143,9.36,6.903,6.88,12.37,10.28,12.71,12.81,10.4,12.27
P42604,0.149,0.769,1.195,1.013,0.978,0.693,0.194,0.253,0.359,0.73,0.28300000000000003,0.494,1.171,0.89,1.318,0.73,1.197,1.287,0.575,0.584,0.472,0.48,0.153,0.362
P0A6L7,0.858,0.61,0.769,0.638,0.611,0.626,0.649,0.615,0.562,0.782,0.779,0.7909999999999999,0.556,0.297,0.469,0.782,0.394,0.436,0.71,0.532,0.532,0.468,0.75,0.722
P0A8G3,2.6260000000000003,3.17,3.039,3.381,3.128,2.242,1.812,1.711,1.486,1.418,1.992,1.642,4.553,3.658,5.502000000000002,1.418,6.349,6.185,1.628,1.641,1.598,1.777,2.104,1.912
P24215,3.43,5.744,4.703,5.5939999999999985,5.182,4.8439999999999985,2.136,1.998,2.381,1.876,1.978,1.768,6.315,6.1789999999999985,7.122000000000001,1.876,9.236,7.949,2.367,2.016,2.2840000000000003,2.3480000000000003,2.698,2.239
P39160,3.213,3.606,3.954,3.478,4.282,3.265,2.217,2.064,2.396,1.841,2.29,2.303,2.793,2.4130000000000003,3.61,1.841,3.661,3.701,2.58,2.616,2.36,2.364,2.6260000000000003,2.5580000000000003
P39161,1.4469999999999998,1.0659999999999998,1.248,1.021,1.13,1.031,2.006,1.412,1.968,1.7819999999999998,2.092,2.527,1.41,1.125,0.963,1.7819999999999998,1.056,1.257,2.636,2.008,2.154,1.856,1.773,1.394
P21499,6.977,6.755,6.277,6.855,7.502999999999999,7.612999999999999,8.794,8.684,8.525,4.308,9.821,10.26,7.011,5.718,6.638,4.308,6.782,6.936,7.883999999999999,5.555,9.98,10.33,5.355,7.731
P76506,14.7,12.96,10.45,10.1,12.11,10.1,18.22,16.08,20.62,15.13,17.17,22.04,8.218,10.24,7.97,15.13,8.589,10.01,17.38,17.22,18.08,17.82,24.77,15.87
P07118,18.34,13.22,13.3,13.96,16.15,14.87,24.0,29.07,27.79,19.83,26.41,22.71,9.33,12.68,10.29,19.83,9.396,10.25,20.18,33.04,31.73,30.58,35.0,35.05
P25535,8.253,5.85,7.292999999999998,6.524,7.545,5.435,5.48,5.877000000000002,4.881,3.879,4.274,4.729,3.907,4.425,4.205,3.879,4.013,4.92,6.0539999999999985,6.011,5.3279999999999985,5.722,6.016,6.375
P09184,1.757,1.2009999999999998,1.278,1.139,1.311,1.329,1.5619999999999998,1.614,1.692,0.725,1.973,1.5419999999999998,0.928,0.99,0.818,0.725,0.894,1.016,1.151,1.0759999999999998,1.646,1.6669999999999998,1.4169999999999998,2.05
P37748,14.6,12.89,9.988,4.963,8.561,8.309,7.64,8.648,9.78,3.959,8.526,9.063,5.747000000000001,6.901,4.624,3.959,3.998,5.324,7.225,9.133,9.341,6.98,8.639,10.37
P37749,19.98,18.24,13.66,8.525,15.02,11.05,11.84,12.94,13.93,6.5920000000000005,12.2,13.35,12.21,13.79,10.45,6.5920000000000005,8.835,10.92,11.35,11.24,14.46,11.6,10.07,13.79
P37750,20.2,21.92,13.96,11.96,16.97,15.37,9.737,10.65,11.53,5.67,9.265,11.1,12.18,15.37,11.44,5.67,10.63,12.88,10.29,9.709,12.8,12.89,10.32,13.31
P37751,37.43,27.63,34.84,16.21,26.81,19.02,19.65,27.46,31.85,14.51,20.48,21.91,16.4,20.07,16.6,14.51,14.08,17.73,23.23,40.15,26.29,20.06,29.87,38.88
P77414,0.7979999999999999,0.556,0.528,0.884,0.454,0.5379999999999999,0.527,0.514,0.622,0.603,0.7020000000000001,0.752,0.546,0.7559999999999999,0.399,0.603,0.191,0.226,0.805,0.883,0.8759999999999999,0.705,0.569,0.696
P0ACC9,0.0459,0.0379,0.0858,0.0777,0.0299,0.13699999999999998,0.117,0.0861,0.152,0.234,0.289,0.279,0.0851,0.0365,0.0394,0.234,0.0216,0.0675,0.423,0.431,0.209,0.295,0.0556,0.235
P71237,0.225,0.244,0.0868,0.109,0.141,0.0465,0.241,0.171,0.168,0.513,0.157,0.162,0.155,0.168,0.114,0.513,0.0721,0.0807,0.306,0.29100000000000004,0.14300000000000002,0.254,0.344,0.265
P71238,0.0444,0.01,0.033,0.01,0.01,0.01,0.117,0.0312,0.0729,0.289,0.0678,0.107,0.013,0.01,0.01,0.289,0.01,0.01,0.38,0.499,0.0322,0.0228,0.021,0.0859
P71239,0.0107,0.0106,0.0207,0.0226,0.01,0.01,0.14400000000000002,0.102,0.0333,0.394,0.14,0.0801,0.0185,0.01,0.01,0.394,0.01,0.01,0.46,0.413,0.027000000000000003,0.0738,0.0301,0.0355
P0ACD2,0.106,0.18,0.218,0.234,0.28600000000000003,0.251,0.501,0.665,0.573,0.7659999999999999,0.649,0.581,0.345,0.0712,0.102,0.7659999999999999,0.0779,0.211,0.873,1.004,0.358,0.276,0.484,0.439
P32055,0.997,0.945,0.657,0.588,0.705,0.5379999999999999,0.501,0.8,0.711,0.634,0.519,0.552,0.8170000000000001,0.693,0.594,0.634,0.68,0.66,0.721,0.915,0.514,0.504,0.917,0.777
P32056,0.838,0.733,0.6859999999999999,0.7020000000000001,0.631,0.698,1.082,1.114,1.228,1.264,0.9,0.732,0.535,0.629,0.528,1.264,0.5529999999999999,0.573,1.281,2.035,0.6940000000000001,0.769,1.147,0.905
P32057,1.436,1.35,1.304,1.0759999999999998,0.913,1.135,1.338,1.288,0.959,1.144,1.063,0.948,1.031,1.082,1.008,1.144,0.925,0.899,1.278,1.819,0.986,0.8109999999999999,1.469,1.287
P71241,0.6629999999999999,0.386,0.412,0.4920000000000001,0.35700000000000004,0.551,0.5539999999999999,0.515,0.449,0.609,0.455,0.595,0.414,0.444,0.42,0.609,0.34700000000000003,0.246,0.601,0.583,0.342,0.57,0.517,0.6
P71242,0.415,0.379,0.146,0.446,0.49,0.44,0.498,0.418,0.376,0.487,0.284,0.393,0.442,0.445,0.349,0.487,0.404,0.363,0.5379999999999999,0.467,0.331,0.37,0.585,0.509
P71243,2.002,1.809,1.904,1.848,1.801,1.3769999999999998,2.006,2.033,1.842,1.6369999999999998,1.834,1.732,1.4280000000000002,1.685,1.78,1.6369999999999998,1.375,1.4409999999999998,1.898,2.823,1.836,1.6969999999999998,2.609,2.6630000000000003
P71244,0.371,0.35100000000000003,0.454,0.327,0.297,0.393,0.318,0.591,0.603,0.371,0.477,0.481,0.564,0.395,0.396,0.371,0.5529999999999999,0.464,0.482,0.755,0.478,0.45,0.6890000000000001,0.741
P27828,11.06,10.85,8.494,7.061,11.28,8.451,10.0,12.23,11.87,10.63,8.948,11.54,4.263,3.83,4.301,10.63,3.365,4.981,12.97,10.19,10.48,12.81,12.39,13.66
P27829,15.54,15.19,10.43,12.4,12.49,15.45,11.96,12.83,15.11,11.0,11.15,11.76,5.569,7.478,5.001,11.0,5.685,5.608,12.46,17.82,12.63,10.31,15.33,13.27
P27832,8.681000000000001,8.746,6.405,7.565,11.31,8.841000000000003,7.36,7.709,7.269,4.524,7.965,9.105,4.104,4.683,3.458,4.524,3.375,4.501,9.238,6.323,8.464,7.022,6.325,7.582999999999998
P27833,2.8560000000000003,2.677,2.184,2.645,2.6180000000000003,2.363,2.8160000000000003,2.852,2.925,1.349,2.123,2.448,1.884,1.74,1.596,1.349,1.475,1.877,2.379,2.925,2.735,2.64,1.546,2.427
P27835,2.8560000000000003,2.537,2.745,2.2430000000000003,2.932,2.63,2.278,2.658,2.99,1.298,2.363,2.56,1.616,2.03,2.107,1.298,1.401,2.077,2.7430000000000003,2.516,2.309,2.583,1.3330000000000002,2.7260000000000004
P27836,1.5419999999999998,1.65,0.966,1.571,1.105,1.5730000000000002,1.426,1.369,1.051,1.4980000000000002,1.135,1.311,0.972,0.5920000000000001,0.92,1.4980000000000002,0.726,0.93,1.249,1.709,1.274,1.211,1.038,1.533
P0A8G6,0.7809999999999999,1.067,1.382,1.763,1.413,1.539,1.46,1.422,1.589,1.4269999999999998,1.405,1.604,6.402,6.597,9.429,1.4269999999999998,9.245,8.507,3.867,4.191,1.4480000000000002,1.6980000000000002,2.001,1.426
P0A930,0.0368,0.0257,0.0792,0.0326,0.0391,0.0416,0.35,0.29,0.101,0.368,0.0835,0.112,0.0598,0.0843,0.0665,0.368,0.0348,0.168,0.6759999999999999,0.511,0.24,0.153,0.333,0.21
P0AAB2,0.557,0.377,0.508,0.365,0.309,0.213,0.628,0.637,0.716,0.745,0.67,0.579,0.3720000000000001,0.333,0.363,0.745,0.281,0.32299999999999995,0.7509999999999999,1.091,0.502,0.39,0.241,0.511
P77377,0.632,0.382,0.523,0.448,0.421,0.463,0.541,0.349,0.448,0.495,0.445,0.243,0.44,0.33,0.378,0.495,0.264,0.299,0.485,0.7929999999999999,0.366,0.433,0.386,0.399
P0AAA7,5.983,5.1320000000000014,4.349,3.929,5.141,4.999,3.797,4.395,4.556,3.084,4.462,5.188,2.178,2.199,2.094,3.084,1.704,2.697,4.987,5.487,5.079,4.1530000000000005,2.135,4.927
P76372,18.23,16.08,10.23,9.967,12.53,12.52,20.12,18.44,18.88,11.05,20.84,23.84,6.4860000000000015,8.049,6.145,11.05,5.113,6.028,16.25,13.24,20.89,21.39,12.95,17.4
P0AG00,9.547,8.245,8.637,8.241,9.814,9.368,9.867,10.93,9.924,8.38,9.71,11.5,3.681,4.165,3.535,8.38,3.705,4.559,11.67,12.69,11.0,10.29,12.13,11.63
P45563,0.0551,0.0772,0.0377,0.0351,0.0425,0.0674,0.0621,0.0757,0.051,0.228,0.0633,0.0648,0.258,0.103,0.119,0.228,0.0978,0.159,0.274,0.064,0.0661,0.0221,0.0601,0.0375
P45562,0.5710000000000001,0.339,0.452,0.297,0.324,0.309,0.509,0.585,0.354,0.525,0.449,0.481,0.493,0.426,0.32299999999999995,0.525,0.258,0.322,0.384,0.68,0.472,0.392,0.295,0.29600000000000004
P23841,1.029,0.887,1.026,0.79,0.6779999999999999,0.805,1.338,1.291,1.475,0.895,1.339,1.47,0.799,0.585,0.643,0.895,0.774,0.7170000000000001,1.2990000000000002,1.625,1.176,1.284,1.351,1.223
P63235,0.303,0.333,0.568,0.545,0.308,0.53,0.51,0.161,0.391,0.406,0.471,0.485,0.6509999999999999,0.684,0.8320000000000001,0.406,1.036,0.779,0.34700000000000003,0.179,0.35700000000000004,0.449,0.236,0.604
P0A8P6,12.79,7.9060000000000015,11.69,10.99,10.96,10.58,7.592,9.377,6.949,6.325,7.801,7.938,6.965,9.093,8.357999999999999,6.325,8.571,9.476,8.556000000000001,9.612,8.722999999999999,9.15,9.092,9.73
P0A8P8,12.79,16.95,15.09,17.52,19.29,17.21,15.94,16.92,15.67,12.58,15.12,17.93,13.78,14.8,13.56,12.58,15.23,16.03,21.54,17.15,18.19,19.55,15.01,15.25
P04994,2.271,1.6969999999999998,2.513,3.018,2.767,2.587,2.416,2.53,2.594,1.86,2.9410000000000003,3.084,0.464,0.515,0.362,1.86,0.439,0.3670000000000001,2.226,2.48,3.111,3.224,2.035,2.887
P0A8G9,27.48,26.4,21.48,19.1,21.61,19.36,23.32,21.44,22.39,14.94,22.37,29.02,15.49,18.72,14.95,14.94,14.87,16.36,19.29,19.28,17.58,23.31,15.8,21.3
P09030,9.835,11.06,5.997000000000001,6.181,7.7639999999999985,7.377999999999999,8.101,7.34,8.175,6.7429999999999986,8.396,9.185,5.541,6.997000000000001,5.477,6.7429999999999986,6.604,5.712999999999999,10.36,9.253,9.043,10.14,9.175,8.517999999999999
P00944,0.916,0.755,1.208,1.264,1.371,1.319,1.4509999999999998,1.35,1.402,1.3259999999999998,1.375,1.6130000000000002,1.882,1.84,2.337,1.3259999999999998,1.874,2.234,1.5930000000000002,1.271,1.504,1.269,0.997,1.16
P09099,0.256,0.215,0.15,0.395,0.197,0.272,0.17800000000000002,0.08800000000000001,0.108,0.594,0.224,0.217,0.417,0.418,0.26,0.594,0.322,0.308,0.105,0.0813,0.147,0.0943,0.109,0.135
P0AGF4,0.599,0.5,0.597,0.6809999999999999,0.733,0.672,1.425,1.171,1.054,0.994,1.404,0.931,1.046,0.848,1.012,0.994,0.857,0.7509999999999999,0.8590000000000001,1.331,0.928,0.8009999999999999,0.517,1.052
P37387,0.708,0.484,1.017,0.5589999999999999,0.586,0.4320000000000001,0.482,0.574,0.578,0.78,1.022,0.521,1.903,1.489,2.5810000000000004,0.78,2.115,2.39,0.813,0.499,0.735,0.478,0.615,0.355
P37388,0.409,0.25,0.391,0.301,0.314,0.267,0.5920000000000001,0.4370000000000001,0.338,0.54,0.483,0.518,1.206,0.631,1.321,0.54,1.123,1.4509999999999998,0.5429999999999999,0.552,0.595,0.465,0.414,0.527
P0AGI4,0.657,0.589,0.466,0.52,0.718,0.484,1.273,1.031,1.057,0.7120000000000001,1.02,1.0659999999999998,1.169,0.989,1.294,0.7120000000000001,0.946,1.392,1.008,0.7829999999999999,1.146,1.011,0.758,0.88
P0ACI3,0.247,0.431,0.35,0.451,0.406,0.244,0.645,0.62,0.655,0.501,0.703,0.695,0.8390000000000001,0.61,1.16,0.501,1.095,1.233,0.636,0.5870000000000001,0.942,1.078,0.289,0.659
P0A8I3,1.801,1.976,2.628,1.63,1.6669999999999998,2.158,2.464,1.765,2.444,2.446,1.938,2.33,2.387,2.507,2.254,2.446,1.76,2.642,2.579,2.439,2.998,2.849,2.467,1.965
P22564,3.845,5.169,4.507,4.54,4.463,4.756,1.7,1.527,1.968,2.003,1.903,1.867,8.302,8.728,9.896,2.003,10.94,11.66,0.973,1.208,2.514,1.178,2.777,1.4240000000000002
P0AC98,1.28,0.7240000000000001,1.356,1.182,1.172,1.455,2.58,2.124,2.968,2.535,3.003,3.552,1.072,1.091,0.946,2.535,0.961,1.086,3.092,1.896,2.952,1.967,1.832,1.219
P28696,0.631,0.624,0.679,0.706,0.6659999999999999,0.5670000000000001,0.924,1.044,1.149,0.914,0.708,0.966,0.6990000000000001,0.3720000000000001,0.58,0.914,0.445,0.452,0.679,0.5670000000000001,0.846,0.624,1.062,0.611
P30143,0.636,0.883,1.021,0.8290000000000001,0.868,0.925,0.958,0.612,0.6629999999999999,1.287,0.7959999999999999,0.8690000000000001,0.828,0.713,1.016,1.287,0.7809999999999999,1.001,1.168,1.227,0.933,0.6709999999999999,0.792,0.615
P31679,0.247,0.263,0.199,0.258,0.108,0.262,0.179,0.251,0.183,0.394,0.0861,0.402,0.395,0.194,0.205,0.394,0.13,0.212,0.0775,0.289,0.237,0.0745,0.344,0.136
P22186,25.9,25.42,20.97,21.75,27.68,20.74,31.79,29.85,28.61,19.71,31.35,41.57,19.19,19.36,18.61,19.71,18.31,20.21,35.67,27.25,28.59,30.19,19.26,22.23
P60390,11.41,10.82,9.545,8.68,10.44,7.972,14.87,13.11,14.01,9.435,14.61,15.25,8.899,9.304,9.272,9.435,7.207000000000002,9.283,17.91,15.72,13.46,11.67,11.38,11.54
P0A754,0.504,0.637,0.83,0.7020000000000001,0.768,0.8059999999999999,0.929,0.562,0.748,0.815,0.736,1.224,1.051,0.86,1.229,0.815,1.005,1.23,0.753,0.416,1.003,0.59,0.8009999999999999,0.458
P31680,6.314,4.678,4.148,3.605,4.793,4.677,6.108,6.483,7.334,6.683,6.949,7.285,3.352,3.878,3.1710000000000003,6.683,2.809,3.518,4.685,6.127999999999999,6.32,5.237,8.008,6.278
P30149,2.153,2.276,1.798,1.7080000000000002,2.091,1.64,1.626,1.921,1.863,2.437,2.355,2.4290000000000003,2.104,2.201,1.868,2.437,1.445,1.7280000000000002,2.327,2.053,1.51,2.126,2.664,1.513
P31548,2.3080000000000003,1.852,1.4069999999999998,1.349,1.6840000000000002,1.5590000000000002,2.1590000000000003,1.939,1.977,2.265,1.851,2.095,1.544,1.4680000000000002,1.181,2.265,1.107,1.202,2.216,2.657,2.306,2.604,2.704,2.235
P31549,2.804,2.677,2.917,2.35,3.2430000000000003,3.2110000000000003,3.841,3.3680000000000003,3.452,3.5860000000000003,3.064,2.9530000000000003,1.822,2.139,1.743,3.5860000000000003,1.73,1.639,3.551,4.029,4.063,3.554,3.5460000000000003,3.663
P31675,1.45,1.352,1.6230000000000002,1.416,1.367,1.46,1.901,1.967,2.009,1.7,1.337,1.345,1.5019999999999998,1.362,1.414,1.7,1.371,1.177,2.043,1.975,2.0380000000000003,1.607,2.359,1.232
P33595,2.167,1.52,1.683,1.757,1.274,1.723,2.724,2.458,2.202,2.228,2.33,3.14,1.3330000000000002,1.355,1.249,2.228,1.334,1.237,2.354,2.108,2.813,2.915,3.135,2.707
P0AA37,6.204,5.921,1.757,2.495,2.975,3.661,6.546,5.117,6.634,5.261,7.482,6.318,1.208,1.914,1.133,5.261,1.085,1.339,4.4689999999999985,4.831,6.257999999999999,4.461,7.629,5.355
P39220,4.873,4.892,3.007,3.811,3.401,2.923,6.127000000000002,6.091,5.4220000000000015,3.95,6.335,9.459,2.482,2.904,2.524,3.95,1.789,2.887,2.7260000000000004,3.225,4.949,2.96,6.296,4.374
P39221,7.939,7.278,4.4030000000000005,5.2639999999999985,6.695,7.27,4.999,5.957000000000002,8.048,5.362,6.234,6.356,4.115,4.4110000000000005,4.002,5.362,3.38,2.673,2.6710000000000003,2.845,5.4620000000000015,2.541,7.582999999999998,3.75
P62395,6.502000000000002,9.307,7.898,10.07,11.88,13.44,7.006,5.832999999999998,4.842,5.055,6.6179999999999986,9.278,10.34,11.19,11.0,5.055,9.71,11.48,8.204,3.4160000000000004,6.7029999999999985,11.4,4.6930000000000005,5.085
P0AA95,5.407,5.207999999999998,5.043,4.128,5.48,3.995,2.907,3.882,4.67,4.034,4.869,5.22,1.977,2.204,1.814,4.034,1.917,2.303,3.4960000000000004,3.22,3.854,2.824,4.274,3.25
P0A6I9,4.994,5.635,4.934,4.592,6.872000000000001,5.997999999999998,9.36,8.668,8.449,5.9270000000000005,8.353,11.36,4.445,4.961,4.381,5.9270000000000005,3.605,5.016,10.27,6.631,10.71,11.81,7.718,6.662000000000001
P36680,4.867,5.711,4.455,4.498,6.148,5.2,8.963,6.848,7.478,6.579,8.975,12.0,5.254,5.19,4.732,6.579,3.459,5.095,7.462999999999999,5.085,10.64,12.29,7.18,4.447
P0A8H8,3.345,3.659,3.312,3.134,3.862,3.969,6.067,5.56,6.322,4.934,4.859,7.072,3.4730000000000003,3.573,2.762,4.934,2.487,2.866,6.89,5.1770000000000005,7.213999999999999,8.324,5.959,4.695
P36682,0.652,0.462,0.483,0.471,0.321,0.316,0.481,0.401,0.573,0.954,0.523,0.35200000000000004,0.5589999999999999,0.457,0.464,0.954,0.47,0.404,0.473,0.477,0.382,0.306,0.481,0.303
P36649,2.989,2.201,2.331,2.355,2.732,3.303,2.358,2.73,3.005,2.766,3.0660000000000003,2.37,3.675,4.419,3.928,2.766,4.7,4.419,3.977,3.08,3.468,2.722,3.486,2.432
P0A8E5,6.452000000000001,7.544,5.725,5.521,7.279,6.129,9.303,11.78,9.795,7.121,9.758,12.04,6.905,7.03,7.141,7.121,5.949,7.358,15.16,11.64,11.73,9.814,12.82,9.42
P27305,2.403,3.877,1.74,1.796,1.961,2.396,1.69,1.869,2.516,1.3969999999999998,2.2,2.903,0.979,0.981,0.863,1.3969999999999998,0.818,1.165,1.6030000000000002,1.595,1.947,1.584,1.6130000000000002,1.457
P31058,0.184,0.14400000000000002,0.285,0.173,0.183,0.146,0.5660000000000001,0.529,0.623,0.338,0.509,0.584,0.284,0.211,0.255,0.338,0.184,0.224,0.944,0.685,0.448,0.32,0.307,0.25
P31665,0.894,0.88,1.346,0.6509999999999999,1.1840000000000002,0.8240000000000001,1.759,1.72,1.485,1.582,1.148,1.082,1.072,0.975,1.116,1.582,0.83,0.949,1.733,1.979,1.408,1.256,1.646,1.277
P31666,0.44,0.398,0.508,0.317,0.454,0.408,0.857,0.634,0.654,1.094,0.645,0.895,0.685,0.609,0.599,1.094,0.5479999999999999,0.569,0.76,0.556,0.685,0.69,0.871,0.562
P61517,44.41,46.17,47.17,39.43,49.08,37.29,44.99,54.86,53.64,51.57,49.66,51.52,38.53,47.18,43.49,51.57,41.79,49.17,65.88,62.35,59.22,52.79,70.14,46.94
P36879,5.2570000000000014,5.835,4.252,5.269,4.697,5.244,2.938,3.545,3.063,3.064,3.242,2.814,2.501,4.171,3.941,3.064,2.946,3.573,4.93,5.392,3.861,4.332,4.251,3.588
P0AFN6,2.983,3.154,2.629,2.776,2.463,3.032,1.918,2.114,2.202,2.362,2.121,1.744,1.956,1.859,1.958,2.362,1.774,1.983,3.312,3.063,2.465,2.5860000000000003,2.334,2.342
P36881,1.216,1.287,0.903,0.7240000000000001,0.883,0.928,0.575,0.7929999999999999,0.895,1.245,1.018,0.892,1.629,1.404,1.277,1.245,1.167,1.601,1.046,0.703,0.8490000000000001,0.993,1.123,0.7909999999999999
P37016,0.0306,0.133,0.227,0.0276,0.0851,0.12,0.266,0.129,0.17800000000000002,0.358,0.329,0.189,0.282,0.199,0.135,0.358,0.215,0.262,0.534,0.48,0.171,0.125,0.111,0.13699999999999998
P37017,0.158,0.239,0.218,0.177,0.289,0.179,0.42,0.468,0.474,0.335,0.301,0.417,0.735,0.407,0.528,0.335,0.383,0.406,0.688,0.6,0.518,0.35200000000000004,0.344,0.168
P37018,0.308,0.251,0.396,0.322,0.505,0.3670000000000001,0.591,0.946,0.777,0.648,0.398,0.708,0.635,0.463,0.455,0.648,0.324,0.403,1.403,1.457,0.745,0.383,0.569,0.342
P37050,0.0245,0.132,0.0141,0.0226,0.0241,0.0208,0.0635,0.0719,0.0404,0.182,0.142,0.0435,0.0617,0.0393,0.0236,0.182,0.0141,0.0181,0.256,0.0413,0.0374,0.035,0.0328,0.015
P37025,3.144,4.127,4.046,3.5810000000000004,4.301,3.307,3.059,4.695,4.044,2.178,3.097,4.253,3.534,4.04,3.262,2.178,3.144,3.837,2.817,2.352,3.2710000000000004,2.832,2.169,2.227
P37019,3.714,2.804,3.979,3.213,4.149,2.96,4.17,4.976,4.7010000000000005,4.045,4.545,5.13,3.991,3.01,4.123,4.045,3.721,4.453,3.198,3.419,5.983,3.61,6.589,4.3
P0ACC3,8.966000000000003,8.273,7.938,7.027,8.379,8.539,14.13,19.81,25.64,14.17,22.11,19.94,8.533,10.38,8.724,14.17,7.575,8.641,14.31,14.94,17.94,15.18,22.75,13.93
P0AFP0,1.893,1.425,1.446,1.381,1.4380000000000002,1.663,1.153,1.625,1.79,1.851,1.767,1.791,0.86,1.101,0.8290000000000001,1.851,0.723,0.722,0.818,0.565,1.519,1.5219999999999998,1.376,1.3630000000000002
P37028,4.331,2.827,2.205,2.8080000000000003,2.97,3.756,2.672,2.813,3.829,3.455,3.652,3.33,2.219,2.647,2.064,3.455,1.7280000000000002,2.1,1.91,1.919,3.187,2.497,3.176,2.508
P28634,6.312,3.959,5.729,4.602,5.624,4.845,4.66,5.204,5.591,4.816,5.195,4.712,3.315,3.765,3.1210000000000004,4.816,3.739,4.136,4.708,5.657,5.532,5.346,8.611,5.956
P28635,11.96,11.09,8.27,8.853,10.73,8.099,9.464,10.8,8.732999999999999,7.564,8.897,8.651,5.069,5.893,5.3260000000000005,7.564,5.459,6.5779999999999985,9.102,8.376,11.21,9.206,11.96,9.666
P63228,9.908,10.59,10.45,8.228,10.86,9.971,9.586,10.0,9.548,7.38,8.773,9.028,9.901,8.683,9.961,7.38,7.619,7.712999999999999,10.1,9.977,10.21,11.68,10.18,8.758
P31547,9.531,9.924,4.5760000000000005,4.638,6.289,5.904,3.742,4.117,4.511,3.973,4.2360000000000015,4.067,3.0580000000000003,3.708,2.8680000000000003,3.973,3.144,3.56,3.379,3.315,4.884,5.285,5.3439999999999985,4.12
P37056,0.369,0.298,0.201,0.262,0.214,0.21600000000000005,0.258,0.329,0.375,0.8440000000000001,0.341,0.247,0.49,0.245,0.177,0.8440000000000001,0.267,0.366,0.14800000000000002,0.401,0.304,0.174,0.409,0.259
P37047,1.531,1.859,1.665,1.503,1.3630000000000002,1.045,1.101,0.82,0.939,1.535,1.097,0.784,1.871,1.868,1.747,1.535,1.795,1.514,0.957,1.181,1.121,0.706,1.074,0.899
P62768,3.113,2.928,5.051,3.108,2.895,2.47,2.787,3.185,3.517,3.0610000000000004,3.357,3.077,6.982,5.978,6.728,3.0610000000000004,5.088,6.175,5.114,4.972,3.853,3.9,3.3480000000000003,3.117
P37049,1.508,1.14,1.34,1.4469999999999998,1.389,1.231,1.6030000000000002,1.506,0.908,1.653,0.933,0.985,1.422,1.199,1.211,1.653,1.255,1.444,0.805,1.5830000000000002,1.229,1.103,1.664,1.422
P40711,7.24,6.648,8.386000000000001,6.5470000000000015,7.41,6.6560000000000015,4.723,5.888,5.669,5.114,5.485,4.84,4.414,4.684,4.758,5.114,5.042,5.372999999999998,6.3889999999999985,8.324,5.778,4.54,7.5539999999999985,6.3870000000000005
P0AEH1,16.89,22.62,32.03,24.2,29.59,24.24,18.87,17.79,20.84,5.5779999999999985,10.55,16.0,16.85,11.7,17.05,5.5779999999999985,12.67,15.78,19.98,21.88,20.12,12.74,17.13,10.56
P45568,3.842,5.4910000000000005,4.753,4.336,5.617000000000001,4.785,5.57,5.377000000000002,5.424,4.332,5.353,5.502999999999999,3.0410000000000004,3.127,2.965,4.332,2.42,2.935,6.2,5.86,7.2029999999999985,5.1080000000000005,5.747999999999998,3.474
P0AFW8,3.02,2.972,2.216,2.614,2.4,2.393,3.116,2.963,3.255,2.53,2.989,3.933,3.919,3.981,3.891,2.53,3.923,3.744,4.334,2.979,3.059,3.217,2.96,2.49
P0AA97,9.812,7.564,8.177999999999999,5.939,8.541,6.489,5.532,6.09,6.05,5.545,5.994,6.49,4.381,4.3660000000000005,3.941,5.545,3.979,4.692,6.188,5.212999999999999,5.0280000000000005,4.329,6.858,5.799
P52096,3.25,3.475,4.803,3.808,4.425,3.236,3.1710000000000003,2.438,2.859,1.783,2.556,1.67,3.286,3.252,3.622,1.783,3.249,3.89,2.425,3.379,1.582,1.4580000000000002,2.364,2.144
P60472,7.348,11.21,11.17,8.117,11.68,10.33,8.499,7.892,10.56,4.525,7.108,9.686,4.966,3.451,4.925,4.525,3.525,4.603,8.645,9.167,10.8,7.544,8.797,5.158
P0A940,13.17,16.53,22.85,17.12,22.38,17.76,16.03,11.74,14.53,5.6,9.315,15.14,14.59,11.53,15.82,5.6,11.22,16.91,17.6,11.65,18.16,9.303,12.06,8.318999999999999
P04335,3.185,1.805,1.767,1.391,1.611,1.472,2.431,2.6180000000000003,3.2310000000000003,2.966,2.819,2.052,1.228,3.596,3.452,2.966,3.468,3.576,2.38,2.489,3.387,2.92,3.386,2.74
P30863,1.1909999999999998,1.469,1.287,1.097,1.38,1.433,2.687,3.1210000000000004,3.384,2.881,3.018,2.793,3.088,3.148,3.124,2.881,2.3080000000000003,2.412,3.176,3.159,3.2880000000000003,3.659,3.25,2.595
P30864,0.5820000000000001,0.858,1.216,1.095,0.978,0.95,1.195,1.412,1.599,1.446,1.221,1.533,1.213,1.246,1.319,1.446,1.148,1.384,1.194,0.931,1.6669999999999998,1.659,1.499,1.057
P0A8U2,0.757,0.91,1.515,1.855,1.96,1.871,1.107,1.345,0.927,0.943,0.653,1.243,1.409,0.907,1.853,0.943,1.604,1.584,1.148,0.968,1.262,1.144,1.1740000000000002,0.948
P30866,0.499,0.659,1.1,0.759,0.948,0.96,0.662,0.825,0.8640000000000001,0.968,0.745,0.852,0.49,0.404,0.529,0.968,0.248,0.397,0.7759999999999999,0.6409999999999999,0.843,0.8590000000000001,0.901,0.737
Q47146,0.91,1.172,1.909,1.403,1.402,1.129,1.258,1.221,0.959,1.217,0.523,0.858,2.759,1.256,4.26,1.217,3.961,3.524,1.125,1.469,1.267,0.82,0.974,0.5479999999999999
Q47147,3.701,4.235,4.449,3.842,4.418,5.325,3.2510000000000003,3.618,3.552,1.556,2.833,3.339,3.512,3.172,4.243,1.556,3.973,4.303,2.625,3.567,3.523,2.887,3.627,2.872
P0AA99,12.13,12.35,9.238,10.87,12.57,11.88,8.986,7.586,8.229,3.554,7.36,11.82,4.631,4.351,4.673,3.554,4.7780000000000005,5.502000000000002,3.293,3.877,6.915,7.502999999999999,5.716,5.3279999999999985
Q47151,0.387,0.369,0.353,0.326,0.371,0.334,0.789,0.544,0.721,0.636,0.454,0.643,0.442,0.419,0.388,0.636,0.474,0.505,0.782,0.799,0.5920000000000001,0.648,0.56,0.634
Q47152,1.208,0.946,1.339,0.745,0.967,0.7070000000000001,0.782,0.7490000000000001,0.8220000000000001,0.7290000000000001,0.633,0.685,1.33,1.175,1.148,0.7290000000000001,0.884,1.261,0.5820000000000001,0.948,0.545,0.409,0.685,0.5589999999999999
Q47156,1.539,1.379,1.5419999999999998,0.7290000000000001,1.348,1.149,1.513,1.722,2.072,1.4369999999999998,1.605,1.69,1.337,1.774,1.49,1.4369999999999998,1.005,1.245,2.522,3.161,1.625,1.338,1.69,1.605
Q47157,1.217,1.07,0.99,0.601,1.21,0.753,1.183,1.154,1.274,1.298,1.429,1.415,1.101,1.151,0.856,1.298,0.759,0.98,1.922,1.5630000000000002,1.122,0.87,1.116,0.8270000000000001
Q47158,1.265,1.4069999999999998,1.59,1.223,1.839,1.293,2.482,2.553,2.4930000000000003,2.226,2.379,2.295,1.474,1.4369999999999998,1.205,2.226,1.212,1.145,3.284,1.587,2.277,1.78,2.604,1.857
Q47149,3.292,1.802,3.674,1.584,2.845,2.452,1.673,1.195,1.768,0.643,1.4269999999999998,1.5590000000000002,2.217,1.826,2.168,0.643,1.486,2.028,0.63,1.196,1.194,0.56,0.9,1.248
P75672,0.7829999999999999,1.266,1.196,0.853,0.946,1.024,1.289,1.225,1.436,0.695,1.024,1.102,1.411,1.32,1.462,0.695,1.225,1.381,1.061,0.8079999999999999,1.41,1.195,0.974,0.718
P77339,0.626,1.019,0.789,0.609,0.856,0.921,1.5319999999999998,1.163,1.279,1.143,1.175,1.506,0.52,0.361,0.643,1.143,0.445,0.338,1.676,1.881,1.685,0.982,1.226,0.956
P77354,0.0168,0.0984,0.0368,0.179,0.0655,0.0955,0.156,0.0549,0.234,0.171,0.126,0.103,0.139,0.0515,0.0816,0.171,0.0597,0.0731,0.0336,0.14800000000000002,0.0844,0.0608,0.103,0.0853
Q47679,0.865,1.809,1.729,1.283,1.62,1.76,1.394,1.381,1.185,0.8759999999999999,0.909,1.741,1.509,1.054,1.879,0.8759999999999999,1.324,1.518,1.4240000000000002,1.477,1.301,1.259,1.3,0.598
Q47684,0.0858,0.431,0.133,0.12,0.106,0.713,0.433,0.146,0.21600000000000005,0.976,0.574,0.503,0.36,0.202,0.0794,0.976,0.403,0.424,0.6779999999999999,0.145,0.374,0.447,0.184,0.244
P75676,0.0521,0.0818,0.0509,0.0502,0.0264,0.0392,0.0721,0.0435,0.0368,0.299,0.0783,0.0366,0.0777,0.0515,0.0522,0.299,0.0381,0.0271,0.11,0.0493,0.0513,0.07,0.0547,0.0423
P77365,0.623,0.65,1.036,1.122,0.795,0.938,1.043,0.5579999999999999,0.665,0.615,0.72,0.594,0.754,0.949,0.805,0.615,0.677,0.983,0.77,0.5429999999999999,0.684,0.695,0.669,0.363
P77206,0.0766,0.0545,0.326,0.0828,0.0414,0.16699999999999998,0.52,0.208,0.147,0.274,0.189,0.285,0.193,0.102,0.0415,0.274,0.1,0.11,0.267,0.0973,0.246,0.215,0.149,0.14800000000000002
P37007,0.519,0.907,0.369,0.91,0.894,1.015,0.961,0.785,0.753,0.7709999999999999,0.828,1.291,0.8340000000000001,0.902,0.442,0.7709999999999999,0.665,0.481,0.916,1.172,0.912,0.909,1.088,1.114
P37008,1.243,1.278,1.336,1.055,1.391,1.032,1.503,1.296,1.3869999999999998,0.95,1.342,1.5930000000000002,2.149,1.89,2.076,0.95,2.044,2.502,1.075,0.795,1.206,0.963,1.045,1.172
Q47690,1.175,1.643,1.695,1.34,1.484,0.857,0.7929999999999999,0.901,0.636,0.91,0.742,1.045,2.041,1.366,1.618,0.91,1.722,2.13,1.231,0.923,0.679,0.831,0.8220000000000001,0.482
P75682,2.9560000000000004,4.657,7.806,6.593,8.525,5.627999999999999,0.934,0.957,0.938,0.726,0.768,0.631,4.91,3.844,4.97,0.726,4.21,5.443,1.001,0.848,0.6659999999999999,0.84,0.605,0.8029999999999999
P77596,0.988,1.505,3.0,3.633,3.564,2.636,0.6609999999999999,0.339,0.472,0.7090000000000001,0.851,0.75,1.254,1.215,2.059,0.7090000000000001,1.815,1.992,0.631,0.807,0.59,0.614,1.009,0.6859999999999999
P75683,0.691,0.453,0.7759999999999999,0.6459999999999999,1.139,0.66,0.7020000000000001,0.669,0.6609999999999999,0.728,0.737,0.693,0.784,0.653,1.027,0.728,0.794,0.976,0.589,0.517,0.532,0.404,0.513,0.519
P77713,0.309,0.999,1.015,1.508,1.787,1.635,0.34600000000000003,0.489,0.5660000000000001,0.7,0.638,0.365,1.164,1.228,1.248,0.7,1.158,0.991,0.8170000000000001,0.207,0.246,0.557,0.293,0.246
P77300,1.599,1.54,1.413,1.777,1.715,1.622,1.712,2.068,1.257,1.314,1.7180000000000002,1.519,1.607,1.702,1.415,1.314,1.465,1.936,1.88,1.612,1.355,1.976,2.03,1.3090000000000002
P77169,0.5479999999999999,0.581,0.733,0.318,0.414,0.35600000000000004,0.797,0.63,0.579,1.073,0.6559999999999999,0.841,0.636,0.519,0.416,1.073,0.476,0.564,0.672,0.519,0.455,0.322,0.618,0.546
P77657,0.297,0.35600000000000004,0.303,0.247,0.245,0.321,0.472,0.557,0.7659999999999999,0.672,0.929,0.8440000000000001,0.392,0.362,0.29600000000000004,0.672,0.387,0.312,0.8590000000000001,0.539,0.623,0.514,0.557,0.336
P77607,0.254,0.247,0.21600000000000005,0.155,0.316,0.142,0.491,0.319,0.343,0.463,0.5479999999999999,0.4,0.3720000000000001,0.259,0.16,0.463,0.179,0.254,0.57,0.263,0.406,0.285,0.392,0.239
P71296,0.15,0.0742,0.121,0.102,0.134,0.0772,0.145,0.219,0.235,0.316,0.235,0.22,0.136,0.104,0.14,0.316,0.0912,0.0953,0.204,0.253,0.119,0.102,0.16899999999999998,0.156
P71297,5.845,6.825,6.685,4.4110000000000005,6.185,4.3039999999999985,7.072,7.974,8.629,6.032,7.697,7.968,10.44,10.74,9.702,6.032,9.601,10.73,5.566,4.164,6.711,5.3439999999999985,7.521,5.059
P77183,0.115,0.107,0.102,0.0991,0.0966,0.104,0.123,0.0615,0.0835,0.125,0.106,0.09,0.0826,0.0955,0.0973,0.125,0.109,0.102,0.099,0.0707,0.0861,0.0935,0.092,0.0859
P77489,0.0949,0.107,0.106,0.251,0.0989,0.0882,0.267,0.087,0.0892,0.39,0.158,0.114,0.16,0.101,0.276,0.39,0.317,0.484,0.07400000000000001,0.192,0.171,0.119,0.165,0.117
P77324,1.3090000000000002,0.855,0.846,0.957,0.5379999999999999,0.825,0.904,0.489,0.303,1.652,0.55,0.838,0.7490000000000001,1.063,0.484,1.652,1.133,0.871,0.324,1.44,0.848,0.685,1.0659999999999998,0.831
P77165,0.433,0.4,0.196,0.374,0.508,0.217,0.187,0.29100000000000004,0.29600000000000004,0.659,0.166,0.0992,0.3,0.499,0.225,0.659,0.299,0.298,0.198,0.151,0.109,0.18600000000000005,0.441,0.0477
P0AAA1,4.334,6.819,5.545,3.373,4.749,2.8680000000000003,4.627,4.76,5.087,4.158,4.359,5.308,2.419,2.422,2.492,4.158,2.024,2.939,2.922,1.845,3.225,3.718,2.945,2.488
P77263,0.331,0.335,0.332,0.361,0.325,0.336,0.481,0.421,0.496,0.8059999999999999,0.403,0.607,0.404,0.501,0.434,0.8059999999999999,0.4970000000000001,0.522,0.443,0.491,0.303,0.491,0.564,0.395
P77694,1.518,1.269,1.197,1.248,0.8109999999999999,1.416,1.5519999999999998,1.08,1.518,1.295,1.217,1.4409999999999998,1.216,1.6469999999999998,1.568,1.295,1.266,1.212,1.575,1.324,1.234,1.429,1.4469999999999998,1.126
P77802,0.464,0.513,0.386,0.431,0.424,0.254,0.958,0.8290000000000001,0.605,1.298,0.809,1.071,0.821,0.743,0.69,1.298,0.595,0.622,0.988,0.632,0.782,0.7240000000000001,0.923,0.8170000000000001
P77188,0.13,0.229,0.181,0.0865,0.198,0.244,0.25,0.54,0.451,0.6629999999999999,0.404,0.39,0.381,0.284,0.155,0.6629999999999999,0.315,0.16899999999999998,0.5660000000000001,0.439,0.279,0.332,0.502,0.311
P0AAA3,0.309,0.353,0.342,0.27,0.378,0.44,0.612,0.5920000000000001,0.649,0.479,0.711,0.8340000000000001,0.562,0.5660000000000001,0.494,0.479,0.418,0.412,1.077,0.473,0.597,0.586,0.516,0.408
P21514,2.8280000000000003,2.2,1.798,1.348,1.933,1.4169999999999998,6.358,8.254,8.013,6.207999999999998,6.945,6.36,1.858,3.148,2.499,6.207999999999998,2.382,2.379,5.109,4.6530000000000005,5.695,4.381,6.754,4.904
P77700,0.392,0.833,0.313,0.455,0.483,0.473,0.0807,0.0814,0.0333,0.63,0.335,0.189,0.591,0.787,0.763,0.63,0.767,0.831,0.218,0.16899999999999998,0.233,0.0403,0.237,0.09
P77219,1.51,1.045,0.545,0.74,0.722,0.731,0.621,0.355,0.6940000000000001,1.359,0.986,0.511,0.7240000000000001,0.747,0.5429999999999999,1.359,0.444,0.495,0.653,0.481,0.403,0.468,0.8959999999999999,0.204
P77736,1.011,0.648,1.149,0.715,0.648,0.448,0.189,0.727,0.935,1.181,0.708,0.294,0.339,0.34600000000000003,0.552,1.181,0.32,0.517,0.6509999999999999,0.971,0.547,0.591,0.985,0.376
P77297,1.015,0.556,0.918,0.885,0.305,0.4,1.196,0.8320000000000001,0.857,1.485,0.931,0.474,0.718,0.477,0.613,1.485,0.8909999999999999,0.412,0.604,0.863,0.607,0.534,0.924,0.59
P77187,0.804,0.509,0.477,0.528,0.703,0.446,0.531,0.502,0.629,1.088,0.6890000000000001,0.525,0.7020000000000001,0.618,0.462,1.088,0.5870000000000001,0.461,0.721,0.635,0.598,0.579,0.721,0.636
P77221,0.73,0.892,0.813,0.998,1.138,0.762,0.295,0.701,0.723,0.928,0.8270000000000001,0.638,0.611,0.8,0.8420000000000001,0.928,0.604,0.487,0.611,0.431,0.375,0.406,0.545,0.4
Q2EEQ3,1.368,1.59,0.336,1.17,1.082,1.003,0.7959999999999999,0.598,0.705,1.634,1.371,1.305,1.022,0.928,1.118,1.634,1.223,1.108,1.161,0.48,1.186,1.739,0.35200000000000004,0.779
P77624,0.55,0.478,0.618,0.782,0.748,0.65,0.238,0.289,0.204,0.961,0.674,0.378,0.632,0.797,0.738,0.961,0.682,0.71,0.435,0.215,0.47,0.449,0.415,0.37
P77554,0.311,0.239,0.478,0.245,0.238,0.254,0.303,0.493,0.424,0.644,0.45,0.378,0.586,0.284,0.508,0.644,0.395,0.662,0.163,0.191,0.4320000000000001,0.614,0.302,0.518
P75691,1.296,1.037,1.196,1.3,1.256,1.22,1.581,1.777,1.182,1.564,1.4069999999999998,1.043,2.739,2.817,3.758,1.564,3.201,3.341,1.618,1.711,1.459,1.208,1.774,1.338
P77393,0.103,0.17,0.187,0.0552,0.116,0.0906,0.136,0.189,0.309,0.589,0.29100000000000004,0.153,0.279,0.0758,0.108,0.589,0.128,0.0473,0.33,0.259,0.14400000000000002,0.15,0.104,0.104
P75692,0.338,0.322,0.276,0.171,0.378,0.151,0.6629999999999999,1.089,1.086,0.893,0.758,0.83,0.34,0.388,0.35100000000000003,0.893,0.349,0.344,0.843,0.959,0.947,1.038,1.202,0.879
P75693,0.59,1.019,0.583,0.28800000000000003,0.422,0.274,0.34600000000000003,0.511,0.617,0.73,0.535,0.37,2.798,2.337,1.928,0.73,1.91,2.471,0.16899999999999998,0.409,0.341,0.521,0.411,0.325
P75694,0.487,0.418,0.998,0.601,0.971,0.974,0.843,0.922,0.915,0.911,0.795,0.935,3.3480000000000003,2.879,3.958,0.911,2.7260000000000004,3.017,1.523,1.431,0.809,1.106,0.848,0.7290000000000001
P0AAN5,3.508,3.511,4.234,4.563,4.524,4.7410000000000005,3.681,3.062,3.76,2.7710000000000004,4.876,3.22,1.899,1.483,2.0540000000000003,2.7710000000000004,1.776,1.6130000000000002,2.542,2.263,3.2060000000000004,2.962,3.5,3.517
P0AAN9,4.262,4.51,7.261,3.065,4.41,2.565,2.189,2.1790000000000003,2.3480000000000003,1.034,1.611,2.086,2.99,2.315,2.544,1.034,2.221,2.434,1.624,2.023,1.694,1.628,1.848,1.329
P0AAP1,0.591,0.55,0.39,0.485,0.452,0.416,0.54,0.457,0.514,0.516,0.487,0.718,0.532,0.5529999999999999,0.456,0.516,0.5670000000000001,0.502,0.35,0.415,0.28600000000000003,0.496,0.6409999999999999,0.523
P36767,11.18,6.23,7.345,5.393,6.18,5.726,9.163,9.752,10.48,9.403,9.29,8.645,5.43,6.39,5.757999999999999,9.403,5.134,5.6320000000000014,7.773,8.789,10.21,8.693999999999999,12.59,10.55
P0C037,11.54,12.23,20.37,18.37,18.86,15.65,5.166,5.365,5.271,4.208,5.047,6.363,7.227,6.877999999999999,7.0870000000000015,4.208,7.18,7.9620000000000015,4.981,3.492,4.546,5.55,4.745,3.982
P0AD70,2.461,4.512,2.457,2.357,2.824,3.079,1.421,1.206,1.412,0.931,1.396,1.838,2.084,1.734,1.945,0.931,2.005,2.047,0.743,0.821,1.921,1.392,1.404,1.047
P0A8D3,3.107,3.514,3.813,2.962,3.67,3.107,2.417,2.42,2.295,1.412,2.32,2.988,1.869,2.166,1.528,1.412,1.436,2.141,1.1740000000000002,1.284,1.715,1.97,1.947,2.289
P51024,6.3370000000000015,5.397,6.017,4.596,5.7360000000000015,4.792,6.473,7.826,7.274,6.3,6.7879999999999985,7.797999999999999,5.1,5.103,4.274,6.3,4.107,4.688,3.887,3.556,6.954,6.162000000000001,8.932,6.535
P51025,6.6160000000000005,5.352,3.588,3.256,4.09,4.512,4.607,5.184,5.638,4.47,5.593,6.072,1.599,2.189,1.3130000000000002,4.47,1.267,1.834,3.346,2.633,6.082000000000002,5.443,5.933,4.387
P0AAP3,22.73,18.26,14.38,13.16,17.46,15.43,22.48,22.74,21.88,19.87,23.16,29.58,10.93,14.22,10.35,19.87,11.13,11.55,19.23,12.01,30.59,29.75,24.76,21.11
Q47534,0.8420000000000001,0.472,0.5760000000000001,0.471,0.551,0.404,0.758,0.993,0.665,1.3259999999999998,0.7859999999999999,0.611,0.623,0.425,0.402,1.3259999999999998,0.7120000000000001,0.523,0.511,0.4970000000000001,0.693,0.612,0.939,0.5720000000000001
Q47536,0.107,0.35100000000000003,0.201,0.211,0.278,0.206,0.161,0.472,0.474,1.029,0.495,0.35200000000000004,0.266,0.235,0.19,1.029,0.265,0.273,0.564,0.493,0.321,0.386,0.529,0.284
P71311,0.0505,0.0121,0.0217,0.015,0.0115,0.0723,0.277,0.0501,0.162,0.285,0.16399999999999998,0.0854,0.134,0.0112,0.0615,0.285,0.101,0.0369,0.6659999999999999,0.371,0.114,0.15,0.0255,0.0512
P77199,0.3720000000000001,0.348,0.638,0.361,0.5429999999999999,0.35200000000000004,0.727,0.642,0.8109999999999999,0.342,0.7170000000000001,0.469,0.511,0.463,0.37,0.342,0.464,0.375,0.727,0.457,0.727,0.5920000000000001,0.584,0.395
P77199,0.023,0.056,0.0651,0.0464,0.0391,0.0184,0.123,0.246,0.214,0.446,0.251,0.256,0.165,0.146,0.0658,0.446,0.106,0.116,0.278,0.387,0.28300000000000003,0.14400000000000002,0.252,0.173
P0AAP5,0.01,0.01,0.0226,0.01,0.01,0.01,0.0578,0.0284,0.0354,0.199,0.0711,0.0137,0.0598,0.015,0.015,0.199,0.0141,0.01,0.0353,0.0413,0.0296,0.0175,0.0374,0.0205
P77562,1.821,1.773,1.854,1.206,2.311,1.671,2.101,2.026,1.649,1.126,1.724,1.905,1.6369999999999998,1.604,1.609,1.126,1.509,1.5759999999999998,1.361,1.212,2.231,2.011,1.854,1.664
P21515,1.259,2.083,0.866,1.67,1.244,1.76,0.917,1.233,0.8370000000000001,1.124,0.946,1.589,1.173,1.53,1.209,1.124,1.286,1.626,0.923,0.377,0.86,1.43,1.258,0.995
P0ADZ7,22.23,34.63,18.66,23.07,27.01,29.0,24.41,21.56,21.12,16.57,21.59,29.3,19.51,22.51,18.09,16.57,18.03,20.35,20.56,12.74,27.69,31.7,20.73,18.17
P0AAQ2,2.528,3.169,3.741,3.131,3.793,4.203,4.746,5.43,4.76,3.982,4.436,5.908,5.46,5.478,4.932,3.982,4.255,4.705,4.1789999999999985,5.16,5.752999999999999,5.901,5.122999999999998,4.143
P23917,3.133,2.286,3.632,2.668,3.116,2.371,3.429,3.551,3.434,3.125,3.273,3.407,4.595,3.786,4.577,3.125,3.987,4.8,2.294,2.464,3.621,2.821,4.2410000000000005,3.583
P0ADA5,33.33,32.89,20.1,24.72,31.9,30.13,18.07,17.54,15.76,14.95,19.73,25.36,14.71,17.4,13.68,14.95,14.18,16.48,18.46,11.48,21.34,25.16,17.38,15.27
P46122,0.366,0.504,0.91,0.466,0.685,0.451,0.916,1.015,1.086,0.66,0.7170000000000001,0.8640000000000001,0.6559999999999999,0.544,0.748,0.66,0.54,0.55,0.754,1.361,0.759,0.472,1.056,0.72
P77718,9.922,10.18,6.246,7.704,7.132999999999999,8.109,8.254,7.267,8.067,4.947,6.419,7.694,3.1630000000000003,5.119,2.585,4.947,3.392,3.472,6.908,6.791,6.225,7.712999999999999,7.055,7.965
P77735,3.968,3.573,4.285,4.084,4.185,3.315,2.925,2.964,2.745,1.89,2.381,2.834,4.262,3.409,4.603,1.89,4.346,4.516,3.119,3.28,2.99,2.445,3.297,3.0580000000000003
P0A8E7,18.12,14.12,14.29,11.5,13.28,12.57,27.95,28.21,28.77,20.69,30.95,33.43,15.57,17.06,13.62,20.69,13.4,14.6,27.26,24.26,29.59,31.27,34.33,28.52
P77726,2.291,1.961,1.851,1.851,2.617,2.514,2.695,2.672,2.492,2.3,3.048,2.735,2.374,2.285,1.931,2.3,1.564,2.278,2.8,2.035,1.931,3.665,2.219,2.536
P0AAQ6,1.092,0.445,0.7390000000000001,0.482,0.7070000000000001,0.561,0.619,0.918,0.7559999999999999,1.13,0.7929999999999999,1.026,0.4970000000000001,0.364,0.399,1.13,0.407,0.424,1.01,0.961,0.945,0.7020000000000001,0.383,0.918
P0A8B5,24.79,24.05,13.84,16.68,18.66,18.89,22.07,20.93,19.22,17.39,22.36,21.79,11.79,15.65,10.94,17.39,12.0,12.66,22.78,16.34,28.38,28.62,27.49,21.72
P23872,0.36,0.509,0.6509999999999999,0.449,0.526,0.465,0.475,0.429,0.486,0.5920000000000001,0.378,0.464,0.7659999999999999,0.69,0.779,0.5920000000000001,0.6579999999999999,0.947,0.45,0.353,0.431,0.495,0.609,0.485
P0A8D0,9.366,14.34,13.51,10.28,15.52,13.44,13.28,12.77,15.61,6.58,10.31,13.36,12.79,12.54,11.66,6.58,10.17,11.3,15.25,13.95,17.88,15.28,11.86,11.12
P46890,0.6779999999999999,1.352,1.493,1.216,1.025,1.023,0.645,0.879,0.627,0.903,0.871,0.6990000000000001,4.387,3.22,4.092,0.903,3.216,3.335,0.43,0.309,0.909,1.073,0.969,0.45
P0AAR0,3.044,3.628,7.383999999999999,5.105,6.379,4.814,3.936,4.145,4.404,2.233,4.272,4.256,2.303,2.486,2.2840000000000003,2.233,1.932,2.257,3.596,3.176,2.612,2.897,2.779,3.487
P0AAR3,2.387,1.896,2.68,1.999,2.394,1.832,4.537,5.249,5.926,3.18,4.121,5.7860000000000005,2.36,2.052,1.953,3.18,1.598,2.169,4.331,4.093,5.22,5.152,4.8610000000000015,3.776
P39830,3.877,4.977,3.957,4.2010000000000005,4.089,4.799,4.662,4.177,4.185,3.699,4.089,5.311,2.819,3.468,2.942,3.699,2.986,2.9,4.5280000000000005,4.067,3.735,5.989,4.971,4.435
P45807,3.262,2.142,2.417,2.377,2.399,2.028,3.117,2.794,3.185,3.204,3.137,3.397,2.097,2.427,2.005,3.204,2.306,2.341,2.94,3.092,3.3480000000000003,2.6630000000000003,4.257,3.286
P0AAR5,7.772,5.7,6.4129999999999985,4.933,6.064,5.9060000000000015,4.662,5.312,5.648,5.074,5.112,5.845,2.049,2.075,1.885,5.074,2.061,2.3040000000000003,3.37,3.313,5.401,4.397,7.366,5.4110000000000005
P0ACJ5,2.489,2.7060000000000004,2.669,2.182,2.855,2.492,3.887,3.946,4.07,2.559,3.927,4.92,2.176,1.937,1.933,2.559,1.801,2.008,4.5310000000000015,3.445,4.39,4.817,3.709,3.284
P77301,2.397,2.419,2.448,1.981,2.314,1.936,2.305,1.976,1.644,1.226,2.144,1.814,2.112,1.747,1.331,1.226,1.232,1.6230000000000002,1.38,2.859,1.987,1.5,2.132,1.505
P0A9T6,1.893,3.267,4.61,2.899,3.641,3.069,3.711,5.149,3.713,1.925,4.59,4.449,1.614,2.128,1.797,1.925,1.614,1.786,6.56,5.6389999999999985,5.863,3.923,5.431,3.083
Q59385,0.0934,0.491,0.5539999999999999,0.7759999999999999,0.4970000000000001,0.5429999999999999,0.306,0.594,0.481,0.488,0.5870000000000001,0.59,0.866,0.6859999999999999,0.816,0.488,1.032,1.058,0.976,0.8370000000000001,0.826,0.605,0.653,0.488
P77454,0.403,0.4,0.76,0.377,0.485,0.353,0.767,1.037,0.903,1.338,0.722,0.777,1.325,1.39,1.704,1.338,1.931,1.569,1.225,1.208,0.981,0.8170000000000001,1.3119999999999998,0.87
P77400,0.562,0.642,1.19,0.752,0.89,0.644,1.028,1.037,1.032,0.957,0.856,1.003,1.412,1.1740000000000002,1.27,0.957,1.378,1.298,1.0590000000000002,1.408,1.188,0.816,1.338,1.124
P0ADY1,5.891,7.802,5.454,7.0779999999999985,6.023,7.683,8.641,8.834,9.536,7.401,9.585,10.01,3.54,4.2810000000000015,3.212,7.401,3.629,3.37,7.485,8.241,7.187,12.32,10.52,8.935
P0AAR8,1.4,1.693,1.922,1.3769999999999998,1.789,1.493,1.5219999999999998,1.919,1.599,1.4,1.568,1.587,1.858,1.829,1.3019999999999998,1.4,1.337,1.258,1.974,1.664,1.68,2.0380000000000003,1.992,1.774
P77712,0.622,0.8340000000000001,0.147,0.409,0.114,1.009,0.308,0.337,0.274,0.498,0.904,0.504,1.061,1.271,0.785,0.498,1.143,0.96,0.675,0.68,0.648,0.399,0.4970000000000001,0.14800000000000002
P77756,4.057,5.676,7.353,4.283,5.2010000000000005,4.873,5.98,6.564,8.517999999999999,4.937,5.5,6.466,4.397,4.258,4.039,4.937,3.57,4.683,5.417000000000002,5.948,6.356,6.007999999999999,5.092,5.312
P77717,0.873,0.999,1.571,2.424,1.467,2.059,0.804,1.151,0.98,0.722,0.946,1.268,1.843,1.847,2.798,0.722,2.681,2.5980000000000003,3.152,2.892,1.462,1.138,0.816,0.8109999999999999
P0AFP2,0.273,0.557,0.5579999999999999,0.5710000000000001,0.866,0.7509999999999999,0.95,0.634,0.7040000000000001,0.28600000000000003,0.705,1.423,1.148,0.98,1.069,0.28600000000000003,1.138,1.194,0.441,0.243,0.555,0.809,0.481,0.274
P0A9T8,1.156,1.369,1.5719999999999998,2.0380000000000003,2.226,1.601,1.087,0.948,0.6759999999999999,0.65,0.6779999999999999,0.934,1.122,1.42,1.4480000000000002,0.65,1.226,1.329,1.0590000000000002,1.155,0.853,0.96,0.921,1.001
P33667,3.559,3.069,2.6660000000000004,1.915,2.716,1.81,2.7960000000000003,2.454,2.9930000000000003,2.467,2.113,2.41,1.925,2.681,1.501,2.467,1.726,1.962,2.542,3.644,2.664,2.5,3.838,2.834
P33668,0.268,0.273,0.6809999999999999,0.401,0.5489999999999999,0.244,0.365,0.479,0.644,0.4270000000000001,0.511,0.377,0.48,0.485,0.4920000000000001,0.4270000000000001,0.376,0.35200000000000004,0.91,0.84,0.237,0.27,0.34700000000000003,0.435
P43341,5.0539999999999985,6.2970000000000015,3.903,6.435,5.818,7.44,4.226,3.468,3.131,3.1660000000000004,4.001,5.289,2.459,2.092,1.991,3.1660000000000004,2.202,2.93,3.884,3.208,4.351,5.189,4.397,4.01
P0A9G4,1.5019999999999998,1.856,1.765,1.852,1.874,1.771,2.112,1.97,1.943,1.117,1.791,2.45,2.874,2.628,2.854,1.117,2.804,3.11,2.823,2.057,2.5580000000000003,2.595,1.915,1.545
P0AAS3,1.7719999999999998,2.544,2.205,2.613,2.182,2.344,2.303,2.349,2.248,1.53,1.6969999999999998,2.818,1.7919999999999998,1.98,1.6969999999999998,1.53,1.889,2.474,2.518,1.859,2.377,2.911,2.4090000000000003,2.047
P0AA53,1.409,1.503,1.904,1.779,1.7280000000000002,1.931,1.989,1.764,1.945,1.0659999999999998,1.571,1.659,1.7519999999999998,1.466,1.683,1.0659999999999998,1.74,1.783,2.017,1.972,1.89,1.72,1.575,1.557
P77279,1.5219999999999998,1.967,2.138,1.639,2.294,1.648,1.956,1.833,2.18,0.838,1.505,2.073,2.265,2.117,2.268,0.838,2.2,2.342,1.13,1.164,1.903,1.794,1.307,1.357
P77307,0.922,1.367,1.188,1.245,1.125,1.366,1.01,1.069,0.989,0.7120000000000001,1.278,1.117,1.098,1.215,1.163,0.7120000000000001,1.3330000000000002,0.91,1.069,0.7490000000000001,0.873,1.538,0.994,1.086
P77395,7.77,5.5870000000000015,16.36,14.48,20.1,19.35,11.76,10.47,12.27,5.847,10.14,11.63,7.808,8.161,12.1,5.847,10.25,9.559,11.57,11.25,11.84,11.61,9.462,9.256
P0AFP4,3.583,3.918,6.468,6.557,7.23,5.912000000000001,2.934,2.476,2.614,1.575,2.464,3.4730000000000003,3.082,2.8080000000000003,3.227,1.575,3.735,3.241,3.9,3.841,3.154,3.699,2.292,3.295
P77504,2.527,1.508,3.198,2.4,2.449,2.256,1.258,1.067,0.903,1.509,0.948,1.106,1.88,1.893,1.5719999999999998,1.509,1.281,1.148,0.977,1.54,0.906,0.908,1.58,1.297
P77161,0.662,0.421,0.616,0.399,0.478,0.513,0.333,0.603,0.341,0.921,0.606,0.511,0.275,0.369,0.165,0.921,0.26,0.246,0.396,0.628,0.459,0.551,0.752,0.61
P0ACR0,0.769,0.6809999999999999,0.5870000000000001,0.529,0.589,0.605,0.458,0.727,0.626,1.168,0.495,0.5429999999999999,0.72,0.632,0.794,1.168,0.6409999999999999,0.615,0.812,0.595,0.628,0.657,0.58,0.5870000000000001
P77731,1.815,1.5930000000000002,1.251,1.185,1.31,1.115,1.479,1.486,1.344,1.335,1.412,2.091,1.5590000000000002,1.535,1.676,1.335,1.46,1.974,2.052,1.408,1.547,1.646,1.52,1.009
P0ACN4,4.237,4.4510000000000005,5.303,4.395,4.808,4.998,5.151,4.533,5.259,4.229,4.17,4.525,5.259,5.87,5.372000000000001,4.229,6.28,6.891,4.814,3.78,3.4210000000000003,4.1960000000000015,5.634,2.9
P75711,0.231,0.257,0.295,0.28300000000000003,0.229,0.266,0.395,0.312,0.341,0.568,0.299,0.326,0.325,0.355,0.29,0.568,0.299,0.26,0.29100000000000004,0.339,0.438,0.32299999999999995,0.342,0.358
P75712,0.158,0.05,0.0603,0.0389,0.0563,0.038,0.0628,0.0605,0.0694,0.364,0.155,0.155,0.14800000000000002,0.07400000000000001,0.0386,0.364,0.0481,0.115,0.103,0.07200000000000001,0.24,0.116,0.0674,0.109
P77671,0.282,0.319,0.477,0.418,0.309,0.37,0.642,0.464,0.589,0.7390000000000001,0.5539999999999999,0.403,0.529,0.521,0.454,0.7390000000000001,0.339,0.468,0.7290000000000001,0.851,0.518,0.454,0.425,0.456
P77328,0.158,0.0848,0.151,0.0991,0.16,0.269,0.211,0.0473,0.18,0.419,0.0919,0.317,0.194,0.172,0.14400000000000002,0.419,0.0481,0.213,0.0998,0.052000000000000005,0.0705,0.214,0.205,0.158
P77364,0.841,0.887,0.8059999999999999,0.8240000000000001,0.921,0.921,0.914,0.602,0.691,1.251,0.529,0.735,1.064,1.022,0.845,1.251,0.902,0.965,0.7559999999999999,0.768,0.448,0.932,1.082,0.8290000000000001
P37325,0.202,0.254,0.199,0.237,0.425,0.263,0.911,1.159,1.141,0.7070000000000001,0.655,1.164,0.482,0.5710000000000001,0.5710000000000001,0.7070000000000001,0.552,0.546,0.946,0.687,1.359,0.991,1.047,1.082
P45570,0.628,0.18,0.309,0.416,0.387,0.425,0.264,0.18,0.306,0.247,0.194,0.319,0.353,0.284,0.339,0.247,0.337,0.196,0.448,0.665,0.358,0.278,0.207,0.226
P0AAS7,0.34600000000000003,0.379,0.484,0.863,0.313,0.895,1.146,1.202,1.012,0.883,1.071,1.2009999999999998,0.414,0.58,0.279,0.883,0.721,0.6729999999999999,1.283,1.165,0.931,0.852,0.397,1.021
P77698,0.0567,0.0197,0.0575,0.01,0.0103,0.0331,0.0278,0.035,0.127,0.262,0.115,0.132,0.0222,0.01,0.0394,0.262,0.01,0.0348,0.121,0.028,0.0513,0.0213,0.0948,0.073
P77368,0.0674,0.221,0.124,0.15,0.0701,0.038,0.384,0.309,0.386,0.337,0.443,0.32,0.331,0.312,0.395,0.337,0.275,0.261,0.26,0.297,0.273,0.237,0.185,0.25
P77634,0.309,0.271,0.3720000000000001,0.311,0.228,0.203,0.618,0.5820000000000001,0.583,0.519,0.425,0.7140000000000001,1.073,1.263,1.188,0.519,1.2919999999999998,1.065,0.654,0.411,0.333,0.708,0.435,0.396
Q47269,0.219,0.0394,0.0509,0.0364,0.145,0.122,0.0707,0.12,0.185,0.523,0.248,0.237,0.181,0.133,0.0472,0.523,0.0987,0.118,0.16899999999999998,0.336,0.108,0.0844,0.261,0.257
P68661,0.475,0.921,0.7659999999999999,1.369,1.232,1.086,0.607,0.617,0.348,1.13,0.635,0.331,0.922,1.0659999999999998,1.028,1.13,1.4380000000000002,1.008,0.655,0.529,0.525,0.53,0.939,0.261
Q47274,0.107,0.151,0.211,0.28600000000000003,0.0885,0.0416,0.378,0.219,0.348,0.479,0.396,0.208,0.448,0.275,0.252,0.479,0.236,0.205,0.233,0.32,0.321,0.239,0.289,0.141
P0A9R2,0.475,0.333,0.429,0.214,0.363,0.343,0.59,0.596,0.606,0.815,0.65,0.703,0.281,0.294,0.222,0.815,0.183,0.248,0.416,0.64,0.68,0.528,0.65,0.727
P78285,0.381,0.598,0.617,0.626,0.647,0.588,0.7,0.934,0.6779999999999999,0.8909999999999999,0.708,0.99,0.615,0.7070000000000001,0.536,0.8909999999999999,0.53,0.502,0.8109999999999999,0.5710000000000001,0.626,0.7490000000000001,0.943,0.862
P75719,0.173,0.0848,0.16699999999999998,0.207,0.229,0.306,0.7240000000000001,0.679,0.56,0.836,0.815,0.82,0.29,0.28600000000000003,0.245,0.836,0.217,0.308,0.613,0.607,0.768,0.787,0.898,0.892
P77330,2.649,3.687,3.703,2.592,4.293,5.15,22.25,22.46,25.88,16.0,19.86,25.58,10.35,13.5,7.431,16.0,5.7620000000000005,8.552999999999999,22.34,19.17,31.7,29.56,28.45,26.51
P77598,0.0245,0.0106,0.01,0.01,0.0241,0.01,0.155,0.328,0.21,0.256,0.221,0.22,0.0944,0.0515,0.0637,0.256,0.0232,0.0167,0.228,0.163,0.21,0.242,0.14,0.276
P64435,0.155,0.236,0.298,0.28300000000000003,0.252,0.239,1.056,0.879,1.477,0.907,1.203,1.651,0.5529999999999999,0.439,0.48,0.907,0.418,0.411,1.8,1.341,1.83,1.734,1.306,0.947
P77699,0.01,0.0167,0.0198,0.0451,0.01,0.01,0.04,0.017,0.0156,0.28,0.0972,0.0809,0.0851,0.01,0.01,0.28,0.0423,0.0195,0.0267,0.0227,0.0244,0.0236,0.0219,0.0307
P77460,0.113,0.0394,0.174,0.0552,0.0805,0.138,0.23,0.18600000000000005,0.485,0.244,0.325,0.302,0.14,0.0328,0.0773,0.244,0.0158,0.0912,0.237,0.036000000000000004,0.189,0.192,0.193,0.136
P77485,1.279,0.8859999999999999,0.675,0.762,1.117,1.212,1.121,0.833,0.68,0.599,1.019,1.5,1.127,0.993,1.143,0.599,1.189,0.754,0.894,1.188,1.102,1.383,1.165,0.88
P24077,3.504,5.5470000000000015,1.993,2.8760000000000003,2.447,3.135,1.94,2.122,1.457,1.672,1.425,1.556,0.785,0.762,0.404,1.672,0.7070000000000001,0.518,1.781,1.484,2.185,1.938,2.211,1.853
P0A8Y8,4.44,3.899,3.86,2.0580000000000003,2.139,2.436,1.219,1.095,1.1,1.423,0.943,1.024,0.254,0.536,0.138,1.423,0.304,0.136,1.685,2.2880000000000003,1.261,1.319,1.01,1.587
P38054,0.16399999999999998,0.0636,0.158,0.103,0.0828,0.0919,0.156,0.109,0.111,0.13,0.128,0.102,0.26,0.269,0.398,0.13,0.35100000000000003,0.109,0.0998,0.123,0.0896,0.0563,0.128,0.127
P0AAT2,1.83,2.357,3.428,1.872,2.4,1.805,2.34,3.564,2.966,2.67,2.366,2.347,3.188,3.905,3.475,2.67,2.958,3.21,2.652,3.5610000000000004,2.422,1.939,2.506,3.051
P0AAT4,1.149,1.185,1.146,0.909,1.016,1.097,1.501,1.294,1.336,0.932,1.547,1.153,1.109,1.208,1.2009999999999998,0.932,0.966,1.311,1.401,1.075,0.853,1.058,0.948,1.092
P45579,1.222,1.025,1.263,0.588,0.934,0.934,1.849,1.717,1.496,0.898,1.707,2.294,1.142,0.986,1.064,0.898,1.245,1.339,2.6830000000000003,1.797,2.008,1.6780000000000002,1.6769999999999998,1.221
P77506,1.519,1.67,0.8420000000000001,0.815,1.137,1.239,0.7290000000000001,0.462,0.7929999999999999,0.5920000000000001,0.551,0.57,1.054,0.759,0.705,0.5920000000000001,0.629,1.108,0.555,0.181,0.23,0.354,0.458,0.456
P77213,0.369,0.129,0.545,0.779,0.485,0.583,0.501,0.725,0.564,0.733,0.475,0.446,0.669,0.875,1.244,0.733,1.133,0.97,0.6509999999999999,0.745,0.499,0.364,0.8009999999999999,0.625
P77806,0.461,0.557,0.482,0.395,0.31,0.518,0.563,0.308,0.425,0.448,0.374,0.241,0.493,0.365,0.499,0.448,0.302,0.444,0.482,0.399,0.368,0.33,0.197,0.324
P77174,0.35100000000000003,0.435,0.589,0.611,0.484,0.578,0.792,0.505,0.727,0.6920000000000001,0.981,0.7879999999999999,0.632,0.4920000000000001,0.552,0.6920000000000001,0.625,0.605,0.795,0.476,0.996,0.848,0.599,0.395
P77216,0.375,0.359,0.339,0.35200000000000004,0.337,0.325,0.462,0.609,0.479,0.5710000000000001,0.413,0.5760000000000001,0.311,0.413,0.348,0.5710000000000001,0.379,0.35,0.542,0.637,0.535,0.45,0.657,0.449
P77746,0.0276,0.0379,0.0632,0.0539,0.0333,0.01,0.0671,0.0672,0.0814,0.0889,0.0541,0.0549,0.107,0.07400000000000001,0.0737,0.0889,0.0688,0.0598,0.134,0.0867,0.0644,0.105,0.0364,0.0205
P39177,1.694,2.681,1.833,2.089,1.759,2.494,3.263,3.155,3.758,1.567,3.077,5.025,7.282,8.525,7.027,1.567,7.451,7.241,3.828,1.783,3.257,4.561,1.989,2.103
P77316,1.351,0.883,1.033,0.685,1.105,0.726,0.5,0.698,0.823,0.441,0.534,0.7509999999999999,0.847,0.918,0.6659999999999999,0.441,0.785,0.778,0.6729999999999999,1.083,0.8170000000000001,0.358,1.108,0.7140000000000001
P0AE74,0.472,0.366,0.388,0.4,0.359,0.468,0.69,0.573,0.467,0.535,0.484,0.583,0.408,0.359,0.211,0.535,0.28800000000000003,0.305,0.463,0.436,0.377,0.37,0.474,0.494
P0A6G5,0.0704,0.226,0.124,0.454,0.17800000000000002,0.109,0.362,0.486,0.198,0.28600000000000003,0.314,0.0953,0.155,0.245,0.175,0.28600000000000003,0.396,0.161,0.231,0.199,0.256,0.12,0.135,0.16899999999999998
P0A8I8,19.64,19.82,13.23,16.42,19.16,18.79,22.2,26.46,25.74,15.82,20.15,25.8,6.31,8.129,7.122999999999998,15.82,6.206,5.711,21.11,28.39,27.15,27.73,34.42,25.56
P0AAT6,39.17,38.12,19.7,26.64,31.7,34.46,35.61,37.89,36.7,26.78,37.39,48.58,10.02,12.27,9.292,26.78,9.682,10.67,36.03,26.48,46.62,43.09,41.41,37.87
P0A843,4.724,4.71,4.7330000000000005,3.669,4.78,4.948,7.762,8.961,8.611,6.867000000000001,8.404,8.387,5.513,7.089,5.3279999999999985,6.867000000000001,4.079,5.292000000000002,7.0870000000000015,6.375,11.91,10.6,9.378,7.966
P0A8J4,7.298999999999999,10.59,18.86,26.07,33.44,37.51,16.74,18.2,21.81,12.04,13.61,18.0,11.07,11.57,20.22,12.04,14.51,11.91,21.6,15.77,20.09,22.17,17.27,16.28
P30979,0.645,0.568,0.36,0.619,0.449,0.588,0.792,0.851,0.777,0.858,0.644,0.782,0.455,0.329,0.379,0.858,0.35700000000000004,0.271,0.77,0.597,0.502,0.597,0.777,0.741
P0DP63,2.426,1.646,3.065,1.847,1.955,1.661,1.439,1.877,2.365,1.851,2.216,1.868,1.85,2.169,2.3280000000000003,1.851,2.105,2.251,2.315,2.596,1.974,1.479,2.592,1.622
P37902,6.5070000000000014,5.275,8.61,5.34,5.14,4.521,3.466,3.208,4.205,3.029,3.33,3.011,7.697999999999999,6.478,7.885,3.029,7.515,7.987999999999999,3.4560000000000004,3.848,3.542,3.185,4.621,3.802
P41409,7.32,10.78,8.892000000000003,7.709,8.344,8.105,1.296,1.177,1.246,1.028,1.24,0.96,9.992,10.3,11.46,1.028,10.04,9.763,0.769,0.861,0.8190000000000001,1.013,1.036,1.025
P0AAT9,1.856,2.781,3.255,2.747,2.98,2.713,3.151,3.4130000000000003,2.006,2.189,2.108,3.857,7.797999999999999,6.852,8.834,2.189,9.544,8.186,4.876,3.459,2.293,3.004,2.294,2.262
P0DP64,0.998,0.942,1.25,1.304,1.146,1.172,0.638,0.514,0.775,1.013,0.6890000000000001,0.632,0.941,0.983,1.351,1.013,1.175,1.27,0.861,0.765,0.8690000000000001,0.502,0.595,0.532
P0A752,5.845,6.6720000000000015,6.106,6.7970000000000015,7.306,7.733,6.1610000000000005,5.865,6.997999999999998,3.557,5.371,7.455,4.13,4.749,4.017,3.557,3.813,4.251,4.808,5.3870000000000005,8.508,7.127999999999999,8.719,6.605
P77234,0.263,0.14800000000000002,0.16699999999999998,0.219,0.264,0.168,0.241,0.303,0.38,0.298,0.4,0.228,0.26,0.273,0.172,0.298,0.16399999999999998,0.192,0.484,0.66,0.434,0.238,0.364,0.214
P77627,0.207,0.0969,0.0377,0.109,0.0759,0.154,0.0749,0.0445,0.0871,0.196,0.11,0.0404,0.0574,0.0187,0.0329,0.196,0.0796,0.0842,0.122,0.125,0.106,0.103,0.0656,0.0566
P77381,0.253,0.269,0.211,0.387,0.187,0.254,0.307,0.248,0.105,0.35100000000000003,0.312,0.308,0.319,0.244,0.159,0.35100000000000003,0.22,0.14300000000000002,0.243,0.28,0.166,0.183,0.185,0.232
P77296,0.162,0.269,0.223,0.152,0.126,0.165,0.264,0.222,0.182,0.257,0.252,0.159,0.197,0.129,0.112,0.257,0.16,0.113,0.228,0.261,0.25,0.2,0.133,0.272
P77427,0.398,0.236,0.421,0.374,0.284,0.3720000000000001,0.64,0.458,0.488,0.435,0.413,0.439,0.49,0.385,0.358,0.435,0.38,0.392,0.5720000000000001,0.4970000000000001,0.241,0.382,0.221,0.28
P77359,0.524,0.354,0.279,0.292,0.32,0.309,0.135,0.26,0.358,0.524,0.434,0.405,0.404,0.32299999999999995,0.328,0.524,0.163,0.235,0.194,0.217,0.266,0.444,0.307,0.3720000000000001
P77319,0.342,0.31,0.8490000000000001,0.103,0.609,0.332,0.472,0.34700000000000003,0.564,0.7659999999999999,0.613,0.595,0.473,0.311,0.191,0.7659999999999999,0.426,0.383,0.853,1.139,0.944,0.75,0.621,0.476
P0AE78,13.31,11.8,12.09,19.04,20.32,30.1,12.09,12.68,14.97,11.97,14.5,13.93,7.898,7.985,11.83,11.97,12.76,10.8,10.22,10.32,13.44,13.15,17.1,13.29
P0A898,8.857999999999997,8.842,10.81,17.57,24.29,25.28,7.939,6.818,9.128,6.21,9.244,9.107,6.114,6.33,10.32,6.21,11.5,9.162,6.989,7.6320000000000014,8.908,11.65,9.219,7.847
P0A9K3,9.138,12.1,10.5,24.54,24.6,33.77,7.671,6.851,6.749,6.13,7.508999999999999,7.355,8.789,10.71,14.96,6.13,18.74,13.83,7.524,4.728,8.78,10.68,7.473,5.784
P0AAU2,1.305,1.051,1.689,1.7080000000000002,1.614,1.795,3.0980000000000003,3.143,3.382,3.613,3.478,4.309,2.083,2.402,1.332,3.613,1.554,1.706,2.776,3.133,2.846,2.5980000000000003,3.875,3.2110000000000003
P0AAU5,0.0827,0.0227,0.0669,0.01,0.0414,0.01,0.141,0.104,0.131,0.225,0.146,0.0694,0.146,0.0384,0.0372,0.225,0.01,0.0557,0.107,0.213,0.0966,0.0251,0.109,0.0709
P28915,0.231,0.15,0.243,0.0401,0.0609,0.198,0.561,0.41,0.58,0.89,0.521,0.6859999999999999,0.299,0.29600000000000004,0.18600000000000005,0.89,0.342,0.292,0.6709999999999999,0.7509999999999999,0.329,0.516,0.429,0.314
P28916,0.279,0.21,0.163,0.103,0.364,0.19,0.39,0.431,0.433,1.474,0.581,0.384,0.498,0.237,0.255,1.474,0.232,0.229,0.789,0.812,0.337,0.354,0.441,0.34600000000000003
P0AAU7,6.772,6.725,3.26,5.447,6.872000000000001,6.394,8.799,8.412,6.869,5.15,8.127,12.72,1.791,1.924,1.979,5.15,1.881,1.635,11.84,6.815,10.49,11.02,8.084,7.195
P75736,1.472,1.685,1.217,1.838,1.6909999999999998,1.6569999999999998,1.48,1.35,1.099,0.603,0.743,1.594,1.29,1.62,1.476,0.603,1.508,1.453,1.421,1.161,1.378,1.198,1.162,1.575
P37003,0.0536,0.221,0.141,0.0414,0.0448,0.038,0.522,0.606,0.5589999999999999,0.436,0.443,0.475,0.257,0.0543,0.0458,0.436,0.0547,0.0745,0.375,0.35700000000000004,0.483,0.322,0.385,0.439
P37003,0.138,0.142,0.444,0.332,0.472,0.0955,1.154,1.305,1.413,0.604,0.88,1.156,0.471,0.5660000000000001,0.325,0.604,0.361,0.149,1.171,1.209,1.295,0.745,0.725,1.038
P75741,0.155,0.16,0.217,0.163,0.194,0.127,0.366,0.173,0.345,0.669,0.406,0.251,0.3720000000000001,0.197,0.199,0.669,0.234,0.145,0.413,0.644,0.243,0.198,0.258,0.222
P75733,1.368,1.652,0.635,0.5870000000000001,0.601,0.574,0.69,0.7020000000000001,0.436,0.8059999999999999,0.7340000000000001,0.621,0.752,0.665,0.66,0.8059999999999999,0.516,0.536,0.8320000000000001,0.8440000000000001,0.3720000000000001,0.374,0.359,0.638
P75734,0.594,0.503,0.421,0.239,0.271,0.443,0.359,0.342,0.447,0.67,0.591,0.575,0.28600000000000003,0.215,0.218,0.67,0.269,0.253,0.484,0.401,0.505,0.484,0.415,0.16
P75737,0.755,0.54,0.6920000000000001,0.634,0.7290000000000001,0.647,0.722,0.743,0.779,0.615,0.865,0.74,0.431,0.28300000000000003,0.328,0.615,0.275,0.384,0.674,0.664,0.726,0.6990000000000001,0.639,0.5529999999999999
P24252,0.779,0.6829999999999999,1.124,1.284,1.278,1.319,0.116,0.129,0.198,0.6809999999999999,0.583,0.648,1.163,1.136,1.758,0.6809999999999999,1.669,1.472,0.6970000000000001,0.276,0.338,0.414,0.128,0.248
P0A8Z3,5.559,8.009,5.787000000000001,7.522,8.427999999999999,7.524,6.1179999999999986,5.272,7.225,4.129,5.27,8.797,3.608,5.648,4.766,4.129,4.9910000000000005,4.023,6.068,5.462999999999999,6.08,8.998,5.557,5.865
P37909,0.251,0.25,0.35200000000000004,0.239,0.166,0.0698,0.0857,0.0927,0.0694,0.404,0.295,0.17,0.299,0.208,0.208,0.404,0.261,0.248,0.102,0.343,0.202,0.125,0.194,0.212
P0AAV0,6.145,4.995,3.3680000000000003,2.997,3.47,4.419,12.13,8.559,9.895,6.073,12.2,9.986,5.182,7.437,2.572,6.073,2.63,4.582,8.917,5.36,6.542999999999998,10.06,6.957000000000002,7.314
P45955,37.72,33.08,29.9,31.08,39.46,33.98,28.97,31.75,28.37,24.23,30.04,31.18,19.4,23.5,18.29,24.23,20.65,21.45,34.38,29.97,34.96,34.23,41.32,31.77
P54746,0.0582,0.0772,0.107,0.14400000000000002,0.109,0.299,0.0557,0.18,0.408,0.353,0.353,0.501,0.189,0.223,0.21600000000000005,0.353,0.263,0.264,0.343,0.26,0.304,0.32299999999999995,0.101,0.29100000000000004
P75742,0.7440000000000001,0.531,0.3720000000000001,0.446,0.455,0.568,0.465,0.629,0.629,0.929,0.627,0.5670000000000001,0.74,0.534,0.5760000000000001,0.929,0.496,0.505,0.72,0.627,0.605,0.637,1.018,0.6729999999999999
P0AFP6,9.055,8.061,19.9,15.48,17.27,12.38,8.033999999999999,8.873,10.32,9.771,9.798,8.166,15.19,15.41,17.44,9.771,15.6,18.44,10.38,11.55,11.12,10.96,13.2,9.992
P0AAV4,2.55,2.132,4.7639999999999985,4.76,4.106,5.197,2.416,2.879,2.462,2.517,1.795,1.768,3.856,4.17,6.265,2.517,4.136,4.843,2.229,2.932,2.519,2.638,3.303,2.154
P75745,2.326,2.447,6.877999999999999,6.4929999999999986,6.039,5.099,3.0210000000000004,3.525,3.195,2.841,3.092,2.94,4.963,4.499,5.7429999999999986,2.841,5.109,5.729,3.941,4.8039999999999985,3.711,4.404,4.087,4.198
P75746,4.129,2.989,5.2,6.228,6.272,5.941,4.059,4.837,3.446,3.752,3.875,3.83,3.869,3.78,4.728,3.752,4.232,5.062,5.127000000000002,3.709,4.552,4.754,4.42,3.993
P75748,0.156,0.142,0.0726,0.183,0.141,0.17,0.103,0.115,0.185,0.201,0.185,0.157,0.199,0.168,0.125,0.201,0.0655,0.16699999999999998,0.119,0.115,0.0948,0.0897,0.117,0.14400000000000002
P75749,0.311,0.392,0.499,0.182,0.209,0.241,0.593,0.6409999999999999,0.726,0.963,0.7020000000000001,0.5479999999999999,0.429,0.338,0.293,0.963,0.265,0.276,0.62,0.885,0.496,0.446,0.722,0.617
P75750,0.165,0.475,0.0981,0.391,0.26,0.388,0.29600000000000004,0.313,0.106,0.43,0.132,0.34600000000000003,0.331,0.33,0.331,0.43,0.344,0.29,0.386,0.225,0.298,0.337,0.264,0.156
P75757,0.418,0.506,0.275,0.537,0.35700000000000004,0.412,0.191,0.177,0.343,0.278,0.281,0.314,0.5589999999999999,0.551,0.593,0.278,0.635,0.6509999999999999,0.194,0.153,0.171,0.343,0.231,0.262
P21829,3.568,4.141,1.978,3.525,2.693,3.831,5.395,5.1389999999999985,4.385,3.168,4.766,6.86,2.551,2.974,2.8110000000000004,3.168,2.886,2.805,5.522,3.701,5.983,6.405,5.704,4.477
P12994,1.231,1.596,1.874,1.865,1.6669999999999998,1.483,2.185,2.037,2.383,0.912,2.226,2.7960000000000003,4.392,4.952,5.38,0.912,4.891,5.011,4.664,3.797,2.176,2.076,1.556,2.02
P46130,8.642999999999999,8.029,9.43,7.722,7.691,9.231,20.65,21.38,22.28,8.308,20.4,21.57,10.45,14.83,11.15,8.308,10.8,12.95,20.71,22.26,23.38,19.95,23.53,22.34
P52696,0.484,0.34700000000000003,0.57,0.392,0.409,0.413,0.5870000000000001,0.468,0.433,0.463,0.456,0.49,0.469,0.362,0.4370000000000001,0.463,0.373,0.412,0.5770000000000001,0.561,0.38,0.455,0.426,0.424
P52697,4.271,5.473,3.788,9.353,6.756,8.696,1.5419999999999998,1.527,1.882,1.416,2.458,2.8760000000000003,5.546,8.086,7.207999999999998,1.416,9.964,8.107000000000001,4.798,2.776,3.202,4.868,2.337,2.479
P0A9U1,1.574,1.226,3.903,2.385,1.861,1.715,1.539,1.634,1.774,1.5590000000000002,1.406,1.336,2.324,1.882,2.329,1.5590000000000002,2.114,2.478,2.072,3.419,2.048,1.961,1.75,2.011
P0AAV8,0.194,0.0908,0.215,0.129,0.0494,0.116,0.0671,0.14,0.142,0.22,0.108,0.193,0.139,0.0543,0.131,0.22,0.192,0.121,0.124,0.305,0.119,0.0631,0.17,0.205
P75763,0.0766,0.0454,0.236,0.211,0.201,0.242,0.0714,0.136,0.207,0.23,0.0424,0.0847,0.156,0.138,0.213,0.23,0.192,0.205,0.109,0.0933,0.0748,0.051,0.105,0.171
P75764,1.194,0.858,0.7190000000000001,0.861,0.608,0.748,1.331,1.114,1.205,0.737,1.11,0.947,0.644,0.831,0.569,0.737,0.621,0.614,0.865,1.081,0.946,0.6679999999999999,0.993,1.109
P75767,4.274,3.419,4.439,3.531,4.126,3.304,3.22,2.608,3.097,2.91,3.289,3.609,2.841,3.053,2.762,2.91,2.852,3.013,2.928,2.44,2.65,3.175,2.8710000000000004,2.529
P0AAC4,8.611,8.91,6.899,5.4860000000000015,7.939,7.597,8.443999999999999,8.443,9.226,6.084,7.845,8.511000000000001,11.37,12.4,11.43,6.084,11.52,13.84,10.82,7.195,8.953,9.131,10.63,6.943
P75769,0.0689,0.197,0.415,0.173,0.321,0.262,0.297,0.55,0.838,0.515,0.404,0.34,0.403,0.292,0.305,0.515,0.258,0.319,0.406,0.5489999999999999,0.596,0.247,0.544,0.472
P75770,0.23,0.16399999999999998,0.099,0.236,0.274,0.276,0.199,0.208,0.16399999999999998,0.415,0.257,0.217,0.252,0.266,0.416,0.415,0.28,0.314,0.331,0.341,0.152,0.0738,0.277,0.0703
P0AA84,0.29600000000000004,0.109,0.195,0.381,0.207,0.44,0.192,0.307,0.344,0.8340000000000001,0.403,0.0671,0.408,0.321,0.5660000000000001,0.8340000000000001,0.638,0.5660000000000001,0.67,0.612,0.474,0.45,0.3720000000000001,0.045
P0AAW1,0.498,0.754,1.22,0.7440000000000001,0.936,0.669,0.8140000000000001,0.767,0.725,0.7240000000000001,0.672,0.6920000000000001,1.113,0.853,1.147,0.7240000000000001,0.8859999999999999,1.09,1.514,1.713,0.726,0.871,1.167,0.858
P0AAW5,4.2010000000000005,5.544,3.013,2.158,2.267,2.596,2.49,2.373,2.611,1.991,2.378,2.502,6.817,6.979,4.342,1.991,4.127,5.707999999999998,2.859,1.904,2.504,2.924,2.064,1.711
P0AFP9,0.98,0.999,2.165,1.366,1.477,1.231,1.122,1.09,0.971,0.937,0.913,1.031,1.296,1.186,1.543,0.937,1.177,1.255,1.194,1.087,1.067,1.069,1.055,1.069
P0AFQ2,1.1,1.245,2.093,2.469,1.832,1.683,1.195,1.014,1.019,1.317,1.156,1.255,1.864,1.816,2.107,1.317,1.873,2.2230000000000003,1.38,1.221,1.349,1.508,1.4780000000000002,1.261
P30176,0.466,0.389,0.524,0.233,0.418,0.284,0.426,0.487,0.5579999999999999,0.38,0.481,0.505,1.154,1.114,0.7509999999999999,0.38,0.6859999999999999,0.954,1.814,1.273,0.578,0.643,0.523,0.428
P30177,3.423,2.513,3.153,3.032,2.967,2.521,3.357,3.008,3.248,2.33,2.627,2.416,3.093,2.797,2.887,2.33,2.938,3.523,8.971,8.856,3.462,2.783,3.781,3.417
P30178,2.508,1.747,3.084,2.75,2.94,2.349,2.884,3.187,3.339,3.037,2.7060000000000004,2.346,3.274,3.241,4.261,3.037,4.556,4.997,3.3160000000000003,2.815,3.175,2.789,4.056,3.4530000000000003
P0AA67,2.966,1.682,2.014,1.766,2.053,1.569,1.932,1.56,1.612,1.472,1.485,1.515,0.966,0.85,0.8270000000000001,1.472,0.589,0.68,1.6740000000000002,2.264,1.3769999999999998,1.319,1.504,1.899
P0ACU0,0.583,1.432,1.046,1.4409999999999998,0.967,1.155,0.6970000000000001,0.6509999999999999,0.615,0.667,0.73,0.7909999999999999,1.97,2.056,2.021,0.667,2.186,2.003,1.575,1.567,1.187,1.543,0.797,0.7440000000000001
P41039,0.979,0.733,0.599,0.6659999999999999,0.471,0.644,0.622,0.693,0.5820000000000001,0.429,0.535,0.58,0.7909999999999999,0.901,1.232,0.429,0.965,1.051,0.966,0.733,0.595,0.47,0.47,0.499
P0AAX3,1.985,1.528,1.86,1.961,2.087,2.349,3.313,2.672,2.69,1.829,2.8310000000000004,4.49,1.993,2.955,2.189,1.829,2.182,2.287,5.9910000000000005,3.225,3.278,3.632,3.26,2.053
P37595,0.337,1.575,3.24,2.458,2.597,2.178,0.515,0.722,0.691,0.907,0.433,0.848,2.252,2.116,2.559,0.907,2.47,2.436,1.601,1.204,1.3530000000000002,1.514,0.5820000000000001,0.8440000000000001
P0AAX6,0.475,0.522,0.388,0.545,0.6,0.6629999999999999,0.154,0.267,0.47,0.101,0.299,0.426,0.7340000000000001,0.725,0.764,0.101,0.682,0.633,0.705,0.125,0.343,0.42,0.251,0.175
P75782,3.475,4.424,2.48,2.515,3.252,3.878,3.996,4.114,4.08,1.705,3.654,4.752,1.9,2.165,1.606,1.705,1.68,1.919,4.455,2.825,4.065,4.956,3.459,3.489
P75783,0.994,0.607,0.784,0.5670000000000001,0.5,0.604,1.081,0.938,0.976,0.731,0.998,0.899,0.905,0.916,0.7709999999999999,0.731,0.629,0.7609999999999999,1.121,1.6030000000000002,1.01,0.8690000000000001,1.155,0.977
P75785,1.113,0.88,0.519,0.578,0.649,0.665,1.483,1.5319999999999998,1.327,1.048,1.54,1.605,0.59,0.611,0.452,1.048,0.471,0.392,1.245,1.063,1.033,1.521,1.268,1.214
P75788,2.224,2.017,1.24,1.926,1.766,2.414,0.8029999999999999,0.7340000000000001,0.845,1.017,1.033,1.098,1.087,1.15,1.125,1.017,1.213,1.1,0.799,0.439,0.8390000000000001,0.773,0.973,0.958
P0AAX8,12.75,13.17,7.562,7.85,9.186,11.46,13.28,12.68,14.98,11.46,14.05,14.76,4.579,6.596,4.79,11.46,4.289,4.811,17.65,13.95,13.41,13.06,15.32,13.06
P0A9U3,13.23,8.56,6.954,5.2429999999999986,6.295,6.315,7.747000000000001,7.421,10.78,7.555,9.739,8.875,2.849,4.232,2.579,7.555,2.8160000000000003,3.062,8.911,11.11,9.329,8.591000000000001,11.37,8.982000000000003
P75791,1.055,0.833,0.935,0.8759999999999999,0.7929999999999999,0.8029999999999999,1.26,1.254,1.133,1.575,1.4509999999999998,1.4409999999999998,0.926,0.706,0.8440000000000001,1.575,0.8370000000000001,0.942,1.404,1.425,1.096,1.019,1.3,1.127
P75793,1.45,1.093,1.317,1.337,1.105,1.017,1.531,1.57,1.608,1.84,1.442,1.5630000000000002,1.074,1.204,0.8220000000000001,1.84,1.052,0.925,1.22,1.788,1.432,1.118,2.466,1.595
P75779,1.461,2.024,1.005,1.4469999999999998,0.962,1.364,0.995,0.843,0.855,0.762,0.741,1.04,0.731,0.7070000000000001,0.665,0.762,0.74,0.6940000000000001,1.29,1.268,0.923,1.113,0.792,0.915
P75794,0.0934,0.197,0.324,0.227,0.0793,0.0845,0.0778,0.053,0.0467,0.438,0.166,0.0297,0.226,0.268,0.0773,0.438,0.314,0.205,0.308,0.175,0.0478,0.0548,0.0774,0.0484
P46119,16.02,13.06,16.84,8.907,14.91,10.4,15.92,16.43,16.0,8.138,12.35,13.11,10.05,11.24,9.389,8.138,8.014,10.02,16.36,16.87,16.27,14.9,16.7,19.12
P75828,1.596,1.929,1.579,1.462,1.234,1.783,2.678,2.354,2.354,1.5119999999999998,2.143,2.352,1.707,1.783,1.754,1.5119999999999998,2.127,1.85,2.121,2.805,2.669,2.318,2.752,2.478
P75826,2.0980000000000003,1.711,1.209,0.895,1.148,1.384,1.19,0.838,0.941,0.35100000000000003,0.967,1.193,0.611,1.119,0.7929999999999999,0.35100000000000003,0.693,0.745,0.882,0.561,1.067,0.872,0.923,0.889
P75817,2.547,1.873,1.648,1.402,1.921,1.83,2.878,2.884,2.942,2.401,2.948,3.169,0.863,1.154,0.754,2.401,0.833,0.8859999999999999,3.468,2.9330000000000003,3.725,3.599,4.459,2.95
P75806,8.418,7.626,6.107,8.026,8.557,8.985,10.14,8.607999999999999,9.154,4.959,8.537,11.01,6.82,8.708,6.132999999999999,4.959,5.989,6.81,8.867,5.931,9.092,11.12,7.221,9.452
P0AAY4,1.7990000000000002,1.384,1.415,1.2819999999999998,1.18,1.3969999999999998,1.36,1.064,1.107,0.633,1.136,1.404,1.024,1.108,0.7979999999999999,0.633,0.7929999999999999,0.825,1.287,1.564,1.406,1.314,1.1,1.452
P64439,0.531,0.33,0.583,0.618,0.5870000000000001,0.604,0.981,0.585,0.667,0.33,0.458,0.979,0.477,0.504,0.447,0.33,0.542,0.578,0.8059999999999999,0.909,0.607,0.979,0.463,0.887
P0AAY6,5.557,8.006,4.774,5.577000000000001,5.617000000000001,5.535,6.747000000000001,6.367000000000001,7.461,5.081,6.619,7.15,6.7970000000000015,8.112,6.627999999999999,5.081,7.082000000000002,7.807,6.237,4.82,5.544,7.017,5.971,5.38
P0AAZ0,2.041,1.544,1.587,1.51,1.598,1.6909999999999998,2.909,3.0580000000000003,3.104,2.735,2.571,2.85,1.711,1.768,1.431,2.735,1.612,1.658,3.182,3.204,3.051,3.12,3.987,2.939
P75818,1.11,1.463,2.324,2.436,2.3080000000000003,2.518,2.914,3.1060000000000003,2.536,2.245,2.668,2.9610000000000003,7.752999999999999,7.773,10.32,2.245,10.46,9.991,6.978,5.372000000000001,3.754,4.101,2.682,2.786
P75822,2.53,2.454,3.248,3.2110000000000003,3.41,2.926,1.991,2.464,2.145,2.222,1.925,2.096,2.528,2.58,2.548,2.222,2.699,2.58,2.281,1.979,2.403,2.548,2.692,2.485
P75823,6.285,5.836,8.198,6.774,8.923,6.0870000000000015,4.021,3.908,4.249,2.624,3.423,4.6080000000000005,6.72,6.074,6.282,2.624,5.973,7.143,3.947,3.592,4.706,4.341,3.369,3.1860000000000004
P75825,0.0873,0.0939,0.0603,0.08900000000000001,0.0598,0.098,0.122,0.0672,0.08,0.113,0.0848,0.103,0.258,0.332,0.0923,0.113,0.278,0.464,0.0792,0.115,0.0713,0.0791,0.0829,0.0962
P75829,17.4,18.6,12.58,18.81,18.07,24.94,19.11,16.63,17.19,8.437999999999999,19.35,25.44,15.96,20.69,17.38,8.437999999999999,17.25,17.36,11.36,5.501,20.85,23.91,15.5,16.58
P75831,3.083,2.282,7.829,7.572,9.505,10.26,4.147,4.7010000000000005,5.533,1.975,3.431,2.998,2.817,2.396,5.377000000000002,1.975,4.185,3.227,2.898,5.08,3.905,3.659,4.556,3.679
P21367,0.757,0.409,0.802,0.598,0.718,0.7070000000000001,0.7140000000000001,0.684,0.7979999999999999,0.893,0.8370000000000001,0.703,3.816,4.099,4.649,0.893,4.398,4.493,2.741,1.863,0.625,0.5760000000000001,0.934,0.552
P21503,1.5219999999999998,1.17,1.435,1.211,1.402,1.453,1.864,2.09,2.169,1.973,2.378,2.221,0.954,0.736,1.123,1.973,1.126,1.034,1.811,1.26,2.377,1.6969999999999998,2.516,1.877
P27300,6.4460000000000015,5.837999999999999,3.292,3.857,4.197,4.593,4.444,4.88,4.231,2.247,4.276,5.731,1.919,2.532,1.795,2.247,1.982,1.932,2.431,3.095,4.678,4.598,5.216,5.956
P37443,0.409,0.233,0.355,0.404,0.441,0.5539999999999999,0.14300000000000002,0.297,0.486,0.419,0.396,0.484,0.514,0.423,0.404,0.419,0.449,0.4270000000000001,0.25,0.08800000000000001,0.386,0.322,0.483,0.579
P0AAZ4,6.5539999999999985,5.002,4.445,6.172999999999999,6.8439999999999985,5.944,3.565,3.5210000000000004,4.004,3.891,4.301,4.832,2.187,2.778,2.016,3.891,2.233,2.523,3.362,3.632,4.753,5.268,4.631,5.416
P43340,0.42,0.475,0.314,0.157,0.33,0.301,0.67,0.846,1.056,0.7609999999999999,0.7829999999999999,0.903,0.487,0.509,0.379,0.7609999999999999,0.313,0.436,0.515,0.415,0.946,0.725,0.68,0.6829999999999999
P43674,0.446,0.536,0.693,0.5820000000000001,0.721,0.6609999999999999,0.986,1.091,0.8959999999999999,0.7090000000000001,0.816,0.991,0.581,0.784,0.7190000000000001,0.7090000000000001,0.6809999999999999,0.7290000000000001,1.069,0.799,1.007,1.048,0.897,0.748
P75836,0.467,0.418,0.487,0.423,0.26,0.374,0.471,0.556,0.517,0.502,0.593,0.579,0.482,0.7070000000000001,0.373,0.502,0.376,0.745,0.445,0.405,0.56,0.684,0.5479999999999999,0.193
P75838,4.492,4.842,2.048,2.535,2.303,3.051,2.763,2.971,3.218,2.343,2.999,2.502,0.933,1.197,0.477,2.343,0.747,0.768,2.376,2.511,3.608,3.993,4.102,3.132
P75839,1.263,1.063,1.633,1.6840000000000002,1.453,1.078,1.54,1.354,1.192,1.439,1.136,1.3330000000000002,1.771,1.686,1.753,1.439,1.812,1.895,1.169,1.391,1.311,1.07,1.5419999999999998,1.189
P75843,0.821,0.721,0.6509999999999999,0.517,0.613,0.68,0.556,0.713,0.6729999999999999,0.388,0.475,0.53,0.528,0.51,0.447,0.388,0.434,0.536,0.387,0.268,0.601,0.401,0.415,0.541
P0AAZ7,26.35,24.45,17.12,16.91,19.02,17.88,22.57,24.2,25.06,12.57,21.18,26.25,13.0,15.77,12.98,12.57,13.76,15.99,15.33,17.26,26.93,25.5,25.92,24.48
P22525,2.006,1.983,2.879,2.354,2.464,2.02,2.195,1.854,2.137,1.72,2.161,2.055,2.139,1.921,2.122,1.72,2.158,1.994,1.453,1.017,1.948,2.398,1.879,2.05
P0AB01,2.692,2.369,1.861,1.944,2.195,1.818,2.256,2.415,2.055,1.589,1.879,1.506,1.906,1.68,1.516,1.589,1.482,1.383,1.153,1.509,2.1590000000000003,1.959,1.591,2.048
P0AAI1,1.228,0.8240000000000001,1.287,0.655,1.169,1.018,1.041,1.0490000000000002,0.866,1.476,1.077,0.809,0.743,0.858,0.708,1.476,0.7509999999999999,0.578,1.163,1.271,1.119,0.958,1.369,1.108
P40876,1.193,0.846,1.009,0.915,0.851,0.8109999999999999,1.443,1.242,0.985,1.051,1.074,1.081,0.8420000000000001,0.912,0.7709999999999999,1.051,0.726,0.675,0.853,1.271,1.111,1.016,1.26,1.029
P0A8N0,3.873,4.13,4.125,2.928,2.982,3.09,6.108,6.1,6.1110000000000015,3.2230000000000003,5.283,5.41,4.9860000000000015,4.581,4.049,3.2230000000000003,3.816,4.086,5.386,5.252000000000002,5.774,5.917000000000002,3.267,5.783
P0AB06,15.65,15.89,15.2,11.89,12.69,12.64,11.45,10.57,11.53,8.873,10.93,12.25,16.24,16.05,14.82,8.873,14.19,16.03,6.479,4.832,9.716,11.37,10.9,9.641
P75849,8.426,7.982,9.092,7.651,7.5,7.762,6.966,7.1320000000000014,8.131,5.523,6.987,6.68,8.195,8.441,7.434,5.523,7.76,8.289,3.999,3.463,6.124,7.362999999999999,7.818,6.308
P75851,0.911,0.762,0.741,0.0966,0.733,0.445,0.583,0.7509999999999999,0.655,0.8490000000000001,0.441,0.508,0.68,0.5670000000000001,0.421,0.8490000000000001,0.5379999999999999,0.4920000000000001,0.5920000000000001,1.077,0.57,0.537,1.349,0.371
P80645,0.972,0.974,0.0764,0.818,0.467,0.623,0.321,0.184,0.29,0.779,0.7859999999999999,0.593,0.204,0.92,0.324,0.779,0.3670000000000001,0.359,0.479,0.16,0.6409999999999999,0.6659999999999999,0.376,0.507
P75853,0.322,0.244,0.134,0.404,0.279,0.263,0.4,0.343,0.2,0.545,0.297,0.258,0.294,0.28300000000000003,0.24,0.545,0.299,0.29100000000000004,0.304,0.285,0.39,0.252,0.374,0.28800000000000003
P80644,0.0995,0.294,0.418,0.33,0.53,0.217,1.0490000000000002,0.573,0.742,1.017,0.61,0.575,0.657,0.611,0.485,1.017,0.738,0.6409999999999999,0.846,0.136,0.539,0.627,0.711,0.507
P75855,0.409,0.3,0.341,0.332,0.398,0.304,0.67,0.5870000000000001,0.453,0.6629999999999999,0.53,0.49,0.376,0.5770000000000001,0.331,0.6629999999999999,0.32,0.355,1.694,1.403,0.458,0.732,0.626,0.417
P75856,0.182,0.056,0.14300000000000002,0.166,0.0218,0.0735,0.29,0.265,0.229,0.545,0.232,0.248,0.182,0.126,0.0315,0.545,0.0995,0.105,0.252,0.256,0.311,0.104,0.202,0.158
P75857,0.515,0.491,0.6990000000000001,0.379,0.452,0.505,0.759,0.659,0.757,0.952,0.647,0.586,0.466,0.402,0.341,0.952,0.295,0.261,0.818,1.02,0.5710000000000001,0.541,0.7829999999999999,0.71
P75862,3.7,4.341,3.075,2.653,3.022,2.926,3.254,3.3280000000000003,3.684,2.041,2.428,2.629,2.32,2.789,2.717,2.041,2.296,2.421,1.961,1.251,3.113,2.881,2.332,2.393
P75864,9.689,7.798999999999999,5.03,5.5870000000000015,6.393,6.814,8.73,8.379,8.52,4.163,5.671,8.516,2.509,4.04,2.7460000000000004,4.163,2.699,3.451,8.187999999999999,8.099,10.6,8.529,9.703,8.469
P0AAC6,23.44,23.65,25.03,24.28,32.71,25.78,12.19,12.28,11.56,8.14,10.62,12.47,17.92,21.09,18.26,8.14,19.69,21.56,14.05,11.34,14.07,13.32,14.14,10.79
P38134,1.04,0.581,0.865,1.006,0.853,0.792,1.837,1.797,1.747,1.3259999999999998,1.911,1.319,1.145,1.298,1.026,1.3259999999999998,0.988,1.175,1.384,1.423,2.111,1.564,1.64,1.453
P63264,0.948,0.634,0.975,1.219,1.046,1.145,1.531,1.3230000000000002,1.5930000000000002,1.277,1.5519999999999998,1.35,1.76,1.962,2.067,1.277,2.157,2.24,1.138,1.524,1.314,1.848,2.152,1.727
P36661,0.231,0.297,0.438,0.234,0.354,0.17600000000000002,0.769,0.67,0.767,0.613,0.5760000000000001,0.487,0.428,0.455,0.293,0.613,0.255,0.274,0.873,1.151,0.29100000000000004,0.406,0.526,0.471
P0AB12,8.008,4.864,4.6080000000000005,3.007,5.061,4.207,7.78,7.665,8.185,5.694,7.724,6.42,2.31,3.524,2.087,5.694,1.721,2.028,6.2,7.925,7.251,8.656,8.732000000000001,8.735
P0AB14,1.077,0.522,1.027,0.662,0.8859999999999999,0.736,1.266,1.393,1.205,1.274,0.998,1.4340000000000002,4.418,3.137,5.115,1.274,4.871,5.092,4.502,3.028,1.4240000000000002,1.331,1.689,1.544
P0AB18,3.161,3.279,2.508,2.298,2.822,2.794,3.732,4.192,4.043,3.173,4.563,5.234,2.419,2.321,1.972,3.173,1.99,2.277,3.4210000000000003,2.977,3.932,4.385,5.801,3.577
P52636,0.227,0.153,0.233,0.281,0.228,0.251,0.311,0.456,0.475,0.28300000000000003,0.34,0.343,0.204,0.191,0.231,0.28300000000000003,0.309,0.21600000000000005,0.35700000000000004,0.21600000000000005,0.215,0.314,0.315,0.26
P0AB20,6.098,8.283,6.045,6.751,7.222,10.87,10.06,7.547999999999999,8.123,7.6110000000000015,10.01,14.38,6.263,7.91,9.106,7.6110000000000015,9.41,8.28,10.98,4.72,9.261,10.04,9.702,6.374
P0ACZ2,0.632,0.4270000000000001,0.419,0.4,0.7490000000000001,0.5760000000000001,2.6460000000000004,2.648,2.219,1.912,2.162,2.428,1.638,2.195,1.725,1.912,1.511,1.6969999999999998,1.926,1.972,2.8480000000000003,2.843,1.923,2.1630000000000003
P0A932,1.0490000000000002,1.155,0.8079999999999999,0.925,0.934,0.894,2.637,3.01,2.76,2.11,2.4090000000000003,2.2430000000000003,1.829,2.333,1.602,2.11,1.664,1.622,2.298,2.632,2.884,2.893,2.813,2.845
P31545,4.738,4.4510000000000005,3.134,3.076,3.482,2.824,4.101,4.005,3.306,2.599,3.711,4.349,1.098,1.346,1.296,2.599,1.136,1.255,2.736,2.824,4.5310000000000015,4.424,4.592,4.2330000000000005
P0ACU2,1.551,1.534,2.156,1.959,1.822,2.087,1.835,1.861,2.008,2.088,2.374,2.722,1.825,1.6840000000000002,1.828,2.088,1.826,1.776,2.676,2.508,2.428,2.384,2.596,2.372
P75892,0.884,0.4270000000000001,0.468,0.406,0.395,0.146,0.14300000000000002,0.341,0.457,0.556,0.125,0.334,0.507,0.412,0.489,0.556,0.583,0.5710000000000001,0.329,0.5529999999999999,0.557,0.32299999999999995,0.426,0.322
P0AB24,9.221,7.824,5.083,5.45,5.702000000000001,4.596,5.52,4.807,6.028,3.838,5.41,4.87,1.181,1.516,1.4469999999999998,3.838,1.043,1.55,3.746,5.015,5.039,6.903,6.204,7.211
P69432,0.4320000000000001,0.229,0.135,0.502,0.3,0.34,0.51,0.655,0.818,0.583,0.41,0.55,0.08199999999999999,0.434,0.358,0.583,0.34700000000000003,0.386,0.574,0.461,0.594,0.596,0.157,0.8809999999999999
P75905,0.424,0.341,0.444,0.397,0.509,0.446,0.5870000000000001,0.5710000000000001,0.46,0.422,0.28,0.5479999999999999,0.354,0.364,0.267,0.422,0.28,0.381,0.503,0.579,0.528,0.447,0.444,0.428
P75906,0.155,0.056,0.162,0.0502,0.16399999999999998,0.16899999999999998,0.17,0.0369,0.141,0.109,0.0365,0.0908,0.05,0.0974,0.0487,0.109,0.01,0.0661,0.0327,0.101,0.107,0.0335,0.0638,0.0955
P69434,0.29100000000000004,0.245,0.269,0.508,0.27,0.382,0.0714,0.193,0.115,0.302,0.106,0.222,0.282,0.19,0.19,0.302,0.2,0.213,0.155,0.213,0.29100000000000004,0.16,0.152,0.263
P75908,0.649,0.722,1.086,0.7440000000000001,0.883,0.578,1.4280000000000002,1.494,1.254,1.043,1.331,1.345,1.179,0.855,0.909,1.043,0.852,0.892,2.01,1.921,1.137,1.266,0.815,1.116
P75910,0.254,0.197,0.215,0.189,0.179,0.149,0.31,0.224,0.192,0.201,0.254,0.339,0.218,0.113,0.124,0.201,0.0887,0.107,0.436,0.473,0.235,0.173,0.247,0.181
P75913,5.977,4.966,6.867000000000001,6.023,6.47,6.006,3.604,3.727,3.822,1.832,3.204,3.488,7.769,8.81,8.762,1.832,9.635,10.27,2.443,4.144,3.335,3.44,3.919,3.986
P75914,6.574,6.104,6.112,5.682,7.375,6.103,5.989,5.464,5.727,1.7519999999999998,5.457000000000002,6.971,5.854,6.653,6.313,1.7519999999999998,6.691,7.127999999999999,5.433,4.189,6.097,7.017,3.903,5.439
P75915,7.07,5.517,5.822,4.83,5.005,4.885,5.94,5.832999999999998,5.278,3.3160000000000003,5.557,5.87,4.197,4.471,4.354,3.3160000000000003,4.119,5.183,5.093,6.648,5.247000000000001,6.2410000000000005,5.227,5.434
P75916,37.85,42.23,5.336,5.783,6.613,6.283,7.086,6.459,6.884,3.825,7.7029999999999985,10.07,2.261,2.347,1.894,3.825,1.804,1.992,4.492,5.339,6.125,7.687,5.4529999999999985,6.636
P24188,16.19,13.36,7.178,6.792000000000002,8.551,9.274,15.15,15.72,16.37,12.79,15.08,16.25,4.974,7.286,4.471,12.79,3.565,4.825,11.13,11.73,20.01,18.28,17.81,17.51
P0AB26,2.969,3.198,2.658,2.662,2.156,2.114,2.839,2.132,2.959,2.672,3.252,4.34,2.391,3.408,2.209,2.672,3.265,3.17,2.17,2.239,3.76,2.881,3.875,3.122
P0AA39,7.747000000000001,6.215,3.571,3.284,5.141,4.5139999999999985,6.917999999999998,6.988,7.5,4.55,9.699,9.979,1.676,2.172,1.904,4.55,1.777,1.94,4.8,3.571,9.796,6.8,10.82,7.017
P0AB28,111.3,123.2,73.91,69.33,85.54,90.58,105.2,120.7,115.5,86.76,107.8,118.6,42.32,58.43,40.27,86.76,34.0,42.45,97.53,80.95,122.3,103.6,86.29,90.64
P25744,0.7140000000000001,0.322,0.569,0.325,0.622,0.498,0.555,0.511,0.51,0.53,0.474,0.383,0.67,0.494,0.5670000000000001,0.53,0.36,0.593,0.213,0.313,0.637,0.491,0.32299999999999995,0.431
P0A729,1.107,1.231,1.202,0.982,1.03,1.3259999999999998,1.4280000000000002,1.486,1.894,1.2009999999999998,1.48,2.09,3.504,3.692,3.4810000000000003,1.2009999999999998,3.227,3.628,1.035,0.535,2.011,2.093,1.132,1.349
P28306,3.006,2.662,3.1260000000000003,1.7,2.5540000000000003,2.655,3.1710000000000003,3.585,3.31,2.1,2.998,3.167,1.594,1.796,1.321,2.1,1.074,1.54,2.572,3.763,4.6389999999999985,3.3680000000000003,3.797,4.223
P29217,7.8610000000000015,6.303,12.49,10.42,10.27,6.971,4.341,5.017,5.473,2.6830000000000003,3.807,3.559,9.453,9.116,9.672,2.6830000000000003,9.679,10.27,3.497,5.947,5.205,4.957,4.948,5.495
P0A8X2,1.319,1.9,1.504,1.974,2.013,2.2230000000000003,1.744,1.852,1.574,1.331,1.46,1.7990000000000002,2.071,2.258,2.149,1.331,2.032,2.085,1.631,1.412,1.564,1.705,1.5219999999999998,1.314
P0AB31,0.917,0.7040000000000001,0.96,0.981,0.782,0.966,0.7609999999999999,0.951,1.1,0.795,1.058,0.8029999999999999,1.504,1.599,1.6869999999999998,0.795,1.823,1.686,0.92,1.147,1.215,0.7340000000000001,1.339,0.8190000000000001
P69367,0.588,0.342,0.737,0.47,0.336,0.353,0.787,0.387,0.598,0.594,0.374,0.179,0.496,0.28800000000000003,0.381,0.594,0.45,0.258,0.46,0.8809999999999999,0.334,0.141,0.81,0.5329999999999999
P64442,0.01,0.01,0.0151,0.01,0.01,0.01,0.02,0.0123,0.01,0.01,0.0143,0.01,0.01,0.01,0.01,0.01,0.01,0.01,0.01,0.01,0.0113,0.01,0.0182,0.0109
P0AB33,5.905,4.3660000000000005,12.2,7.898,10.98,9.363,11.52,12.72,12.72,5.122999999999998,8.837,9.943,4.43,3.47,5.323,5.122999999999998,3.813,3.275,25.11,25.45,11.95,9.433,8.828,7.534
P09153,0.227,0.31,0.279,0.35700000000000004,0.376,0.282,0.298,0.5710000000000001,0.44,0.603,0.44,0.482,0.488,0.355,0.395,0.603,0.528,0.435,3.448,2.076,0.238,0.369,0.342,0.389
P25745,15.0,15.9,8.169,11.43,12.91,11.62,13.97,12.18,12.56,10.22,13.83,16.65,7.685,9.547,7.898,10.22,8.948,8.568999999999999,13.79,8.132,18.42,21.46,13.95,14.7
P25746,13.16,11.68,8.201,7.752999999999999,9.98,9.428,13.67,14.8,13.18,7.8370000000000015,12.86,14.12,5.825,8.637,6.13,7.8370000000000015,5.7029999999999985,6.561,11.63,11.05,17.0,16.56,15.77,16.51
P27431,8.804,5.964,5.723,4.72,5.375,5.731,5.582999999999998,6.22,6.2010000000000005,4.574,5.609,6.461,4.371,4.484,3.733,4.574,3.5410000000000004,4.049,5.794,6.159,9.71,8.289,7.3889999999999985,7.369
P0ACE7,6.355,8.662,7.774,9.361,8.936,9.162,7.417999999999998,6.553,7.369,3.717,7.013,8.767000000000001,9.568,10.31,13.23,3.717,11.58,12.89,5.049,3.489,7.376,8.43,5.7860000000000005,5.835
P0AFQ7,3.377,4.338,1.411,3.295,3.1010000000000004,4.561,2.0780000000000003,1.918,2.389,0.738,2.104,3.4,1.362,2.1180000000000003,1.6569999999999998,0.738,1.996,1.459,1.443,0.955,2.79,3.614,2.661,2.821
P0AB35,1.27,0.821,0.964,1.002,0.711,1.018,1.837,1.342,1.569,1.04,1.59,1.978,0.413,0.488,0.4970000000000001,1.04,0.375,0.368,2.669,1.936,1.162,1.5759999999999998,1.109,1.196
P45581,0.207,0.285,0.0537,0.0288,0.0207,0.0208,0.0621,0.0568,0.0304,0.218,0.0352,0.0343,0.104,0.305,0.0129,0.218,0.0274,0.023,4.159,2.697,0.0792,0.0213,0.0492,0.0382
P75946,6.178,7.017,7.975,7.56,7.962999999999999,7.025,5.682,5.171,5.2189999999999985,1.992,4.124,5.42,8.582,8.287,10.15,1.992,8.927,11.3,4.065,2.827,5.905,5.556,2.859,3.817
P0AB38,9.346,6.026,11.56,9.011,9.033,8.105,6.999,6.964,7.407,3.479,5.9220000000000015,5.989,7.776,8.249,9.333,3.479,9.907,10.16,5.2189999999999985,5.501,7.8610000000000015,7.056,6.723,10.13
P75948,8.006,7.4460000000000015,7.63,7.737999999999999,10.36,8.197000000000001,6.96,7.35,7.492000000000001,3.027,4.974,7.358,6.099,5.5760000000000005,6.814,3.027,6.711,6.942,5.246,6.159,7.0920000000000005,7.265,6.356,7.651
P75949,9.436,10.85,9.753,11.68,13.18,11.21,6.505,5.4220000000000015,6.04,2.114,5.79,7.117000000000001,8.419,8.567,9.043,2.114,9.124,10.38,5.825,5.287000000000001,7.441,8.866,3.948,7.183
P0A8E1,9.123,11.39,11.41,10.37,14.76,10.88,8.399,8.904,8.74,3.989,7.592,10.63,14.08,13.98,15.22,3.989,14.1,15.67,8.429,7.113,7.602,10.75,6.1389999999999985,9.778
P75952,5.533,5.1389999999999985,6.912000000000001,3.599,7.001,4.516,4.492,4.81,5.822,2.801,4.091,4.106,4.634,4.829,4.234,2.801,3.832,3.815,4.009,3.3480000000000003,3.81,4.184,3.859,7.064
P0AB40,1.25,1.255,0.892,1.053,1.79,1.328,9.178,9.954,9.379,4.591,8.385,11.58,0.8370000000000001,1.187,1.008,4.591,0.931,0.631,26.15,26.13,10.66,13.94,11.15,11.52
P75954,1.622,1.49,2.435,2.466,3.375,2.882,1.096,1.379,1.147,1.38,1.4269999999999998,1.5,1.217,1.335,1.058,1.38,0.687,1.056,0.757,0.927,1.483,1.5,1.432,1.736
P75955,0.158,0.201,0.234,0.114,0.117,0.13,0.0949,0.324,0.362,0.44,0.218,0.302,0.313,0.18600000000000005,0.157,0.44,0.237,0.196,0.0628,0.0747,0.249,0.17600000000000002,0.284,0.209
P0ADC3,5.165,4.61,3.525,3.085,3.826,4.0760000000000005,3.526,3.459,4.07,3.3160000000000003,4.004,4.12,2.4530000000000003,2.832,2.376,3.3160000000000003,2.151,2.341,2.431,2.569,4.261,3.824,4.432,4.334
P75957,5.225,4.668,3.967,3.723,4.61,4.282,4.117,3.912,5.136,4.217,5.392,5.682,2.036,2.521,2.535,4.217,2.386,2.846,4.152,3.313,4.6389999999999985,4.723,4.974,4.8039999999999985
P75958,4.017,5.449,2.762,3.452,3.602,4.0710000000000015,1.914,2.202,2.338,1.851,2.901,2.108,2.85,3.4930000000000003,2.942,1.851,3.132,3.151,1.861,1.376,2.75,2.57,2.807,2.6060000000000003
P75959,6.966,5.1160000000000005,5.738,4.955,5.494,5.184,4.136,3.3,3.09,2.8360000000000003,2.918,3.2230000000000003,4.12,4.224,3.722,2.8360000000000003,4.252,4.4430000000000005,2.904,2.853,4.177,3.338,4.523,3.335
P29013,0.0551,0.0454,0.339,0.349,0.234,0.209,0.0585,0.0899,0.0488,0.322,0.226,0.162,0.5329999999999999,0.387,0.669,0.322,0.6679999999999999,0.574,0.0551,0.244,0.228,0.265,0.251,0.212
P37349,4.417,5.275,6.188,4.85,4.871,3.607,1.631,1.6980000000000002,1.411,1.3259999999999998,1.372,2.22,1.137,1.471,1.511,1.3259999999999998,1.221,1.5719999999999998,1.298,0.903,1.513,1.675,1.188,1.388
P75989,2.6910000000000003,3.868,2.512,2.762,3.1,3.353,1.285,1.187,0.923,0.983,1.219,1.487,1.835,2.35,2.147,0.983,1.945,2.361,0.804,0.616,1.294,1.453,0.64,1.0659999999999998
P76001,3.721,3.628,4.124,2.438,3.167,3.151,5.72,5.881,7.25,1.961,4.055,5.272,3.656,4.5939999999999985,4.624,1.961,3.779,4.658,3.209,4.936,5.25,3.587,4.466,6.025
P76002,0.8009999999999999,0.966,1.641,1.092,1.513,1.16,6.082999999999998,6.239,5.524,2.693,4.993,6.851,6.5120000000000005,7.857,7.131,2.693,7.063,6.473,5.997000000000001,4.525,6.4910000000000005,7.233,4.479,5.277
P0AB43,5.038,5.933,6.879,4.584,5.185,5.25,7.593,7.087999999999999,7.936,2.449,6.4289999999999985,9.182,6.399,6.233,5.892,2.449,5.641,6.731,6.059,6.952000000000001,7.257999999999999,8.068,4.535,8.01
P0A8L5,4.508,4.257,3.766,3.007,3.786,2.818,7.056,5.916,6.278,4.222,5.231,7.561,3.516,4.066,2.9810000000000003,4.222,3.002,3.0980000000000003,4.228,3.948,5.21,5.822,4.465,6.5139999999999985
P76010,12.23,11.45,16.06,12.23,13.18,13.97,1.236,0.987,0.991,0.833,0.902,0.6,8.242,6.294,5.672999999999999,0.833,5.645,5.972,0.231,0.35100000000000003,0.439,0.243,0.579,0.293
P75987,0.222,0.195,0.377,0.147,0.222,0.25,0.627,0.5329999999999999,0.745,0.653,0.794,0.674,0.412,0.227,0.154,0.653,0.0995,0.16,1.336,1.0,0.569,0.741,0.289,0.499
P75988,0.625,0.34700000000000003,0.5870000000000001,0.275,0.475,0.491,0.887,0.794,0.863,0.617,0.591,0.8340000000000001,0.464,0.478,0.302,0.617,0.298,0.277,0.745,0.615,1.298,1.383,0.774,1.01
P76012,0.0138,0.0742,0.0236,0.0188,0.0195,0.0135,0.0421,0.0199,0.0234,0.155,0.0587,0.0595,0.0191,0.0187,0.0315,0.155,0.0166,0.0223,0.0207,0.024,0.0304,0.0586,0.021,0.0246
P75991,0.57,0.413,0.975,0.4920000000000001,0.636,0.366,5.187,5.4460000000000015,4.894,4.245,4.884,7.23,6.581,5.83,10.7,4.245,9.741,8.206,7.375,4.689,5.013,5.68,2.972,3.694
P0AGM5,8.672,10.28,7.975,7.939,8.97,8.79,6.9689999999999985,6.815,7.393,2.451,6.308,7.477,4.841,6.308,5.098,2.451,4.713,5.1789999999999985,5.54,7.2810000000000015,8.397,7.843,6.631,8.953
P62615,21.91,25.38,15.89,17.24,21.81,19.93,14.67,16.01,15.5,7.62,11.89,15.15,15.95,20.65,16.29,7.62,15.88,18.19,13.58,15.74,18.95,18.89,15.33,17.96
P25743,0.608,0.675,0.531,0.782,0.7240000000000001,1.057,0.665,0.797,0.6920000000000001,0.65,0.8370000000000001,1.079,0.647,0.6709999999999999,0.519,0.65,0.454,0.655,0.514,0.495,1.28,1.05,0.662,0.644
P0ABU2,13.87,8.769,6.507999999999999,7.1610000000000005,6.602,8.554,12.93,13.1,12.52,10.11,13.66,12.7,5.185,5.832000000000002,5.855,10.11,4.813,5.315,13.48,16.9,18.17,17.14,18.33,17.45
P0AB49,3.917,2.7430000000000003,2.649,1.594,1.953,1.4509999999999998,0.46,0.608,0.5710000000000001,0.337,0.584,0.902,8.99,8.945,7.637,0.337,6.766,9.313,0.498,0.241,0.802,0.966,0.532,0.631
P37052,13.62,10.86,9.314,6.682,9.911,8.032,7.189,10.03,10.03,7.5779999999999985,8.374,11.54,4.0710000000000015,5.37,4.728,7.5779999999999985,4.367,5.0360000000000005,5.525,3.268,10.19,6.694,9.983,7.522
P0AFR0,4.4289999999999985,6.632999999999999,3.93,4.035,4.992,4.976,2.2230000000000003,1.882,2.153,1.849,2.501,2.1830000000000003,3.22,3.753,4.056,1.849,3.734,4.302,1.664,1.3030000000000002,2.794,3.0210000000000004,2.516,1.909
P0AFR2,2.391,1.367,1.004,0.8440000000000001,1.253,1.2919999999999998,1.168,1.298,1.487,0.94,0.843,0.966,0.662,0.6920000000000001,0.595,0.94,0.5429999999999999,0.463,1.026,1.209,1.433,1.287,1.74,1.348
P0AB52,5.519,5.394,6.417999999999998,4.418,5.2,4.822,5.282,4.545,5.53,2.998,5.434,8.085,8.02,7.324,7.981,2.998,7.444,7.412000000000001,6.292000000000002,3.92,5.251,7.3,4.324,4.9060000000000015
P39165,0.35700000000000004,0.425,0.377,0.626,0.409,0.799,0.633,0.368,0.541,0.414,0.906,0.513,0.733,0.755,0.526,0.414,0.797,0.645,0.24,0.157,0.6609999999999999,0.963,0.456,0.63
P0A8Z0,11.87,10.36,6.363,4.434,8.387,6.441,11.52,12.69,12.57,5.027,8.753,14.92,4.815,6.066,4.519,5.027,4.051,5.294,7.758999999999999,7.875,11.75,10.32,8.533999999999999,12.04
P0A710,10.6,9.323,5.744,5.876,7.144,7.644,7.996,7.765,8.379,3.089,5.227,7.162000000000001,5.267,7.2189999999999985,5.445,3.089,5.104,6.026,5.3020000000000005,6.401,8.561,8.322000000000001,6.692,9.997
P21365,12.29,10.35,7.006,6.394,9.493,8.013,9.87,10.54,9.215,3.957,7.12,8.511000000000001,5.296,6.272,4.605,3.957,4.731,6.058,6.7810000000000015,8.356,10.27,10.36,6.848,11.22
P0A915,0.914,0.8420000000000001,0.99,0.952,1.003,0.908,0.7979999999999999,0.7979999999999999,0.7879999999999999,0.532,0.8190000000000001,0.8220000000000001,1.654,1.589,1.726,0.532,1.508,1.9,0.778,0.732,0.653,0.83,0.635,0.857
P21363,0.29600000000000004,0.153,0.177,0.114,0.14,0.197,0.278,0.278,0.21600000000000005,0.19,0.438,0.428,0.375,0.453,0.38,0.19,0.391,0.294,0.59,0.56,0.195,0.284,0.197,0.267
P21362,0.161,0.18600000000000005,0.264,0.214,0.44,0.246,0.124,0.475,0.57,0.503,0.565,0.457,0.941,1.222,1.232,0.503,0.991,1.189,1.254,1.844,0.205,0.309,0.24,0.285
P21361,0.47,0.14400000000000002,0.295,0.14,0.311,0.108,0.615,0.675,0.923,0.865,0.7390000000000001,0.465,0.6809999999999999,0.119,0.453,0.865,0.706,0.505,1.24,1.0590000000000002,0.5429999999999999,0.482,0.196,0.495
P08245,12.12,9.541,5.702000000000001,6.376,9.363,8.871,10.1,11.09,11.37,7.0360000000000005,8.777999999999999,10.95,3.108,5.439,3.33,7.0360000000000005,3.173,3.266,8.42,9.103,13.31,11.78,13.66,12.67
P0AB55,2.637,4.342,4.146,3.807,2.9560000000000004,3.816,3.002,2.537,2.639,0.867,2.684,4.037,4.131,4.091,3.647,0.867,4.444,4.266,2.893,1.395,3.326,3.457,2.2230000000000003,2.668
P31808,7.752999999999999,8.359,7.336,6.875,7.97,6.4670000000000005,3.728,3.875,3.47,2.841,3.645,4.462,5.597,6.125,5.465,2.841,5.435,6.825,3.794,1.951,4.1930000000000005,4.643,3.4210000000000003,2.926
P37765,16.13,12.94,6.3039999999999985,6.945,7.744,10.29,10.08,9.648,11.64,9.42,10.57,11.72,3.982,5.44,3.853,9.42,3.798,4.106,8.719,6.641,11.52,10.58,14.38,9.602
P0AB58,2.07,1.69,2.3,2.469,3.278,3.037,1.933,1.695,1.7519999999999998,1.418,2.245,2.317,1.113,1.207,1.681,1.418,1.503,1.471,1.421,1.561,2.311,2.496,1.985,1.856
P0AB61,4.582,5.284,3.54,2.948,4.433,4.078,4.655,4.652,5.6,3.714,5.2429999999999986,8.471,6.704,6.875,5.96,3.714,5.532,6.509,7.886,4.3039999999999985,6.303,8.866,3.103,3.304
P0AFR4,8.741,6.018,5.172999999999999,5.019,6.7429999999999986,5.232,5.456,5.779,5.766,4.829,7.082000000000002,7.836,4.97,5.233,4.6,4.829,4.626,5.337999999999999,5.752000000000002,5.343,7.622999999999998,7.897,8.184,6.284
P45848,0.386,0.38,0.4,0.139,0.472,0.252,0.188,0.278,0.309,0.322,0.228,0.159,0.35,0.348,0.359,0.322,0.262,0.2,0.0775,0.115,0.179,0.151,0.405,0.115
P77334,0.395,0.462,0.647,0.5,0.6709999999999999,0.5720000000000001,0.34700000000000003,0.17600000000000002,0.425,0.322,0.247,0.407,0.517,0.388,0.468,0.322,0.51,0.431,0.253,0.28300000000000003,0.337,0.361,0.309,0.45
P0ACV4,6.2570000000000014,4.825,5.66,5.979,7.306,6.961,5.0539999999999985,4.829,4.5680000000000005,3.216,3.457,3.958,3.79,3.813,4.662,3.216,4.197,4.287,4.203,4.1160000000000005,5.14,4.912,4.24,4.684
P77766,12.81,9.855,7.629,7.358,9.436,8.238999999999999,8.618,8.214,7.491,6.222,7.496,9.712,7.227,6.956,6.941,6.222,6.702000000000001,7.081,8.797,5.5520000000000005,9.08,10.67,8.207,7.033
P76035,1.199,1.06,0.6659999999999999,0.767,0.884,0.931,0.991,1.061,0.778,0.782,0.899,1.215,0.6409999999999999,0.691,0.618,0.782,0.604,0.635,1.0490000000000002,1.159,0.982,0.976,0.836,0.939
P0A9U6,1.026,0.762,1.4069999999999998,1.3630000000000002,1.115,0.952,0.716,0.983,1.022,1.199,1.071,1.137,1.295,1.1909999999999998,1.51,1.199,1.968,1.815,1.094,1.165,0.97,1.087,1.1,0.93
P45736,1.251,0.955,0.705,0.809,1.018,0.716,0.637,0.8059999999999999,0.767,0.353,0.623,0.92,0.418,0.446,0.431,0.353,0.297,0.29600000000000004,0.609,0.8390000000000001,0.933,0.7140000000000001,0.617,0.8809999999999999
P0A8R7,1.06,0.6809999999999999,1.412,1.907,2.562,3.075,1.605,1.611,1.906,0.892,1.398,1.732,1.056,1.185,1.784,0.892,1.314,1.367,1.171,1.004,2.02,1.773,1.413,1.455
P51981,2.214,2.027,1.401,1.846,1.367,1.847,1.5590000000000002,1.181,1.327,0.926,1.328,1.544,1.835,1.873,1.843,0.926,1.925,1.916,1.215,1.497,1.298,1.444,1.37,1.592
P0ACV6,1.528,1.764,1.664,1.467,1.54,1.395,0.953,0.847,0.76,0.609,0.8270000000000001,0.957,1.816,1.452,1.579,0.609,1.695,1.808,0.8690000000000001,0.64,0.902,0.929,0.642,0.7829999999999999
P76037,0.188,0.0984,0.282,0.119,0.0977,0.104,0.122,0.113,0.111,0.201,0.153,0.0816,0.23,0.123,0.172,0.201,0.14800000000000002,0.247,0.124,0.101,0.0809,0.0928,0.135,0.0975
P76038,1.127,0.983,1.96,1.11,1.209,1.11,1.186,0.877,1.274,1.382,1.056,1.243,1.972,1.369,3.632,1.382,3.175,3.072,1.064,1.3730000000000002,1.054,1.117,0.897,1.177
P76041,0.655,1.052,1.646,0.5770000000000001,0.932,0.6609999999999999,0.268,0.227,0.192,0.387,0.299,0.206,0.669,0.435,0.411,0.387,0.31,0.424,0.17,0.064,0.201,0.181,0.0401,0.179
P0AFR7,0.266,0.436,1.0659999999999998,0.476,0.894,0.647,0.364,0.413,0.333,0.3,0.23,0.231,0.258,0.266,0.369,0.3,0.265,0.295,0.121,0.505,0.35,0.332,0.5920000000000001,0.156
P77716,0.737,0.277,2.322,1.93,2.632,1.539,0.547,0.542,0.355,0.723,0.569,0.561,0.6809999999999999,0.376,0.677,0.723,0.565,0.6779999999999999,0.494,0.667,0.6920000000000001,0.703,0.83,0.603
P76043,0.715,0.598,0.91,1.551,1.339,1.239,0.672,0.573,0.404,0.419,0.468,0.58,0.514,0.691,0.909,0.419,0.748,0.605,0.75,0.536,0.465,0.7120000000000001,0.456,0.35
P77503,0.0904,0.34700000000000003,0.831,1.605,1.9,1.528,0.181,0.0795,0.0729,0.142,0.0861,0.342,0.321,0.221,0.311,0.142,0.434,0.319,0.08,0.1,0.0879,0.328,0.0738,0.207
P77154,0.0521,0.0167,0.0566,0.0552,0.24,0.363,0.06,0.0255,0.0304,0.0571,0.0313,0.0465,0.0481,0.0384,0.0229,0.0571,0.0182,0.0174,0.0387,0.0293,0.0444,0.0449,0.0292,0.028
P77366,0.254,0.179,0.293,0.238,0.249,0.398,0.387,0.254,0.177,0.36,0.303,0.249,0.261,0.16899999999999998,0.239,0.36,0.26,0.159,0.206,0.269,0.214,0.18,0.159,0.122
P77481,0.421,0.25,0.28800000000000003,0.5529999999999999,0.556,0.861,0.0892,0.256,0.377,0.547,0.297,0.3670000000000001,0.688,0.487,0.173,0.547,0.284,0.45,0.35200000000000004,0.168,0.37,0.322,0.295,0.208
P77615,1.519,1.682,1.406,1.412,1.924,1.957,1.847,1.63,1.61,1.148,1.525,1.871,2.004,2.317,1.824,1.148,2.001,2.065,1.284,1.175,1.943,1.9,1.937,1.6869999999999998
P76046,1.3230000000000002,1.528,3.812,5.438,6.997999999999998,9.162,2.793,2.8480000000000003,3.303,1.7480000000000002,2.745,2.526,2.399,3.0610000000000004,5.7970000000000015,1.7480000000000002,4.9830000000000005,3.6010000000000004,2.263,2.78,3.369,3.262,3.455,3.054
P77333,0.983,0.951,0.763,0.6609999999999999,0.818,0.9,1.081,0.927,1.2,0.611,0.914,1.272,0.857,1.178,0.899,0.611,0.949,0.879,0.799,1.024,0.838,1.134,0.509,0.998
P0AAC0,3.406,6.4060000000000015,5.332000000000002,6.646,5.207999999999998,5.127999999999999,2.613,2.6710000000000003,2.573,1.948,2.576,3.048,8.115,6.479,6.992000000000001,1.948,8.624,8.726,3.077,3.303,3.21,2.685,2.455,2.52
P33230,0.0965,0.112,0.111,0.0577,0.0874,0.102,0.242,0.306,0.211,0.406,0.172,0.18,0.206,0.121,0.104,0.406,0.0954,0.117,0.574,0.941,0.224,0.16899999999999998,0.198,0.237
P38393,0.101,0.132,0.108,0.0238,0.0632,0.113,0.241,0.195,0.266,0.337,0.378,0.267,0.194,0.124,0.168,0.337,0.14400000000000002,0.136,0.289,0.392,0.251,0.21,0.199,0.24
P46133,0.348,0.354,0.188,0.354,0.479,0.4,0.398,0.363,0.321,0.904,0.5720000000000001,0.477,0.639,0.473,0.489,0.904,0.473,0.601,0.318,0.329,0.253,0.379,0.59,0.473
P77357,1.527,1.35,1.331,1.699,1.334,1.331,0.996,1.039,0.956,1.416,1.4269999999999998,1.124,1.288,1.269,1.315,1.416,1.341,1.483,1.149,1.127,1.189,0.8059999999999999,1.26,1.08
P77744,0.897,0.978,0.6609999999999999,0.603,0.655,0.669,0.263,0.327,0.251,0.44,0.386,0.34700000000000003,0.8420000000000001,0.7809999999999999,0.738,0.44,0.711,0.7,0.188,0.335,0.377,0.202,0.508,0.33
P76053,0.446,0.421,0.443,0.35100000000000003,1.093,0.383,2.498,3.341,4.093,2.909,3.051,3.881,1.29,1.523,1.314,2.909,1.261,1.4340000000000002,4.441,5.369,4.1080000000000005,3.4330000000000003,4.253,3.781
P76055,8.368,6.2360000000000015,3.827,4.003,5.999,4.877,8.232999999999999,9.879,9.846,6.799,9.473,11.95,1.893,2.633,2.384,6.799,1.716,2.286,8.447000000000001,6.489,10.63,10.84,10.58,8.244
P76057,0.0398,0.0818,0.0415,0.0401,0.0253,0.0257,0.134,0.0237,0.0559,0.222,0.14800000000000002,0.0435,0.0407,0.0272,0.0615,0.222,0.0265,0.0118,0.413,0.489,0.0766,0.0882,0.123,0.0266
P76062,5.4060000000000015,6.3260000000000005,5.585,4.39,6.7029999999999985,6.065,5.723,6.997999999999998,6.439,3.914,6.501,9.304,4.919,5.502999999999999,4.2639999999999985,3.914,3.876,4.791,5.269,3.785,7.542000000000002,7.771,5.934,6.494
P76063,0.11,0.0863,0.147,0.159,0.159,0.195,0.368,0.284,0.212,0.166,0.238,0.312,0.384,0.225,0.343,0.166,0.349,0.235,0.306,0.268,0.279,0.321,0.277,0.363
P76064,0.208,0.235,0.128,0.321,0.318,0.098,0.325,0.415,0.371,0.5710000000000001,0.462,0.423,0.467,0.358,0.382,0.5710000000000001,0.26,0.426,0.34,0.531,0.477,0.458,0.669,0.725
P76065,0.931,0.568,0.937,0.762,0.916,0.752,0.954,0.86,0.898,0.721,0.715,0.632,0.804,0.903,0.853,0.721,0.905,0.779,0.655,0.647,0.885,0.838,0.595,0.716
P76066,0.395,0.327,0.6779999999999999,0.381,0.453,0.414,0.8909999999999999,0.841,0.6629999999999999,0.7509999999999999,0.703,0.747,0.825,0.722,0.609,0.7509999999999999,0.621,0.624,0.68,0.748,0.736,0.76,0.69,0.759
P76069,0.5670000000000001,0.13,0.138,0.0966,0.363,0.3720000000000001,0.5329999999999999,0.617,0.529,0.479,0.597,0.722,0.455,0.309,0.281,0.479,0.338,0.279,0.575,0.46,0.309,0.398,0.122,0.365
P25906,0.907,0.8740000000000001,0.841,1.093,0.893,0.997,0.6609999999999999,0.6409999999999999,0.6579999999999999,0.541,0.557,0.55,1.504,1.362,1.516,0.541,1.801,1.525,0.7190000000000001,1.036,0.526,0.557,0.589,0.6709999999999999
P25907,0.606,0.55,0.496,0.629,0.453,0.596,1.072,0.901,1.042,0.71,0.758,0.741,0.575,0.444,0.596,0.71,0.289,0.581,0.904,1.163,0.495,0.5710000000000001,0.53,0.66
P52645,2.057,1.855,2.016,1.401,2.044,1.588,2.772,1.967,2.238,1.861,2.039,2.5780000000000003,2.321,1.966,1.893,1.861,1.823,1.616,1.477,1.972,2.443,2.119,2.908,2.235
P52647,4.069,3.175,1.962,2.387,2.461,3.013,1.506,1.521,1.785,1.4580000000000002,1.943,1.866,1.166,1.555,1.171,1.4580000000000002,1.267,1.3230000000000002,2.398,2.972,2.073,2.602,2.285,2.349
P76076,1.681,1.384,1.655,1.727,1.7280000000000002,1.881,1.859,2.206,2.125,1.834,1.957,2.188,1.51,1.756,1.43,1.834,1.42,1.7819999999999998,1.1740000000000002,1.151,1.622,1.802,2.374,1.774
P76077,0.15,0.507,0.812,0.632,0.634,0.307,0.37,0.294,0.316,0.333,0.263,0.287,1.041,0.478,1.36,0.333,1.169,1.102,0.304,0.397,0.27,0.322,0.311,0.32299999999999995
P76079,0.77,1.019,1.298,1.669,1.643,1.026,0.65,0.638,0.476,0.639,0.344,0.5,1.633,1.202,2.517,0.639,2.306,2.7,0.574,0.861,0.578,0.452,0.489,0.55
P76082,0.0291,0.0348,0.496,0.557,0.6659999999999999,0.574,0.0435,0.0284,0.0241,0.0337,0.0228,0.0511,0.257,0.0946,0.778,0.0337,0.847,0.495,0.043,0.0227,0.0322,0.0654,0.0301,0.0225
P76083,0.0904,0.223,0.501,0.69,1.016,0.979,0.108,0.0426,0.234,0.313,0.255,0.433,0.37,0.415,0.643,0.313,0.733,0.376,0.35100000000000003,0.147,0.399,0.33,0.317,0.224
P0ACW4,2.081,1.452,1.6980000000000002,1.669,2.084,2.091,1.081,1.3130000000000002,1.237,1.116,1.288,1.484,2.2230000000000003,2.059,2.08,1.116,1.945,2.171,0.898,1.3159999999999998,1.288,1.134,2.09,1.211
P31991,0.603,0.606,0.989,0.331,0.657,0.431,1.33,1.245,1.554,1.189,1.287,1.024,0.7040000000000001,0.8270000000000001,0.633,1.189,0.513,0.55,1.531,1.445,1.073,1.063,1.215,1.305
P31992,0.616,0.512,1.188,0.5579999999999999,0.7929999999999999,0.639,1.298,1.376,1.23,0.955,1.287,1.608,1.574,1.465,1.514,0.955,1.509,1.531,1.294,0.812,1.145,1.064,0.877,0.919
P34209,1.352,1.456,1.269,1.317,1.39,1.228,1.884,1.574,1.668,1.402,1.79,2.123,1.914,2.162,2.117,1.402,2.197,2.102,1.651,1.328,1.961,2.103,1.7619999999999998,1.527
P40120,1.208,1.6840000000000002,1.833,1.186,1.625,1.978,0.7040000000000001,0.5670000000000001,0.665,0.552,0.6709999999999999,0.8170000000000001,0.725,0.802,0.489,0.552,0.6579999999999999,0.795,0.738,0.513,0.708,0.7759999999999999,0.6559999999999999,0.6
P0ACW6,0.625,1.204,0.83,1.0659999999999998,0.8859999999999999,0.959,0.483,0.826,0.607,0.401,0.505,0.6990000000000001,3.3710000000000004,2.5660000000000003,3.134,0.401,2.8480000000000003,2.7710000000000004,0.483,0.5479999999999999,0.8059999999999999,0.703,0.551,0.617
P77626,1.41,1.429,1.085,0.8740000000000001,1.256,1.183,1.723,1.855,2.013,1.251,1.658,1.941,0.997,1.087,0.96,1.251,0.888,1.063,1.578,1.503,2.245,1.957,2.193,1.94
P76104,4.674,3.217,2.329,2.063,2.782,2.8280000000000003,6.369,7.842,7.746,5.081,6.718,8.162,1.597,2.026,1.2990000000000002,5.081,1.231,1.402,3.776,5.572,8.505,6.715,8.736,9.691
P31826,0.0781,0.188,0.29600000000000004,0.174,0.202,0.207,0.799,0.36,0.369,0.4270000000000001,0.363,0.51,0.243,0.306,0.25,0.4270000000000001,0.254,0.198,0.448,0.257,0.425,0.484,0.292,0.435
P31827,0.343,0.31,0.507,0.476,0.316,0.413,1.045,1.325,0.972,0.904,0.987,0.983,0.701,0.727,0.67,0.904,0.561,0.759,0.8859999999999999,0.835,1.375,1.582,1.027,1.362
P37757,0.838,1.188,0.909,1.186,1.221,1.088,0.496,0.407,0.605,0.451,0.484,0.818,1.042,1.227,1.0590000000000002,0.451,1.42,1.283,0.8759999999999999,0.35600000000000004,0.574,0.759,0.53,0.563
P46136,0.685,0.961,0.759,0.892,0.838,0.96,1.153,1.009,1.068,0.486,1.017,1.233,0.8290000000000001,1.086,0.731,0.486,0.935,0.967,0.774,0.7190000000000001,0.957,1.018,0.7859999999999999,0.7190000000000001
P67699,1.68,1.157,1.335,1.471,0.984,0.983,2.226,1.798,1.79,1.25,1.851,1.501,0.926,1.161,1.092,1.25,1.106,1.012,1.644,1.569,1.641,1.259,1.204,1.716
P31122,1.936,1.208,1.4269999999999998,1.16,1.525,1.508,3.548,4.665,4.006,2.687,3.65,4.0680000000000005,1.037,1.23,1.065,2.687,0.94,0.923,2.725,3.531,4.802,5.065,3.721,4.768
P0AEY1,1.81,1.426,1.595,1.429,1.4169999999999998,1.342,1.504,1.785,1.514,1.138,1.367,1.477,1.085,1.042,1.166,1.138,1.067,1.102,1.109,1.148,1.594,1.44,1.252,1.4880000000000002
P31125,2.161,2.068,2.511,2.093,2.299,2.105,1.899,1.816,1.798,1.435,1.4069999999999998,1.815,1.943,2.024,2.107,1.435,1.876,2.134,1.205,1.392,1.696,1.528,1.5019999999999998,1.641
P31126,2.136,2.232,2.991,2.336,2.6,1.98,1.869,1.926,1.693,1.681,1.381,1.699,1.787,1.385,1.661,1.681,1.59,1.6030000000000002,1.382,1.761,1.635,1.487,1.379,1.408
P31129,0.398,0.46,0.406,0.438,0.655,0.6920000000000001,0.172,0.261,0.294,0.31,0.389,0.444,0.421,0.413,0.293,0.31,0.187,0.326,0.378,0.317,0.276,0.311,0.14,0.269
P31130,0.51,0.475,0.7340000000000001,0.3,0.276,0.348,0.784,0.562,0.623,0.479,0.453,0.727,0.488,0.49,0.563,0.479,0.604,0.419,0.906,0.857,0.365,0.35700000000000004,0.378,0.535
P31131,0.363,0.369,0.4370000000000001,0.493,0.369,0.491,0.6859999999999999,0.636,0.522,0.482,0.545,0.6609999999999999,0.498,0.46,0.433,0.482,0.512,0.438,0.884,0.7609999999999999,0.502,0.444,0.526,0.44
P32051,0.942,1.0659999999999998,1.085,1.151,0.998,1.261,1.951,1.608,1.884,0.973,1.779,1.764,1.981,1.753,2.099,0.973,1.862,1.805,1.47,1.351,1.835,1.675,0.995,1.374
P77432,0.161,0.374,0.918,0.362,0.507,0.435,0.627,0.754,0.605,0.518,0.449,0.569,0.743,0.449,0.857,0.518,1.102,0.777,0.521,0.66,0.67,0.5920000000000001,0.6,0.43
P76141,2.187,2.342,4.3889999999999985,1.956,2.4330000000000003,1.505,1.611,2.295,1.6669999999999998,0.97,1.725,1.7280000000000002,4.725,3.674,4.79,0.97,4.712,4.9289999999999985,1.219,1.764,1.636,1.577,1.905,2.211
P77672,0.7040000000000001,1.01,0.983,1.1840000000000002,0.846,0.974,1.25,0.818,0.752,0.7390000000000001,0.563,0.5870000000000001,1.315,1.176,1.435,0.7390000000000001,1.395,1.432,0.762,0.667,0.701,0.86,0.921,1.0
P0AFS1,0.202,0.229,0.418,0.419,0.364,0.238,0.21600000000000005,0.127,0.203,0.256,0.23,0.252,0.6759999999999999,0.532,0.779,0.256,0.8109999999999999,0.895,0.207,0.136,0.281,0.23,0.311,0.2
P0ACW8,0.478,0.344,0.439,0.41,0.451,0.57,2.148,3.247,2.49,1.82,2.634,3.355,0.894,1.055,0.769,1.82,0.8079999999999999,0.939,2.355,2.3040000000000003,3.729,3.778,2.164,3.512
P29009,1.196,0.745,1.033,0.618,0.93,0.617,2.345,1.913,1.847,1.159,1.996,2.392,1.241,1.273,1.239,1.159,1.044,1.074,1.609,1.7480000000000002,2.97,3.322,1.745,2.233
P21418,0.528,0.7090000000000001,0.466,0.629,0.532,0.652,1.383,1.633,0.862,1.166,1.211,1.305,0.677,0.82,0.64,1.166,0.634,0.6409999999999999,1.194,0.821,1.457,1.383,1.445,1.5619999999999998
P29010,0.0352,0.112,0.14300000000000002,0.0376,0.0874,0.0282,0.722,1.104,0.828,1.06,0.857,0.888,0.411,0.387,0.34600000000000003,1.06,0.316,0.439,1.017,0.985,1.515,1.372,1.246,1.515
Q47138,0.0276,0.147,0.0415,0.079,0.239,0.163,0.285,0.512,0.16699999999999998,0.309,0.506,0.378,0.294,0.478,0.391,0.309,0.43,0.456,0.478,0.183,0.72,1.085,0.483,0.79
P39831,12.15,11.74,13.0,11.94,12.51,11.48,10.09,10.87,10.07,5.999,9.599,10.16,12.56,11.86,12.04,5.999,12.97,12.18,9.222,8.452,12.57,11.7,10.29,10.33
P0ACM2,3.62,3.123,2.752,2.7030000000000003,3.1180000000000003,3.095,3.218,3.65,3.5380000000000003,2.6660000000000004,4.265,5.13,1.968,2.13,1.935,2.6660000000000004,1.994,2.271,1.875,2.08,3.889,4.538,4.165,3.907
P77260,1.144,0.831,0.8220000000000001,0.703,0.8370000000000001,0.659,0.952,1.314,1.203,0.994,1.49,1.547,1.026,1.0759999999999998,1.031,0.994,0.7559999999999999,0.848,1.4369999999999998,1.4169999999999998,1.368,1.151,1.027,1.469
P76155,0.723,0.815,0.8759999999999999,0.74,0.6,0.622,1.054,1.017,0.8370000000000001,1.453,1.047,1.268,0.919,0.774,0.757,1.453,0.7959999999999999,0.73,1.001,0.6990000000000001,0.8859999999999999,1.169,0.838,1.037
P76156,0.44,0.26,0.412,0.179,0.245,0.198,0.72,0.912,0.838,0.422,0.737,0.7440000000000001,0.166,0.146,0.0959,0.422,0.105,0.0731,0.711,0.72,0.925,0.7170000000000001,0.6609999999999999,0.898
P77804,10.21,9.043,8.62,8.86,10.21,10.27,9.071,10.15,10.35,5.483,10.25,9.993,5.183,6.416,6.257999999999999,5.483,5.89,5.795,7.693,6.773,11.28,10.78,9.845,10.11
P0AFS3,2.8680000000000003,2.684,1.3969999999999998,2.105,2.575,1.912,1.821,1.982,1.931,1.3030000000000002,1.787,2.6,1.722,1.856,1.463,1.3030000000000002,1.354,1.4380000000000002,1.183,0.723,2.501,3.218,1.571,1.885
P0ACX0,3.795,2.772,3.508,2.494,2.862,1.903,1.006,1.926,1.6230000000000002,0.8220000000000001,1.026,1.916,2.556,2.103,2.24,0.8220000000000001,2.326,2.624,0.857,0.312,2.342,2.039,1.682,1.739
P76182,3.349,5.567,1.154,2.914,3.221,4.386,3.153,2.5810000000000004,2.346,1.954,3.27,4.126,1.204,2.374,1.392,1.954,1.3530000000000002,1.482,2.653,2.024,2.9610000000000003,5.075,2.417,2.6060000000000003
P77179,10.63,9.281,3.434,5.783,5.9289999999999985,7.864,6.916,5.688,5.39,5.046,6.362,6.7860000000000005,3.78,5.3020000000000005,2.26,5.046,2.929,3.193,5.1389999999999985,4.557,5.903,7.249,6.354,5.778
P77304,19.49,12.9,9.239,8.999,10.78,9.991,16.87,14.63,14.49,12.7,14.32,15.03,3.738,4.18,4.839,12.7,3.819,3.983,9.746,8.722999999999999,14.46,15.85,16.71,14.71
P28224,0.0919,0.303,0.447,0.51,0.337,0.274,0.157,0.0946,0.452,0.579,0.381,0.429,0.8420000000000001,0.703,0.713,0.579,0.758,0.965,1.281,0.723,0.391,0.505,0.108,0.5329999999999999
P0ACR2,2.299,2.112,1.611,1.455,1.908,2.105,2.273,2.144,2.214,1.141,1.483,1.76,1.605,2.003,1.686,1.141,1.851,1.979,2.09,1.596,1.749,2.146,1.69,1.577
P37597,2.028,2.755,2.657,4.671,4.387,3.739,1.3219999999999998,1.18,1.475,0.87,1.949,2.146,1.4269999999999998,1.807,1.266,0.87,1.937,1.487,1.83,1.264,1.7480000000000002,1.989,0.981,1.496
P0AC69,31.71,28.16,22.23,16.66,25.22,19.05,31.61,37.92,36.54,18.48,27.11,41.43,22.71,25.94,20.53,18.48,19.41,20.49,39.54,39.86,35.29,35.8,31.44,33.3
P37340,2.975,2.547,1.612,1.695,1.99,2.131,3.439,3.132,3.511,1.885,3.664,3.805,1.225,2.103,1.6780000000000002,1.885,1.753,1.6909999999999998,3.659,3.233,2.891,3.602,2.497,3.143
P76190,2.285,2.804,1.768,1.537,1.932,1.722,1.879,1.705,1.609,1.047,1.789,2.278,3.134,3.2460000000000004,2.935,1.047,3.002,3.127,1.305,1.516,1.641,1.711,1.651,1.75
P77409,0.312,0.236,0.121,0.109,0.243,0.358,0.214,0.0776,0.28,0.385,0.241,0.243,0.276,0.407,0.332,0.385,0.313,0.395,0.207,0.128,0.315,0.293,0.112,0.0941
P0A8A4,5.352,6.101,5.152,6.47,6.234,6.712999999999999,2.172,2.096,1.907,1.401,2.224,2.593,5.792000000000002,6.129,6.291,1.401,7.25,7.534,1.836,1.185,2.226,2.647,1.924,2.1
P77667,3.715,4.745,4.8039999999999985,4.816,4.99,4.435,4.34,4.605,3.795,2.8280000000000003,3.748,5.072,2.892,2.963,4.0710000000000015,2.8280000000000003,3.833,3.846,11.58,9.477,5.001,5.9129999999999985,2.807,4.894
P38135,0.902,0.8240000000000001,1.071,0.868,0.853,0.8079999999999999,1.34,1.094,1.113,0.835,0.984,0.895,0.883,0.965,0.879,0.835,0.777,0.5329999999999999,0.96,1.097,0.65,0.706,0.726,0.782
P0ACX9,1.98,1.182,1.491,1.235,1.408,1.731,2.614,2.58,2.687,2.172,3.232,3.372,0.366,0.302,0.269,2.172,0.311,0.373,2.026,2.067,2.887,2.53,3.373,3.494
P37766,0.23,0.28300000000000003,0.266,0.193,0.13699999999999998,0.153,0.0835,0.317,0.36,0.27,0.366,0.259,0.4270000000000001,0.274,0.29600000000000004,0.27,0.198,0.377,0.259,0.411,0.377,0.179,0.21,0.353
P77748,2.363,1.967,2.9210000000000003,3.32,3.2030000000000003,2.895,2.749,3.25,2.873,2.207,2.948,2.697,2.07,2.202,2.0540000000000003,2.207,2.303,2.667,2.657,3.247,3.261,2.969,3.871,3.102
P76201,0.384,0.425,0.281,0.184,0.256,0.321,0.343,0.342,0.45,0.529,0.5760000000000001,0.342,0.442,0.415,0.247,0.529,0.32299999999999995,0.462,0.068,0.076,0.479,0.358,0.329,0.468
P77378,1.245,0.848,0.974,0.963,0.782,0.997,1.38,1.3769999999999998,1.112,1.046,1.186,1.23,1.134,1.271,0.941,1.046,0.956,1.324,1.134,1.172,1.3159999999999998,1.17,1.5,1.557
P77337,0.536,0.398,0.386,0.399,0.5489999999999999,0.284,0.574,0.452,0.464,0.36,0.603,0.51,0.5770000000000001,0.527,0.505,0.36,0.601,0.4970000000000001,0.407,0.344,0.525,0.516,0.529,0.5479999999999999
P77714,0.239,0.294,0.504,0.0489,0.407,0.289,0.69,0.0407,0.373,0.266,0.5,0.42,0.313,0.463,0.455,0.266,0.49,0.445,0.448,0.29600000000000004,0.168,0.401,0.248,0.546
P0ACY1,10.6,9.738,8.759,8.441,10.64,8.603,5.808,4.845,6.151,3.591,4.282,5.9860000000000015,7.973,9.751,8.043,3.591,9.155,7.838999999999999,5.936,5.6629999999999985,5.7970000000000015,6.119,4.765,5.924
P21369,8.476,7.064,4.789,5.256,5.121,6.317,7.0070000000000014,7.598,8.059,4.629,6.599,8.315,3.255,4.2010000000000005,2.401,4.629,2.5810000000000004,3.278,6.601,9.133,9.622,8.815,9.623,9.198
P37794,0.85,0.737,0.978,0.8590000000000001,0.84,0.985,1.111,0.813,0.762,0.812,0.862,0.892,0.975,0.98,0.7509999999999999,0.812,0.818,0.85,0.8059999999999999,0.959,0.999,0.921,1.119,1.063
P38055,0.585,0.483,0.433,0.366,0.344,0.376,0.63,0.459,0.396,0.354,0.4270000000000001,0.561,0.585,0.526,0.379,0.354,0.446,0.422,0.314,0.285,0.443,0.469,0.6509999999999999,0.388
P77280,0.32,0.416,0.68,0.735,0.639,0.484,0.46,0.262,0.379,0.455,0.467,0.34,0.823,0.49,0.991,0.455,1.004,0.848,0.339,0.333,0.256,0.436,0.259,0.258
P76215,0.204,0.241,0.36,0.413,0.4,0.32,0.382,0.147,0.263,0.35,0.21,0.195,0.253,0.17600000000000002,0.43,0.35,0.322,0.234,0.226,0.281,0.202,0.142,0.278,0.16899999999999998
P76219,0.36,0.326,0.245,0.233,0.278,0.175,0.35200000000000004,0.417,0.29,0.501,0.439,0.375,0.268,0.246,0.331,0.501,0.334,0.386,0.235,0.328,0.247,0.332,0.512,0.366
P76220,1.21,0.955,0.6609999999999999,0.944,0.7140000000000001,0.838,0.96,0.618,0.638,0.815,0.792,0.7759999999999999,0.715,0.669,0.772,0.815,0.562,0.5870000000000001,0.7070000000000001,0.7440000000000001,0.693,0.7090000000000001,0.894,0.804
P76221,1.133,0.7509999999999999,0.695,0.752,0.778,1.006,0.7070000000000001,0.67,0.7040000000000001,0.499,0.622,0.644,0.863,0.735,0.821,0.499,0.698,0.8290000000000001,0.5529999999999999,0.309,0.655,0.447,0.815,0.593
P0A746,32.13,27.6,35.38,18.59,24.63,16.93,16.84,16.74,17.3,10.57,14.67,14.66,35.53,34.19,38.65,10.57,34.59,36.39,14.27,11.59,17.5,15.24,11.9,17.3
P43337,1.853,2.015,1.402,2.187,2.287,2.276,2.358,2.153,2.018,1.39,2.432,2.5380000000000003,2.49,2.932,2.899,1.39,3.275,3.125,2.971,1.605,2.131,3.062,1.575,1.713
P39173,2.449,2.342,3.926,3.935,4.9430000000000005,6.636,3.258,2.919,3.262,2.41,3.53,3.324,8.357999999999999,9.052,11.47,2.41,10.45,9.894,2.719,3.009,3.38,4.088,3.338,3.555
P0A908,45.53,43.12,27.99,27.07,34.68,31.22,59.79,65.46,61.03,50.66,54.59,57.18,36.04,44.0,38.11,50.66,41.74,40.64,55.87,65.4,65.96,56.68,68.42,59.23
P0ACY3,0.455,0.344,0.772,0.999,0.933,1.095,0.31,0.431,0.3720000000000001,0.77,0.491,0.542,2.352,1.61,2.809,0.77,3.309,2.591,1.205,0.8909999999999999,0.505,0.583,0.377,0.402
P76235,0.153,0.126,0.241,0.242,0.228,0.311,0.111,0.12,0.287,0.375,0.241,0.172,0.5820000000000001,0.413,0.726,0.375,0.789,0.6579999999999999,0.204,0.379,0.14800000000000002,0.187,0.189,0.14
P76236,0.34,0.321,0.325,0.336,0.501,0.315,0.303,0.36,0.405,0.581,0.348,0.348,0.332,0.244,0.305,0.581,0.317,0.276,0.312,0.452,0.35100000000000003,0.341,0.423,0.37
P76237,2.56,1.961,2.004,1.401,2.182,2.004,5.666,6.605,7.447999999999999,5.158,5.599,5.364,3.776,3.757,3.34,5.158,2.803,3.176,3.771,3.133,6.108,5.678,6.318,4.642
P64483,3.685,3.785,2.908,2.823,3.636,3.123,4.875,4.884,6.1720000000000015,3.786,5.424,6.975,4.529,5.377999999999999,4.008,3.786,4.728,5.1320000000000014,4.895,2.668,5.154,6.7029999999999985,6.631,5.002
P0ACY6,2.072,1.565,1.273,1.537,1.338,1.2,1.237,1.328,1.604,1.242,1.525,1.399,1.085,0.98,1.074,1.242,1.286,0.969,1.25,0.961,1.729,1.234,1.933,1.403
P76241,0.7120000000000001,0.578,0.536,0.745,0.72,0.354,1.383,1.388,1.44,0.55,1.183,1.811,1.837,1.763,1.797,0.55,1.452,1.921,1.49,0.753,1.589,1.436,0.662,1.0759999999999998
P76242,1.064,0.93,0.812,0.964,1.055,1.001,0.8220000000000001,0.86,0.792,0.597,0.627,0.68,0.675,0.985,0.782,0.597,0.703,0.669,0.7170000000000001,0.773,0.687,0.868,0.599,0.746
P76243,1.3259999999999998,1.4280000000000002,1.196,1.3330000000000002,1.289,1.157,1.5719999999999998,1.43,1.406,1.004,1.298,1.926,1.611,2.027,2.051,1.004,1.96,1.629,2.198,1.279,1.4980000000000002,1.7380000000000002,0.943,1.26
P76245,2.124,2.0,1.615,1.404,1.5490000000000002,1.798,1.594,1.828,1.367,1.135,1.5830000000000002,1.892,1.349,1.584,1.226,1.135,1.22,1.418,0.987,1.183,1.653,1.767,1.24,1.742
P64485,1.4269999999999998,1.4580000000000002,1.7819999999999998,1.977,2.04,2.07,3.443,4.229,3.675,2.456,3.134,4.762,2.946,2.962,3.2110000000000003,2.456,3.0660000000000003,2.73,11.4,9.412,4.165,5.009,2.989,3.58
P64488,0.161,0.379,0.386,0.292,0.34600000000000003,0.24,0.578,0.654,0.545,0.6509999999999999,0.6890000000000001,0.981,3.454,3.4960000000000004,3.571,0.6509999999999999,3.512,3.397,0.637,0.5710000000000001,0.645,0.773,0.422,0.654
P76249,1.0490000000000002,0.975,0.758,0.406,0.636,0.617,1.194,1.286,1.165,0.79,1.217,1.477,0.595,0.493,0.4320000000000001,0.79,0.3,0.525,0.762,0.892,1.341,1.057,0.855,1.125
P76250,2.548,4.3039999999999985,2.018,1.32,1.525,1.3030000000000002,0.7390000000000001,0.951,0.885,1.2919999999999998,0.987,0.921,4.724,4.938,4.476,1.2919999999999998,4.354,5.769,0.89,0.8170000000000001,0.962,0.922,0.602,0.727
P76251,0.314,0.0712,0.222,0.29600000000000004,0.2,0.119,0.156,0.0927,0.111,0.507,0.103,0.109,0.35200000000000004,0.405,0.376,0.507,0.382,0.34,0.116,0.172,0.238,0.324,0.24,0.302
P0ABD1,0.366,0.298,0.0585,0.209,0.271,0.208,0.0678,0.183,0.128,0.398,0.196,0.285,0.321,0.279,0.201,0.398,0.363,0.311,0.0792,0.084,0.191,0.265,0.138,0.058
P0ABR7,0.865,0.815,0.916,0.745,0.92,0.77,1.014,0.857,0.713,0.937,0.726,0.809,0.921,0.8290000000000001,0.706,0.937,0.863,0.82,0.789,0.6809999999999999,0.682,0.718,0.879,0.818
P76254,1.389,1.084,1.143,1.186,1.047,0.93,1.165,1.22,1.402,1.117,1.3159999999999998,1.092,1.034,0.926,0.809,1.117,0.959,0.8759999999999999,0.918,1.367,1.224,0.919,1.3869999999999998,1.07
P76256,23.74,18.46,14.16,11.27,16.4,15.16,18.48,21.12,21.14,12.53,15.8,16.99,3.964,5.149,4.127,12.53,3.945,4.029,20.22,34.87,27.84,22.99,26.4,30.81
P0AFS9,3.075,2.593,2.715,2.6180000000000003,2.943,2.783,1.614,1.5119999999999998,1.65,1.5,1.6840000000000002,1.7919999999999998,1.689,1.643,1.506,1.5,1.6469999999999998,1.818,1.4780000000000002,1.836,2.071,1.909,2.86,2.366
P24238,0.236,0.25,0.157,0.275,0.5660000000000001,0.208,0.32,0.541,0.374,0.417,0.4,0.404,0.244,0.472,0.247,0.417,0.281,0.336,0.46,0.579,0.326,0.319,0.22,0.259
P0A8A0,32.58,39.76,20.54,23.27,24.49,25.85,26.9,28.73,25.59,17.44,31.54,32.09,18.47,21.38,16.28,17.44,14.88,16.97,39.6,30.1,38.01,41.42,21.91,31.37
P33218,2.067,1.584,2.24,2.431,2.694,1.849,1.258,1.504,1.48,1.297,1.4980000000000002,1.3630000000000002,1.932,1.761,1.707,1.297,1.625,1.765,3.227,2.757,1.474,1.265,1.143,1.668
P33219,9.251,7.694,3.425,3.386,4.2639999999999985,4.05,6.112,6.064,4.897,3.709,5.102,5.919,9.08,10.16,6.854,3.709,6.7410000000000005,6.541,71.8,91.73,5.414,6.598,5.3889999999999985,5.771
P0ACY9,20.6,17.06,8.732000000000001,6.347,8.732999999999999,7.843,16.86,19.44,16.18,10.33,14.37,17.7,13.91,17.6,6.496,10.33,6.0379999999999985,6.3279999999999985,118.4,172.9,17.11,17.8,14.76,17.21
P36999,6.06,4.775,3.235,2.515,3.957,2.977,5.386,5.329,5.029,4.975,6.917999999999998,6.768,1.412,1.911,1.349,4.975,1.453,1.402,5.5710000000000015,4.096,6.039,6.16,6.457000000000002,5.337999999999999
P39832,3.773,2.8310000000000004,2.66,2.4530000000000003,3.329,2.867,3.589,3.2110000000000003,3.655,3.248,3.219,2.768,2.0340000000000003,2.062,1.75,3.248,2.119,1.793,2.35,3.145,3.4560000000000004,2.955,4.341,3.907
P45577,49.37,38.33,27.91,24.79,33.06,30.53,34.31,38.76,35.64,22.28,30.11,31.9,17.97,22.33,17.89,22.28,15.62,18.32,33.12,38.2,39.18,36.04,31.38,37.94
P46118,14.76,15.45,11.12,8.604,11.34,8.861,3.173,3.108,2.917,2.6860000000000004,2.564,3.666,9.97,11.31,9.4,2.6860000000000004,9.493,10.46,2.966,3.708,3.595,3.028,3.015,2.891
P39172,11.45,12.23,9.012,8.502,10.55,8.953,5.2429999999999986,5.246,5.954,4.097,4.997,6.164,5.96,6.521,5.965,4.097,6.364,6.601,4.795,4.073,6.13,7.127000000000002,6.3420000000000005,6.332000000000002
P0A9X1,2.513,2.107,1.651,1.47,1.747,1.831,1.617,1.589,1.8,1.589,1.858,1.598,1.534,1.39,1.475,1.589,1.443,1.594,1.357,1.456,1.827,1.922,2.313,2.171
P76273,2.698,2.285,1.346,1.401,1.422,1.4480000000000002,1.963,2.191,2.371,1.7,1.933,2.265,0.797,1.156,0.802,1.7,0.871,0.7609999999999999,1.9,1.984,2.4290000000000003,2.281,2.483,2.61
P0AD05,6.3260000000000005,5.093,7.422999999999999,4.74,6.3610000000000015,4.032,3.103,3.587,3.274,2.735,2.84,3.78,3.833,3.852,4.047,2.735,4.134,3.669,4.357,4.7360000000000015,3.691,3.555,4.836,4.022
P37774,3.064,2.545,2.736,2.864,2.645,2.972,1.605,1.511,2.102,1.257,1.828,1.95,1.777,1.835,1.917,1.257,1.871,1.5319999999999998,1.839,1.785,2.05,2.085,2.55,1.7519999999999998
P0ADI7,3.0,3.84,3.672,3.996,4.397,4.06,3.343,3.134,2.907,2.291,3.013,3.994,4.084,4.905,4.748,2.291,4.279,5.051,4.259,3.172,3.978,4.807,2.262,3.312
P37348,0.861,0.86,0.777,1.047,0.921,1.806,1.088,0.843,0.782,0.593,1.0490000000000002,1.165,0.871,1.027,1.234,0.593,1.3230000000000002,1.104,0.836,0.464,0.8859999999999999,1.214,1.009,0.848
P0AD07,5.752000000000002,3.835,3.304,2.667,2.317,3.156,12.17,15.58,13.68,11.1,11.76,15.59,2.41,2.987,2.338,11.1,2.3280000000000003,2.14,11.24,10.93,16.71,15.19,15.63,13.59
P46888,0.407,0.316,0.475,0.35,0.494,0.337,0.369,0.455,0.516,0.5,0.4320000000000001,0.435,0.657,0.759,0.7340000000000001,0.5,0.701,0.672,0.373,0.565,0.39,0.383,0.483,0.318
P46887,0.198,0.215,0.327,0.17600000000000002,0.13699999999999998,0.0478,0.334,0.411,0.515,0.512,0.5710000000000001,0.667,0.425,0.328,0.327,0.512,0.43,0.341,0.634,0.591,0.5820000000000001,0.684,0.314,0.493
P0A9A2,1.622,1.223,1.829,1.605,1.76,1.189,1.161,1.336,1.11,0.926,1.041,1.181,5.034,4.125,3.93,0.926,3.2510000000000003,4.412,1.75,1.113,1.615,1.652,1.1909999999999998,1.129
P52005,0.3,0.428,0.49,0.419,0.208,0.321,0.34600000000000003,0.5589999999999999,0.5379999999999999,0.6809999999999999,0.471,0.525,0.5770000000000001,0.448,0.471,0.6809999999999999,0.477,0.4970000000000001,0.611,0.617,0.484,0.431,0.455,0.584
P52007,6.289,5.364,6.107,4.687,5.436,4.43,6.5920000000000005,6.186,6.985,4.049,6.376,7.089,5.004,6.041,4.6,4.049,4.735,5.609,9.145,10.28,6.69,7.4460000000000015,7.097,6.289
P64515,8.101,7.705,5.856,5.345,8.513,6.153,9.544,10.38,9.029,6.75,9.509,11.29,6.377000000000002,7.32,6.925,6.75,6.692,8.564,10.43,8.415,9.961,11.28,6.75,8.849
P76290,8.213,6.687,4.211,4.687,5.567,6.647,8.247,7.9929999999999986,7.742000000000001,6.101,7.266,7.95,4.115,5.694,4.702,6.101,4.301,4.887,8.41,7.491,10.77,11.23,7.9860000000000015,9.235
P76291,2.588,2.088,1.3130000000000002,1.817,1.846,2.234,2.64,2.678,2.7310000000000003,2.464,2.5780000000000003,2.445,1.28,1.904,1.209,2.464,1.635,1.266,2.324,2.392,3.314,4.098,2.879,3.128
P0AFT2,2.986,2.989,2.374,3.132,2.805,2.925,1.652,2.006,1.205,0.996,1.461,1.587,1.955,1.779,1.978,0.996,1.902,2.186,1.581,0.8240000000000001,1.285,1.7819999999999998,1.18,1.911
P76296,0.433,0.3,0.295,0.162,0.255,0.305,0.226,0.163,0.263,0.187,0.215,0.232,0.179,0.0974,0.078,0.187,0.0738,0.0849,0.0731,0.14800000000000002,0.318,0.146,0.166,0.295
P0AA70,1.314,0.889,1.878,0.76,0.943,0.7759999999999999,0.0621,0.0605,0.44,0.22,0.209,0.359,0.119,0.07400000000000001,0.192,0.22,0.15,0.154,0.111,0.407,0.244,0.203,0.312,0.3670000000000001
P31063,9.257,9.057,8.963,5.9110000000000005,9.315,6.122000000000001,10.24,12.24,9.844,7.077000000000001,10.14,14.92,5.2410000000000005,5.336,4.702,7.077000000000001,4.6789999999999985,5.221,13.95,11.65,12.2,13.11,11.29,11.35
P31064,6.032,6.4129999999999985,2.944,2.461,2.471,2.405,2.438,2.69,3.077,2.093,2.314,1.971,5.919,6.949,6.66,2.093,6.0779999999999985,6.278,2.463,3.513,2.957,2.661,3.383,3.299
P0AA31,2.502,2.861,1.029,1.597,1.178,1.5590000000000002,1.46,1.586,1.37,1.145,1.523,1.4380000000000002,2.668,3.245,2.565,1.145,3.175,3.06,1.621,1.079,1.347,1.5,1.395,1.164
P46125,5.7860000000000005,5.5379999999999985,4.835,4.173,5.275,4.3260000000000005,4.134,3.4610000000000003,3.623,2.425,3.057,3.2460000000000004,2.878,3.303,2.844,2.425,3.023,2.794,3.188,3.745,3.692,3.48,3.4930000000000003,3.766
P46144,1.796,1.416,1.7280000000000002,1.6869999999999998,1.902,1.7380000000000002,4.187,4.079,3.812,2.9330000000000003,3.894,4.0280000000000005,1.246,1.203,1.242,2.9330000000000003,1.067,1.3230000000000002,4.351,4.472,3.833,4.8,3.969,4.261
P76318,1.19,1.1840000000000002,0.667,0.883,0.937,0.928,0.88,0.88,0.679,1.15,0.8140000000000001,0.826,1.061,0.89,1.024,1.15,1.04,1.003,0.871,0.8590000000000001,0.868,0.862,1.043,0.89
P76319,0.789,0.659,0.691,0.7709999999999999,0.731,0.8009999999999999,0.892,0.555,0.617,0.857,0.449,0.396,0.825,0.753,0.537,0.857,0.586,0.6509999999999999,0.574,0.8,0.525,0.494,0.823,0.62
P76322,2.487,1.4069999999999998,1.99,1.203,1.286,1.38,0.8109999999999999,0.8690000000000001,1.221,0.873,0.858,0.6509999999999999,1.54,1.442,1.265,0.873,1.028,1.267,0.202,0.173,0.903,0.408,0.741,0.748
P76316,5.877000000000002,4.25,6.856,5.24,5.308,4.599,2.934,3.974,3.11,3.107,2.674,2.449,2.504,2.436,2.725,3.107,2.827,2.669,3.402,4.147,2.406,2.688,4.327,3.533
P31658,0.7979999999999999,0.5720000000000001,0.8270000000000001,0.967,0.924,0.802,14.89,15.05,17.1,12.97,18.84,18.91,27.02,33.35,36.25,12.97,41.86,35.57,16.11,13.94,18.74,23.6,19.22,16.99
P76339,0.469,0.394,0.518,0.26,0.467,0.361,0.425,0.35,0.4370000000000001,0.451,0.5579999999999999,0.49,0.401,0.361,0.436,0.451,0.396,0.426,0.349,0.423,0.3670000000000001,0.392,0.43,0.355
P76340,2.968,2.424,3.051,1.989,2.753,2.143,4.079,4.672,5.11,3.749,4.625,4.2780000000000005,2.051,2.458,2.358,3.749,2.048,2.232,3.12,3.648,4.2010000000000005,3.793,4.694,4.176
P33011,3.13,2.789,2.19,2.028,2.5980000000000003,2.0780000000000003,3.281,3.39,3.0380000000000003,2.597,3.4130000000000003,3.976,2.765,2.98,2.236,2.597,2.257,2.383,3.564,2.879,3.014,3.5580000000000003,3.329,3.056
P33014,1.574,1.181,0.8290000000000001,0.958,1.014,1.077,2.123,2.0980000000000003,2.61,2.364,2.858,2.935,0.804,1.037,1.03,2.364,0.927,0.901,1.769,1.487,2.214,2.059,2.153,1.915
P33015,1.06,0.484,0.384,0.535,0.545,0.44,0.847,1.055,1.104,1.211,1.115,1.257,0.633,0.387,0.316,1.211,0.474,0.496,0.66,0.575,0.96,0.945,1.054,1.093
P0AA47,19.85,17.02,4.319,6.779,7.175,9.941,14.57,12.65,15.67,12.81,16.99,16.67,0.302,1.557,0.221,12.81,0.306,0.243,8.439,5.681,14.83,14.07,14.99,13.6
P76352,0.6509999999999999,0.138,0.684,0.41,0.447,0.358,0.308,0.259,0.527,0.648,0.6759999999999999,0.35600000000000004,0.564,0.475,0.581,0.648,0.597,0.601,0.299,0.127,0.679,0.6990000000000001,0.467,0.632
P76359,0.596,0.6809999999999999,0.8240000000000001,0.6629999999999999,0.622,0.679,0.939,0.816,0.804,0.85,0.884,0.851,0.763,0.6859999999999999,0.691,0.85,0.672,0.65,0.772,0.6629999999999999,0.8009999999999999,0.7,1.231,0.81
P76362,0.536,0.557,0.411,0.103,0.443,0.605,0.705,0.56,0.615,0.58,0.518,0.458,0.672,0.625,0.414,0.58,0.512,0.51,0.629,0.531,0.518,0.481,0.448,0.54
P64521,0.0613,0.0409,0.21,0.142,0.152,0.0661,0.0999,0.0426,0.0347,0.109,0.0352,0.0427,0.189,0.0936,0.0265,0.109,0.0381,0.0362,0.0448,0.16,0.0339,0.0707,0.103,0.0703
P76364,0.173,0.0939,0.264,0.0426,0.0218,0.0453,0.118,0.285,0.181,0.324,0.213,0.14,0.0567,0.0478,0.0608,0.324,0.0299,0.0216,0.0602,0.373,0.146,0.0981,0.0583,0.0498
P64524,0.075,0.226,0.134,0.212,0.0897,0.0821,0.249,0.307,0.333,0.28300000000000003,0.29100000000000004,0.362,0.241,0.267,0.149,0.28300000000000003,0.19,0.16699999999999998,0.297,0.368,0.0948,0.11,0.282,0.201
P64526,1.058,0.459,0.604,0.534,0.794,0.825,0.8690000000000001,1.1840000000000002,1.219,0.942,1.144,1.43,0.5770000000000001,0.723,0.491,0.942,0.667,0.494,1.141,1.3630000000000002,1.162,1.3769999999999998,1.539,1.349
P0A8M6,19.24,18.63,24.22,15.8,21.81,16.99,42.25,42.72,41.99,26.62,39.32,49.23,17.75,19.45,17.04,26.62,16.91,17.35,41.62,35.23,46.19,45.37,45.59,42.98
P76369,0.522,0.483,0.61,0.415,0.54,0.472,0.266,0.378,0.491,0.931,0.6559999999999999,0.588,0.5329999999999999,0.475,0.28800000000000003,0.931,0.4,0.37,0.634,0.687,0.583,0.429,0.637,0.5
P36667,19.81,18.94,15.15,11.37,16.21,14.32,11.18,11.99,12.86,5.671,10.44,11.89,13.09,16.44,14.64,5.671,12.26,13.72,10.92,12.43,12.83,12.12,10.08,14.34
P69346,9.438,8.318,8.897,5.871,8.902000000000003,6.115,10.69,12.12,11.26,9.571,11.34,13.64,8.34,8.084,6.859,9.571,7.081,7.635,13.78,10.85,11.62,11.03,11.36,11.8
P36554,0.484,0.468,0.256,0.202,0.35700000000000004,0.416,0.316,0.262,0.413,0.343,0.7340000000000001,0.858,0.504,0.615,0.59,0.343,0.391,0.524,0.5379999999999999,0.491,0.564,0.532,0.399,0.332
P36928,2.046,1.685,0.631,0.971,0.8590000000000001,0.871,1.4780000000000002,1.5319999999999998,1.501,1.385,1.494,1.7519999999999998,0.386,0.462,0.349,1.385,0.421,0.383,4.6789999999999985,3.411,1.8,1.71,1.6969999999999998,1.394
P38097,1.513,0.958,1.037,0.8759999999999999,0.96,1.094,1.3019999999999998,1.213,0.861,0.888,0.917,0.805,0.762,0.916,0.69,0.888,0.623,0.8079999999999999,0.614,0.769,0.588,0.82,0.7440000000000001,0.696
P76389,4.185,3.364,3.29,3.185,3.976,3.664,5.377999999999999,6.082000000000002,5.371,4.213,4.717,5.5360000000000005,2.113,2.814,2.53,4.213,2.177,2.338,3.608,4.623,6.343,6.652,5.485,6.492000000000001
P76398,0.795,0.731,0.463,0.8079999999999999,0.877,0.745,0.5870000000000001,0.94,0.985,0.82,0.889,0.902,0.706,0.586,0.645,0.82,0.794,0.66,1.179,1.52,0.971,1.216,1.052,1.3259999999999998
P76399,1.057,0.924,0.816,0.5329999999999999,0.777,0.939,1.173,1.096,1.106,0.82,0.983,1.143,1.148,1.033,0.964,0.82,0.8959999999999999,0.951,1.426,1.389,1.358,1.335,1.226,1.149
P76403,6.9460000000000015,5.6370000000000005,1.526,2.142,2.597,2.9210000000000003,7.651,7.2,6.832999999999998,5.231,7.252999999999999,6.5360000000000005,0.9,2.095,0.736,5.231,1.128,1.141,7.905,4.668,6.884,8.865,7.358,7.5379999999999985
P76417,1.404,1.087,1.177,1.135,1.149,1.143,0.602,0.78,0.6509999999999999,0.618,0.503,0.687,1.142,1.007,1.111,0.618,0.902,0.969,0.884,0.777,0.772,0.752,0.5529999999999999,0.727
P0ACM5,1.712,1.806,1.507,1.761,1.751,1.411,1.62,1.55,1.3219999999999998,1.293,1.494,1.452,1.435,1.5619999999999998,1.42,1.293,1.268,1.503,1.375,1.273,1.669,1.925,1.39,1.695
P76421,1.308,0.986,1.138,0.72,0.961,0.8490000000000001,1.214,1.354,1.14,1.107,1.119,1.37,0.639,0.693,0.583,1.107,0.532,0.64,1.121,1.225,1.354,1.37,0.875,1.235
P33340,0.16399999999999998,0.18,0.162,0.153,0.168,0.163,0.308,0.299,0.276,0.387,0.364,0.325,0.281,0.282,0.275,0.387,0.21,0.233,0.247,0.252,0.213,0.213,0.0884,0.226
P33341,0.35100000000000003,0.232,0.275,0.252,0.252,0.239,0.502,0.48,0.515,0.7240000000000001,0.58,0.479,0.385,0.402,0.313,0.7240000000000001,0.221,0.197,0.4270000000000001,0.35200000000000004,0.361,0.463,0.359,0.495
P33342,0.133,0.01,0.0368,0.01,0.01,0.01,0.0507,0.0634,0.114,0.312,0.129,0.0267,0.0987,0.0571,0.0444,0.312,0.024,0.0306,0.0387,0.0347,0.0374,0.0715,0.0875,0.03
P33343,0.181,0.17,0.19,0.118,0.182,0.157,0.373,0.217,0.258,0.341,0.297,0.165,0.194,0.149,0.0801,0.341,0.139,0.0772,0.266,0.389,0.23,0.124,0.0966,0.211
P33344,0.721,0.624,0.489,0.5579999999999999,0.62,0.6920000000000001,0.823,0.7979999999999999,0.8909999999999999,0.765,0.895,1.127,1.653,1.57,1.884,0.765,1.811,1.7280000000000002,1.193,0.903,0.861,1.011,0.595,0.718
P33346,0.29600000000000004,0.173,0.301,0.255,0.315,0.305,0.128,0.251,0.258,0.462,0.369,0.266,0.426,0.243,0.207,0.462,0.268,0.287,0.263,0.317,0.33,0.253,0.223,0.287
P33348,0.0613,0.0379,0.066,0.0527,0.0391,0.022,0.131,0.0833,0.0595,0.354,0.23,0.447,0.159,0.153,0.0494,0.354,0.0937,0.08,0.0878,0.117,0.15,0.23,0.0975,0.175
P33349,0.16699999999999998,0.147,0.34600000000000003,0.579,0.217,0.157,0.133,0.4320000000000001,0.353,0.655,0.391,0.425,0.371,0.118,0.136,0.655,0.256,0.0974,0.506,0.5760000000000001,0.282,0.3,0.443,0.249
P33352,0.489,0.324,0.324,0.476,0.22,0.269,0.373,0.325,0.197,0.601,0.32299999999999995,0.431,0.307,0.272,0.306,0.601,0.421,0.255,0.218,0.4320000000000001,0.131,0.334,0.5539999999999999,0.37
P33353,0.608,0.718,0.785,0.7390000000000001,0.51,0.5379999999999999,0.413,0.561,0.28,0.987,0.5920000000000001,0.529,0.7240000000000001,0.755,0.732,0.987,0.7929999999999999,0.7090000000000001,0.368,0.519,0.413,0.304,0.773,0.537
P33354,0.28800000000000003,0.159,0.237,0.114,0.215,0.268,0.0692,0.138,0.205,0.373,0.239,0.273,0.197,0.193,0.0272,0.373,0.0332,0.11,0.121,0.227,0.265,0.125,0.241,0.22
P33355,4.242,3.788,2.702,2.048,2.494,2.141,2.358,2.4330000000000003,2.613,2.222,2.489,3.085,1.5719999999999998,1.325,0.975,2.222,1.4240000000000002,1.271,2.2,1.356,2.52,2.518,2.825,2.359
P0AFT5,3.4930000000000003,5.476,2.38,2.962,2.878,2.648,1.0759999999999998,1.046,0.983,1.018,1.095,1.223,3.405,3.951,3.134,1.018,3.149,3.679,0.639,0.509,0.98,1.111,1.068,1.173
P0AD14,7.643,9.958,4.356,3.535,4.502,4.534,1.892,2.066,1.88,1.835,2.3080000000000003,2.536,5.511,6.216,4.957,1.835,4.868,5.459,1.388,0.98,2.249,2.398,2.012,1.913
P33358,0.29100000000000004,0.292,0.388,0.222,0.431,0.16899999999999998,0.285,0.386,0.272,0.625,0.36,0.365,0.503,0.623,0.6609999999999999,0.625,0.763,0.726,0.222,0.484,0.411,0.297,0.481,0.228
P33359,0.701,0.7190000000000001,0.8240000000000001,0.889,0.885,0.911,0.229,0.373,0.329,0.613,0.5870000000000001,0.439,0.81,0.65,0.975,0.613,1.175,0.887,0.431,0.809,0.583,0.481,0.626,0.362
P33360,1.778,1.198,1.354,1.209,1.339,1.551,1.256,1.182,1.317,1.216,0.979,0.7759999999999999,1.115,1.211,1.588,1.216,1.45,1.649,1.46,1.429,1.202,0.961,1.207,0.941
P33361,3.124,2.2880000000000003,2.633,2.623,2.13,2.278,2.276,2.319,2.293,1.986,2.479,1.521,1.774,1.809,2.482,1.986,2.342,2.312,2.2030000000000003,2.113,1.6780000000000002,1.23,2.846,2.158
P33362,0.299,0.919,1.194,1.097,1.2919999999999998,0.723,0.901,1.086,1.0590000000000002,0.607,0.932,0.828,1.3969999999999998,1.361,1.839,0.607,1.579,1.816,2.411,1.703,0.946,0.7979999999999999,0.8320000000000001,0.7929999999999999
P25889,0.764,0.836,2.884,2.698,2.271,1.802,0.8059999999999999,0.986,0.617,0.638,0.561,0.764,5.391,4.418,7.98,0.638,8.729,7.3610000000000015,0.677,0.779,0.5539999999999999,0.5579999999999999,0.551,0.648
P25747,0.407,0.259,0.409,0.463,0.28300000000000003,0.316,0.161,0.16899999999999998,0.0368,0.16899999999999998,0.201,0.301,0.407,0.184,0.255,0.16899999999999998,0.32,0.381,0.12,0.14400000000000002,0.222,0.221,0.0519,0.146
P30235,0.7959999999999999,0.8740000000000001,0.636,0.949,0.7979999999999999,0.736,0.461,0.484,0.6779999999999999,0.63,0.494,0.442,2.659,3.049,2.258,0.63,2.779,3.58,0.401,0.136,0.472,0.281,0.401,0.48
P0ACR4,4.187,4.846,4.371,4.925,4.362,4.059,2.685,2.434,2.3280000000000003,2.29,2.329,2.468,2.588,2.957,2.524,2.29,2.853,2.767,2.515,2.551,2.5610000000000004,2.69,3.013,2.817
P33018,1.842,2.023,1.453,2.174,1.822,1.816,0.998,0.795,0.916,0.613,1.206,1.394,1.119,1.506,1.33,0.613,1.974,1.41,1.286,0.813,0.825,1.221,1.575,0.784
P62723,1.611,1.896,1.09,1.483,1.661,1.862,1.094,1.252,1.495,1.595,1.3259999999999998,1.249,1.837,1.994,1.757,1.595,1.976,1.829,1.807,1.719,1.371,1.682,1.676,1.3969999999999998
P33020,3.159,2.845,2.542,2.55,2.732,2.549,2.198,2.323,2.106,2.246,2.263,2.674,2.066,1.7619999999999998,1.707,2.246,1.913,2.164,2.86,2.34,2.281,2.494,2.246,2.16
P33021,0.502,0.379,0.378,0.359,0.293,0.26,0.491,0.153,0.302,0.583,0.35600000000000004,0.457,0.375,0.255,0.28300000000000003,0.583,0.338,0.34700000000000003,0.353,0.32299999999999995,0.4320000000000001,0.275,0.408,0.235
P33022,0.478,0.56,0.464,0.51,0.574,0.391,0.32299999999999995,0.407,0.329,0.62,0.5539999999999999,0.397,0.429,0.603,0.273,0.62,0.476,0.37,0.35600000000000004,0.228,0.344,0.412,0.35100000000000003,0.353
P0A9E9,0.391,0.377,0.295,0.202,0.251,0.135,0.0792,0.103,0.289,0.45,0.335,0.227,0.617,0.493,0.458,0.45,0.503,0.448,0.107,0.139,0.1,0.0707,0.321,0.145
P33024,0.966,0.669,0.85,1.008,0.8059999999999999,1.02,0.778,0.68,0.643,0.971,0.674,0.447,1.34,0.81,0.8640000000000001,0.971,1.118,1.091,0.475,0.752,0.5579999999999999,0.354,0.7959999999999999,0.615
P33025,0.4320000000000001,0.448,0.239,0.474,0.541,0.431,0.187,0.267,0.181,0.679,0.47,0.436,1.379,0.94,1.496,0.679,1.6869999999999998,1.453,0.242,0.092,0.467,0.418,0.631,0.329
P33026,0.986,0.855,0.8859999999999999,0.838,0.7090000000000001,0.653,0.826,0.5710000000000001,0.518,0.551,0.481,0.644,0.6409999999999999,0.596,0.52,0.551,0.565,0.6920000000000001,0.6729999999999999,0.563,0.657,0.757,0.417,0.7659999999999999
P0A6N8,11.15,9.248,6.614,4.961,6.706,6.582000000000002,9.848,11.01,10.84,6.761,9.422,10.53,5.027,7.215,4.694,6.761,3.743,4.942,9.688,11.06,12.56,12.51,8.852,12.85
P33029,3.447,4.083,1.73,1.483,1.723,1.395,1.975,1.868,1.683,1.689,1.872,1.786,1.599,1.676,1.253,1.689,1.271,1.616,1.619,1.652,1.633,1.744,1.444,2.048
P33030,2.207,2.266,2.153,1.587,2.28,1.855,1.934,2.191,1.606,1.509,2.033,2.272,1.391,1.525,1.421,1.509,1.271,1.307,2.009,2.652,2.576,3.3160000000000003,2.014,2.798
P33913,1.2009999999999998,0.848,1.16,1.134,1.068,1.088,1.215,1.01,1.003,1.128,1.169,1.507,1.352,1.206,1.255,1.128,1.239,1.443,1.04,0.86,1.388,1.26,1.026,0.971
P0AFU0,1.6230000000000002,1.134,1.642,1.189,1.143,1.378,1.069,0.954,0.784,0.8420000000000001,0.916,1.037,1.259,1.269,1.091,0.8420000000000001,0.789,1.22,0.72,0.779,1.125,0.967,0.911,0.997
P33915,1.173,0.7190000000000001,1.822,0.838,1.351,1.047,0.773,0.546,0.634,0.731,0.805,0.873,0.938,0.733,0.8740000000000001,0.731,0.779,0.972,0.4970000000000001,0.313,0.825,0.7829999999999999,0.8190000000000001,0.752
P33916,1.619,1.803,1.618,1.754,1.736,1.78,1.263,1.175,1.284,1.163,1.307,1.416,1.354,1.3230000000000002,1.222,1.163,1.15,1.159,1.0590000000000002,1.027,1.496,1.334,1.641,1.526
P0AD21,2.761,2.625,2.068,2.036,2.1790000000000003,2.061,4.107,4.011,3.851,2.316,4.32,5.468,2.089,1.679,1.954,2.316,1.808,1.926,4.373,3.1630000000000003,4.214,4.7860000000000005,3.777,3.847
P33919,1.712,1.444,1.05,1.265,1.413,1.504,2.044,1.656,1.653,1.276,1.746,1.618,1.029,1.21,1.103,1.276,1.017,1.014,1.79,1.729,2.12,1.816,1.996,2.24
P33920,8.253,8.43,4.88,5.481,6.121,5.995,7.541,7.272,6.9,4.868,6.99,7.282,3.4730000000000003,4.922,3.559,4.868,3.464,3.58,9.966,10.03,8.256,9.836,7.265,7.862
P0AD24,20.77,28.59,10.45,18.04,16.89,21.21,15.63,13.2,13.08,7.625,18.07,25.64,7.825,10.48,8.361,7.625,9.438,8.467,17.03,9.863,16.3,25.14,11.5,13.33
P0AD27,3.792,3.635,2.6010000000000004,2.784,2.885,3.76,2.74,3.09,3.053,1.817,2.809,3.431,1.357,1.803,1.446,1.817,1.4240000000000002,1.601,3.062,3.077,2.365,3.247,2.763,3.49
P33924,1.375,1.03,1.227,1.359,1.2990000000000002,1.189,1.167,1.035,1.361,0.847,1.144,1.15,1.146,1.11,0.902,0.847,0.956,0.831,1.423,1.501,1.226,1.204,1.215,1.209
P17994,0.5479999999999999,0.519,0.395,0.429,0.451,0.483,0.419,0.472,0.358,0.687,0.59,0.477,0.385,0.398,0.163,0.687,0.245,0.269,0.355,0.14300000000000002,0.448,0.461,0.387,0.512
P37014,0.865,0.7120000000000001,1.207,0.685,0.531,0.816,1.101,1.271,1.228,0.973,1.181,0.866,0.8959999999999999,0.93,0.755,0.973,0.7979999999999999,0.7909999999999999,1.223,1.248,1.04,0.986,0.802,0.979
P0ABW3,2.544,2.712,1.064,2.065,1.723,1.889,2.394,2.379,3.245,2.585,3.2060000000000004,3.127,1.221,1.724,1.03,2.585,1.483,1.367,8.101,5.079,2.968,3.254,2.969,2.548
P45505,0.23,0.483,0.339,0.266,0.1,0.26,0.0585,0.0984,0.101,0.386,0.162,0.0275,0.16,0.111,0.0623,0.386,0.092,0.0139,0.197,0.163,0.0974,0.0821,0.146,0.1
P45508,2.207,1.621,2.551,1.67,1.915,1.668,1.952,1.779,1.95,1.855,1.737,1.523,1.5619999999999998,1.371,1.46,1.855,1.546,1.4469999999999998,2.254,2.497,1.5219999999999998,1.773,1.802,1.982
P52006,2.6260000000000003,2.256,2.56,1.625,2.014,1.51,2.126,1.976,2.024,1.74,1.914,2.117,2.009,1.784,1.455,1.74,1.509,1.601,1.806,2.297,2.056,1.815,1.992,2.19
P37355,3.003,2.6660000000000004,2.213,2.423,2.209,2.44,2.54,2.373,2.33,1.18,2.449,2.6630000000000003,1.5019999999999998,1.885,1.75,1.18,1.508,1.606,2.059,1.856,2.365,2.869,2.207,2.587
P76481,0.495,0.344,0.207,0.227,0.221,0.207,0.507,0.255,0.161,0.537,0.434,0.326,0.236,0.386,0.0508,0.537,0.234,0.328,0.412,0.459,0.48,0.32299999999999995,0.488,0.302
P76482,0.233,0.0424,0.0952,0.0765,0.0701,0.13,0.173,0.187,0.261,0.738,0.413,0.206,0.303,0.26,0.153,0.738,0.201,0.207,0.225,0.185,0.197,0.25,0.14,0.21600000000000005
P76483,0.0904,0.0772,0.0632,0.115,0.0667,0.0563,0.146,0.16,0.115,0.586,0.392,0.125,0.614,0.339,0.228,0.586,0.242,0.281,0.0602,0.0853,0.161,0.181,0.262,0.101
P76484,0.173,0.182,0.212,0.132,0.14,0.133,0.28600000000000003,0.134,0.18,0.6990000000000001,0.28600000000000003,0.14400000000000002,0.301,0.195,0.211,0.6990000000000001,0.123,0.14800000000000002,0.103,0.256,0.125,0.159,0.179,0.166
P0AFU2,0.369,0.59,0.524,0.411,0.493,0.481,0.417,0.44,0.531,0.489,0.406,0.41,0.524,0.504,0.449,0.489,0.473,0.5920000000000001,0.481,0.472,0.619,0.366,0.607,0.465
P77625,1.986,2.204,4.024,3.512,3.018,2.8480000000000003,2.217,2.426,2.959,1.901,2.908,2.78,3.88,4.035,5.016,1.901,4.565,5.894,3.444,4.875,3.726,3.402,3.909,4.0310000000000015
P0AD30,5.1160000000000005,4.998,4.372,4.0139999999999985,5.5,5.194,2.839,3.063,2.766,1.324,2.852,3.325,3.108,3.375,2.123,1.324,3.127,2.8960000000000004,2.092,0.973,3.04,3.537,2.766,2.737
P39199,12.54,15.66,10.13,15.47,14.59,15.85,9.607,9.863,8.823,6.99,10.2,11.87,9.355,11.69,10.55,6.99,12.23,11.66,10.15,7.784,11.69,16.99,9.18,10.17
P39263,0.585,0.5539999999999999,0.645,0.272,0.395,0.269,0.573,0.617,0.519,0.626,0.545,0.691,0.555,0.61,0.469,0.626,0.505,0.631,0.426,0.14800000000000002,0.569,0.475,0.406,0.688
P67095,10.33,10.5,8.356,7.098,8.329,8.056000000000001,23.28,21.94,20.52,8.802999999999997,20.76,29.28,13.32,17.34,14.27,8.802999999999997,14.68,16.49,34.48,25.09,19.17,27.94,20.22,21.08
P77544,1.04,0.946,1.206,1.165,1.3159999999999998,1.228,0.732,0.8690000000000001,0.86,0.6970000000000001,0.7979999999999999,0.674,0.762,0.7659999999999999,0.97,0.6970000000000001,1.034,0.902,1.004,0.999,0.7190000000000001,0.5720000000000001,1.005,0.792
P77526,0.501,0.21,0.609,0.954,0.657,0.65,0.153,0.5,0.308,0.653,0.5479999999999999,0.491,1.122,0.8340000000000001,1.4,0.653,1.351,1.436,0.911,0.769,0.525,0.483,0.578,0.535
P77768,1.712,0.961,1.628,1.033,1.23,1.012,2.376,3.489,3.03,4.081,3.415,3.095,1.124,0.907,1.17,4.081,1.356,1.127,2.216,3.267,2.17,1.941,3.4,2.297
P77599,0.945,0.945,0.867,0.823,0.826,0.7609999999999999,1.092,1.0590000000000002,0.893,0.848,0.961,0.966,0.8759999999999999,0.722,0.674,0.848,0.83,0.745,1.149,0.936,0.8029999999999999,1.04,1.056,1.057
P77196,0.155,0.17600000000000002,0.122,0.17600000000000002,0.147,0.113,0.373,0.153,0.0432,0.35700000000000004,0.259,0.274,0.181,0.136,0.0887,0.35700000000000004,0.0954,0.055,0.338,0.213,0.233,0.2,0.177,0.211
P37327,0.49,0.3720000000000001,0.521,0.46,0.469,0.34700000000000003,0.478,0.611,0.6970000000000001,0.87,0.667,0.637,0.6509999999999999,0.595,0.731,0.87,0.765,0.6940000000000001,0.512,0.748,0.5770000000000001,0.47,0.6890000000000001,0.601
P76518,0.242,0.215,0.146,0.133,0.111,0.197,0.32,0.34600000000000003,0.381,0.594,0.422,0.28,0.302,0.19,0.21,0.594,0.26,0.132,0.272,0.464,0.311,0.425,0.412,0.254
P76508,0.023,0.189,0.0368,0.119,0.0414,0.162,0.0435,0.177,0.173,0.264,0.0613,0.13,0.155,0.142,0.0887,0.264,0.0912,0.0939,0.215,0.191,0.127,0.233,0.194,0.17800000000000002
P76509,0.62,0.307,0.495,0.463,0.393,0.334,0.532,0.594,0.515,0.693,0.5,0.474,0.453,0.3720000000000001,0.338,0.693,0.378,0.373,0.5579999999999999,0.6409999999999999,0.544,0.5429999999999999,0.595,0.454
P76510,0.0505,0.0515,0.0358,0.0502,0.0506,0.0502,0.126,0.0691,0.0368,0.16699999999999998,0.0972,0.118,0.0574,0.0637,0.0465,0.16699999999999998,0.106,0.108,0.0602,0.0773,0.0574,0.0715,0.0711,0.0477
P0AD35,0.485,0.365,0.565,0.7240000000000001,0.469,0.303,0.645,0.501,0.502,0.54,0.354,0.52,0.638,0.611,0.772,0.54,0.764,0.442,0.541,0.5870000000000001,0.511,0.532,0.631,0.563
P23842,2.652,1.941,1.491,1.3430000000000002,1.668,1.577,4.492,4.747,4.2189999999999985,3.324,4.708,5.545,2.918,3.657,2.738,3.324,2.949,3.177,3.587,3.3080000000000003,5.542000000000002,6.62,3.957,4.614
P0AD37,4.519,5.6610000000000005,1.959,2.184,2.805,2.42,1.139,1.079,1.176,0.647,1.044,1.49,5.331,5.978,4.169,0.647,3.863,4.384,0.98,0.601,1.476,1.628,1.565,1.232
P27238,4.4460000000000015,4.9110000000000005,1.756,1.954,2.218,2.323,2.63,2.943,2.216,1.756,2.289,3.901,5.59,6.638,4.31,1.756,4.708,5.3260000000000005,1.658,1.347,2.946,4.152,2.302,2.439
P36547,1.19,0.96,1.08,1.019,1.115,0.857,1.022,0.899,1.633,1.163,1.227,1.236,1.01,0.816,1.07,1.163,1.014,1.12,1.213,1.007,1.368,1.367,0.8059999999999999,1.16
P39836,3.136,3.419,2.467,2.523,2.6060000000000003,2.721,2.861,3.052,3.092,2.517,2.893,3.063,2.167,2.43,2.036,2.517,2.256,2.327,1.976,2.584,2.739,3.105,3.174,3.342
Q47702,0.72,0.81,1.577,0.443,0.777,0.518,1.881,1.948,1.926,1.696,2.029,2.3040000000000003,2.865,2.937,0.618,1.696,1.148,1.6969999999999998,1.52,1.507,1.87,2.365,2.158,1.649
P45564,1.077,0.718,0.73,0.267,0.484,0.672,1.492,1.384,1.496,0.971,1.65,1.709,1.1740000000000002,0.911,0.627,0.971,0.66,0.924,1.378,1.141,1.67,1.51,1.319,1.4880000000000002
P0ACR7,0.951,0.861,0.998,0.959,0.72,0.8759999999999999,0.8590000000000001,1.435,1.152,0.851,1.077,1.192,0.682,0.8640000000000001,0.885,0.851,0.991,0.628,1.133,1.581,1.32,1.28,1.53,1.357
P77245,1.975,1.509,1.891,1.539,1.361,1.34,1.521,1.574,1.66,1.72,1.52,1.487,1.392,0.967,1.4509999999999998,1.72,1.031,1.539,0.984,0.956,1.484,0.848,1.685,1.254
P76535,3.943,4.996,6.388,3.343,4.249,3.281,2.971,3.532,3.95,4.223,2.9760000000000004,3.0980000000000003,6.06,4.872,5.979,4.223,6.747999999999998,6.96,1.991,2.625,3.381,2.844,3.928,3.728
P24178,9.856,9.245,9.565,7.99,10.45,8.95,9.782,11.21,10.42,5.4460000000000015,10.17,11.34,7.258999999999999,6.9910000000000005,7.701,5.4460000000000015,6.182,8.213,7.306,6.904,12.6,12.5,6.222,10.15
P37127,1.5530000000000002,1.052,1.171,1.421,1.008,1.197,1.5530000000000002,1.5830000000000002,1.298,1.086,1.243,1.31,1.131,1.173,1.443,1.086,1.141,0.8029999999999999,1.536,1.273,1.37,1.5219999999999998,1.352,1.545
P37128,1.028,1.546,1.365,1.915,1.456,1.2,0.362,0.986,0.62,0.34,0.498,0.953,1.211,1.433,1.291,0.34,1.44,1.44,0.835,0.107,0.746,1.281,0.677,0.616
P27434,17.94,17.65,13.85,13.16,14.95,15.19,10.6,11.02,12.21,8.134,11.21,14.32,8.538,8.715,7.928,8.134,7.947,9.102,13.13,11.98,14.0,16.86,12.49,13.09
P36979,14.81,14.38,6.2429999999999986,7.26,9.11,10.34,6.5520000000000005,6.455,5.955,4.265,6.621,6.91,2.95,4.552,3.196,4.265,3.111,3.397,7.588999999999999,7.937,7.881,9.691,6.97,7.31
P0AFU4,3.922,4.8660000000000005,5.154,6.162000000000001,5.432,5.297999999999999,5.784,6.162000000000001,6.0120000000000005,4.26,5.612,5.649,4.622,5.1610000000000005,4.26,4.26,4.287,4.518,3.717,3.849,6.422999999999999,6.183,7.468,8.162
P0AD42,2.109,2.698,2.376,2.459,2.468,3.184,2.153,1.7,1.6569999999999998,1.168,2.35,2.835,3.109,3.309,2.411,1.168,2.74,3.109,1.934,1.855,2.425,2.8280000000000003,2.003,2.291
P68398,4.998,3.734,2.416,2.841,3.825,3.947,6.734,7.451,8.43,5.573,9.465,10.88,1.528,2.169,1.764,5.573,1.72,1.508,6.449,4.123,8.488999999999999,9.367,7.387,7.1960000000000015
P0AGC5,0.6509999999999999,0.439,0.285,0.424,0.368,0.385,0.926,0.6759999999999999,0.7959999999999999,0.396,0.894,0.863,0.328,0.19,0.245,0.396,0.211,0.334,0.52,0.4970000000000001,1.04,0.675,0.439,0.591
P0A6L9,25.91,25.08,12.98,13.35,17.69,17.73,20.01,19.08,18.0,14.6,20.97,18.29,6.845,8.987,8.519,14.6,8.703,8.816,19.29,18.66,20.37,24.74,19.76,20.89
P0AAC8,65.79,60.22,38.42,43.53,45.71,48.3,46.66,50.14,53.2,37.11,46.08,46.41,20.98,25.77,25.43,37.11,25.72,27.43,51.32,72.31,54.41,54.96,58.36,55.38
P0AD44,3.631,5.337999999999999,4.928,6.779,6.194,6.7860000000000005,5.143,5.0710000000000015,4.833,3.4930000000000003,5.722,6.805,3.724,4.625,3.582,3.4930000000000003,4.763,4.86,4.427,2.451,5.85,7.445,4.4030000000000005,4.901
P37767,2.481,1.858,1.306,1.595,1.408,1.5419999999999998,2.154,2.43,1.908,1.429,2.003,2.544,1.564,1.941,1.472,1.429,1.585,1.4380000000000002,2.639,2.529,2.02,2.992,1.995,3.277
P0C0L9,27.56,30.76,16.18,18.89,21.6,22.83,21.03,20.63,20.08,12.57,22.92,24.61,10.05,12.84,10.27,12.57,10.67,11.53,22.05,23.35,23.42,27.98,23.88,23.38
P52101,2.714,2.718,2.447,3.034,3.543,3.151,3.128,2.844,3.158,2.349,2.992,3.658,2.997,2.881,2.914,2.349,3.381,3.865,2.5540000000000003,2.3040000000000003,3.935,4.27,2.773,2.949
P52102,3.067,2.954,2.537,2.672,3.329,3.2310000000000003,7.415,8.613,6.593,5.299,7.0379999999999985,9.056,1.146,1.5719999999999998,1.09,5.299,1.432,1.249,4.547,2.681,8.168,9.208,7.044,7.952000000000001
P0A6B7,38.17,39.59,26.9,24.25,29.65,32.57,28.05,26.14,31.04,21.92,27.95,23.77,13.29,16.04,19.41,21.92,18.45,17.05,28.66,32.94,27.27,30.81,29.54,28.27
P0AD49,8.211,18.55,51.3,44.59,47.73,22.6,8.892000000000003,8.711,9.019,4.408,7.369,11.56,50.54,51.17,57.76,4.408,58.65,56.43,23.91,17.95,10.58,16.46,7.369,8.407
P07021,3.755,3.559,3.222,2.677,3.711,2.674,1.644,1.634,1.4880000000000002,1.117,1.74,1.702,1.751,1.798,1.5619999999999998,1.117,1.47,1.47,1.156,0.856,1.186,1.456,1.195,1.469
P31825,2.149,1.9,2.364,2.525,2.684,2.196,2.8,2.438,3.1460000000000004,1.961,3.148,3.1910000000000003,2.053,2.317,1.986,1.961,2.044,2.546,2.151,1.775,2.371,2.228,2.827,1.865
P68066,1.472,1.36,0.921,1.565,0.76,1.151,1.212,1.412,1.315,1.078,1.5490000000000002,1.4340000000000002,2.236,2.749,2.6210000000000004,1.078,2.149,2.33,1.398,1.7719999999999998,1.4340000000000002,1.318,1.227,1.58
P33634,1.557,1.207,1.4409999999999998,1.021,1.33,0.972,1.5590000000000002,1.951,1.771,1.234,1.6369999999999998,1.704,0.997,1.109,1.07,1.234,0.983,0.994,1.777,1.381,1.716,1.582,1.4069999999999998,1.641
P0AGJ5,7.888,6.843,4.3039999999999985,4.359,4.864,5.119,6.747000000000001,7.041,7.131,5.121,7.4929999999999986,7.425,3.108,2.682,2.89,5.121,2.497,2.804,8.986,9.057,7.435,8.658999999999999,7.352,7.921
P33644,6.259,4.845,1.694,3.031,3.576,4.043,3.844,3.852,3.425,2.667,4.32,4.182,1.254,1.633,1.547,2.667,1.716,1.235,3.751,3.827,4.692,5.205,3.477,4.383
P38101,0.871,0.636,0.617,0.602,0.789,0.326,0.475,0.81,0.483,0.7290000000000001,0.6459999999999999,0.693,0.7659999999999999,0.648,0.623,0.7290000000000001,0.537,0.525,0.546,0.672,0.453,0.462,0.502,0.583
P11289,0.35700000000000004,0.321,0.451,0.395,0.355,0.304,0.634,0.552,0.5429999999999999,0.456,0.7120000000000001,0.65,0.614,0.5529999999999999,0.716,0.456,0.59,0.703,0.7070000000000001,0.7070000000000001,0.449,0.536,0.5770000000000001,0.569
P46126,1.168,1.408,1.231,1.31,0.777,1.446,0.507,0.434,0.493,0.503,0.94,0.763,0.522,0.404,0.504,0.503,0.585,0.615,0.5379999999999999,0.152,0.6459999999999999,0.606,0.396,0.616
P46139,2.64,2.672,2.024,1.723,2.628,2.485,1.371,1.46,1.318,1.09,1.34,1.635,1.369,1.425,1.247,1.09,1.25,1.1909999999999998,1.132,1.123,1.3219999999999998,1.608,1.131,1.33
Q47319,3.087,2.8310000000000004,1.217,2.03,2.302,2.53,1.654,1.847,1.5619999999999998,1.516,2.158,2.161,1.067,1.243,0.875,1.516,0.8959999999999999,0.992,1.579,1.329,2.402,3.024,1.604,1.952
P76594,3.028,4.5280000000000005,5.377999999999999,3.176,3.849,2.74,2.0540000000000003,2.542,2.345,1.77,2.01,2.475,7.69,6.398,7.38,1.77,6.431,8.078,2.45,2.569,2.654,2.617,2.277,2.482
P0A7X6,144.0,108.3,107.1,74.91,93.87,89.78,112.3,133.4,126.7,97.02,106.7,113.8,51.28,67.17,49.68,97.02,53.04,52.06,112.3,174.5,122.2,94.12,142.8,107.6
P0A7B3,2.072,2.97,2.0380000000000003,2.662,2.262,2.841,1.567,1.622,0.988,1.561,1.101,1.38,1.78,2.233,2.029,1.561,2.505,2.379,1.283,1.057,1.367,1.306,1.932,1.46
P52123,0.443,0.34700000000000003,0.565,0.239,0.399,0.282,0.413,0.544,0.53,0.373,0.526,0.355,0.493,0.483,0.361,0.373,0.233,0.406,0.769,1.031,0.358,0.312,0.306,0.467
P52124,0.0368,0.0848,0.0141,0.0928,0.01,0.0465,0.15,0.121,0.0828,0.226,0.206,0.0175,0.136,0.0655,0.0236,0.226,0.0522,0.0355,0.0878,0.01,0.0522,0.126,0.0583,0.0921
P52125,0.0291,0.0288,0.0368,0.0251,0.0253,0.0735,0.371,0.251,0.245,0.301,0.362,0.429,0.231,0.165,0.171,0.301,0.182,0.18,0.335,0.379,0.28800000000000003,0.386,0.267,0.28
P52126,0.453,0.404,0.5760000000000001,0.5539999999999999,0.487,0.614,0.579,0.43,0.532,0.535,0.639,0.693,0.7140000000000001,0.888,0.685,0.535,0.765,0.799,0.444,0.297,0.6809999999999999,0.593,0.532,0.608
P52127,0.867,1.294,1.157,0.7759999999999999,1.24,1.315,1.446,1.161,1.0659999999999998,0.985,0.991,1.016,1.797,1.886,1.654,0.985,1.876,2.199,0.939,1.152,1.23,1.24,1.144,1.52
P52128,0.236,0.198,0.252,0.166,0.213,0.129,0.696,0.695,0.653,0.552,0.512,0.612,0.272,0.278,0.212,0.552,0.166,0.239,0.354,0.435,0.459,0.541,0.526,0.595
P52129,7.041,5.942,5.205,4.9830000000000005,6.4620000000000015,6.472,9.762,11.05,10.12,5.811,11.47,13.57,5.972,7.034,5.599,5.811,5.698,6.279,7.004,4.78,11.69,11.17,8.809,8.517999999999999
P52130,2.167,2.111,1.455,1.403,2.0780000000000003,2.122,1.51,1.867,2.007,1.178,2.34,3.272,1.496,1.761,1.466,1.178,1.501,1.74,1.372,0.7759999999999999,2.129,1.652,1.257,1.938
P52131,0.456,0.392,0.342,0.489,0.452,0.391,0.7290000000000001,0.456,0.363,0.524,0.527,0.5489999999999999,0.376,0.382,0.34600000000000003,0.524,0.398,0.441,0.59,0.613,0.453,0.47,0.4970000000000001,0.61
P52132,0.392,0.504,0.511,0.557,0.264,0.556,1.368,0.408,0.5760000000000001,0.523,0.575,0.527,0.468,0.474,0.364,0.523,0.3,0.404,0.519,0.445,0.5379999999999999,0.6709999999999999,0.598,0.524
P52133,0.103,0.0969,0.0726,0.0928,0.0724,0.0992,0.16699999999999998,0.136,0.0835,0.117,0.105,0.108,0.0851,0.0833,0.0708,0.117,0.0779,0.107,0.109,0.084,0.11,0.121,0.135,0.0887
P52135,0.107,0.0606,0.175,0.327,0.247,0.287,0.108,0.0558,0.029,0.166,0.043,0.0732,0.16,0.0328,0.13699999999999998,0.166,0.166,0.15,0.0585,0.0507,0.0722,0.0433,0.062,0.043
P52138,0.104,0.0969,0.175,0.0777,0.0966,0.0931,0.0493,0.181,0.188,0.151,0.207,0.159,0.421,0.448,0.457,0.151,0.378,0.36,0.117,0.156,0.129,0.11,0.149,0.16
P52139,0.389,0.478,0.171,0.366,0.294,0.265,0.265,0.397,0.428,0.818,0.489,0.461,0.212,0.21600000000000005,0.147,0.818,0.359,0.248,0.48,0.409,0.302,0.376,0.504,0.394
P52140,0.262,0.369,0.324,0.245,0.189,0.263,0.324,0.252,0.236,0.765,0.479,0.375,0.194,0.219,0.068,0.765,0.262,0.107,0.28600000000000003,0.35700000000000004,0.297,0.344,0.237,0.29
P52141,0.489,0.406,0.218,0.271,0.333,0.307,0.417,0.342,0.312,0.853,0.426,0.4,0.361,0.236,0.348,0.853,0.269,0.29,0.281,0.399,0.331,0.3,0.272,0.398
P37013,1.547,1.6740000000000002,1.246,1.811,1.357,1.493,2.216,2.173,1.938,2.01,1.965,1.876,1.871,2.385,2.122,2.01,2.176,2.516,2.25,3.569,2.486,2.411,2.6710000000000003,2.418
P0AD53,0.473,0.575,0.653,0.552,0.518,0.489,0.7490000000000001,1.089,1.185,0.596,1.116,1.307,0.8740000000000001,0.963,0.977,0.596,0.604,0.846,1.379,1.535,1.241,1.078,1.071,1.061
P0A6G3,7.101,6.015,7.051,4.409,6.053,4.7860000000000005,5.945,8.344,8.037,3.769,6.069,5.944,7.01,7.256,6.983,3.769,5.5360000000000005,5.987,9.959,12.3,7.643,7.278,7.247999999999998,8.422
P37338,3.152,3.737,3.132,4.089,3.437,3.908,3.691,4.186,3.221,2.886,3.129,3.999,3.109,3.888,3.858,2.886,4.103,3.711,3.739,3.495,3.326,3.624,3.16,3.4810000000000003
P37339,0.934,1.007,1.733,1.5619999999999998,1.6,1.113,1.071,0.947,0.7070000000000001,0.622,0.941,0.95,3.518,1.709,8.354,0.622,6.587999999999999,6.841,1.337,0.94,0.884,0.907,0.569,0.7
P45578,14.25,9.818,13.06,9.485,10.6,10.29,15.67,17.49,20.37,15.16,17.71,19.85,10.79,12.05,10.97,15.16,10.03,10.89,18.68,15.89,19.11,16.45,18.34,18.42
P43667,9.309,7.987999999999999,9.487,7.4529999999999985,9.797,7.682,10.58,12.18,11.77,9.125,10.18,11.1,6.0470000000000015,6.061,5.837999999999999,9.125,5.983,6.85,10.69,11.02,12.66,11.68,12.78,13.78
P0ADQ7,2.0,1.163,3.219,2.507,2.421,2.265,2.65,3.048,2.772,2.6910000000000003,2.353,3.259,4.809,4.019,5.506,2.6910000000000003,5.21,5.442,7.669,7.803,2.559,2.305,2.676,2.823
P55734,0.511,0.696,0.7440000000000001,0.609,0.478,0.971,0.514,0.35100000000000003,0.35,0.741,0.483,0.7190000000000001,0.449,0.64,0.701,0.741,0.556,0.498,0.466,0.556,0.58,0.638,0.417,0.648
P0ADE6,1.141,0.609,1.646,1.208,1.3769999999999998,1.519,2.218,2.4290000000000003,2.198,1.969,2.2030000000000003,2.7030000000000003,4.103,3.702,5.17,1.969,4.386,4.395,5.388,6.445,2.807,2.276,2.643,2.349
P25728,0.14400000000000002,0.7340000000000001,0.96,0.545,0.682,0.59,1.202,1.816,1.37,1.4409999999999998,1.274,1.436,0.677,1.128,0.971,1.4409999999999998,0.895,0.7440000000000001,1.887,1.229,1.392,1.3019999999999998,1.278,0.58
P62617,16.32,11.56,10.55,7.195,10.03,8.157,18.41,25.77,23.93,16.43,17.38,17.18,9.73,11.47,9.687,16.43,7.976,10.21,12.89,11.99,25.41,19.85,27.03,31.36
P37596,0.391,0.162,0.56,0.361,0.385,0.336,0.424,0.14400000000000002,0.379,0.8540000000000001,0.564,0.268,0.606,0.405,0.448,0.8540000000000001,0.604,0.387,0.499,0.103,0.318,0.379,0.292,0.337
P46141,1.995,2.38,4.049,2.367,3.1860000000000004,2.631,2.173,2.55,2.923,1.597,2.051,2.7060000000000004,2.799,2.716,2.657,1.597,2.399,2.807,1.07,1.352,2.589,2.484,2.5540000000000003,2.778
P45956,0.887,0.7490000000000001,1.554,1.149,1.371,0.861,1.655,1.886,1.597,1.457,1.3259999999999998,1.6880000000000002,1.334,0.958,1.249,1.457,1.14,1.223,1.277,1.891,1.62,1.426,1.484,1.761
P52598,3.23,2.928,1.7819999999999998,1.776,2.248,2.061,2.677,2.76,2.6860000000000004,2.742,3.198,3.128,2.615,2.677,2.503,2.742,2.185,2.383,2.572,2.167,3.1860000000000004,3.233,2.44,2.525
Q46890,2.361,2.056,1.656,1.3019999999999998,1.6740000000000002,1.471,1.398,1.01,1.234,1.145,1.019,1.055,1.809,1.581,2.806,1.145,2.596,2.69,0.966,0.759,1.135,1.062,1.078,1.11
Q46891,0.654,0.4270000000000001,0.716,0.596,0.84,0.7340000000000001,0.624,0.623,0.639,0.815,0.7340000000000001,0.584,1.2990000000000002,0.969,1.7180000000000002,0.815,1.7,1.5759999999999998,0.399,0.628,0.62,0.4970000000000001,0.599,0.526
Q57261,14.09,16.43,12.57,12.71,13.61,14.53,18.34,20.77,19.35,13.55,18.41,19.05,14.52,18.39,15.21,13.55,16.63,17.38,10.95,12.2,22.2,22.59,23.22,22.44
Q46893,9.825,10.09,7.2810000000000015,8.025,7.524,9.1,13.5,14.13,13.65,9.964,14.6,17.42,5.5710000000000015,9.342,5.966,9.964,7.417000000000002,6.973,8.45,7.124,17.05,18.95,14.88,16.07
P55135,5.796,8.056000000000001,4.416,4.0280000000000005,4.226,4.529,3.638,4.6,4.663,2.799,4.213,4.7860000000000005,5.063,5.712999999999999,4.824,2.799,4.9289999999999985,5.809,3.75,4.064,4.854,5.657,5.126,4.953
P38036,0.23,0.0621,0.0886,0.0589,0.0805,0.146,0.211,0.187,0.307,0.657,0.468,0.136,0.457,0.247,0.376,0.657,0.221,0.183,0.145,0.208,0.161,0.122,0.16899999999999998,0.117
P55138,0.35200000000000004,0.195,0.321,0.267,0.364,0.159,0.838,0.665,0.53,0.85,0.4920000000000001,0.457,0.68,0.499,0.5710000000000001,0.85,0.517,0.504,0.602,0.7759999999999999,0.407,0.474,0.674,0.589
P64554,7.011,7.296,3.766,5.28,6.877000000000002,6.487,6.7,7.643,6.6629999999999985,5.397,7.2189999999999985,9.85,2.767,3.733,2.775,5.397,2.752,3.255,5.964,4.888,7.754,9.018,6.275,6.436
P55140,0.158,0.124,0.118,0.0915,0.124,0.119,0.222,0.17800000000000002,0.118,0.206,0.174,0.14400000000000002,0.189,0.112,0.103,0.206,0.115,0.129,0.105,0.239,0.121,0.136,0.051,0.135
P76632,0.266,0.366,0.376,0.181,0.24,0.261,0.413,0.365,0.329,0.366,0.334,0.336,0.386,0.322,0.37,0.366,0.263,0.35700000000000004,0.526,0.5920000000000001,0.255,0.294,0.378,0.383
P65870,6.7429999999999986,5.055,3.399,2.83,4.828,4.796,5.46,5.831,6.495,5.0280000000000005,6.216,8.304,1.256,1.431,1.264,5.0280000000000005,1.32,1.5019999999999998,3.21,1.932,6.218,5.172999999999999,5.479,6.171
Q46904,0.29100000000000004,0.5329999999999999,0.394,0.134,0.426,0.412,0.133,0.146,0.343,0.486,0.282,0.201,0.6779999999999999,0.725,0.758,0.486,0.752,0.899,0.0912,0.235,0.306,0.249,0.34,0.203
Q46905,0.79,1.173,0.532,0.698,0.657,0.6409999999999999,0.361,0.405,0.339,0.653,0.687,0.503,0.718,0.984,0.8270000000000001,0.653,1.082,1.009,0.332,0.0827,0.466,0.339,0.655,0.241
Q46906,0.0444,0.454,0.515,0.37,0.41,0.3720000000000001,0.145,0.219,0.282,0.379,0.261,0.101,0.5870000000000001,0.396,0.61,0.379,0.381,0.63,0.299,0.203,0.329,0.365,0.324,0.284
Q46907,2.115,1.6969999999999998,1.646,1.947,1.314,1.756,1.194,1.291,1.87,1.561,1.241,1.864,1.352,1.909,1.4169999999999998,1.561,1.76,1.404,1.6569999999999998,1.235,1.319,1.686,1.592,1.053
Q46908,1.703,1.216,1.284,1.584,0.948,1.124,2.175,2.061,1.6230000000000002,1.765,1.109,1.052,0.95,1.245,1.079,1.765,1.244,1.261,1.419,1.723,1.3769999999999998,1.294,1.571,1.476
Q46909,0.723,0.6629999999999999,0.718,0.461,0.42,0.551,0.785,0.6970000000000001,0.546,0.517,0.8059999999999999,0.529,0.527,0.599,0.536,0.517,0.605,0.54,0.448,0.604,0.448,0.6759999999999999,0.4970000000000001,0.7040000000000001
P76633,0.145,0.198,0.0802,0.179,0.14,0.14300000000000002,0.0999,0.0624,0.125,0.393,0.14400000000000002,0.0427,0.308,0.217,0.199,0.393,0.185,0.2,0.0396,0.175,0.0339,0.0342,0.125,0.0477
P0AES2,1.035,1.0759999999999998,0.996,1.211,1.091,1.09,1.079,1.179,1.014,1.199,1.154,1.029,1.065,1.151,1.061,1.199,1.119,1.132,1.176,1.809,1.164,1.129,1.523,1.209
Q46915,0.648,0.636,0.845,1.204,0.7909999999999999,1.1,1.757,1.228,1.058,1.364,1.114,1.014,1.2,1.016,0.867,1.364,1.0,1.043,1.218,1.523,1.203,1.052,1.23,1.028
P08370,1.077,1.538,1.717,1.6230000000000002,1.54,1.339,0.991,0.838,0.8959999999999999,0.997,0.889,1.034,1.065,1.085,1.194,0.997,1.429,1.26,0.852,1.0,0.984,1.039,1.115,0.973
P0ADR2,6.3679999999999986,5.876,3.5,3.502,5.034,4.129,6.307,7.332000000000002,7.48,4.18,6.556,8.179,2.722,3.747,3.256,4.18,2.681,3.1180000000000003,6.627000000000002,4.797,8.748,8.302999999999999,4.5539999999999985,6.278
P0ADR6,5.283,3.911,3.475,3.056,3.428,3.161,6.02,6.356,6.771,4.091,7.04,7.015,2.097,2.58,2.06,4.091,1.739,2.187,6.085,5.572,7.5710000000000015,7.091,4.7360000000000015,5.674
P0ADR8,2.949,3.452,4.261,8.191,4.752,6.186,1.702,1.5019999999999998,1.878,1.511,1.67,1.528,5.227,6.335,5.974,1.511,7.457000000000002,6.896,2.018,1.668,1.849,2.64,1.985,1.982
P0AGF2,2.423,2.5660000000000003,1.86,1.967,2.116,2.089,3.736,4.272,3.763,3.091,4.15,4.783,2.0980000000000003,2.134,1.98,3.091,1.985,2.259,3.855,3.956,4.115,4.757,3.971,4.137
Q46927,2.461,1.959,1.956,2.344,2.297,2.574,3.152,3.273,3.22,2.669,3.574,3.857,1.401,2.057,1.242,2.669,1.405,1.4380000000000002,3.697,3.644,4.645,4.74,3.52,3.414
P0A776,21.2,21.96,19.39,17.97,23.07,20.57,19.6,23.11,22.05,12.93,19.37,22.58,14.04,15.32,14.95,12.93,15.75,14.89,15.49,22.7,19.44,22.36,22.94,25.77
P03813,1.7990000000000002,1.959,1.82,2.105,2.071,2.036,1.62,1.889,1.984,1.6569999999999998,1.695,1.735,1.7519999999999998,1.869,1.99,1.6569999999999998,2.235,2.221,1.958,1.515,1.666,1.5530000000000002,1.825,1.561
P39196,1.233,1.114,0.698,1.3530000000000002,1.38,1.228,0.217,0.239,0.188,0.537,0.586,0.625,0.71,0.596,0.636,0.537,0.674,0.677,0.17,0.0827,0.217,0.468,0.197,0.139
Q46786,0.0138,0.01,0.01,0.0263,0.01,0.01,0.01,0.01,0.01,0.0724,0.0704,0.0641,0.0654,0.0112,0.01,0.0724,0.0182,0.0209,0.0301,0.0133,0.01,0.0365,0.0109,0.0375
Q46787,0.0766,0.0333,0.0123,0.0276,0.0264,0.0147,0.0171,0.0189,0.0644,0.208,0.161,0.0725,0.0715,0.01,0.0143,0.208,0.0415,0.01,0.111,0.22,0.087,0.0152,0.0638,0.0689
P76639,0.0138,0.01,0.0141,0.01,0.01,0.01,0.03,0.0151,0.0227,0.18600000000000005,0.0326,0.01,0.0185,0.01,0.0243,0.18600000000000005,0.01,0.01,0.124,0.16699999999999998,0.01,0.01,0.01,0.01
Q46791,0.0613,0.0621,0.0236,0.0389,0.0149,0.0306,0.0642,0.114,0.0835,0.13699999999999998,0.121,0.0183,0.101,0.044,0.01,0.13699999999999998,0.01,0.01,0.16399999999999998,0.188,0.0539,0.0304,0.0255,0.0668
Q46800,0.0904,0.0969,0.5579999999999999,0.5,0.386,0.343,0.158,0.0766,0.0687,0.408,0.174,0.15,0.672,0.626,0.899,0.408,1.111,0.76,0.141,0.08,0.152,0.0662,0.196,0.0764
Q46802,1.254,1.85,2.343,1.116,0.957,1.2009999999999998,1.223,1.035,1.074,0.865,1.115,0.982,5.3889999999999985,3.957,6.045,0.865,6.341,7.271,0.8640000000000001,0.941,0.37,0.7020000000000001,1.168,1.053
Q46803,0.0352,0.0939,0.0613,0.0639,0.0276,0.0294,0.0457,0.0341,0.0347,0.0571,0.028,0.0252,0.106,0.0637,0.0472,0.0571,0.0862,0.0807,0.0241,0.024,0.0278,0.0312,0.0319,0.028
P66899,0.28300000000000003,0.0469,0.123,0.0464,0.0851,0.0465,0.0614,0.11,0.0566,0.0984,0.0998,0.0534,0.0857,0.0562,0.0501,0.0984,0.0705,0.0438,0.124,0.133,0.0879,0.0859,0.118,0.0853
P65807,0.0306,0.0348,0.0424,0.0238,0.0379,0.0196,0.0857,0.053,0.0814,0.209,0.0848,0.0572,0.22,0.119,0.21600000000000005,0.209,0.295,0.152,0.138,0.16399999999999998,0.08,0.0806,0.0538,0.0559
P0AC28,1.822,0.939,0.7340000000000001,0.828,1.086,0.87,1.219,1.22,1.531,1.944,1.4880000000000002,1.6769999999999998,0.65,0.703,0.695,1.944,0.721,0.6890000000000001,1.147,1.048,1.4880000000000002,1.5319999999999998,1.513,1.68
P0A8C4,30.81,31.01,18.27,23.82,24.36,26.86,15.13,17.38,14.99,12.59,14.96,18.28,15.21,20.24,16.7,12.59,19.5,20.84,18.98,17.13,18.57,23.45,15.99,18.0
P27254,0.378,0.439,0.0528,0.394,0.334,0.42,0.237,0.205,0.331,0.569,0.375,0.255,0.297,0.225,0.206,0.569,0.265,0.276,0.285,0.333,0.306,0.28600000000000003,0.229,0.138
P0ADS2,14.22,12.56,12.09,10.55,12.59,11.12,20.55,22.33,23.37,18.01,22.3,27.28,10.26,9.743,8.738,18.01,10.3,8.985,30.51,23.44,23.36,27.0,19.81,19.95
P52037,0.109,0.117,1.538,1.7180000000000002,1.789,1.271,0.108,0.0549,0.0878,0.123,0.0919,0.087,0.269,0.156,0.495,0.123,0.723,0.454,0.127,0.1,0.109,0.139,0.125,0.138
P52045,0.6890000000000001,0.948,0.68,0.914,0.8540000000000001,0.945,0.586,0.6920000000000001,0.894,1.223,0.813,0.733,0.652,0.755,0.746,1.223,0.595,0.7,0.938,0.8,0.639,0.722,1.004,0.718
P52043,0.142,0.418,0.174,0.223,0.162,0.231,0.573,0.338,0.307,0.58,0.363,0.326,0.348,0.281,0.209,0.58,0.187,0.199,0.136,0.132,0.104,0.393,0.574,0.362
P52044,0.29100000000000004,0.209,0.243,0.0727,0.279,0.277,0.313,0.34700000000000003,0.718,0.644,0.376,0.487,0.5529999999999999,0.57,0.522,0.644,0.528,0.601,0.313,0.401,0.423,0.706,0.29100000000000004,0.569
Q46810,0.565,0.913,0.4920000000000001,0.371,0.499,0.29100000000000004,0.28600000000000003,0.194,0.258,0.541,0.441,0.34600000000000003,1.13,1.0659999999999998,0.787,0.541,1.027,1.026,0.561,0.268,0.26,0.256,0.265,0.242
P67444,0.0337,0.34700000000000003,0.392,0.229,0.22,0.365,0.482,0.652,0.521,0.84,0.7170000000000001,0.898,0.601,0.6609999999999999,0.522,0.84,0.43,0.626,0.578,0.14400000000000002,0.574,0.547,0.583,0.5479999999999999
P76641,0.34,0.366,0.539,0.653,0.72,0.525,0.601,0.818,0.7070000000000001,0.693,0.691,0.611,0.937,0.8079999999999999,1.05,0.693,0.754,0.905,0.785,0.867,0.746,0.82,0.518,0.643
Q46819,0.0735,0.053,0.0915,0.069,0.0655,0.0723,0.14800000000000002,0.0851,0.124,0.425,0.52,0.161,0.0826,0.0534,0.0637,0.425,0.0605,0.0668,0.0929,0.104,0.229,0.444,0.0756,0.0614
Q46820,0.132,0.263,0.696,0.29100000000000004,0.255,0.241,0.7120000000000001,0.253,0.392,0.848,0.317,0.166,0.5,0.225,0.197,0.848,0.28600000000000003,0.0912,0.409,0.303,0.306,0.531,0.44,0.435
Q46821,0.28300000000000003,0.138,0.21,0.168,0.054000000000000006,0.0355,0.334,0.0747,0.201,0.253,0.407,0.248,0.353,0.145,0.166,0.253,0.0522,0.0724,0.2,0.08,0.241,0.0859,0.0692,0.135
P64559,12.51,11.63,8.795,8.104,10.18,9.382,10.29,10.95,9.685,7.444,10.23,15.49,8.277999999999999,7.883999999999999,8.192,7.444,7.7189999999999985,8.323,14.91,11.31,13.57,15.06,11.27,11.18
P0ADE8,5.457999999999998,5.9,3.341,5.22,4.678,5.74,5.252999999999999,4.408,4.729,3.397,4.673,7.599,5.832000000000002,6.803,6.0139999999999985,3.397,7.157,6.211,6.309,5.728,5.507999999999999,6.665,5.009,4.896
P11667,1.152,1.569,1.1840000000000002,1.087,1.3869999999999998,1.537,2.137,2.15,1.961,1.311,2.053,2.645,2.884,3.465,3.1180000000000003,1.311,2.927,3.552,2.12,1.523,2.483,3.329,1.612,2.116
P0C0S1,5.466,3.217,3.512,4.064,5.278,4.61,44.17,55.12,46.65,29.31,43.74,46.86,8.709,11.89,8.371,29.31,7.3439999999999985,9.875,75.98,97.19,51.75,45.64,31.29,43.36
P11664,1.21,1.319,1.028,1.462,1.43,1.884,1.321,1.5119999999999998,1.444,1.21,1.62,1.7990000000000002,1.421,1.64,1.439,1.21,1.564,1.582,1.865,1.699,1.7009999999999998,2.021,1.384,1.584
P11663,3.812,3.612,3.533,2.245,3.792,2.958,4.1560000000000015,4.562,4.42,2.6710000000000003,4.104,4.2810000000000015,3.615,4.04,3.933,2.6710000000000003,3.324,3.962,4.494,3.973,4.783,4.614,3.86,4.426
P0ADS6,6.746,8.086,11.77,12.21,13.16,10.63,10.9,16.55,12.1,7.252999999999999,9.589,13.0,20.01,20.6,25.45,7.252999999999999,21.12,24.06,34.93,41.29,15.81,16.67,10.31,15.32
P21437,0.515,0.341,0.767,0.418,0.516,0.413,0.7020000000000001,0.316,0.447,0.726,0.636,0.146,0.597,0.355,0.434,0.726,0.498,0.284,0.507,0.411,0.514,0.67,0.617,0.501
P25894,2.176,2.6010000000000004,3.472,2.4290000000000003,2.769,3.13,2.3080000000000003,2.582,2.772,2.14,2.818,2.912,3.4410000000000003,3.568,3.545,2.14,3.3360000000000003,3.2030000000000003,4.833,4.912,2.7110000000000003,2.191,2.943,2.514
P0A8I5,12.55,16.25,7.007999999999999,8.804,10.46,11.52,16.78,19.87,18.9,9.637,19.86,24.49,5.724,8.28,6.3889999999999985,9.637,5.351,6.455,21.51,18.31,22.99,28.07,12.07,17.22
P0AGL7,8.896,9.076,8.367,9.536,10.58,8.941,8.181000000000001,8.177,7.042000000000002,7.204,8.065,9.841,6.409,6.606,5.4929999999999986,7.204,6.599,6.894,10.56,7.152,10.05,11.84,7.4289999999999985,10.03
P38521,21.07,23.59,12.71,14.09,16.31,16.87,28.37,35.13,32.7,16.57,31.09,37.54,14.62,18.95,15.01,16.57,13.71,15.41,44.54,41.7,41.81,43.34,26.97,31.83
P46142,0.107,0.239,0.45,0.334,0.348,0.268,0.445,0.652,0.403,0.317,0.436,0.502,0.472,0.321,0.314,0.317,0.269,0.298,0.622,0.659,0.425,0.384,0.531,0.541
P0ADS9,9.381,8.012,5.374,5.416,6.086,5.466,8.642999999999999,10.42,9.788,6.526,8.798,10.17,4.747,5.603,2.878,6.526,2.7310000000000003,4.095,13.89,19.58,13.09,12.42,10.34,12.92
P52052,0.7040000000000001,0.603,0.6729999999999999,0.7340000000000001,0.591,0.841,0.868,0.609,0.67,0.8809999999999999,0.747,0.84,0.57,0.6920000000000001,0.502,0.8809999999999999,0.41,0.594,0.499,0.447,0.6659999999999999,0.476,1.024,0.799
P67080,13.15,11.84,7.193,9.73,9.5,10.19,11.73,11.54,13.19,10.24,11.18,12.18,7.604,8.873,7.4460000000000015,10.24,8.425,9.28,10.51,9.684,13.49,13.65,13.01,12.99
P64564,10.78,11.54,8.705,10.36,11.88,12.31,8.949,10.02,10.79,9.057,8.957,9.837,8.654,10.15,9.501,9.057,10.01,9.529,9.368,7.5,9.999,12.04,10.58,10.29
P52060,13.54,15.63,11.06,11.49,13.36,15.44,11.0,11.97,12.59,8.556000000000001,11.04,12.93,8.908999999999997,11.12,9.498,8.556000000000001,10.78,10.9,11.14,8.728,11.22,11.23,10.47,11.47
P52061,12.68,10.43,8.981,9.755,12.19,10.31,7.735,8.014,9.246,6.8020000000000005,7.957999999999998,8.356,6.573,7.612999999999999,6.257999999999999,6.8020000000000005,6.568,7.807,8.522,6.432,7.941,8.542,8.555,9.386
P52062,4.4460000000000015,3.145,3.154,2.5660000000000003,3.821,3.494,3.512,4.479,3.914,4.034,4.132,4.043,1.853,2.102,1.795,4.034,1.735,2.522,3.472,2.539,4.126,3.1460000000000004,3.859,3.889
P0A8P3,15.14,15.32,15.91,12.95,18.46,12.52,14.75,16.86,13.74,10.97,12.53,16.03,7.882999999999999,9.169,7.599,10.97,7.045,7.186,20.91,22.04,16.74,18.48,14.38,16.0
P0AG84,1.202,1.31,1.79,1.345,1.057,1.378,2.057,1.982,2.0,1.897,2.006,1.983,2.673,2.637,2.825,1.897,3.072,2.7960000000000003,3.671,5.189,1.776,1.729,2.185,1.82
P0AA60,4.715,4.934,2.52,2.542,3.051,2.404,3.385,3.116,3.12,2.495,3.482,3.953,2.901,3.346,2.515,2.495,2.977,3.198,2.955,2.363,2.715,3.129,3.056,2.904
Q46832,0.879,0.65,0.7809999999999999,0.67,0.775,0.764,1.84,1.798,1.548,1.879,1.601,1.722,0.889,0.865,0.8220000000000001,1.879,0.716,0.77,1.966,2.264,1.843,1.875,2.091,1.902
Q46833,0.732,0.802,0.247,0.79,0.6659999999999999,0.775,1.465,1.672,1.404,1.415,1.982,2.3280000000000003,0.535,0.583,0.35600000000000004,1.415,0.488,0.472,1.744,1.412,1.896,2.056,1.766,1.7619999999999998
Q46839,0.247,0.321,0.203,0.552,0.411,0.506,0.375,0.417,0.451,0.794,0.63,0.593,0.551,0.408,0.361,0.794,0.5379999999999999,0.363,0.575,0.276,0.38,0.412,0.5710000000000001,0.34600000000000003
Q46841,0.522,0.48,0.603,0.785,0.405,0.863,0.273,0.306,0.376,0.897,0.503,0.354,0.779,0.505,0.48,0.897,0.66,0.6,0.523,0.835,0.448,0.35600000000000004,0.444,0.57
P64572,0.43,0.238,0.23,0.207,0.248,0.245,0.43,0.394,0.516,0.985,0.485,0.33,0.396,0.272,0.35100000000000003,0.985,0.231,0.317,0.448,0.696,0.417,0.425,0.74,0.7070000000000001
Q46843,0.462,0.375,0.45,0.336,0.454,0.276,0.4370000000000001,0.506,0.476,0.905,0.47,0.353,0.431,0.461,0.311,0.905,0.342,0.295,0.349,0.5,0.436,0.396,0.603,0.8290000000000001
Q46844,0.34,0.0621,0.102,0.079,0.211,0.116,0.138,0.305,0.257,0.623,0.335,0.101,0.374,0.08800000000000001,0.187,0.623,0.0655,0.253,0.293,0.225,0.294,0.21600000000000005,0.303,0.185
A0A385XJN2,8.738,8.736,3.347,8.695,9.372,10.27,5.382999999999999,4.9910000000000005,3.59,3.369,6.419,8.802,1.463,2.311,1.506,3.369,1.779,2.351,4.476,1.463,6.105,8.776,3.455,4.149
P0ADT2,14.6,13.38,16.86,17.47,20.84,17.31,13.45,13.03,12.37,10.45,10.71,13.19,13.38,13.67,12.71,10.45,14.23,13.97,12.16,9.667,14.06,17.15,13.97,12.65
P0ADT5,7.694,9.473,8.762,11.93,13.3,13.43,5.855,6.582000000000002,6.457000000000002,5.4929999999999986,6.52,7.397,9.988,9.822,9.425,5.4929999999999986,10.29,10.36,6.3279999999999985,4.253,8.174,12.4,6.395,7.262
P24197,0.648,0.54,0.772,0.445,0.479,0.5720000000000001,0.685,0.659,0.64,0.8340000000000001,0.878,0.767,0.794,0.7170000000000001,0.655,0.8340000000000001,0.546,0.737,0.85,0.927,0.813,0.76,0.7879999999999999,0.713
P0A8H3,2.002,2.354,2.273,2.178,2.182,2.182,2.3680000000000003,2.4930000000000003,2.442,1.747,2.196,2.369,2.4130000000000003,2.494,2.605,1.747,2.627,2.759,3.045,2.52,2.402,2.189,2.272,1.92
P30871,5.773,6.459,8.097000000000001,7.931,8.329,8.22,7.756,9.306,8.755,6.843,9.705,8.49,7.291,9.76,10.55,6.843,11.62,10.67,6.2970000000000015,5.832999999999998,9.874,11.44,9.394,9.712
P0AC16,7.891,6.722,5.127000000000002,3.448,5.82,5.39,10.82,11.15,9.292,8.825,9.439,12.5,3.218,3.388,2.495,8.825,2.32,2.421,6.8210000000000015,5.933,9.915,10.01,9.219,9.801
P60782,2.773,2.292,2.374,1.486,2.2430000000000003,2.176,1.12,1.628,1.518,1.474,1.731,1.699,1.54,2.0580000000000003,1.594,1.474,1.327,1.386,0.898,0.5489999999999999,1.771,1.262,1.266,1.276
P39834,0.551,0.403,0.258,0.317,0.325,0.32,0.502,0.655,0.682,1.08,0.787,0.6579999999999999,0.389,0.313,0.266,1.08,0.197,0.25,0.916,0.711,0.732,0.601,0.4970000000000001,0.602
P0ADT8,5.516,5.55,8.044,6.706,5.6610000000000005,4.718,5.495,6.4270000000000005,5.8260000000000005,4.542,5.367000000000001,6.059,12.27,10.75,5.845,4.542,10.28,11.58,5.7810000000000015,10.61,7.2970000000000015,8.689,8.761000000000001,10.4
P0ADU2,7.9129999999999985,7.337999999999999,9.351,6.4689999999999985,7.347,6.251,11.67,11.5,9.938,10.15,11.4,12.08,9.45,9.992,9.335,10.15,12.15,9.999,11.73,9.108,10.6,9.115,11.51,10.27
P45463,0.0919,0.0484,0.0915,0.0414,0.0425,0.0514,0.145,0.131,0.263,0.723,0.43,0.348,0.218,0.0431,0.0794,0.723,0.0373,0.0376,0.105,0.125,0.371,0.325,0.271,0.12
P0ADU5,1.45,1.35,1.581,1.507,1.2919999999999998,1.168,4.387,4.464,4.7010000000000005,4.242,4.4830000000000005,6.181,8.839,8.719,10.76,4.242,11.25,10.36,14.54,11.09,5.301,6.057,4.945,4.492
P52076,1.248,1.405,1.5719999999999998,1.149,1.157,0.979,2.529,2.499,2.218,2.8960000000000004,1.86,2.059,1.533,1.511,1.771,2.8960000000000004,1.7990000000000002,1.956,1.7619999999999998,2.296,1.791,1.592,2.9930000000000003,2.67
P40719,0.603,0.174,0.353,0.14800000000000002,0.34,0.135,1.039,0.493,0.728,0.921,0.983,0.87,0.6659999999999999,0.479,0.748,0.921,0.654,0.57,0.5329999999999999,0.46,0.68,0.7290000000000001,0.828,0.831
P05852,7.178,7.207999999999998,4.397,5.315,5.433,5.809,5.356,5.843,4.787,4.677,5.574,6.093,4.126,3.4930000000000003,4.248,4.677,4.81,4.5939999999999985,5.59,3.743,6.114,6.8679999999999986,6.542000000000002,6.103
P39414,0.547,0.154,0.318,0.377,0.166,0.426,0.557,0.4320000000000001,0.799,1.331,0.934,0.629,0.662,0.3670000000000001,0.606,1.331,0.518,0.258,0.462,0.355,0.307,0.655,0.662,0.415
P0A9H1,2.265,1.932,2.7880000000000003,2.049,3.221,2.321,3.665,3.751,3.3110000000000004,2.5810000000000004,4.078,4.072,3.83,3.889,4.515,2.5810000000000004,3.4760000000000004,4.333,2.6010000000000004,1.7280000000000002,3.447,3.393,2.939,3.248
P42588,0.121,0.0818,0.172,0.247,0.193,0.217,0.236,0.17600000000000002,0.122,0.625,0.149,0.13,0.759,0.25,0.657,0.625,0.8009999999999999,0.589,0.541,0.397,0.314,0.227,0.147,0.166
P42589,1.755,1.78,1.86,1.2819999999999998,1.5,1.821,1.65,1.588,1.463,1.641,1.211,1.384,1.579,1.7480000000000002,2.151,1.641,1.318,1.411,1.75,2.343,1.328,1.396,1.3969999999999998,1.666
P42590,0.368,0.501,0.8909999999999999,0.942,1.067,0.5379999999999999,0.0635,0.257,0.097,0.804,0.321,0.27,0.385,0.36,0.423,0.804,0.457,0.399,0.49,0.407,0.304,0.262,0.0765,0.2
P42591,0.375,0.218,0.5329999999999999,0.428,0.378,0.336,0.461,0.248,0.258,0.73,0.512,0.32299999999999995,0.316,0.309,0.199,0.73,0.257,0.274,0.29600000000000004,0.436,0.264,0.379,0.321,0.344
P42592,1.923,2.16,1.58,1.565,1.644,1.731,1.7919999999999998,1.264,1.423,1.472,1.5530000000000002,1.436,1.6130000000000002,1.586,1.308,1.472,1.3630000000000002,1.567,1.513,1.501,1.352,1.348,1.011,1.654
P42593,0.257,0.934,0.7120000000000001,0.5479999999999999,0.456,0.527,0.377,0.141,0.185,0.494,0.403,0.271,2.423,1.481,2.599,0.494,2.998,2.9610000000000003,0.528,0.199,0.5589999999999999,0.628,0.211,0.477
P67701,2.678,2.386,1.876,1.389,1.585,1.666,3.949,4.452,3.576,2.767,3.752,3.855,1.845,2.28,1.958,2.767,1.92,1.78,4.237,5.511,4.2780000000000005,4.822,5.023,4.5310000000000015
P64578,1.636,1.098,1.171,0.642,1.182,1.08,2.627,2.612,3.589,1.543,2.516,2.51,1.188,1.568,1.185,1.543,0.8540000000000001,1.154,2.559,2.481,2.8680000000000003,2.266,2.577,2.63
P42596,3.602,3.196,1.608,2.082,2.417,2.74,3.141,3.068,2.959,2.585,3.403,4.22,0.7240000000000001,0.9,0.624,2.585,0.685,0.7809999999999999,2.786,2.216,3.157,4.2810000000000015,3.139,2.819
P42597,2.095,2.7510000000000003,1.347,1.95,2.313,2.1180000000000003,2.574,2.149,2.149,1.794,2.454,3.252,1.914,2.116,1.875,1.794,1.997,2.236,2.21,2.036,2.252,2.623,2.485,2.115
P42598,0.433,0.431,0.39,0.282,0.46,0.311,0.821,0.667,0.529,1.09,0.675,0.614,0.532,0.392,0.308,1.09,0.456,0.433,0.5529999999999999,0.779,0.586,0.5920000000000001,0.67,0.506
P42599,1.133,1.959,1.558,1.618,1.202,1.021,0.677,0.55,0.632,0.684,0.8740000000000001,0.716,2.891,2.329,2.875,0.684,2.971,3.065,1.05,0.401,0.698,0.913,0.524,0.78
P42601,1.547,1.57,1.311,1.981,2.382,2.5810000000000004,1.879,1.6869999999999998,1.4680000000000002,1.6980000000000002,2.125,2.087,0.7,0.68,0.718,1.6980000000000002,0.633,0.773,1.586,1.497,2.089,2.477,1.929,2.027
P0AGE4,1.959,2.065,1.587,1.146,1.3130000000000002,1.102,1.37,1.596,1.324,1.412,1.659,1.54,0.931,0.9,1.52,1.412,1.378,1.212,1.178,1.5630000000000002,1.528,1.69,1.457,1.592
P42603,0.435,0.386,0.384,0.37,0.413,0.609,0.251,0.424,0.406,0.44,0.4320000000000001,0.365,0.504,0.4320000000000001,0.466,0.44,0.425,0.39,0.364,0.703,0.443,0.365,0.383,0.329
P11865,0.103,0.0106,0.153,0.0125,0.0115,0.011,0.126,0.131,0.111,0.396,0.183,0.0816,0.134,0.0824,0.0987,0.396,0.0489,0.0793,0.129,0.121,0.0365,0.057,0.01,0.0675
P11864,0.0505,0.0318,0.0151,0.0351,0.01,0.0147,0.015,0.07,0.0127,0.0603,0.0619,0.0633,0.01,0.0253,0.01,0.0603,0.0182,0.032,0.0516,0.215,0.104,0.01,0.01,0.0853
P23524,1.145,1.0659999999999998,2.725,1.866,2.5380000000000003,2.015,2.425,1.834,1.732,1.869,1.77,1.842,1.383,1.306,1.533,1.869,1.119,1.195,2.427,2.607,1.945,1.837,1.6369999999999998,1.713
P0ABQ2,1.975,1.989,2.9130000000000003,2.439,3.3510000000000004,2.73,2.459,2.11,2.188,2.343,1.932,1.932,2.363,2.287,3.091,2.343,2.5540000000000003,2.518,2.926,3.259,2.371,2.216,2.604,2.333
P23522,0.242,0.883,1.651,1.916,2.2,1.739,0.468,0.443,0.3670000000000001,1.075,0.726,0.317,1.626,1.088,1.987,1.075,2.04,1.7080000000000002,0.738,0.62,0.484,0.684,0.165,0.387
P39829,0.923,0.731,1.336,0.889,1.156,0.8270000000000001,0.8440000000000001,0.975,1.024,0.747,0.7659999999999999,0.445,1.133,0.99,1.408,0.747,1.419,1.258,1.081,0.812,0.672,0.775,0.586,0.779
P64590,1.884,2.239,1.975,1.4780000000000002,1.5519999999999998,1.472,2.843,2.742,2.853,1.784,2.194,2.786,2.182,2.208,2.3280000000000003,1.784,2.091,2.198,2.86,2.396,2.574,2.155,2.59,2.1
P64592,0.348,0.374,0.0707,0.0589,0.278,0.145,0.115,0.0851,0.118,0.526,0.28600000000000003,0.516,0.233,0.335,0.198,0.526,0.265,0.231,0.244,0.16,0.272,0.265,0.32299999999999995,0.107
P67660,2.168,2.176,2.589,2.482,2.379,2.231,1.584,2.2880000000000003,1.359,1.371,1.574,1.992,2.1830000000000003,2.556,1.788,1.371,1.4880000000000002,2.027,1.7919999999999998,1.257,1.7380000000000002,1.117,1.5490000000000002,1.722
P42624,0.547,0.442,0.569,0.618,0.675,0.4270000000000001,0.887,0.89,0.757,0.63,0.735,0.755,0.8059999999999999,0.792,0.835,0.63,0.825,0.695,1.046,1.128,0.8440000000000001,0.7709999999999999,0.583,0.841
P42625,6.19,7.29,6.949,4.011,6.247000000000001,3.584,6.114,8.133,5.777,4.513,4.655,7.7,8.381,7.032,6.515,4.513,5.223,6.388,8.61,6.379,7.035,8.206,4.391,6.042999999999998
P42628,3.023,4.657,5.7970000000000015,3.032,2.313,1.735,0.958,0.995,0.904,0.7979999999999999,0.8740000000000001,0.65,0.5429999999999999,0.5770000000000001,0.5720000000000001,0.7979999999999999,0.3670000000000001,0.5760000000000001,1.306,1.481,0.95,0.948,0.735,1.067
P0AGL2,0.789,0.466,1.126,1.251,1.277,1.102,1.408,1.278,1.358,1.069,1.298,1.289,1.001,0.983,1.6469999999999998,1.069,1.507,1.276,1.334,1.567,1.214,1.516,1.3259999999999998,1.523
P0AA80,0.0689,0.5,0.521,0.534,0.537,0.29600000000000004,0.266,0.0605,0.0552,0.37,0.13,0.0488,0.722,0.4370000000000001,0.617,0.37,0.57,0.4970000000000001,0.0637,0.151,0.0487,0.0601,0.0702,0.0512
P64594,2.662,1.912,2.5540000000000003,1.722,2.185,1.958,3.635,5.152,4.464,3.01,4.534,4.603,3.132,3.531,3.176,3.01,2.629,2.649,3.534,3.907,4.564,4.426,4.707,5.122999999999998
P0A8A8,65.88,48.5,31.29,32.33,43.67,41.24,57.75,66.23,59.05,49.75,51.46,61.23,15.52,20.27,15.49,49.75,16.0,18.8,58.57,69.84,60.58,53.59,65.43,58.67
P0AA73,23.65,16.93,6.522,8.307,12.9,11.22,11.61,13.34,11.66,6.711,13.12,15.83,1.7480000000000002,2.325,1.415,6.711,1.236,1.743,16.79,14.44,15.86,18.17,8.839,14.16
P0A9V1,20.89,11.92,16.7,13.06,13.8,13.13,10.28,15.02,14.49,9.254,12.78,10.19,10.96,11.38,10.21,9.254,11.11,12.47,11.62,14.32,13.82,14.8,15.5,19.14
P0AFX0,15.05,20.22,15.81,21.47,21.33,25.04,12.33,14.73,13.61,8.617,13.38,13.63,17.45,18.52,17.42,8.617,19.17,18.66,11.39,10.57,13.91,17.92,13.32,14.42
P0A894,7.688,5.9270000000000005,7.2810000000000015,7.4129999999999985,7.99,7.624,6.3210000000000015,6.225,7.411,5.819,8.037,9.169,4.76,5.829,5.636,5.819,5.8439999999999985,7.334,3.977,3.527,7.802,8.491,6.332000000000002,8.345
P0ABU5,3.899,3.148,6.09,4.789,5.098,4.288,6.54,7.153,7.024,6.0139999999999985,7.351,6.8439999999999985,7.994,7.099,7.242000000000001,6.0139999999999985,7.588999999999999,7.991,3.381,3.564,8.555,7.172999999999999,9.002,7.269
P0AFB1,50.74,40.57,15.74,26.58,30.38,28.57,29.17,31.64,27.6,22.36,31.37,42.95,7.244,9.298,7.372999999999998,22.36,9.371,8.283,48.44,35.64,33.96,40.92,28.98,33.66
P0ADV1,14.58,15.03,12.84,15.34,20.22,15.42,11.5,13.95,10.54,9.933,11.32,13.42,11.92,12.71,9.914,9.933,12.18,12.16,12.86,12.15,13.89,21.09,12.49,13.76
P45470,0.292,0.215,0.419,0.505,0.246,0.35,0.47,0.495,0.483,0.708,0.713,0.545,0.986,0.6970000000000001,1.05,0.708,1.194,1.027,3.341,2.6710000000000003,0.374,0.46,0.464,0.423
P67762,2.375,2.7960000000000003,2.869,2.066,2.643,2.1,1.981,1.931,1.7519999999999998,1.722,1.675,2.06,1.948,1.589,1.672,1.722,1.5119999999999998,1.681,2.608,2.795,2.023,2.045,2.006,1.793
P45472,0.908,0.757,1.203,1.006,0.779,1.141,2.3040000000000003,2.1630000000000003,2.668,1.672,2.747,2.375,1.084,1.025,0.937,1.672,0.944,0.981,3.852,2.475,2.055,2.892,2.329,1.992
P63417,3.0980000000000003,2.7060000000000004,4.245,2.835,2.845,2.396,4.025,3.298,3.611,2.521,3.765,3.488,3.334,3.258,2.955,2.521,3.114,3.577,4.127,4.3210000000000015,4.025,3.698,4.176,3.75
P64599,9.254,10.47,13.1,8.762,9.784,8.262,11.45,11.99,12.97,8.808,12.0,12.98,14.02,14.29,11.96,8.808,10.95,13.03,16.81,17.37,13.98,12.4,14.47,12.78
P45527,0.104,0.0939,0.152,0.194,0.12,0.231,0.18600000000000005,0.14800000000000002,0.258,0.619,0.129,0.129,0.173,0.182,0.149,0.619,0.193,0.337,0.408,0.248,0.131,0.156,0.448,0.314
P45475,0.309,0.0999,0.6629999999999999,0.37,0.294,0.11,0.892,0.596,0.52,0.892,0.608,0.573,0.563,0.381,0.376,0.892,0.29100000000000004,0.37,0.8009999999999999,0.867,0.48,0.534,0.672,0.555
P0ADV5,1.825,2.639,2.929,4.1789999999999985,3.438,3.967,1.714,1.466,1.487,1.89,1.981,2.023,2.849,2.958,3.483,1.89,3.613,3.745,2.022,1.601,1.743,2.027,1.886,1.517
P42640,0.452,0.391,0.408,0.375,0.3720000000000001,0.309,1.009,1.183,0.965,1.11,1.154,1.568,0.585,0.478,0.932,1.11,0.42,0.502,1.45,1.248,0.727,1.287,1.08,1.015
P0AGK4,40.82,37.25,20.32,17.59,24.38,21.11,43.82,52.25,43.01,34.63,44.75,56.23,13.96,20.67,13.8,34.63,10.36,13.97,47.99,38.54,49.08,39.29,40.66,42.28
P42641,9.573,9.043,3.514,5.372999999999998,4.831,7.423999999999999,9.575,11.01,11.22,5.4129999999999985,10.07,10.07,2.03,2.852,2.143,5.4129999999999985,1.86,2.156,11.7,14.96,13.08,12.02,9.287,12.23
P28722,0.0306,0.0394,0.0443,0.166,0.129,0.147,0.0778,0.0615,0.117,0.381,0.294,0.193,0.194,0.0993,0.0308,0.381,0.156,0.0814,0.701,0.476,0.0574,0.073,0.08199999999999999,0.0757
P0ADW3,6.914,7.7,8.75,7.4060000000000015,8.199,7.0779999999999985,11.49,11.47,11.95,7.452000000000001,12.19,15.55,8.887,8.732000000000001,8.704,7.452000000000001,8.715,9.688,17.48,13.54,12.59,13.23,11.82,10.06
P0ADW6,0.851,0.936,0.623,0.622,0.924,0.816,1.044,1.108,0.913,1.138,1.037,0.847,0.643,0.52,0.474,1.138,0.669,0.474,0.737,0.933,0.962,0.732,1.31,1.068
P45420,0.669,0.583,0.331,0.528,0.5479999999999999,0.627,0.364,0.653,0.5660000000000001,0.541,0.639,0.56,0.721,0.589,0.6,0.541,0.447,0.526,0.688,0.481,0.438,0.631,0.447,0.409
P45421,0.789,0.715,0.823,0.813,0.662,0.6709999999999999,0.6920000000000001,1.014,0.851,1.05,0.914,0.735,0.997,0.7140000000000001,0.909,1.05,0.6409999999999999,0.72,0.997,0.969,0.996,0.863,0.7559999999999999,0.93
P45422,0.8909999999999999,0.977,1.102,0.711,1.46,0.948,1.659,2.057,1.793,0.977,1.581,2.33,0.992,1.157,0.99,0.977,0.82,0.96,1.37,1.123,1.857,2.176,1.135,1.71
P45423,0.462,0.474,0.564,0.557,0.417,0.202,0.562,0.66,0.5920000000000001,0.637,0.5820000000000001,0.616,0.575,0.403,0.414,0.637,0.544,0.485,0.478,0.499,0.42,0.494,0.7190000000000001,0.525
P45424,0.773,0.662,4.6080000000000005,4.2860000000000005,3.18,3.091,0.151,0.5479999999999999,0.379,0.528,0.448,0.473,2.962,1.991,3.869,0.528,3.507,3.5,0.516,0.625,0.413,0.332,0.491,0.415
P45425,1.34,1.288,7.335,7.581,7.566,5.478,0.5720000000000001,0.664,0.684,0.841,0.746,0.917,4.671,3.074,6.7429999999999986,0.841,6.386,6.956,0.919,1.065,0.7759999999999999,0.923,1.182,0.986
P0A761,3.221,3.862,26.63,17.32,18.25,10.77,2.405,2.535,2.359,2.508,2.466,2.564,12.36,8.71,13.39,2.508,14.67,15.69,2.5540000000000003,3.419,2.959,2.388,3.375,2.846
P0A8W0,3.464,3.69,3.582,3.1460000000000004,3.518,3.26,4.418,3.056,2.901,2.347,4.11,5.004,3.706,3.5980000000000003,4.254,2.347,4.492,5.2639999999999985,3.759,3.095,4.862,5.551,4.1930000000000005,4.342
P45428,0.243,0.114,0.0924,0.162,0.0897,0.239,0.0778,0.0691,0.0807,0.224,0.0815,0.0946,0.29,0.241,0.191,0.224,0.197,0.132,0.108,0.0973,0.0391,0.0935,0.0383,0.199
P64612,1.4380000000000002,1.971,2.607,2.061,2.202,1.813,2.001,2.588,2.268,2.069,2.507,2.789,2.074,1.783,1.867,2.069,2.069,2.074,2.365,2.497,2.51,2.248,3.127,2.488
P64614,5.876,4.448,5.6789999999999985,4.164,6.574,4.996,9.04,12.34,12.63,7.269,9.972,11.31,1.7380000000000002,1.906,1.242,7.269,1.226,1.194,13.02,16.15,12.69,11.7,13.12,14.77
P64616,0.398,0.254,0.404,0.435,0.439,0.412,0.475,0.632,0.54,0.61,0.524,0.318,1.045,0.8270000000000001,1.301,0.61,1.081,1.102,1.197,1.592,0.414,0.443,0.5589999999999999,0.52
P46481,0.391,0.303,0.256,0.439,0.35600000000000004,0.263,0.5870000000000001,0.833,0.925,1.202,0.923,0.8420000000000001,0.302,0.29,0.303,1.202,0.332,0.253,0.853,0.989,0.8190000000000001,0.8079999999999999,0.969,0.986
P46482,0.45,0.462,0.561,0.518,0.609,0.485,0.767,1.027,1.007,0.991,1.11,1.027,0.6890000000000001,0.3720000000000001,0.557,0.991,0.55,0.509,1.041,0.84,0.852,1.011,1.122,0.6859999999999999
P46478,0.508,0.333,0.301,0.458,0.421,0.458,0.904,0.603,0.643,0.667,0.685,0.667,0.444,0.316,0.382,0.667,0.6459999999999999,0.452,0.529,0.377,0.732,0.79,0.545,0.501
P67662,0.954,1.087,1.116,1.347,1.22,1.53,1.69,1.426,1.642,1.7280000000000002,1.934,1.87,1.231,1.319,1.268,1.7280000000000002,1.371,1.239,1.207,1.252,1.82,2.141,1.959,1.857
P13518,1.054,1.03,1.939,1.4269999999999998,1.606,1.127,1.127,1.489,1.507,1.097,1.771,1.714,2.019,2.066,1.244,1.097,0.802,2.089,2.088,1.933,2.251,1.88,1.16,1.7009999999999998
P25536,7.591,6.7120000000000015,7.023,5.1160000000000005,8.078,6.795,6.814,7.616,9.715,6.31,7.69,8.014,5.78,5.899,5.332000000000002,6.31,4.766,5.834,5.482,6.659,7.991,6.789,8.744,8.588
P0ABT5,56.76,56.6,19.03,20.78,29.24,32.81,66.39,74.2,67.58,35.4,60.42,71.39,11.63,20.19,8.2,35.4,8.905,12.17,69.07,67.48,67.83,66.74,61.4,53.76
P26646,2.934,3.011,3.623,4.04,3.83,2.829,2.048,2.774,2.4130000000000003,1.967,1.801,1.931,5.295,4.633,5.435,1.967,5.287000000000001,6.985,2.978,3.745,2.168,3.082,1.671,2.501
P28638,0.115,0.0636,0.113,0.0489,0.195,0.0796,0.387,0.3670000000000001,0.382,0.6759999999999999,0.366,0.253,0.334,0.122,0.289,0.6759999999999999,0.226,0.161,0.32,0.444,0.34700000000000003,0.385,0.313,0.487
P0ACS5,1.28,1.19,1.659,2.148,2.883,2.247,1.455,1.515,1.33,1.602,1.761,1.828,1.6740000000000002,1.495,2.681,1.602,2.337,1.72,1.429,0.66,1.39,1.682,1.419,0.952
P36677,5.7120000000000015,5.393,8.341000000000001,8.337,13.55,10.83,6.096,5.607,5.143,3.303,4.308,5.33,6.158,5.695,9.365,3.303,8.494,6.1320000000000014,4.985,3.3560000000000003,6.204,5.039,4.405,3.285
P45566,7.077000000000001,5.544,3.515,3.675,4.9510000000000005,4.511,5.924,7.5939999999999985,5.733,5.102,5.372000000000001,6.263,1.4580000000000002,1.904,1.307,5.102,1.151,1.276,4.55,6.585,7.8,7.308,6.829,8.888
P64619,1.979,2.5340000000000003,0.964,0.645,0.792,1.02,1.239,1.258,0.956,0.8909999999999999,0.94,1.198,3.883,4.6160000000000005,3.27,0.8909999999999999,2.951,3.978,0.546,0.603,0.659,1.05,0.759,1.001
P64622,0.79,0.83,0.606,0.489,0.636,0.579,1.185,1.15,1.145,1.271,1.105,1.026,0.63,0.539,0.569,1.271,0.655,0.5,1.212,1.744,0.982,0.847,1.15,1.046
P45766,0.461,0.273,0.321,0.308,0.225,0.165,0.767,0.687,0.6509999999999999,1.065,0.711,0.563,0.552,0.355,0.385,1.065,0.299,0.415,0.7340000000000001,0.7170000000000001,0.545,0.376,0.61,0.544
P45767,0.0168,0.0212,0.0745,0.0176,0.0115,0.0233,0.05,0.053,0.0404,0.331,0.0417,0.0969,0.184,0.014,0.0379,0.331,0.0464,0.0383,0.0336,0.0267,0.0322,0.0274,0.0301,0.0539
P45768,0.0904,0.451,0.315,0.359,0.418,0.415,0.184,0.14400000000000002,0.331,0.521,0.233,0.34,0.463,0.435,0.35100000000000003,0.521,0.365,0.3720000000000001,0.449,0.14400000000000002,0.0966,0.241,0.123,0.258
P45769,0.199,0.215,0.65,0.601,0.594,0.598,0.768,0.5489999999999999,0.518,0.674,0.7020000000000001,0.688,0.7509999999999999,0.486,0.61,0.674,0.551,0.6629999999999999,0.929,0.7509999999999999,0.747,0.809,0.547,0.7140000000000001
P0AE56,2.859,3.358,2.654,2.518,2.2230000000000003,2.957,4.914,6.06,5.4,3.31,5.472,7.576,1.3090000000000002,1.526,1.487,3.31,1.556,1.432,4.11,5.876,5.686,5.959,4.374,6.5539999999999985
P13656,0.7240000000000001,0.7340000000000001,0.7440000000000001,0.6409999999999999,0.5429999999999999,0.758,1.167,1.07,1.126,0.792,1.628,1.411,0.7929999999999999,0.883,0.645,0.792,0.664,0.872,1.429,1.1909999999999998,1.134,1.227,1.429,1.23
P45756,1.279,0.984,1.121,0.835,1.425,1.089,1.276,1.301,1.222,1.912,1.285,1.18,0.949,0.977,0.925,1.912,0.758,0.657,1.206,1.655,1.257,0.78,1.149,1.211
P45757,0.527,0.397,0.14800000000000002,0.0502,0.314,0.234,0.0635,0.442,0.152,0.725,0.397,0.505,0.35200000000000004,0.199,0.213,0.725,0.207,0.133,0.768,0.764,0.247,0.316,0.53,0.631
P45758,0.328,0.0939,0.13,0.168,0.184,0.254,0.0635,0.112,0.118,0.509,0.3720000000000001,0.0709,0.28600000000000003,0.25,0.233,0.509,0.245,0.204,0.272,0.188,0.232,0.141,0.16399999999999998,0.321
P45759,0.605,0.412,0.0886,0.35700000000000004,0.3670000000000001,0.336,0.209,0.654,0.6559999999999999,1.153,0.7659999999999999,0.928,0.245,0.36,0.269,1.153,0.274,0.339,0.708,0.491,0.601,0.438,0.618,0.7140000000000001
P45760,0.109,0.0818,0.08199999999999999,0.14400000000000002,0.0655,0.0845,0.131,0.0728,0.381,0.502,0.28600000000000003,0.214,0.215,0.232,0.228,0.502,0.211,0.21600000000000005,0.245,0.0747,0.224,0.0593,0.121,0.0832
P45761,0.0597,0.0484,0.0688,0.14400000000000002,0.152,0.0245,0.0578,0.0766,0.0743,0.465,0.102,0.0801,0.154,0.0993,0.0487,0.465,0.0332,0.0821,0.0895,0.139,0.0783,0.0662,0.0856,0.0819
P45762,0.345,0.34700000000000003,0.0839,0.28300000000000003,0.207,0.205,0.25,0.208,0.205,0.358,0.34700000000000003,0.359,0.28300000000000003,0.279,0.31,0.358,0.112,0.315,0.3670000000000001,0.0933,0.248,0.3,0.18,0.236
P45763,0.475,0.483,0.419,0.403,0.54,0.397,0.535,0.63,0.7020000000000001,0.639,0.621,0.733,0.586,0.537,0.493,0.639,0.394,0.353,0.674,0.485,0.634,0.591,0.426,0.578
P45530,9.009,6.484,14.69,10.68,17.23,12.36,11.42,13.81,13.34,9.02,10.86,10.66,5.86,6.404,8.302999999999999,9.02,6.59,7.24,11.42,14.84,13.71,13.58,12.32,15.03
P45531,4.005,4.08,5.0939999999999985,5.032,5.6720000000000015,5.166,4.816,5.316,5.027,4.948,5.42,4.84,3.41,4.4289999999999985,3.897,4.948,4.14,4.705,4.6610000000000005,6.357,5.994,6.176,7.2,7.336
P45532,5.2860000000000005,3.582,6.145,5.665,5.954,5.273,6.28,7.879,7.35,5.275,5.877000000000002,5.3679999999999986,3.936,4.36,4.1610000000000005,5.275,4.766,4.5939999999999985,6.277,8.144,7.899,7.186,8.122,8.894
P64624,5.207000000000002,7.617000000000001,6.67,8.964,8.641,7.895,7.832000000000002,7.569,7.651,5.272,8.515,9.116,7.972,9.238,8.61,5.272,8.982000000000003,10.1,7.962999999999999,5.4910000000000005,8.722000000000001,11.2,8.169,8.405
P0A756,2.234,2.737,2.256,2.182,2.387,2.418,1.933,2.05,2.055,2.135,2.156,2.239,1.785,2.207,2.084,2.135,2.021,2.369,1.767,1.94,1.865,1.824,2.503,1.828
P63389,15.56,11.71,10.89,10.03,13.08,12.67,15.34,16.36,14.11,13.75,14.43,14.66,8.597999999999999,8.436,7.866,13.75,8.546,6.959,12.56,14.93,17.42,19.05,17.83,18.09
P45524,4.928,4.145,2.903,3.194,3.46,5.841,3.832,3.865,4.146,4.436,5.107,5.965,4.3580000000000005,5.621,5.209,4.436,4.041,5.894,2.742,1.901,5.737,5.737,3.451,4.254
P67624,3.4360000000000004,4.056,2.912,3.518,3.752,3.818,3.2910000000000004,3.518,3.72,2.752,4.1,5.323,4.453,4.973,4.069,2.752,4.484,4.8039999999999985,2.799,2.221,4.68,5.678,3.854,4.425
P0ADX1,6.181,6.009,6.504,4.46,5.73,5.112,5.981,5.497000000000001,4.801,4.045,5.71,7.109,7.064,6.957000000000002,5.551,4.045,6.167000000000002,7.302,5.04,4.067,5.454,5.325,6.175,5.222
P60778,4.438,2.351,0.935,1.056,1.168,1.369,7.369,7.771,8.11,6.86,9.084,9.924,0.536,0.589,0.381,6.86,0.4,0.5589999999999999,4.0939999999999985,2.407,8.158999999999999,7.802,7.954,7.518
P0ADX5,0.35200000000000004,0.123,0.464,0.317,0.634,0.404,0.147,0.535,0.348,0.445,0.468,0.452,0.669,0.6729999999999999,0.917,0.445,0.954,0.764,0.645,0.512,0.258,0.394,0.433,0.5720000000000001
P45537,2.926,3.19,3.483,3.029,2.989,2.77,1.82,1.967,2.294,2.406,2.254,2.394,1.702,1.905,1.766,2.406,1.814,1.892,1.795,1.916,2.09,2.228,2.682,2.389
P64627,0.485,0.409,0.529,0.439,0.38,0.49,0.574,0.613,0.7879999999999999,0.446,0.648,0.737,0.326,0.29,0.3,0.446,0.203,0.253,0.7829999999999999,0.841,0.557,0.5720000000000001,0.364,0.517
P45539,0.023,0.0394,0.0698,0.0577,0.0356,0.0306,0.0571,0.035,0.0255,0.0375,0.0287,0.0244,0.0475,0.044,0.0515,0.0375,0.0348,0.125,0.0275,0.0333,0.0244,0.0266,0.0364,0.03
P0AC00,0.251,0.852,0.957,1.213,1.198,0.947,0.363,0.155,0.212,0.6779999999999999,0.502,0.394,0.88,0.675,0.904,0.6779999999999999,1.181,0.918,0.534,0.635,0.41,0.29,0.138,0.764
P45543,0.87,0.6920000000000001,0.597,0.875,0.809,0.626,0.611,0.871,0.964,0.898,0.8390000000000001,1.235,0.598,0.737,0.5660000000000001,0.898,0.677,0.7190000000000001,1.135,1.195,0.789,0.878,0.862,0.604
P45544,1.828,1.724,1.329,1.4509999999999998,1.777,1.863,2.395,2.5660000000000003,2.296,1.445,2.423,3.188,2.081,2.076,1.901,1.445,1.865,2.244,2.343,1.765,2.7060000000000004,3.304,2.206,2.819
P45545,0.6829999999999999,0.8240000000000001,0.957,0.928,0.989,0.972,1.362,1.041,1.116,1.463,1.045,1.179,0.948,0.757,0.797,1.463,1.016,0.636,1.093,1.531,1.069,1.101,1.185,1.182
P45546,0.8220000000000001,0.506,0.754,0.647,0.92,0.607,1.167,1.175,1.257,1.995,1.403,1.335,1.069,0.823,0.862,1.995,0.873,0.865,1.228,1.907,1.44,1.274,1.857,1.594
P64631,0.508,0.3,0.51,0.527,0.429,0.3670000000000001,0.612,0.36,0.474,0.7120000000000001,0.506,0.514,0.573,0.488,0.423,0.7120000000000001,0.613,0.399,0.362,0.727,0.507,0.462,0.386,0.516
P45548,0.181,0.0439,0.248,0.253,0.0954,0.087,0.118,0.104,0.118,0.39,0.26,0.125,0.0981,0.16699999999999998,0.157,0.39,0.225,0.129,0.139,0.147,0.156,0.278,0.0747,0.126
P45549,0.485,0.5479999999999999,0.5489999999999999,0.52,0.376,0.387,0.551,0.348,0.399,0.7120000000000001,0.526,0.545,0.54,0.434,0.379,0.7120000000000001,0.526,0.484,0.583,0.473,0.454,0.514,0.53,0.527
P45550,0.6970000000000001,0.316,0.203,0.421,0.44,0.4370000000000001,0.465,0.415,0.42,0.813,0.532,0.384,0.5529999999999999,0.438,0.429,0.813,0.413,0.224,0.34600000000000003,0.475,0.413,0.44,0.293,0.336
P45551,0.853,1.529,0.18,0.622,0.655,0.628,0.415,0.453,0.227,0.604,0.43,0.812,0.862,1.113,0.936,0.604,0.916,1.006,0.564,0.0853,0.57,0.525,0.229,0.369
P45552,2.093,2.892,0.983,0.804,0.721,0.8540000000000001,1.011,1.21,1.3630000000000002,1.785,1.528,1.477,1.24,1.117,1.644,1.785,1.382,1.5730000000000002,1.085,0.98,1.504,1.469,1.779,1.475
P31667,0.8220000000000001,0.471,0.513,0.555,0.447,0.735,0.979,0.937,0.879,0.7829999999999999,0.981,1.13,0.8859999999999999,0.898,0.643,0.7829999999999999,0.6759999999999999,0.722,0.812,0.8690000000000001,0.867,0.936,0.787,0.807
P45804,1.988,1.52,2.18,1.324,1.864,1.465,1.62,2.117,2.535,1.829,1.514,1.741,2.507,1.77,2.072,1.829,1.941,2.115,1.433,1.569,1.859,1.346,2.035,1.5930000000000002
P46837,10.23,9.361,7.3,9.352,10.01,10.01,8.443,10.8,9.563,5.6770000000000005,8.687000000000001,9.548,9.471,11.7,9.864,5.6770000000000005,9.292,10.86,7.896,10.14,12.1,15.47,9.028,10.53
P64638,2.562,2.009,1.741,1.616,1.392,2.214,4.008,5.875,5.528,4.336,6.482,7.371,1.307,2.364,1.467,4.336,1.028,1.45,3.664,4.572,6.496,5.987,5.9620000000000015,6.068
P46846,12.13,10.71,11.44,12.92,19.43,14.0,13.03,13.77,15.15,6.877000000000002,12.54,17.79,8.719,8.892000000000003,10.78,6.877000000000002,10.42,11.95,12.28,10.44,11.43,14.62,9.425,11.05
P63020,40.09,40.69,30.36,35.78,45.41,44.3,37.75,36.35,32.79,26.68,38.04,47.7,22.07,26.04,28.06,26.68,27.3,26.84,38.45,31.28,40.58,46.99,34.18,32.68
P67143,2.1790000000000003,1.768,1.113,1.087,1.2,1.467,1.751,1.655,1.7519999999999998,1.484,1.635,1.734,1.119,1.189,0.857,1.484,0.8859999999999999,0.7559999999999999,2.141,2.067,1.773,1.4380000000000002,2.005,1.586
P0ADX7,0.89,0.606,0.785,0.325,0.634,0.741,2.759,2.18,1.526,1.54,1.832,2.162,1.689,3.357,1.68,1.54,2.072,2.001,2.755,2.915,1.5830000000000002,2.406,2.182,1.395
P0ADX9,6.187,6.316,4.141,3.845,5.783,5.325,7.1960000000000015,7.763,7.082000000000002,6.959,7.282,8.886000000000003,3.782,4.11,3.667,6.959,3.678,3.543,6.343,6.555,7.83,8.222000000000001,9.021,7.928
P0A6Z6,1.3259999999999998,1.328,1.384,1.169,1.274,1.0659999999999998,1.803,1.716,1.482,1.3730000000000002,2.04,1.749,1.289,1.294,0.976,1.3730000000000002,1.163,1.281,1.551,1.492,1.408,1.75,1.5119999999999998,1.703
P28911,0.524,0.239,0.695,0.293,0.414,0.35600000000000004,1.111,1.205,1.197,1.241,1.161,1.222,0.652,0.42,0.488,1.241,0.466,0.4270000000000001,1.565,1.564,1.094,0.982,0.902,1.145
P28912,0.0184,0.0121,0.0217,0.108,0.12,0.14800000000000002,0.04,0.0303,0.0262,0.126,0.237,0.2,0.294,0.256,0.093,0.126,0.308,0.0724,0.33,0.188,0.0339,0.122,0.0301,0.0198
P0AGH1,1.257,0.7340000000000001,0.701,1.155,1.54,1.3030000000000002,2.365,2.065,1.773,2.152,2.267,2.6,1.741,1.932,2.412,2.152,2.608,2.66,1.917,1.419,2.533,2.833,2.3480000000000003,2.036
P37613,4.4060000000000015,4.354,4.515,4.223,3.694,3.697,5.085,4.237,3.759,4.244,4.545,4.758,2.188,1.816,2.014,4.244,2.021,2.072,3.995,2.281,4.537,4.833,4.11,4.615
P37614,2.479,2.047,2.051,1.812,1.808,2.0780000000000003,2.068,2.0340000000000003,3.323,2.849,2.812,2.188,1.11,1.46,1.372,2.849,1.4680000000000002,1.077,2.05,2.4730000000000003,2.689,1.732,2.9730000000000003,2.947
P37615,1.974,2.431,2.193,1.747,2.3,2.207,6.134,4.7189999999999985,4.605,3.613,4.998,4.41,4.131,4.65,4.03,3.613,4.085,4.4110000000000005,6.568,3.62,4.628,4.438,4.769,3.153
P0ADI9,1.436,1.909,1.273,1.777,1.5930000000000002,1.653,1.499,1.098,1.471,0.8029999999999999,1.079,1.185,2.528,2.8,2.7460000000000004,0.8029999999999999,3.388,3.297,1.462,1.032,1.246,1.314,1.5830000000000002,0.901
P0A890,6.482,4.765,3.6,4.6160000000000005,5.4670000000000005,4.674,6.853,8.963,7.776,4.043,7.9860000000000015,12.88,3.161,3.5210000000000004,3.285,4.043,3.279,3.208,8.174,8.373,9.903,10.99,6.202000000000001,7.928
P37619,1.095,1.07,0.649,0.966,1.025,0.919,1.506,1.237,1.4369999999999998,0.848,1.643,1.668,0.7140000000000001,0.627,0.691,0.848,0.575,0.722,1.696,1.188,1.736,2.175,1.248,1.5019999999999998
P37621,1.02,0.883,1.344,0.6659999999999999,1.003,0.836,1.2009999999999998,1.472,1.661,0.976,1.369,1.5,1.028,1.027,1.048,0.976,1.007,1.164,1.088,1.3869999999999998,1.827,1.4369999999999998,1.231,1.806
P0AGM0,0.913,0.71,1.087,0.799,0.959,0.767,1.075,1.168,1.126,0.758,0.926,0.955,1.156,1.151,1.506,0.758,1.007,1.099,1.457,1.556,0.991,0.985,0.767,1.0590000000000002
P37623,4.76,5.627999999999999,3.918,4.231,5.39,4.675,4.091,4.225,2.9560000000000004,2.29,3.947,5.5,2.437,2.5810000000000004,2.592,2.29,2.41,2.741,5.558,2.835,4.16,5.41,3.026,3.173
P46852,0.732,0.86,1.129,1.043,1.003,1.018,0.96,0.8540000000000001,0.838,0.867,0.779,0.8340000000000001,1.117,0.7440000000000001,1.142,0.867,1.061,0.818,1.165,1.171,1.1,1.175,1.093,0.737
P46853,2.271,2.763,3.963,4.564,4.515,3.953,2.051,1.922,1.591,1.331,1.898,1.834,3.143,3.256,3.129,1.331,3.42,3.743,2.629,3.192,2.0540000000000003,2.549,1.795,2.008
P46854,0.161,0.173,0.261,0.527,0.3670000000000001,0.262,0.113,0.198,0.0673,0.35200000000000004,0.215,0.278,0.603,0.45,0.618,0.35200000000000004,0.608,0.5920000000000001,0.162,0.127,0.305,0.348,0.0984,0.342
P46855,0.01,0.01,0.0462,0.01,0.01,0.01,0.0243,0.0199,0.103,0.0883,0.0776,0.0725,0.0826,0.0843,0.0322,0.0883,0.0116,0.0348,0.224,0.149,0.0609,0.0654,0.01,0.0737
P0AFV2,0.199,0.241,0.13699999999999998,0.163,0.151,0.173,0.348,0.155,0.201,0.458,0.304,0.275,0.366,0.36,0.311,0.458,0.408,0.349,0.252,0.28300000000000003,0.138,0.25,0.108,0.183
P63204,0.01,0.0167,0.01,0.0389,0.0299,0.01,0.01,0.202,0.13699999999999998,0.297,0.198,0.198,0.8140000000000001,1.055,1.075,0.297,1.21,1.117,0.119,0.0573,0.13,0.08900000000000001,0.13,0.01
P37195,0.0873,0.0727,0.0434,0.14800000000000002,0.0483,0.011,0.0771,0.136,0.097,0.299,0.218,0.11,0.238,0.252,0.14800000000000002,0.299,0.23,0.162,0.0904,0.127,0.129,0.118,0.0802,0.146
P37624,0.5529999999999999,0.59,1.226,1.317,1.233,0.969,1.937,2.064,2.263,1.829,1.6769999999999998,1.7080000000000002,2.411,2.97,2.793,1.829,2.541,2.761,1.543,2.165,1.949,1.929,2.4930000000000003,2.267
P37626,1.381,1.879,2.1790000000000003,3.595,2.316,2.146,6.06,5.612,5.167000000000002,4.436,5.095,4.898,7.4289999999999985,7.359,7.301,4.436,8.731,8.478,5.449,5.56,6.671,8.735,6.005,6.424
P37627,0.168,0.117,0.112,0.0527,0.0908,0.108,0.219,0.255,0.336,0.468,0.35200000000000004,0.218,0.202,0.225,0.185,0.468,0.233,0.18,0.453,0.556,0.282,0.316,0.248,0.25
P37629,0.0582,0.188,0.049,0.109,0.0103,0.0233,0.124,0.0464,0.0779,0.152,0.32,0.116,0.107,0.0225,0.0179,0.152,0.0182,0.0856,0.329,0.08,0.134,0.0487,0.0556,0.158
P37629,0.254,0.201,0.17800000000000002,0.171,0.0805,0.118,0.133,0.181,0.101,0.395,0.245,0.193,0.161,0.134,0.0565,0.395,0.122,0.0856,1.113,0.967,0.17600000000000002,0.223,0.152,0.18600000000000005
P37630,0.194,0.192,0.0339,0.0313,0.14300000000000002,0.0612,0.444,0.204,0.261,0.815,0.622,0.32299999999999995,0.209,0.13699999999999998,0.0859,0.815,0.0962,0.023,0.3670000000000001,0.593,0.32299999999999995,0.321,0.422,0.386
P37631,3.2910000000000004,2.812,0.939,1.653,1.848,2.841,3.215,2.772,3.254,2.639,3.279,4.08,0.809,1.3119999999999998,1.165,2.639,1.259,1.088,2.488,3.084,3.037,5.412000000000001,3.3310000000000004,3.862
P0A8S5,0.6509999999999999,0.391,0.71,0.637,0.649,0.6759999999999999,1.435,1.34,1.346,1.166,0.998,1.064,1.859,1.5659999999999998,2.244,1.166,1.51,1.964,1.257,1.436,0.905,0.7809999999999999,1.057,1.048
P36837,3.028,3.108,4.313,2.688,2.462,2.442,3.237,3.004,2.5980000000000003,2.985,2.801,2.744,6.02,4.779,5.325,2.985,5.849,6.374,2.114,3.028,3.153,2.696,4.386,3.6010000000000004
P68567,3.1,1.997,3.462,5.105,6.226,7.275,3.747,4.091,5.211,4.602,5.011,6.359,1.776,1.884,2.3280000000000003,4.602,2.764,2.302,3.738,3.212,5.2170000000000005,4.92,6.032,5.377999999999999
P37634,4.093,4.498,2.393,3.589,3.563,4.462,2.466,1.793,2.286,2.177,2.565,2.214,1.989,2.139,1.759,2.177,1.934,2.174,1.928,1.783,2.937,3.389,2.511,3.055
P37635,0.0628,0.01,0.0141,0.0464,0.0345,0.0649,0.0214,0.189,0.16,0.208,0.17,0.103,0.108,0.0852,0.0909,0.208,0.0232,0.0654,0.138,0.107,0.14,0.115,0.0273,0.121
P37636,0.675,0.4270000000000001,0.326,0.484,0.27,0.4320000000000001,0.736,0.657,0.733,1.51,0.955,0.8290000000000001,1.008,1.043,1.16,1.51,1.495,1.19,0.478,0.725,0.733,0.7659999999999999,0.89,0.828
P37637,0.6459999999999999,0.627,0.677,0.608,0.551,0.425,0.606,0.609,0.6970000000000001,1.195,0.799,0.606,0.785,0.85,0.6990000000000001,1.195,0.962,0.862,0.617,0.701,0.672,0.637,0.703,0.5539999999999999
P63201,0.303,0.273,0.259,0.248,0.354,0.304,0.616,0.705,0.961,0.927,0.821,0.7829999999999999,1.858,1.944,2.155,0.927,2.134,2.1590000000000003,0.254,0.365,0.682,0.623,0.6579999999999999,0.7090000000000001
P37639,0.224,0.191,0.307,0.416,0.259,0.316,1.94,2.398,2.651,2.137,2.757,2.748,3.228,4.374,4.462,2.137,4.21,4.384,1.68,2.873,2.273,2.532,1.936,2.192
P37197,0.391,0.22,0.33,0.285,0.334,0.26,0.762,0.778,0.893,1.246,0.899,0.7959999999999999,0.534,0.317,0.191,1.246,0.226,0.22,0.755,0.997,0.833,0.636,0.8859999999999999,0.889
P37640,1.069,1.045,0.913,0.8190000000000001,0.982,0.6709999999999999,1.481,1.554,1.329,2.104,1.774,1.492,1.031,1.079,0.677,2.104,0.672,0.685,1.211,1.255,1.494,1.262,1.262,1.4409999999999998
P37641,1.262,1.528,1.775,1.518,2.106,1.372,2.156,2.362,2.074,2.067,1.993,2.011,2.01,2.58,2.155,2.067,2.309,2.414,1.88,1.6269999999999998,2.827,2.91,2.053,2.325
P37642,0.983,0.858,2.008,1.476,1.399,1.085,1.735,1.924,1.849,1.71,1.864,1.584,2.653,2.28,2.942,1.71,2.806,3.029,1.238,1.693,1.87,1.868,2.09,2.171
P37643,0.25,0.156,0.35700000000000004,0.696,0.378,0.29,0.369,0.418,0.34700000000000003,0.779,0.188,0.221,0.493,0.444,0.321,0.779,0.5760000000000001,0.3720000000000001,0.324,0.452,0.32299999999999995,0.313,0.529,0.464
P37645,1.619,0.74,1.582,1.08,1.948,1.51,0.23,0.197,0.39,0.934,0.398,0.227,0.81,0.426,0.753,0.934,0.7440000000000001,0.534,0.391,0.777,0.29600000000000004,0.136,0.2,0.184
P37646,27.59,24.15,27.57,31.0,38.79,31.74,3.867,2.338,2.604,3.341,2.04,2.03,9.996,8.152999999999999,6.925,3.341,6.76,7.766,0.931,1.144,0.933,0.914,0.919,0.92
P37648,5.729,6.391,6.824,4.9830000000000005,5.627999999999999,4.816,5.899,7.066,7.504,5.359,6.522,6.501,4.703,5.516,2.897,5.359,2.908,4.171,7.662000000000001,7.6320000000000014,7.677,8.086,7.989,8.531
P37649,3.089,2.715,2.744,2.276,2.778,2.344,2.959,3.238,3.1830000000000003,2.803,2.758,3.2460000000000004,2.195,2.389,2.536,2.803,2.462,2.142,2.423,2.155,3.249,2.919,3.349,2.874
P37650,0.466,0.615,0.898,0.86,0.918,0.95,0.607,0.764,0.604,1.475,0.942,0.94,1.296,1.287,1.138,1.475,1.347,1.295,1.402,1.132,0.833,0.8,1.03,0.6679999999999999
P37651,1.07,0.745,0.6559999999999999,0.677,0.72,0.72,0.8270000000000001,0.997,1.091,1.107,0.976,0.868,0.644,0.654,0.546,1.107,0.606,0.539,0.996,1.015,1.028,1.022,1.063,0.872
P37652,0.541,0.6809999999999999,0.153,0.693,0.695,0.747,0.29100000000000004,0.6609999999999999,0.574,1.237,0.87,0.925,0.265,0.5,0.457,1.237,0.536,0.374,0.657,0.22,0.8190000000000001,0.5479999999999999,0.561,0.568
P37653,0.459,0.755,0.657,0.459,0.69,0.6609999999999999,1.159,0.926,0.564,0.916,0.996,0.966,0.514,0.285,0.187,0.916,0.146,0.426,0.66,1.004,0.906,0.418,0.852,0.84
P37655,0.545,0.507,0.412,0.5579999999999999,0.662,0.414,0.7390000000000001,0.748,0.8340000000000001,0.97,1.082,1.163,0.337,0.354,0.248,0.97,0.297,0.329,0.843,0.748,0.878,0.831,0.482,0.82
P0ADJ3,3.73,2.911,1.852,2.741,2.392,2.287,3.247,4.607,5.091,2.632,4.748,5.2970000000000015,2.145,2.624,2.593,2.632,1.591,2.488,4.3,3.391,4.263,4.669,2.676,4.253
P37657,1.825,1.955,1.416,3.006,2.378,2.312,1.906,2.375,2.109,0.992,1.867,1.822,1.968,1.853,2.318,0.992,2.137,2.332,1.508,1.579,2.177,1.933,1.188,2.462
P0ADJ5,2.103,1.372,3.0580000000000003,1.829,1.88,1.416,1.6769999999999998,1.905,1.508,0.875,1.246,1.314,1.828,1.384,2.082,0.875,1.351,1.843,1.219,1.401,1.689,1.406,0.809,1.754
P37659,0.207,0.298,0.7859999999999999,0.706,0.659,0.445,0.41,0.615,0.469,0.434,0.672,0.723,0.339,0.275,0.361,0.434,0.35200000000000004,0.324,0.316,0.359,0.452,0.726,0.3670000000000001,0.454
P37660,2.144,1.463,1.149,0.887,0.995,1.366,1.709,2.005,2.283,1.053,2.031,2.069,0.494,0.476,0.408,1.053,0.333,0.403,1.127,1.903,2.524,1.932,1.816,2.8310000000000004
P37661,1.567,1.64,1.086,1.028,0.982,1.08,0.836,0.898,0.7959999999999999,0.847,1.197,1.443,1.621,1.632,1.152,0.847,1.222,1.027,0.978,0.6709999999999999,1.119,1.456,1.145,0.915
P37662,0.87,9.599,28.69,20.5,16.11,7.678,0.154,0.188,0.108,0.693,0.235,0.139,0.445,0.247,0.204,0.693,0.258,0.247,0.105,0.096,0.205,0.32299999999999995,0.124,0.0662
P37663,0.07200000000000001,0.109,0.256,0.14300000000000002,0.149,0.12,0.8390000000000001,0.447,0.435,0.8540000000000001,0.501,0.506,0.941,0.6970000000000001,1.27,0.8540000000000001,1.169,1.084,0.295,0.188,0.146,0.519,0.314,0.409
P0CF40,2.838,4.044,3.657,3.06,3.4530000000000003,3.862,3.08,2.775,2.724,2.881,2.143,2.857,5.603,6.199,5.019,2.881,4.799,4.4910000000000005,2.543,5.582999999999998,3.772,3.265,2.73,4.032
P0CF44,9.695,9.161,10.44,8.059,9.956,7.729,8.844,8.915,9.23,7.586,8.036,8.68,12.38,13.39,13.3,7.586,12.78,14.35,9.096,12.41,10.88,11.7,10.12,13.35
P0CF45,12.37,10.09,14.02,10.87,12.88,9.351,12.74,14.99,14.4,13.9,12.46,11.56,12.75,12.55,13.3,13.9,14.47,13.61,13.07,21.16,16.3,15.88,20.36,21.27
P0CF53,3.695,3.354,3.628,4.2810000000000015,4.36,4.1789999999999985,4.445,3.962,3.018,4.658,4.598,4.262,4.783,4.775,5.332000000000002,4.658,5.83,6.182,4.033,2.832,4.621,6.632999999999999,4.698,5.52
P0CF54,2.0,2.4130000000000003,1.933,2.74,2.376,2.927,2.769,2.064,1.524,2.4930000000000003,2.073,3.0410000000000004,3.17,3.377,3.676,2.4930000000000003,3.925,3.93,2.388,1.975,3.099,3.563,2.341,2.324
P0CF56,2.888,2.792,3.361,3.526,2.957,2.849,4.574,3.879,3.225,5.445,4.801,4.2330000000000005,3.99,3.805,3.732,5.445,4.444,3.854,3.867,3.72,4.224,5.551,3.922,4.458
P03835,1.296,1.078,1.177,0.953,1.4240000000000002,1.443,1.295,1.883,1.747,1.785,1.607,2.002,2.016,1.797,1.619,1.785,1.785,2.033,2.373,2.341,2.645,2.126,2.387,2.755
P19768,1.4169999999999998,1.431,1.148,0.737,0.905,0.922,1.989,1.547,1.89,1.87,1.536,1.769,0.818,0.8140000000000001,0.562,1.87,0.7070000000000001,0.5429999999999999,1.179,1.693,1.46,1.306,1.586,1.666
P0CF91,10.0,15.58,9.215,13.12,17.61,18.99,10.16,10.62,9.794,6.671,11.6,14.36,6.198,7.529,7.098,6.671,6.84,6.624,10.39,5.341,11.62,14.96,9.24,9.271
P75679,0.9,1.473,0.861,1.9,1.362,1.4509999999999998,1.4480000000000002,1.685,1.509,1.364,1.469,2.175,1.027,1.173,1.351,1.364,1.449,1.209,1.6980000000000002,0.501,1.6969999999999998,2.095,1.276,0.953
P39212,0.7170000000000001,1.057,0.721,0.7240000000000001,0.784,0.982,1.5530000000000002,1.6,1.778,1.14,1.85,1.796,0.586,0.6629999999999999,0.502,1.14,0.569,0.409,0.95,1.217,1.705,1.378,1.369,1.334
P0ADJ8,0.377,0.335,0.304,0.29100000000000004,0.238,0.269,0.403,0.29600000000000004,0.273,0.946,0.517,0.371,0.47,0.227,0.247,0.946,0.289,0.16699999999999998,0.391,0.328,0.3720000000000001,0.24,0.34,0.217
P11286,0.0704,0.0288,0.0481,0.0288,0.0954,0.0269,0.191,0.0189,0.142,0.7190000000000001,0.236,0.0984,0.207,0.101,0.0394,0.7190000000000001,0.0879,0.0682,0.114,0.14400000000000002,0.104,0.0502,0.0346,0.0423
P37664,1.352,1.4169999999999998,2.542,2.137,2.398,1.972,1.853,1.63,1.544,1.716,1.74,1.924,1.614,1.5419999999999998,1.606,1.716,1.658,2.01,1.554,1.531,1.618,1.935,1.811,1.692
P37665,4.636,6.064,4.502,4.308,4.96,4.175,16.84,16.59,16.02,12.06,17.27,21.37,5.2360000000000015,5.7570000000000014,4.136,12.06,4.311,4.843,20.06,18.05,19.19,18.81,18.78,16.84
P37666,2.877,3.323,5.08,6.234,4.534,5.591,3.77,3.761,3.587,3.255,4.08,3.841,5.803,7.72,6.0520000000000005,3.255,7.61,7.303,3.528,4.273,4.098,5.131,3.677,4.124
P0ADK0,9.896,8.0,7.512,7.725,8.347000000000001,7.457000000000002,16.82,14.77,14.29,10.25,17.91,21.93,8.46,7.787000000000001,7.205,10.25,7.463999999999999,9.613,15.62,12.59,17.01,19.12,16.18,14.06
P0A9V5,0.5760000000000001,0.765,0.774,0.754,0.8140000000000001,0.856,0.7290000000000001,0.75,0.778,1.139,1.126,1.077,2.26,2.068,2.597,1.139,2.643,2.438,2.143,2.097,0.78,0.802,0.755,0.797
P37669,0.0735,0.0727,0.0792,0.0639,0.0713,0.17600000000000002,0.16399999999999998,0.0473,0.245,0.715,0.414,0.246,0.12,0.195,0.106,0.715,0.0746,0.139,0.111,0.052000000000000005,0.263,0.173,0.114,0.251
P56256,0.7,0.619,0.711,0.746,0.6459999999999999,0.7090000000000001,1.091,0.633,0.6,0.743,0.872,0.716,0.7140000000000001,0.8170000000000001,0.657,0.743,0.677,0.784,0.569,0.757,0.7170000000000001,0.7390000000000001,0.738,0.75
P37671,1.2819999999999998,1.258,1.4780000000000002,1.702,1.663,1.795,1.857,1.989,1.88,1.4169999999999998,1.574,1.745,1.994,2.3480000000000003,1.981,1.4169999999999998,1.911,2.044,1.911,2.124,2.106,2.139,2.007,1.969
P37672,0.23,0.345,0.62,0.487,0.221,0.17800000000000002,0.163,0.112,0.08,0.563,0.316,0.0641,0.879,0.5579999999999999,0.8340000000000001,0.563,0.701,0.759,0.0878,0.193,0.0887,0.0677,0.112,0.128
P37673,0.175,0.298,0.484,0.307,0.157,0.146,0.174,0.248,0.192,0.7020000000000001,0.335,0.17800000000000002,0.527,0.353,0.308,0.7020000000000001,0.378,0.369,0.314,0.335,0.261,0.0548,0.292,0.282
P37674,0.16399999999999998,0.0394,0.179,0.16399999999999998,0.0322,0.0318,0.228,0.192,0.0984,0.472,0.204,0.189,0.266,0.146,0.101,0.472,0.16699999999999998,0.187,0.231,0.253,0.0757,0.0479,0.0583,0.0839
P37675,0.0873,0.0182,0.13,0.133,0.0897,0.0747,0.0635,0.0378,0.14400000000000002,0.439,0.14400000000000002,0.029,0.273,0.0449,0.129,0.439,0.0871,0.087,0.0327,0.268,0.0922,0.0243,0.0419,0.126
P37676,0.349,0.421,0.126,0.631,0.448,0.4270000000000001,0.482,0.378,0.295,0.917,0.606,0.696,0.575,0.501,0.528,0.917,0.487,0.515,0.534,0.411,0.536,0.47,0.606,0.58
P37681,0.536,0.398,0.467,0.32,0.453,0.399,0.586,0.636,0.8390000000000001,1.138,0.927,0.823,0.599,0.396,0.504,1.138,0.418,0.442,1.017,0.855,0.754,0.6559999999999999,0.988,0.45
P37682,1.208,0.898,1.245,0.919,1.006,0.825,1.286,1.035,1.053,1.556,1.214,1.031,0.83,0.6459999999999999,0.708,1.556,0.589,0.5820000000000001,1.176,1.644,0.928,1.016,1.154,1.024
P37683,0.384,0.266,0.267,0.429,0.34600000000000003,0.396,0.5770000000000001,0.4370000000000001,0.404,1.06,0.6809999999999999,0.5379999999999999,0.334,0.329,0.39,1.06,0.463,0.354,0.726,0.623,0.525,0.611,0.5920000000000001,0.5489999999999999
P0ADK4,0.219,0.236,0.204,0.152,0.18,0.138,0.334,0.341,0.35200000000000004,0.568,0.396,0.443,0.24,0.189,0.138,0.568,0.249,0.161,0.466,0.469,0.405,0.479,0.28300000000000003,0.321
P37686,0.485,0.6659999999999999,0.525,0.539,0.441,0.35200000000000004,0.936,0.883,0.775,1.163,0.7509999999999999,0.716,0.536,0.404,0.5710000000000001,1.163,0.4920000000000001,0.635,0.76,1.045,0.72,0.7290000000000001,1.114,0.901
P0ADK6,0.15,0.235,0.0886,0.162,0.171,0.312,0.0942,0.679,0.304,0.428,0.321,0.5770000000000001,0.5660000000000001,0.478,0.527,0.428,0.268,0.32299999999999995,1.198,0.403,0.108,0.397,0.344,0.338
P11290,0.34,0.338,0.365,0.282,0.218,0.322,0.5870000000000001,0.535,0.496,0.848,0.598,0.532,0.443,0.271,0.4270000000000001,0.848,0.377,0.4,0.392,0.315,0.326,0.382,0.374,0.594
P0ACA1,3.38,4.427,5.124,4.369,5.367000000000001,3.831,2.58,2.42,2.013,2.231,2.346,2.533,3.055,2.055,2.605,2.231,2.495,2.713,1.73,1.4469999999999998,2.123,2.484,2.358,2.519
P32106,0.0123,0.0106,0.01,0.0138,0.0115,0.01,0.0343,0.0104,0.0205,0.217,0.0887,0.032,0.0863,0.0112,0.0258,0.217,0.01,0.0209,0.272,0.465,0.01,0.01,0.01,0.013
P0AFV0,0.911,0.7240000000000001,0.757,0.599,0.513,0.7859999999999999,1.103,1.1840000000000002,0.851,1.696,1.182,1.061,1.359,1.072,1.317,1.696,1.595,1.464,0.733,0.868,1.217,0.936,1.366,1.043
P32108,0.103,0.0818,0.108,0.207,0.198,0.0821,0.856,0.7979999999999999,0.852,1.028,0.784,0.941,1.5519999999999998,1.235,1.616,1.028,1.631,1.346,0.812,0.335,0.9,0.922,0.908,0.758
P32109,0.343,0.235,0.26,0.238,0.221,0.2,0.5820000000000001,0.639,0.575,0.75,0.7170000000000001,0.732,0.417,0.255,0.218,0.75,0.179,0.228,1.908,1.425,0.578,0.411,0.361,0.429
P0AGJ7,1.645,2.332,1.0659999999999998,2.129,1.575,2.013,2.719,2.055,1.815,1.551,2.164,2.564,1.0590000000000002,1.243,1.21,1.551,1.175,1.172,2.258,1.565,2.346,2.938,1.346,2.0580000000000003
P0ADK8,5.5870000000000015,5.09,6.455,5.297999999999999,6.026,5.277,8.571,8.013,9.381,5.635,9.524,11.6,4.99,5.607,4.835,5.635,4.323,4.599,7.782,6.599,10.82,7.227,10.2,8.965
P0AG27,42.2,42.32,36.86,23.1,33.81,27.15,40.75,51.66,47.45,27.0,38.8,43.77,23.34,27.22,22.85,27.0,21.66,26.34,33.97,48.67,46.05,41.17,51.56,47.81
P37689,6.709,7.447,5.749,7.636,7.992000000000001,7.704,13.56,15.27,12.77,10.47,12.54,14.19,5.069,6.752999999999999,4.972,10.47,5.585,5.7810000000000015,11.4,12.7,16.11,19.35,15.77,16.33
P37690,4.176,3.201,2.903,2.739,2.923,3.188,4.933,4.4,4.396,3.013,4.256,5.107,2.1,2.427,2.114,3.013,2.185,2.476,3.606,3.548,4.598,4.255,4.293,4.901
P37691,1.475,1.425,1.024,1.372,1.392,1.629,1.489,1.431,1.528,1.033,1.57,2.225,0.736,0.948,1.026,1.033,0.835,0.916,0.78,0.7879999999999999,1.355,2.247,1.031,1.381
P23839,7.905,7.291,6.001,4.742,6.247000000000001,5.004,6.113,7.377000000000002,6.926,5.097,7.195,8.673,3.523,3.73,3.362,5.097,2.6910000000000003,3.4360000000000004,6.5710000000000015,5.7170000000000005,6.7120000000000015,7.831,6.957000000000002,7.377000000000002
P0AGM9,0.0919,0.104,0.14,0.128,0.1,0.108,0.937,0.917,0.83,1.404,0.8109999999999999,1.21,0.66,0.831,0.568,1.404,0.34600000000000003,0.431,0.752,1.045,1.144,1.07,0.877,0.996
P25772,0.378,0.359,0.354,0.307,0.29,0.342,0.239,0.316,0.442,0.483,0.35,0.392,0.466,0.275,0.324,0.483,0.398,0.389,0.332,0.627,0.439,0.5379999999999999,0.435,0.343
P0AGM2,3.028,3.2430000000000003,3.691,3.789,4.511,3.034,0.818,0.873,0.969,1.044,0.884,0.903,3.084,3.822,3.3360000000000003,1.044,3.157,3.772,1.237,0.993,0.938,1.103,0.818,0.8490000000000001
P31433,1.09,1.506,2.512,2.011,1.992,1.813,2.75,3.4560000000000004,3.242,2.643,3.032,2.688,3.069,3.279,3.964,2.643,4.2189999999999985,4.243,2.583,2.6630000000000003,2.75,3.102,2.895,2.336
P31434,0.977,0.7240000000000001,0.7,0.8059999999999999,0.7829999999999999,0.77,1.018,0.904,1.079,1.341,1.105,1.141,0.906,0.87,0.6629999999999999,1.341,0.91,0.921,1.3230000000000002,1.293,1.087,1.172,0.973,1.002
P31435,0.392,0.38,0.471,0.456,0.73,0.345,1.061,0.74,0.5429999999999999,0.8240000000000001,0.7809999999999999,0.574,0.7240000000000001,0.48,0.5760000000000001,0.8240000000000001,0.609,0.5589999999999999,1.0,0.868,0.795,0.818,0.612,0.657
P31436,0.0337,0.056,0.0453,0.0928,0.103,0.0135,0.251,0.28300000000000003,0.126,1.081,0.301,0.17800000000000002,0.306,0.0365,0.117,1.081,0.123,0.0257,0.463,0.765,0.149,0.119,0.21,0.114
P31437,1.242,1.349,0.983,0.82,0.894,0.968,1.047,1.154,1.222,1.051,1.003,1.014,1.294,1.279,1.238,1.051,1.2009999999999998,1.296,0.991,0.847,1.216,1.06,0.992,1.015
P0ADL1,1.098,0.438,0.77,1.019,0.8590000000000001,0.912,1.121,1.215,1.319,1.68,1.617,1.423,0.327,0.299,0.14,1.68,0.156,0.16399999999999998,1.413,1.757,1.6130000000000002,1.655,1.944,1.826
P0ADL3,0.732,0.946,0.728,1.29,1.185,1.275,0.954,0.851,0.983,1.215,1.104,1.005,0.862,0.895,1.0,1.215,1.104,0.905,1.085,0.8690000000000001,0.905,1.04,0.804,0.789
P31440,0.149,0.28600000000000003,0.218,1.115,0.467,0.7090000000000001,0.682,0.58,0.166,0.7959999999999999,0.493,0.382,0.895,0.466,0.884,0.7959999999999999,1.0590000000000002,0.754,0.672,0.7909999999999999,0.193,0.281,0.337,0.607
P31441,0.926,0.528,0.5720000000000001,0.47,0.4970000000000001,0.561,1.167,1.177,1.511,1.395,1.589,1.25,0.7709999999999999,0.645,0.753,1.395,0.8690000000000001,0.758,1.6,3.092,1.216,1.021,1.4409999999999998,1.34
P0A8Y5,4.421,4.335,4.5710000000000015,4.308,4.418,4.114,2.632,2.766,2.655,2.569,2.72,3.105,2.559,2.689,2.523,2.569,2.198,2.533,4.282,4.1610000000000005,2.893,3.469,2.929,3.622
P09996,3.853,3.192,2.439,2.495,3.215,2.654,8.486,10.04,10.67,7.4620000000000015,8.651,11.22,4.26,4.992,4.784,7.4620000000000015,4.2860000000000005,4.877,18.05,14.93,9.562,11.33,7.83,8.173
P25714,15.63,14.96,4.583,8.208,7.947999999999999,11.57,16.82,15.21,16.91,14.52,20.07,21.72,3.714,5.104,3.43,14.52,3.594,4.149,24.9,24.22,19.96,21.39,18.04,17.17
P60872,1.168,2.032,1.211,1.704,1.406,1.682,1.17,1.439,1.104,1.266,1.337,1.457,2.675,4.125,3.435,1.266,3.823,4.208,1.675,1.7919999999999998,1.335,1.5830000000000002,1.338,1.351
P31443,0.596,0.84,0.374,0.464,0.322,0.392,0.4270000000000001,0.189,0.544,0.556,0.539,0.285,0.884,0.7929999999999999,0.5579999999999999,0.556,0.732,0.939,0.311,0.29100000000000004,0.342,0.181,0.319,0.214
P0ADL6,0.35100000000000003,0.401,0.337,0.382,0.429,0.453,0.514,0.398,0.375,0.489,0.353,0.348,0.334,0.39,0.5820000000000001,0.489,0.522,0.494,0.593,0.279,0.383,0.14800000000000002,0.255,0.355
P0ADM0,1.504,1.211,1.655,1.744,1.52,0.843,1.163,1.474,1.365,1.255,1.529,1.259,1.459,1.18,1.445,1.255,1.09,1.611,1.281,1.245,1.053,1.041,1.338,1.289
P31446,0.625,0.574,0.445,0.466,0.5870000000000001,0.5820000000000001,0.201,0.773,0.789,0.557,0.8340000000000001,0.966,0.5429999999999999,0.488,0.509,0.557,0.407,0.391,1.026,0.752,0.846,0.974,0.337,0.648
P31447,0.74,0.56,0.314,0.612,0.47,0.54,0.555,0.579,0.506,0.815,0.8690000000000001,0.79,0.633,0.49,0.573,0.815,0.496,0.541,0.8809999999999999,1.079,0.763,0.659,0.405,0.747
P31448,0.07200000000000001,0.0606,0.14,0.0677,0.0494,0.414,0.174,0.0738,0.111,0.759,0.337,0.0748,0.342,0.0534,0.334,0.759,0.23,0.287,0.431,0.431,0.189,0.259,0.2,0.0764
P31449,0.338,0.7190000000000001,0.278,0.182,0.244,0.113,0.138,0.478,0.447,0.6459999999999999,0.456,0.262,0.443,0.424,0.37,0.6459999999999999,0.223,0.418,1.112,1.068,0.478,0.241,0.254,0.196
P31453,0.217,0.23,0.146,0.312,0.105,0.236,0.374,0.17800000000000002,0.275,0.954,0.59,0.57,0.519,0.321,0.335,0.954,0.355,0.377,0.7509999999999999,0.479,0.5329999999999999,0.483,0.321,0.35200000000000004
P0ADM4,7.887,9.835,7.375,4.997,6.005,4.805,6.082000000000002,5.857,5.356,3.924,5.733,7.185,14.76,14.32,13.46,3.924,12.48,14.68,13.97,10.22,6.165,7.099,4.937,4.967
P31455,0.436,0.7929999999999999,0.396,0.754,0.555,0.685,0.409,0.251,0.511,1.025,0.7040000000000001,0.6629999999999999,0.8,1.054,0.931,1.025,1.055,0.882,0.982,1.213,0.551,0.6409999999999999,0.701,0.621
P31456,0.609,0.419,0.579,0.468,0.407,0.446,0.672,0.539,0.62,1.165,0.672,0.6,0.526,0.499,0.448,1.165,0.507,0.5379999999999999,0.823,0.848,0.5770000000000001,0.478,0.5539999999999999,0.667
P0ADM6,0.467,0.515,0.369,0.395,0.325,0.364,0.7170000000000001,0.735,0.484,0.688,0.813,0.923,0.5429999999999999,0.619,0.604,0.688,0.618,0.531,1.283,1.188,0.851,0.75,0.67,0.662
P31462,1.118,1.385,0.972,1.095,1.009,0.923,0.471,0.128,0.619,0.992,0.361,0.458,1.187,0.455,1.091,0.992,1.183,0.85,0.6579999999999999,0.632,0.517,0.252,0.165,0.339
P31463,1.074,0.999,0.507,0.6579999999999999,0.687,0.8029999999999999,0.198,0.866,0.737,0.612,0.7070000000000001,0.987,0.765,0.5870000000000001,0.721,0.612,0.5670000000000001,0.552,1.374,0.964,0.8909999999999999,0.626,0.6659999999999999,0.923
P26218,0.0291,0.0954,0.0622,0.108,0.0851,0.1,0.0364,0.0596,0.0588,0.272,0.128,0.201,0.18600000000000005,0.116,0.142,0.272,0.0912,0.161,0.303,0.0453,0.124,0.0882,0.0519,0.196
P0ADM8,3.245,3.1010000000000004,3.942,3.56,3.292,2.77,2.4730000000000003,3.073,3.225,1.609,2.823,3.319,4.516,3.828,3.677,1.609,3.575,5.2029999999999985,6.8610000000000015,5.231,3.553,2.988,2.062,2.92
P0AGE6,1.3869999999999998,1.384,1.777,1.793,1.769,1.726,1.675,1.558,1.531,1.11,1.706,1.883,2.962,2.212,2.972,1.11,2.56,2.88,4.239,3.381,1.823,1.758,0.882,1.6769999999999998
P31466,2.784,2.547,1.243,1.644,1.509,1.636,4.136,4.942,5.205,2.655,5.3279999999999985,5.625,1.253,1.632,0.986,2.655,0.907,1.4369999999999998,5.1389999999999985,3.983,6.181,5.2170000000000005,2.515,4.6
P31467,2.617,2.749,2.0,2.6010000000000004,2.541,2.107,3.024,3.722,3.071,2.354,2.93,3.828,2.073,2.037,2.024,2.354,1.787,2.462,5.984,4.5360000000000005,3.176,3.914,2.086,3.188
P31468,0.504,0.36,0.434,0.325,0.386,0.265,0.187,0.325,0.453,0.552,0.441,0.317,0.333,0.194,0.248,0.552,0.142,0.28600000000000003,1.011,0.833,0.45,0.234,0.17800000000000002,0.441
P31469,1.556,0.992,1.394,1.14,1.491,0.633,1.511,2.0,1.473,1.596,1.1740000000000002,1.325,1.293,1.357,1.6980000000000002,1.596,1.057,1.179,2.6180000000000003,2.423,1.524,1.269,1.182,1.6369999999999998
P31470,0.611,0.413,0.494,0.366,0.474,0.338,0.624,0.601,0.562,0.622,0.575,0.892,0.726,0.301,0.448,0.622,0.34700000000000003,0.495,1.182,0.8270000000000001,0.539,0.521,0.568,0.6579999999999999
P31471,0.075,0.0606,0.049,0.0364,0.0655,0.0551,0.101,0.0785,0.0609,0.0743,0.0619,0.0946,0.0802,0.16899999999999998,0.117,0.0743,0.0705,0.0842,0.197,0.0587,0.0722,0.0966,0.0674,0.06
P0ADN0,2.046,2.194,2.207,2.256,2.044,2.149,2.789,2.8160000000000003,2.615,2.594,2.069,2.735,2.422,2.33,2.335,2.594,2.7260000000000004,2.553,4.383,3.787,2.58,2.354,2.681,2.267
P31473,1.404,1.933,1.5319999999999998,1.866,1.805,1.95,1.93,2.049,2.3080000000000003,2.008,1.783,1.885,2.533,3.008,2.965,2.008,3.5610000000000004,3.392,2.645,2.291,2.177,1.217,2.258,2.002
P31474,0.133,0.294,0.382,0.316,0.34,0.258,0.157,0.629,0.499,0.53,0.509,0.625,0.363,0.39,0.491,0.53,0.362,0.443,1.041,1.499,0.5820000000000001,0.5329999999999999,0.414,0.628
P31475,2.499,3.04,3.09,3.51,3.141,3.422,4.061,4.4460000000000015,4.203,2.898,4.001,4.646,2.8680000000000003,3.564,3.635,2.898,3.866,3.724,6.524,6.277,4.7780000000000005,6.398,4.012,4.56
P22787,0.657,0.5920000000000001,0.509,0.682,0.652,0.57,0.8079999999999999,0.8859999999999999,0.91,1.5,1.075,0.934,0.586,0.487,0.431,1.5,0.491,0.448,1.287,1.241,1.038,1.052,1.075,1.003
P0ADN2,11.94,10.56,7.784,8.161,8.321,10.26,41.57,42.9,48.78,27.5,44.39,53.32,11.01,14.0,11.43,27.5,12.08,12.34,47.57,40.3,47.53,56.49,48.22,44.96
P27837,7.9860000000000015,7.478,4.059,5.4220000000000015,5.392,4.067,9.603,10.17,8.755,5.533,8.99,11.8,2.173,1.914,2.38,5.533,2.158,2.491,10.73,9.661,9.682,10.71,5.5379999999999985,9.832
P56259,0.59,0.924,0.792,0.693,0.784,0.556,1.186,1.0490000000000002,0.8420000000000001,1.374,1.057,1.317,1.171,1.0,0.897,1.374,0.948,1.091,1.699,1.221,1.109,1.0759999999999998,0.997,1.02
P23305,5.936,7.405,9.427,9.75,9.648,9.486,5.175,4.246,4.619,4.0680000000000005,5.559,5.83,5.831,5.755,6.598,4.0680000000000005,6.596,7.962999999999999,5.687,7.771,5.625,7.204,4.493,5.016
P0ADP0,2.729,3.0860000000000003,3.281,6.779,5.038,5.881,3.345,2.565,2.753,3.147,4.505,4.721,3.262,3.184,3.595,3.147,3.85,4.871,3.836,2.496,3.489,4.893,3.319,2.79
P0AAB4,15.68,15.28,14.48,12.37,11.12,11.07,12.23,12.22,17.07,9.717,12.68,12.13,11.78,14.19,12.61,9.717,12.98,13.61,13.77,15.74,14.08,13.44,15.08,14.6
P27842,0.0812,0.107,0.128,0.0201,0.139,0.119,0.155,0.141,0.166,0.276,0.182,0.207,0.131,0.0871,0.0501,0.276,0.0655,0.0564,0.24,0.285,0.29,0.237,0.212,0.215
P27843,0.248,0.0681,0.155,0.0226,0.0483,0.0674,0.135,0.155,0.2,0.5589999999999999,0.262,0.124,0.147,0.0122,0.0286,0.5589999999999999,0.0763,0.0355,0.156,0.22,0.134,0.147,0.02,0.121
P0ADP2,2.587,4.3439999999999985,2.66,2.792,2.256,2.1180000000000003,3.149,2.78,2.524,2.704,3.169,3.532,6.398,5.021,6.744,2.704,6.4270000000000005,6.869,3.998,2.471,2.799,3.424,2.437,2.344
P0AG38,1.182,1.09,1.026,1.048,1.0490000000000002,1.222,0.7859999999999999,0.873,1.139,1.606,1.12,1.043,1.094,1.078,1.1,1.606,0.701,1.261,0.902,0.971,0.698,0.633,0.984,0.851
P0AG34,0.609,0.789,0.8759999999999999,0.7709999999999999,0.7440000000000001,0.55,0.812,0.908,1.088,1.204,0.82,0.785,0.731,0.61,0.688,1.204,0.629,0.7490000000000001,1.13,1.145,0.841,0.7509999999999999,0.888,0.915
P27848,7.7810000000000015,4.129,5.205,4.583,4.603,4.365,3.418,3.658,4.883,3.903,3.848,4.088,3.5210000000000004,4.11,3.374,3.903,4.368,3.798,3.447,4.023,4.118,3.408,5.513,5.015
P0ADP5,0.997,0.94,0.7559999999999999,1.003,1.032,0.968,1.13,1.275,1.469,1.599,1.376,1.67,0.7909999999999999,0.784,0.618,1.599,0.8009999999999999,0.79,1.51,2.172,1.746,1.08,1.994,1.586
P0AG71,6.122999999999998,9.69,4.799,3.718,4.0939999999999985,2.633,2.4930000000000003,2.483,1.943,1.7990000000000002,2.59,2.397,5.346,4.825,4.088,1.7990000000000002,3.684,4.765,9.552,8.288,3.104,3.353,1.01,2.021
P0ADP7,8.277000000000001,10.76,8.566,9.374,9.44,8.484,7.428,7.904,7.707999999999998,5.381,7.48,8.419,6.098,6.024,6.937,5.381,7.522,7.951,12.85,13.04,9.793,11.98,5.8260000000000005,9.271
P0A6A0,9.481,8.415,8.357000000000001,7.3,9.482,6.32,7.9460000000000015,11.61,7.945,4.792,6.971,10.08,3.94,3.89,4.558,4.792,3.381,4.106,10.78,10.35,9.092,9.659,5.747000000000001,8.573
P69423,8.0,7.457999999999998,6.9689999999999985,7.673999999999999,7.292000000000002,7.626,7.825,10.33,8.964,6.153,8.906,8.488999999999999,4.7189999999999985,5.202000000000001,4.061,6.153,4.591,5.382999999999999,7.824,11.1,8.21,8.922,10.18,11.4
P27862,5.658,6.2120000000000015,7.5710000000000015,6.815,7.228,7.338999999999999,4.495,4.935,5.24,4.038,4.931,4.558,5.5710000000000015,5.535,7.667000000000002,4.038,7.775,6.954,6.138,8.516,6.0939999999999985,6.205,6.549,6.856
P0A6P7,17.75,16.02,11.24,10.22,12.17,10.79,16.35,16.81,16.25,14.01,16.39,20.91,8.472000000000001,10.78,8.849,14.01,9.657,9.359,11.81,11.15,17.58,17.06,17.2,16.39
P0ADP9,9.031,5.043,8.109,7.372000000000001,8.447000000000001,6.249,12.45,15.5,14.87,11.92,14.98,15.96,17.95,16.09,16.03,11.92,14.77,18.0,10.25,9.836,15.25,16.13,13.42,14.7
P0C0K3,11.2,10.48,14.03,14.05,16.73,13.11,12.25,12.05,10.86,10.3,11.27,13.75,6.132999999999999,7.931,7.174,10.3,8.23,8.198,9.473,8.717,15.25,16.39,14.76,15.45
P32128,0.695,0.742,0.5529999999999999,0.514,0.618,0.34700000000000003,1.196,1.064,0.93,1.723,1.166,0.902,0.535,0.368,0.306,1.723,0.426,0.397,0.7440000000000001,0.871,1.022,1.103,1.027,0.985
P32129,1.72,1.594,0.904,0.899,1.118,1.217,1.567,1.788,2.1830000000000003,2.0540000000000003,2.411,2.494,0.419,0.445,0.35200000000000004,2.0540000000000003,0.439,0.393,0.677,0.775,1.7619999999999998,1.97,1.585,1.82
P0A8H6,9.147,7.273,6.529,5.566,6.945,6.944,13.8,15.38,17.35,11.72,13.85,15.63,5.806,7.638,5.823,11.72,5.857,5.769,6.84,13.15,16.61,16.18,16.66,17.26
P0DTT0,30.38,30.32,10.64,15.55,10.82,20.63,19.91,20.92,21.49,14.02,19.16,22.35,4.324,7.483,4.332,14.02,5.303,4.799,11.87,11.35,21.84,19.89,23.7,19.77
P0ACM9,2.021,3.59,0.956,0.6409999999999999,0.471,0.38,0.777,0.701,1.24,0.69,0.8320000000000001,0.905,1.654,1.4340000000000002,1.42,0.69,1.348,1.635,0.508,0.6729999999999999,0.645,0.589,0.379,0.804
P32134,1.58,3.313,2.881,1.379,1.144,0.4,0.858,1.231,1.038,0.922,1.087,0.879,2.893,2.382,3.482,0.922,2.614,3.56,0.504,0.332,1.111,0.985,0.262,0.889
P32135,0.0398,0.0257,0.0585,0.0614,0.0287,0.0196,0.0493,0.0454,0.0368,0.133,0.0359,0.0305,0.353,0.0918,0.3,0.133,0.253,0.262,0.0353,0.04,0.0365,0.0319,0.0437,0.0396
P32136,0.302,0.185,0.252,0.181,0.23,0.145,0.39,0.355,0.426,0.345,0.35100000000000003,0.418,0.261,0.113,0.161,0.345,0.14300000000000002,0.102,0.273,0.461,0.29,0.365,0.259,0.361
P32137,0.0995,0.0606,0.195,0.0589,0.0782,0.0857,0.0949,0.0937,0.11,0.622,0.125,0.109,0.117,0.124,0.109,0.622,0.0813,0.12,0.132,0.223,0.227,0.0973,0.177,0.31
P32138,0.752,0.453,0.578,0.607,0.78,0.421,0.954,0.807,0.528,1.249,0.6940000000000001,0.682,0.623,0.542,0.564,1.249,0.635,0.41,0.696,0.6609999999999999,0.754,0.6809999999999999,0.805,0.701
P32139,0.0475,0.0348,0.256,0.0489,0.0276,0.0331,0.0971,0.0284,0.034,0.465,0.0496,0.0244,0.165,0.0393,0.223,0.465,0.23,0.317,0.0448,0.0693,0.0374,0.0259,0.0474,0.0321
P32140,0.0781,0.0757,0.335,0.224,0.248,0.21600000000000005,0.319,0.188,0.135,0.5710000000000001,0.361,0.276,0.469,0.272,0.5770000000000001,0.5710000000000001,0.5660000000000001,0.6579999999999999,0.349,0.117,0.35200000000000004,0.312,0.16699999999999998,0.264
P32141,0.634,0.597,0.884,0.973,0.986,0.843,0.622,0.61,0.535,0.907,0.693,0.55,1.346,1.203,1.791,0.907,1.939,1.644,0.7859999999999999,0.937,0.81,0.7979999999999999,0.884,0.954
P0A9V8,0.0322,0.0545,0.0783,0.069,0.0667,0.0429,0.0857,0.0454,0.0312,0.0978,0.0509,0.0366,0.529,0.455,0.713,0.0978,0.925,0.928,0.0456,0.0507,0.0357,0.0365,0.0519,0.045
P32143,0.173,0.413,0.106,0.231,0.337,0.383,0.158,0.152,0.0715,0.639,0.276,0.4370000000000001,0.7140000000000001,0.688,0.727,0.639,0.8759999999999999,0.905,0.213,0.332,0.227,0.368,0.187,0.26
P32144,4.833,5.994,3.565,3.137,4.057,2.792,4.1560000000000015,3.874,4.212,3.528,4.323,4.667,5.744,5.829,4.9689999999999985,3.528,5.74,6.182,4.052,3.684,4.384,4.9510000000000005,4.277,4.752
P0A8Y3,5.56,10.29,6.295,7.773,7.286,6.3370000000000015,5.653,5.6389999999999985,4.408,4.18,6.609,8.072000000000001,10.87,11.11,12.11,4.18,13.7,14.4,6.416,4.584,5.86,7.991,4.985,4.4689999999999985
P0A6M4,5.4460000000000015,5.363,11.36,10.19,11.78,8.082,7.9929999999999986,8.26,7.987,5.937,7.686,8.745,11.48,10.26,13.79,5.937,13.8,15.4,9.246,9.276,9.288,10.21,7.712999999999999,8.517999999999999
P0ADQ2,2.2430000000000003,2.065,3.834,3.295,4.4060000000000015,3.237,2.476,2.461,2.748,1.947,2.486,2.7510000000000003,3.663,3.3,4.169,1.947,4.383,4.7189999999999985,3.064,2.676,2.416,3.383,2.674,2.421
P0ADQ5,0.181,0.157,0.192,0.268,0.149,0.132,0.637,0.625,0.565,1.012,0.597,0.41,0.366,0.332,0.29600000000000004,1.012,0.34,0.294,0.469,0.555,0.606,0.332,0.32,0.465
P0AFU6,0.825,0.512,0.599,0.5489999999999999,0.517,0.532,0.889,0.866,0.964,1.395,1.2,1.276,1.095,1.145,1.1909999999999998,1.395,1.07,1.159,0.775,0.836,0.918,0.936,0.928,1.025
P32151,0.328,0.185,0.264,0.14800000000000002,0.125,0.146,0.294,0.215,0.27,1.009,0.41,0.307,0.335,0.175,0.125,1.009,0.163,0.157,0.174,0.345,0.246,0.197,0.271,0.229
P32156,0.0276,0.0469,0.0273,0.0476,0.0241,0.011,0.0821,0.0416,0.0255,0.569,0.0626,0.0229,0.045,0.0281,0.0129,0.569,0.0481,0.0174,0.0181,0.0613,0.0478,0.0228,0.0483,0.0559
P32157,1.254,1.352,1.7519999999999998,1.431,1.314,1.426,1.798,1.494,1.5830000000000002,1.371,1.508,1.843,1.685,1.5659999999999998,1.632,1.371,1.609,1.636,1.967,2.184,1.628,1.741,0.888,1.477
P69380,5.897,6.869,5.888,6.313,6.7639999999999985,6.535,5.0310000000000015,5.832000000000002,5.6720000000000015,3.269,3.53,6.938,4.688,4.8889999999999985,5.296,3.269,4.75,5.2879999999999985,7.25,5.617000000000001,5.602,6.535,5.226,5.009
P32160,2.354,3.499,2.289,3.164,3.19,2.6910000000000003,3.3080000000000003,3.366,2.874,2.408,2.702,3.5660000000000003,4.04,3.582,4.059,2.408,3.954,4.912,2.536,3.299,2.704,3.618,3.788,3.699
P0AF34,1.3230000000000002,1.523,1.082,1.234,1.345,1.329,1.368,1.324,1.456,1.374,1.41,1.834,1.227,1.173,1.101,1.374,1.3130000000000002,1.325,1.6130000000000002,2.251,1.964,1.823,1.7080000000000002,1.6
P32162,1.029,1.207,2.289,1.6740000000000002,1.947,1.648,2.283,2.458,2.636,1.665,2.778,3.21,6.082000000000002,6.8,7.371,1.665,6.204,6.184,2.5860000000000003,1.847,2.937,2.728,1.868,1.7919999999999998
P0AAB8,1.881,2.217,3.815,2.296,2.145,2.822,3.388,4.124,4.484,2.869,3.744,3.829,10.76,10.81,11.86,2.869,10.95,11.61,4.149,5.149,3.334,4.125,4.426,3.115
P0AF36,9.747,12.36,7.87,7.615,9.659,9.707,13.73,14.02,13.72,10.07,18.26,18.4,7.5710000000000015,11.45,7.968,10.07,8.418,8.607999999999999,17.64,23.39,15.56,18.08,22.01,20.78
P32167,0.737,0.69,0.5870000000000001,0.42,0.589,0.614,1.213,1.041,1.063,1.251,1.225,1.161,0.217,0.359,0.281,1.251,0.375,0.213,0.945,1.392,1.328,0.982,1.268,1.19
P0ACU5,12.35,16.4,14.52,11.29,13.32,10.12,9.344,9.424,9.092,6.941,9.277,10.86,19.64,16.16,17.67,6.941,18.01,20.95,10.19,9.001,11.54,13.78,9.021,10.17
P0AF40,6.6320000000000014,9.805,8.277999999999999,7.768,6.695,7.655,5.976,5.436,6.2029999999999985,3.978,6.2120000000000015,5.832999999999998,11.64,10.74,10.83,3.978,11.68,13.01,5.317,6.016,5.832999999999998,5.908,6.315,6.172999999999999
P0ABT8,2.133,1.7,1.108,1.61,0.7340000000000001,1.473,1.103,0.868,1.017,1.648,0.7909999999999999,1.141,1.743,1.359,1.287,1.648,1.391,1.396,0.735,0.897,0.807,0.8490000000000001,1.853,1.557
P32668,0.6,0.407,0.49,0.639,0.605,0.62,0.542,0.482,0.246,0.885,0.459,0.396,0.7090000000000001,0.63,0.57,0.885,0.653,0.609,0.54,0.301,0.525,0.392,0.517,0.5479999999999999
P32677,0.36,0.547,0.534,0.503,0.49,0.374,0.5,0.438,0.256,0.542,0.5660000000000001,0.37,0.6990000000000001,0.753,0.6809999999999999,0.542,0.768,0.875,0.4270000000000001,0.233,0.401,0.49,0.35,0.4320000000000001
P0CB39,8.4,9.652,3.795,6.015,7.449,8.061,5.776,6.0939999999999985,5.5920000000000005,4.41,5.7170000000000005,6.5779999999999985,3.158,4.808,3.05,4.41,3.134,3.996,3.238,2.035,5.204,7.023,3.688,4.468
P09162,0.519,0.665,0.316,0.509,0.691,0.638,0.983,0.6809999999999999,0.794,1.145,1.168,1.763,0.258,0.274,0.307,1.145,0.273,0.248,0.968,0.42,1.306,1.442,0.981,1.033
P09163,1.715,1.3159999999999998,1.372,1.324,1.415,1.426,2.071,2.391,2.202,1.796,1.868,1.6740000000000002,1.261,1.713,1.49,1.796,1.365,1.358,1.832,2.427,2.231,2.063,2.21,2.714
P32664,3.0460000000000003,3.765,2.552,4.169,3.725,3.321,2.73,2.4330000000000003,2.537,2.264,2.919,3.4130000000000003,2.81,3.094,3.4,2.264,3.5810000000000004,3.681,1.981,2.295,3.1630000000000003,4.788,3.346,3.244
P0AFX4,2.77,3.767,4.563,3.196,2.824,1.972,2.4930000000000003,3.156,2.789,1.571,2.361,2.445,6.452000000000001,4.8260000000000005,6.52,1.571,5.546,6.899,2.28,2.579,2.445,2.819,1.826,2.722
P32680,10.61,9.349,7.76,6.813,9.57,8.48,11.86,12.88,12.3,7.5070000000000014,12.02,13.66,5.371,6.11,5.479,7.5070000000000014,5.6,6.002999999999999,8.539,7.941,14.48,14.65,13.96,14.33
P32681,3.0210000000000004,3.908,2.835,3.4530000000000003,3.167,3.045,3.033,3.347,2.5540000000000003,3.026,3.346,3.517,2.414,2.692,2.498,3.026,2.595,2.755,1.586,1.935,3.215,3.457,2.687,3.067
P0AAA9,0.525,0.224,0.701,0.545,0.506,0.441,1.026,0.519,0.455,1.39,0.696,0.514,0.532,0.603,0.529,1.39,0.617,0.53,0.585,0.664,0.496,0.728,0.593,0.5870000000000001
P0A7C8,0.539,0.613,0.657,0.5670000000000001,0.5770000000000001,0.5329999999999999,1.047,0.653,0.736,0.603,0.723,0.767,0.733,0.546,0.421,0.603,0.517,0.526,0.831,0.531,0.588,0.5820000000000001,0.529,0.562
P0AF43,0.7120000000000001,0.813,1.133,1.113,1.105,1.171,0.866,0.623,0.648,1.0590000000000002,0.887,1.008,1.222,0.978,1.104,1.0590000000000002,1.186,1.214,1.178,0.7290000000000001,0.919,1.1909999999999998,0.815,0.838
P32684,2.104,2.239,1.995,2.241,3.032,2.43,1.682,1.358,1.6130000000000002,1.795,2.121,2.952,1.825,1.503,1.972,1.795,2.053,1.846,1.477,1.767,2.06,2.335,1.6969999999999998,1.501
P32685,5.392,4.1789999999999985,5.863,3.591,4.079,3.212,3.257,3.728,4.453,3.703,3.795,4.578,2.776,2.718,2.844,3.703,2.432,3.253,2.777,3.004,3.193,2.9730000000000003,3.41,4.009
P0AF45,0.149,0.17,0.233,0.199,0.234,0.203,0.213,0.184,0.27,0.444,0.441,0.452,0.17,0.16899999999999998,0.0787,0.444,0.104,0.0779,0.603,0.117,0.222,0.0897,0.0893,0.101
P32687,0.764,0.917,0.5870000000000001,0.742,0.853,1.096,0.7559999999999999,0.88,0.893,1.329,0.898,1.018,0.662,0.825,0.708,1.329,0.7709999999999999,0.528,0.75,1.18,0.6659999999999999,0.64,1.129,0.826
P32688,0.585,0.425,0.649,0.634,0.654,0.42,0.875,0.471,0.475,0.8270000000000001,0.723,0.478,0.455,0.287,0.339,0.8270000000000001,0.401,0.3670000000000001,0.654,1.149,0.5479999999999999,0.496,0.5379999999999999,0.4920000000000001
P32689,0.807,0.398,0.737,0.66,0.664,0.655,0.8370000000000001,0.83,0.8420000000000001,0.757,0.708,0.8490000000000001,0.6409999999999999,0.581,0.584,0.757,0.5539999999999999,0.701,1.025,1.331,0.612,0.519,0.7290000000000001,0.628
P32690,0.0689,0.132,0.0151,0.079,0.0494,0.01,0.0921,0.106,0.114,0.175,0.207,0.127,0.14400000000000002,0.0412,0.0644,0.175,0.068,0.0612,0.154,0.163,0.136,0.092,0.116,0.102
P68206,2.361,2.593,2.9160000000000004,1.872,2.234,2.34,3.367,3.575,3.834,3.275,3.1910000000000003,4.15,4.324,4.145,4.967,3.275,4.371,3.646,22.13,24.6,3.781,3.5410000000000004,3.334,3.503
P0AC51,2.907,2.547,2.266,1.841,2.3480000000000003,1.96,2.982,3.072,3.487,3.076,3.329,3.817,1.943,1.746,1.628,3.076,1.54,2.074,3.277,3.971,3.485,3.342,3.821,3.738
P32693,0.0184,0.01,0.01,0.01,0.0115,0.0122,0.0128,0.0293,0.0793,0.218,0.113,0.0953,0.0197,0.0112,0.01,0.218,0.0373,0.0132,0.0258,0.0467,0.0461,0.0266,0.0146,0.0136
P32694,0.219,0.127,0.202,0.124,0.16,0.109,0.391,0.233,0.217,0.522,0.385,0.215,0.242,0.121,0.0859,0.522,0.114,0.119,0.5660000000000001,0.605,0.252,0.259,0.185,0.188
P32695,4.81,4.745,3.671,3.4160000000000004,4.355,3.859,6.655,6.875,7.67,5.007,7.73,7.819,2.86,3.87,2.592,5.007,2.446,3.132,8.152000000000001,7.525,8.074,7.33,7.443,6.925
P32696,1.421,1.019,1.749,1.5759999999999998,1.731,1.52,1.569,1.352,1.4680000000000002,1.63,1.7180000000000002,1.4,1.09,0.6779999999999999,0.573,1.63,0.841,0.75,1.33,1.805,1.7009999999999998,1.589,1.6469999999999998,1.717
P0AF48,2.478,3.49,4.015,2.8760000000000003,3.062,2.719,4.146,4.436,4.265,3.285,3.828,4.223,5.6160000000000005,6.113,6.737,3.285,6.846,6.707999999999998,3.54,3.297,4.1610000000000005,4.3889999999999985,4.758,4.535
P0AF50,2.251,2.955,3.158,2.693,2.456,2.539,2.849,3.165,3.587,3.259,2.9330000000000003,3.169,3.744,4.768,4.708,3.259,4.564,4.1560000000000015,3.274,3.2430000000000003,3.39,4.137,3.614,3.59
P32700,0.8420000000000001,0.715,0.706,0.7490000000000001,0.7859999999999999,0.742,2.607,2.045,2.358,1.908,2.5860000000000003,2.95,0.366,0.319,0.321,1.908,0.4,0.43,2.528,1.883,2.4730000000000003,2.275,2.585,2.076
P32701,0.701,0.4970000000000001,0.6629999999999999,0.846,0.789,0.277,0.504,0.564,0.789,0.921,1.183,0.838,0.8759999999999999,0.7290000000000001,0.972,0.921,0.958,1.036,0.7829999999999999,0.469,0.8640000000000001,0.687,0.561,0.862
P0AF52,1.669,1.304,0.769,0.903,0.922,1.152,2.031,1.655,2.463,1.841,2.112,2.095,0.818,1.162,0.79,1.841,0.8809999999999999,0.611,1.134,1.679,2.2880000000000003,1.354,2.423,2.071
P32703,2.515,1.67,2.301,2.0340000000000003,2.234,2.219,2.673,2.342,2.678,2.158,2.374,2.761,2.556,2.507,2.673,2.158,3.099,3.0860000000000003,1.6469999999999998,1.225,3.0380000000000003,2.188,2.774,2.28
P32704,0.01,0.01,0.0292,0.0163,0.069,0.0196,0.03,0.0899,0.124,0.181,0.139,0.0694,0.053,0.0159,0.0565,0.181,0.0622,0.0529,0.14,0.0827,0.0461,0.0684,0.0428,0.0423
P32705,0.525,0.335,1.975,2.237,1.7919999999999998,1.148,0.535,0.7120000000000001,0.685,0.618,0.672,0.569,2.514,0.6970000000000001,8.093,0.618,5.715,6.1179999999999986,0.633,0.363,0.66,0.537,0.261,0.521
P0AF54,0.406,0.439,1.944,1.656,1.3130000000000002,0.621,0.308,0.248,0.196,0.259,0.303,0.236,4.561,1.1,11.49,0.259,8.369,9.068,0.256,0.064,0.175,0.129,0.116,0.227
P0AF56,0.893,0.871,0.502,0.7120000000000001,0.94,0.852,0.685,1.009,1.208,1.394,1.03,0.955,1.829,1.847,1.661,1.394,1.716,1.75,0.459,0.477,1.355,1.095,1.048,1.035
P32714,0.0505,0.142,0.0471,0.123,0.107,0.12,0.17600000000000002,0.163,0.0552,0.223,0.172,0.159,0.109,0.106,0.102,0.223,0.15,0.1,0.151,0.187,0.17600000000000002,0.16899999999999998,0.161,0.155
P32715,1.0,1.275,1.198,1.314,1.017,0.8759999999999999,1.383,1.446,1.803,1.794,1.5,1.564,0.94,0.999,1.092,1.794,1.125,0.8140000000000001,1.285,1.58,1.261,1.188,1.598,1.495
P32716,0.0475,0.0908,0.0669,0.233,0.247,0.207,0.0707,0.1,0.119,0.6629999999999999,0.334,0.305,0.255,0.19,0.078,0.6629999999999999,0.205,0.196,0.103,0.0413,0.13,0.115,0.0802,0.111
P32717,1.455,1.761,1.3030000000000002,1.747,1.433,1.435,1.594,1.466,1.465,2.065,1.4240000000000002,1.062,1.599,1.67,1.5719999999999998,2.065,1.704,1.401,1.37,1.523,1.144,1.03,1.412,1.38
P32718,0.4,0.486,1.543,2.182,2.147,1.5019999999999998,0.546,0.389,0.228,1.031,0.301,0.398,1.047,0.6990000000000001,1.731,1.031,1.683,1.389,0.417,0.271,0.274,0.332,0.119,0.289
P32719,0.802,1.102,2.722,3.589,3.5980000000000003,1.846,0.72,0.757,0.578,0.698,0.8590000000000001,0.805,1.383,0.86,2.173,0.698,2.484,2.136,0.841,0.429,0.5529999999999999,0.6709999999999999,0.499,0.626
P32720,0.648,0.507,2.167,1.6969999999999998,1.536,1.137,0.667,0.643,0.68,0.616,0.513,0.529,1.019,1.056,1.5759999999999998,0.616,1.665,1.388,0.655,0.547,0.518,0.593,0.542,0.518
P32721,0.643,0.521,1.804,1.298,0.962,0.59,0.343,0.583,0.455,0.69,0.5579999999999999,0.482,1.23,0.8740000000000001,1.4469999999999998,0.69,1.607,1.52,0.475,0.872,0.338,0.493,0.544,0.629
P39265,0.959,1.714,4.368,2.963,2.689,1.685,1.258,0.833,0.927,1.198,0.955,0.885,3.576,2.449,2.772,1.198,3.706,3.83,0.848,1.073,0.919,0.974,0.982,0.708
P39267,7.444,6.162000000000001,8.877,9.505,9.618,8.488999999999999,1.474,1.255,1.2990000000000002,1.644,1.2,1.021,4.07,2.813,2.879,1.644,2.667,3.025,0.857,1.268,0.917,1.162,0.908,0.807
P0DM85,14.5,9.961,22.98,11.74,14.5,8.511000000000001,1.3019999999999998,1.182,1.156,1.3259999999999998,1.079,1.105,4.926,3.093,3.304,1.3259999999999998,2.478,3.3680000000000003,0.479,0.517,0.5379999999999999,0.53,0.454,0.609
P30845,0.222,0.28800000000000003,0.341,0.318,0.428,0.459,0.0992,0.267,0.426,0.5329999999999999,0.363,0.376,0.792,0.8109999999999999,1.09,0.5329999999999999,1.043,0.921,0.404,0.453,0.436,0.331,0.15,0.303
P0ACU7,3.862,5.691,4.447,7.717,6.457000000000002,7.8210000000000015,4.66,2.9930000000000003,2.765,2.548,4.13,5.1789999999999985,7.05,8.9,8.707,2.548,10.12,9.093,4.961,2.675,3.767,4.246,3.355,2.971
P60061,0.262,0.226,0.335,0.256,0.0736,0.184,0.405,0.109,0.168,0.494,0.284,0.309,0.345,0.316,0.19,0.494,0.221,0.248,0.151,0.199,0.236,0.318,0.191,0.276
P39270,0.835,0.831,1.238,0.593,0.92,0.698,1.287,1.114,0.813,1.041,1.147,0.956,0.738,0.949,0.727,1.041,0.795,0.758,0.908,1.037,1.041,0.974,1.342,1.057
P0AD01,1.605,2.8080000000000003,1.386,1.641,1.533,1.847,2.049,1.857,1.749,1.521,1.913,2.295,2.842,2.633,2.37,1.521,2.32,2.469,1.21,1.179,2.142,2.694,2.087,1.984
P0AEC8,3.492,4.825,2.224,2.083,2.253,2.268,2.173,2.5580000000000003,2.325,2.055,2.366,2.969,4.046,3.958,2.39,2.055,3.513,3.896,1.676,1.78,2.885,3.0,2.436,2.542
P0AF59,0.87,0.765,1.453,1.255,1.214,0.8240000000000001,1.014,0.902,0.954,1.156,0.764,1.332,2.121,2.239,2.843,1.156,2.556,2.485,1.878,2.209,1.108,0.978,1.133,0.948
P39274,1.493,1.275,2.248,1.895,2.977,1.69,3.044,2.488,2.013,3.157,1.6740000000000002,2.133,5.5520000000000005,4.905,6.545,3.157,6.437,5.675,4.793,4.475,2.377,2.678,2.541,2.685
P0AF61,0.14400000000000002,0.059,0.0792,0.0702,0.0552,0.0735,0.335,0.242,0.28,0.441,0.368,0.24,0.379,0.257,0.371,0.441,0.317,0.386,0.195,0.245,0.151,0.17,0.14800000000000002,0.204
P39276,1.116,1.213,1.044,1.088,1.287,1.05,1.4980000000000002,1.5730000000000002,1.418,1.521,1.493,1.709,1.721,1.537,1.51,1.521,1.816,1.745,1.509,1.499,1.666,1.665,1.379,1.666
P0A8N7,3.276,2.877,1.541,1.624,1.971,1.88,4.166,4.3260000000000005,4.194,3.994,5.2189999999999985,5.206,0.857,1.029,0.67,3.994,0.721,0.759,2.271,2.456,4.5939999999999985,4.98,5.0680000000000005,5.025
P0AF63,7.032,6.584,5.933,5.066,6.134,5.0939999999999985,4.777,6.167000000000002,6.112,2.717,4.921,5.847,5.202000000000001,6.127999999999999,5.462999999999999,2.717,5.204,6.079,3.903,2.944,6.231,3.731,3.703,5.271
P0AF67,5.893,4.5539999999999985,4.939,4.8039999999999985,4.5939999999999985,5.11,6.247999999999998,6.457000000000002,7.33,5.599,6.023,5.579,3.5810000000000004,3.932,4.3210000000000015,5.599,4.721,4.516,5.016,7.0520000000000005,7.35,7.56,7.657999999999999,7.683
P31806,10.14,7.938,11.15,5.078,9.375,6.424,12.84,13.05,11.54,10.07,10.72,9.449,8.3,6.5760000000000005,6.742000000000001,10.07,6.422999999999999,7.292999999999998,11.39,10.35,10.7,10.5,12.07,13.07
P39277,1.611,1.59,1.433,1.966,2.136,2.53,1.11,2.196,1.4509999999999998,1.444,1.429,1.585,1.837,1.506,1.862,1.444,1.82,1.889,1.413,1.199,1.7619999999999998,1.581,1.058,1.493
P0AF70,6.343,7.732,8.655,7.481,6.96,4.805,9.318,11.15,10.05,7.5,11.34,13.57,9.756,9.384,8.424,7.5,7.728,11.66,7.678,6.3279999999999985,10.75,11.47,8.741,10.02
P39279,0.421,0.401,0.542,0.527,0.672,0.617,1.072,1.128,0.835,0.779,1.024,0.948,0.7559999999999999,0.544,0.56,0.779,0.472,0.639,0.95,1.0590000000000002,0.813,0.959,0.892,0.8909999999999999
P39280,3.3110000000000004,3.229,3.059,2.504,2.384,2.557,2.986,4.609,4.1160000000000005,2.838,4.357,4.384,1.913,2.464,1.878,2.838,2.2230000000000003,2.077,2.555,3.708,4.338,4.5310000000000015,3.726,3.823
P39282,1.758,0.946,0.611,0.6579999999999999,0.8079999999999999,0.802,1.773,1.794,2.305,1.7519999999999998,1.842,2.233,1.005,1.39,1.293,1.7519999999999998,1.234,1.129,1.225,1.216,1.986,2.123,2.045,1.989
P39283,0.308,0.332,0.26,0.201,0.179,0.28,0.28,0.436,0.392,0.898,0.8370000000000001,0.573,0.597,0.0777,0.195,0.898,0.232,0.44,0.158,0.449,0.236,0.428,0.3670000000000001,0.308
P39284,0.7040000000000001,0.68,0.454,0.7020000000000001,0.552,0.878,0.895,0.8490000000000001,0.8109999999999999,1.029,1.069,1.069,0.695,0.586,0.612,1.029,0.636,0.562,0.716,0.7759999999999999,0.722,0.957,0.894,0.767
P39285,4.698,2.194,3.2030000000000003,2.668,2.729,2.522,3.341,4.873,3.487,2.417,3.015,2.4,2.206,2.277,2.021,2.417,2.187,2.321,1.73,2.4530000000000003,2.481,2.991,3.768,3.932
P39286,11.76,10.24,8.862,7.956,9.524,8.572000000000001,7.75,8.798,9.168,7.7120000000000015,9.268,8.748,6.294,6.876,5.599,7.7120000000000015,6.04,6.934,5.415,6.6770000000000005,10.65,10.32,11.55,12.65
P0A784,5.479,5.553,6.144,4.473,5.974,4.988,8.372,8.74,10.14,7.387,8.65,10.42,6.084,6.718,3.867,7.387,5.483,6.33,9.571,9.691,10.35,9.783,9.091,9.323
P39288,3.334,2.444,1.467,1.581,2.11,1.87,2.51,2.609,2.271,2.5540000000000003,2.567,2.198,1.604,1.517,1.287,2.5540000000000003,1.3869999999999998,1.561,1.778,2.824,2.035,2.217,3.073,3.13
P0AF73,3.116,1.982,2.18,1.682,2.17,2.487,2.222,2.252,3.143,2.192,2.5660000000000003,2.643,1.167,1.213,0.98,2.192,0.8859999999999999,0.754,1.983,2.3480000000000003,2.69,1.696,2.898,2.68
A0A385XK32,0.0949,0.0802,0.0924,0.145,0.0621,0.47,0.366,0.18,0.799,0.394,0.792,0.568,0.0715,0.0684,0.208,0.394,0.229,0.0661,0.613,0.388,0.568,0.611,0.293,0.561
P33222,0.375,0.495,0.366,0.454,0.29,0.304,0.655,0.597,0.457,0.847,0.593,0.408,0.4920000000000001,0.399,0.353,0.847,0.306,0.223,0.5329999999999999,0.9,0.278,0.47,0.557,0.7240000000000001
P37772,0.205,0.21,0.6829999999999999,0.474,0.402,0.386,0.338,0.29600000000000004,0.387,0.8059999999999999,0.501,0.194,0.775,0.445,0.6509999999999999,0.8059999999999999,0.828,0.69,0.259,0.38,0.408,0.29,0.322,0.314
P37773,7.727,7.29,6.699,6.426,6.738,4.843,7.735,7.077000000000001,7.807,6.882999999999999,8.541,8.447000000000001,4.939,5.18,4.5310000000000015,6.882999999999999,5.098,5.04,6.797999999999999,6.855,8.466000000000001,8.763,8.828,8.482999999999999
P63177,1.13,1.052,1.824,1.7380000000000002,1.209,1.108,2.424,2.616,2.47,1.568,2.701,3.017,1.127,1.26,1.357,1.568,1.21,1.207,1.874,1.264,3.422,2.302,2.048,2.9930000000000003
P0AF76,0.299,0.256,0.364,0.322,0.362,0.295,0.475,0.513,0.529,0.328,0.391,0.28,0.428,0.2,0.29600000000000004,0.328,0.266,0.281,0.364,0.44,0.448,0.34600000000000003,0.265,0.336
P0AF78,0.6459999999999999,0.316,0.396,0.514,0.426,0.435,0.535,0.768,0.669,0.722,0.639,0.5429999999999999,0.453,0.292,0.439,0.722,0.368,0.375,0.602,0.635,0.609,0.528,0.502,0.618
P39293,0.6679999999999999,0.636,0.4920000000000001,0.478,0.483,0.354,0.8370000000000001,0.633,0.498,0.836,0.612,0.49,0.4320000000000001,0.5379999999999999,0.507,0.836,0.434,0.333,0.509,0.8370000000000001,0.472,0.5529999999999999,0.407,0.539
P0AF80,0.3720000000000001,0.466,0.424,0.247,0.252,0.255,0.804,0.623,0.5479999999999999,0.361,0.453,0.382,0.358,0.218,0.334,0.361,0.244,0.11,0.5870000000000001,0.647,0.411,0.424,0.424,0.448
P39295,0.27,0.192,0.245,0.184,0.157,0.14,0.32299999999999995,0.339,0.28300000000000003,0.54,0.46,0.246,0.295,0.21600000000000005,0.125,0.54,0.128,0.0912,0.25,0.373,0.444,0.289,0.238,0.134
P0AF82,1.91,2.607,0.99,0.69,0.969,0.573,0.584,0.7929999999999999,0.442,0.7809999999999999,0.8009999999999999,0.809,2.901,2.79,2.504,0.7809999999999999,2.728,2.874,0.772,0.711,0.627,0.8109999999999999,0.6809999999999999,0.523
P39297,5.343,4.999,1.551,0.93,1.228,0.927,1.339,1.325,1.598,1.472,1.386,1.366,9.33,7.452000000000001,6.479,1.472,6.769,8.874,1.4780000000000002,1.604,1.411,1.3869999999999998,1.246,1.334
P39298,0.674,1.222,0.953,1.663,1.254,1.209,1.099,0.959,1.064,1.189,1.392,1.36,1.06,1.254,1.229,1.189,1.269,1.391,1.006,0.984,1.241,1.25,1.175,0.995
P0A9W0,1.658,1.743,1.5730000000000002,1.557,1.874,1.59,3.512,3.8,4.075,3.22,3.216,3.439,1.814,2.0780000000000003,1.723,3.22,1.695,1.79,2.664,3.096,3.737,3.783,3.6010000000000004,3.798
P39300,0.41,0.292,0.354,0.34700000000000003,0.387,0.535,0.503,0.311,0.414,0.75,0.53,0.604,0.63,0.669,0.621,0.75,0.8170000000000001,0.6990000000000001,0.877,0.732,0.551,0.7040000000000001,0.569,0.8490000000000001
P0AF86,0.409,0.179,0.512,0.418,0.374,0.247,0.954,1.115,0.8740000000000001,1.0490000000000002,0.901,0.691,0.607,0.443,0.5870000000000001,1.0490000000000002,0.557,0.523,0.87,0.952,0.83,0.688,0.8140000000000001,0.847
P39308,0.285,0.16399999999999998,0.0556,0.15,0.244,0.3720000000000001,0.677,0.622,0.607,0.8909999999999999,0.935,0.8859999999999999,0.115,0.0309,0.025,0.8909999999999999,0.0166,0.0306,0.563,0.416,0.6890000000000001,0.5870000000000001,0.7090000000000001,0.657
P0A8X0,20.93,15.76,13.25,9.669,17.16,10.57,18.79,19.17,19.38,13.57,16.77,21.95,4.683,5.312,4.887,13.57,4.751,4.901,19.18,23.17,22.79,18.97,25.64,22.86
P27250,1.0,0.8370000000000001,0.852,1.013,0.899,1.069,0.856,1.043,0.92,1.087,1.163,0.932,1.273,1.4780000000000002,1.689,1.087,1.934,1.769,1.997,2.273,0.8859999999999999,0.94,1.171,0.975
P0AF90,18.58,20.99,16.42,17.5,16.15,17.32,18.77,22.54,18.32,13.0,21.03,27.86,14.07,14.26,12.34,13.0,10.78,13.25,32.28,32.01,25.3,28.64,21.05,21.31
P0AF93,22.83,25.72,19.16,18.42,23.6,20.4,40.77,43.03,43.21,29.95,41.51,51.56,35.52,37.77,38.44,29.95,37.94,33.73,36.51,46.67,43.53,45.06,42.02,35.45
P39332,1.17,0.916,1.247,0.959,0.938,0.942,1.044,0.94,1.136,1.166,1.285,1.082,1.453,1.25,1.596,1.166,1.463,1.513,1.113,0.969,0.91,0.754,0.823,0.863
P39333,0.726,0.221,0.375,0.297,0.287,0.581,0.276,0.154,0.158,0.436,0.642,0.611,0.426,0.49,0.181,0.436,0.272,0.7909999999999999,0.568,0.14800000000000002,0.231,0.17,0.2,0.109
P39334,1.202,1.199,1.779,1.974,2.095,1.6669999999999998,1.046,1.643,1.629,1.008,1.286,1.5490000000000002,1.37,1.134,1.574,1.008,1.09,1.54,1.392,0.905,2.107,1.778,0.58,1.5630000000000002
P0AF96,1.45,1.042,2.209,1.768,1.6130000000000002,1.707,1.875,2.478,2.571,1.337,1.997,1.606,1.493,1.508,2.009,1.337,1.425,1.711,2.157,2.608,2.9,2.068,1.523,2.181
P39336,0.0368,0.0545,0.049,0.0238,0.0782,0.01,0.0221,0.0577,0.0821,0.0756,0.0691,0.0801,0.0685,0.0581,0.103,0.0756,0.0257,0.0605,0.0568,0.076,0.0905,0.0335,0.0629,0.0935
P39338,0.0995,0.15,0.222,0.105,0.0759,0.0588,0.189,0.251,0.207,0.262,0.434,0.324,0.215,0.14,0.0966,0.262,0.154,0.121,0.16399999999999998,0.256,0.203,0.255,0.147,0.276
P0AF98,4.3889999999999985,4.1789999999999985,3.512,4.474,4.276,5.195,4.734,4.22,4.5539999999999985,3.53,4.52,5.1370000000000005,2.432,2.939,2.665,3.53,2.794,3.043,5.197,4.685,4.963,5.996,4.877,5.205
P0ADC6,1.288,1.025,1.175,1.126,0.914,1.172,1.964,1.766,1.839,2.051,1.48,2.51,0.667,0.978,0.8,2.051,1.035,0.894,1.2919999999999998,1.923,1.902,2.092,1.974,1.999
P39342,1.5930000000000002,1.307,1.998,1.659,1.906,1.544,1.959,2.08,1.937,2.393,1.638,1.711,3.01,2.713,2.774,2.393,2.792,2.885,2.13,3.317,2.075,2.055,2.087,2.369
Q9Z3A0,0.757,0.852,1.121,0.7759999999999999,0.906,0.737,1.133,1.094,1.003,1.276,0.899,0.96,0.833,0.629,0.7340000000000001,1.276,0.742,0.5710000000000001,1.151,1.425,0.933,0.925,1.103,0.899
P39351,0.57,0.725,0.449,0.456,0.397,0.381,0.858,0.534,0.364,0.939,0.5760000000000001,0.624,0.56,0.337,0.333,0.939,0.32299999999999995,0.292,0.54,0.851,0.5379999999999999,0.51,0.629,0.5329999999999999
P69856,0.0322,0.315,1.04,0.512,0.555,0.26,0.293,0.0984,0.16,0.552,0.383,0.234,7.845,4.46,7.843,0.552,8.542,9.245,0.226,0.155,0.243,0.0548,0.101,0.244
P39352,0.56,0.812,1.93,1.715,2.157,1.646,0.29100000000000004,0.34600000000000003,0.358,0.4320000000000001,0.355,0.307,3.46,3.155,4.3580000000000005,0.4320000000000001,3.865,4.949,0.238,0.273,0.262,0.205,0.214,0.34700000000000003
P39353,0.87,1.57,2.58,2.653,3.014,3.564,2.347,2.44,1.907,2.4130000000000003,2.092,2.307,4.654,4.17,5.299,2.4130000000000003,5.149,4.788,2.406,1.844,2.207,1.938,1.788,2.103
P39354,0.73,0.489,0.693,0.495,0.594,0.63,0.986,1.125,1.15,1.54,1.278,1.534,0.644,0.417,0.479,1.54,0.5479999999999999,0.477,1.058,1.104,1.241,1.138,1.267,1.106
P39355,0.182,0.212,0.215,0.112,0.16699999999999998,0.213,0.3,0.446,0.621,0.465,0.624,0.5870000000000001,0.289,0.171,0.157,0.465,0.108,0.173,0.117,0.336,0.488,0.412,0.4,0.477
P39357,0.361,0.312,0.405,0.436,0.241,0.309,0.898,0.586,0.539,0.625,0.629,0.506,0.479,0.35700000000000004,0.244,0.625,0.405,0.426,0.487,0.301,0.501,0.557,0.446,0.529
P39358,0.234,0.28,0.441,0.563,0.321,0.36,0.317,0.344,0.583,0.423,0.6659999999999999,0.71,0.585,0.415,0.693,0.423,0.583,0.581,0.4320000000000001,0.285,0.392,0.638,0.477,0.66
P39359,0.332,0.846,1.016,1.159,0.882,1.115,0.561,0.542,0.585,0.6629999999999999,0.845,0.664,1.747,1.849,2.447,0.6629999999999999,2.112,2.106,0.732,0.589,0.52,0.733,0.398,0.713
P39360,0.309,0.586,0.62,0.394,0.503,0.332,0.181,0.317,0.253,0.482,0.27,0.273,1.634,1.4269999999999998,1.741,0.482,1.5530000000000002,1.6840000000000002,0.299,0.397,0.3,0.277,0.28600000000000003,0.269
P39367,1.957,1.561,1.529,1.1909999999999998,1.336,1.321,1.918,1.819,1.5630000000000002,1.919,1.476,1.375,1.452,1.83,1.455,1.919,1.622,1.594,1.4780000000000002,1.973,1.599,1.509,1.48,1.949
P39368,0.443,0.135,0.0519,0.113,0.453,0.0992,0.0749,0.0473,0.108,0.27,0.129,0.0671,0.6859999999999999,0.722,0.643,0.27,0.746,0.93,0.0534,0.0587,0.0583,0.122,0.0656,0.0607
P39369,0.956,0.792,0.586,0.41,0.608,0.415,1.384,1.42,1.362,1.652,1.525,1.541,0.588,0.603,0.597,1.652,0.484,0.515,1.164,1.135,1.3969999999999998,1.07,1.185,1.2990000000000002
P39370,0.0306,0.0182,0.4970000000000001,0.0476,0.131,0.0992,0.179,0.0672,0.142,0.344,0.0743,0.14,1.072,0.433,1.2,0.344,0.969,1.209,0.129,0.0693,0.0931,0.0753,0.0784,0.045
P39371,0.38,0.201,1.121,0.611,0.664,0.487,0.644,0.611,0.552,0.622,0.662,0.597,3.478,1.89,4.7360000000000015,0.622,4.407,4.707,0.56,0.737,0.5720000000000001,0.6459999999999999,0.6890000000000001,0.748
P39356,2.988,2.365,1.943,2.478,2.818,2.595,3.428,4.122,3.3760000000000003,1.912,3.149,3.272,2.986,2.963,3.337,1.912,2.881,3.3560000000000003,3.41,2.88,4.007,3.23,2.3080000000000003,3.749
P24203,3.412,4.133,20.3,18.73,17.39,15.58,3.5,3.489,3.649,3.204,3.294,3.568,5.539,5.322,6.021,3.204,6.879,6.314,5.436,6.2360000000000015,3.966,4.45,4.175,3.997
P39374,0.168,0.182,0.158,0.0514,0.17,0.022,0.412,0.235,0.322,0.308,0.457,0.261,0.242,0.0946,0.264,0.308,0.116,0.0898,0.252,0.183,0.184,0.172,0.218,0.247
P39375,0.265,0.142,0.0839,0.191,0.153,0.239,0.345,0.354,0.295,0.377,0.35100000000000003,0.329,0.48,0.483,0.499,0.377,0.454,0.4370000000000001,0.305,0.343,0.18600000000000005,0.189,0.313,0.295
P39376,1.176,1.09,0.921,0.861,0.96,1.137,0.6,0.831,1.132,0.565,0.933,1.033,0.8290000000000001,0.938,0.7929999999999999,0.565,0.823,0.887,1.007,0.423,1.0659999999999998,0.923,0.453,0.6940000000000001
P0AEH8,0.87,1.084,0.742,0.894,1.24,0.584,0.431,0.688,1.274,0.433,0.701,0.602,0.862,0.851,1.226,0.433,0.725,0.682,0.682,0.624,0.75,0.917,0.203,0.847
P39379,0.6459999999999999,0.475,0.396,0.349,0.393,0.391,0.619,0.569,0.633,0.529,0.6609999999999999,0.579,0.5820000000000001,0.341,0.446,0.529,0.413,0.246,0.594,0.7190000000000001,0.5720000000000001,0.732,0.426,0.71
P39380,1.202,1.116,1.412,0.986,1.19,1.056,1.131,1.055,0.836,0.8240000000000001,1.014,0.898,0.942,0.698,1.043,0.8240000000000001,0.8290000000000001,0.894,1.176,1.12,0.926,0.821,0.856,1.046
P39381,0.38,0.409,0.44,0.471,0.271,0.254,0.5870000000000001,0.442,0.32,0.438,0.41,0.228,0.519,0.327,0.35700000000000004,0.438,0.354,0.358,0.341,0.361,0.373,0.394,0.298,0.409
P39382,0.458,0.0515,0.223,0.16699999999999998,0.0908,0.146,0.835,0.965,0.7959999999999999,0.728,0.888,0.862,0.725,0.565,0.536,0.728,0.45,0.514,0.626,0.645,0.723,0.8859999999999999,0.733,0.833
P39383,0.312,0.444,0.0896,0.448,0.446,0.5429999999999999,0.227,0.333,0.103,0.564,0.526,0.195,0.358,0.417,0.392,0.564,0.409,0.482,0.11,0.177,0.205,0.154,0.456,0.525
P39384,0.675,1.151,0.845,0.938,0.887,0.922,0.974,0.477,0.732,1.11,0.764,0.584,1.513,1.291,1.31,1.11,1.314,1.19,1.02,1.099,0.298,0.752,0.252,0.8190000000000001
P39385,1.098,1.1840000000000002,0.933,1.436,1.293,1.009,1.279,1.586,1.339,1.182,1.238,1.05,1.129,1.298,1.141,1.182,1.402,1.285,1.362,1.155,1.033,1.068,0.989,1.196
P39386,0.787,0.575,0.411,0.5579999999999999,0.5670000000000001,0.4970000000000001,0.732,0.466,0.423,0.884,0.706,0.645,0.747,0.591,0.509,0.884,0.609,0.64,0.5479999999999999,0.6679999999999999,0.653,0.626,0.6890000000000001,0.6
P0DP21,0.0919,0.235,0.211,0.118,0.308,0.24,0.188,0.0662,0.147,0.361,0.407,0.237,0.41,0.184,0.245,0.361,0.205,0.28,0.182,0.0507,0.316,0.116,0.0738,0.231
P0DP22,0.6459999999999999,0.6559999999999999,0.88,0.578,0.706,0.481,1.099,0.935,0.779,0.862,0.861,0.867,1.158,1.228,1.04,0.862,0.938,1.038,0.99,1.105,0.915,0.971,0.8170000000000001,0.857
P39389,0.735,0.752,1.116,0.873,0.949,0.573,0.965,0.945,1.196,1.456,1.21,1.015,1.204,1.057,1.288,1.456,1.246,1.169,0.929,0.615,0.826,0.675,0.82,0.936
P39390,0.544,0.439,0.57,0.404,0.405,0.382,0.7879999999999999,0.784,0.636,1.232,0.857,0.5770000000000001,0.622,0.522,0.429,1.232,0.469,0.489,0.53,0.8079999999999999,0.731,0.57,0.8079999999999999,0.936
P39391,1.507,2.954,2.369,2.061,2.384,1.64,1.961,2.234,1.662,1.7480000000000002,1.683,1.908,7.199,8.927999999999997,7.876,1.7480000000000002,8.636000000000001,9.097,1.5719999999999998,1.449,1.69,1.851,1.7280000000000002,1.43
P39394,0.68,0.633,0.706,0.6629999999999999,0.6559999999999999,0.785,1.3869999999999998,1.167,0.898,1.531,1.216,1.156,1.016,0.95,0.752,1.531,0.619,0.713,2.906,1.689,0.939,1.264,0.846,0.7240000000000001
P0ADC8,6.27,8.469,34.64,25.62,26.7,22.41,6.675,6.792000000000002,5.8020000000000005,4.728,5.829,6.397,8.591000000000001,8.547,9.911,4.728,9.927,8.82,7.701,5.547999999999999,6.144,6.122999999999998,6.372999999999998,6.349
P39396,3.836,6.774,44.9,49.37,44.95,47.84,2.171,2.504,2.879,2.53,3.015,2.795,0.542,0.418,0.381,2.53,0.5670000000000001,0.431,1.382,1.767,3.067,3.2430000000000003,2.6660000000000004,2.615
P39398,1.839,2.157,1.537,2.344,1.636,3.1660000000000004,0.8109999999999999,0.7759999999999999,0.598,0.7759999999999999,0.867,0.667,1.7280000000000002,1.07,2.162,0.7759999999999999,2.148,2.15,0.757,0.601,0.672,0.495,0.645,0.5329999999999999
P18390,4.168,4.005,3.651,3.725,3.806,3.93,7.567,8.801,7.557,7.192,7.746,8.59,2.5610000000000004,2.959,2.655,7.192,2.959,2.61,10.02,12.64,9.479,7.291,10.37,9.113
P0ADD2,0.5710000000000001,0.342,0.596,0.366,0.3670000000000001,0.377,0.343,0.285,0.532,0.35100000000000003,0.35100000000000003,0.333,0.691,0.597,0.703,0.35100000000000003,0.487,0.71,0.365,0.481,0.552,0.393,0.236,0.31
P0A8Y1,2.588,2.843,1.271,1.761,2.207,2.543,2.083,2.138,2.327,1.142,2.185,2.244,1.196,1.399,1.342,1.142,1.219,1.471,2.773,2.389,1.5419999999999998,2.403,1.518,1.786
P37342,0.619,0.6829999999999999,0.778,0.653,0.584,0.584,0.908,0.645,0.741,1.074,0.799,0.733,0.701,0.762,0.436,1.074,0.584,0.648,0.8009999999999999,0.964,0.804,0.862,0.959,0.741
P39410,1.005,1.069,1.1740000000000002,0.997,1.111,0.747,1.5619999999999998,1.594,1.272,1.347,1.415,1.182,0.971,1.005,0.901,1.347,0.968,0.953,1.4409999999999998,1.6269999999999998,1.247,1.483,1.9,1.536
P0A9W3,10.02,10.53,6.706,10.67,10.36,12.25,10.19,8.769,9.647,9.352,11.76,12.47,7.862,10.05,10.13,9.352,9.153,8.807,15.8,15.31,12.68,14.58,11.65,11.91
P39399,1.453,2.7310000000000003,1.616,0.7909999999999999,1.053,0.7190000000000001,0.228,0.217,0.219,0.687,0.393,0.273,8.154,6.136,6.04,0.687,7.147,8.138,0.252,0.219,0.217,0.2,0.185,0.139
P39400,0.59,0.733,0.37,0.382,0.405,0.234,0.7829999999999999,0.515,0.643,1.443,0.7979999999999999,0.7659999999999999,0.649,0.32299999999999995,0.62,1.443,0.5710000000000001,0.495,0.593,0.785,0.486,0.5820000000000001,0.897,0.638
P0ADD5,0.6859999999999999,0.568,0.72,0.653,0.491,0.5539999999999999,0.944,0.887,0.753,0.657,0.639,0.609,0.861,0.732,0.826,0.657,0.795,0.95,0.8640000000000001,0.631,0.8109999999999999,0.728,0.469,0.6829999999999999
P0ADD7,0.147,0.118,0.126,0.094,0.126,0.149,0.146,0.109,0.118,0.15,0.177,0.215,0.133,0.115,0.0816,0.15,0.126,0.133,0.17,0.123,0.154,0.118,0.0729,0.151
P39406,4.415,4.4910000000000005,3.212,3.181,3.872,3.091,3.616,4.19,4.6789999999999985,2.705,4.775,3.934,1.929,2.324,2.023,2.705,1.876,2.329,6.609,5.747999999999998,4.659,5.3610000000000015,3.769,4.89
P39407,4.086,5.285,5.4129999999999985,6.832999999999998,5.523,5.597,4.004,3.672,3.2060000000000004,2.763,3.965,4.735,4.539,5.283,5.4510000000000005,2.763,5.542999999999998,5.807,4.485,3.927,3.887,5.016,3.978,3.579
P39408,1.505,1.499,1.4069999999999998,1.493,1.199,1.491,1.471,1.16,1.703,1.4509999999999998,1.821,1.61,1.29,1.347,1.335,1.4509999999999998,1.204,1.164,1.989,1.6130000000000002,1.584,1.9,1.649,1.3130000000000002
P39409,1.101,0.765,0.945,0.593,0.73,0.514,1.317,1.332,1.06,1.905,0.925,0.873,0.974,0.679,0.698,1.905,0.536,0.466,0.96,1.821,1.086,0.83,1.414,0.919
P39411,3.346,3.002,3.365,2.268,3.447,2.217,2.867,3.449,3.419,2.444,3.044,3.987,2.345,2.399,2.452,2.444,2.587,2.271,3.941,4.105,3.659,3.847,3.903,3.582
P0ADD9,1.003,0.97,0.8390000000000001,1.396,0.88,1.466,0.884,0.958,1.104,0.639,1.061,1.266,0.6920000000000001,0.6459999999999999,0.841,0.639,0.8540000000000001,0.8,1.274,0.7809999999999999,1.096,1.114,0.4370000000000001,0.8590000000000001
P75678,0.109,0.613,0.382,0.387,0.46,0.552,0.607,0.501,0.253,0.493,0.308,0.5870000000000001,0.606,0.534,0.5479999999999999,0.493,0.502,0.466,0.523,0.385,0.446,0.621,0.534,0.241
P77162,2.559,3.555,4.314,5.941,7.145,5.939,1.3030000000000002,0.93,0.857,1.106,1.02,1.3330000000000002,2.8510000000000004,2.322,2.282,1.106,2.383,2.142,1.551,0.977,1.035,1.245,0.73,0.332
Q47688,0.887,1.152,1.22,1.569,1.294,1.17,1.793,1.531,0.929,1.3730000000000002,1.041,1.075,1.127,0.741,1.177,1.3730000000000002,1.163,1.0,1.218,1.883,1.365,1.262,1.838,0.944
Q47689,0.828,1.251,1.3259999999999998,1.05,1.351,1.171,1.12,0.949,0.851,0.792,0.5379999999999999,0.6809999999999999,1.331,0.6859999999999999,1.1740000000000002,0.792,0.974,1.051,0.94,1.081,0.8740000000000001,0.763,0.6940000000000001,0.447
P0AD59,2.214,2.371,5.7860000000000005,4.6110000000000015,5.007,3.781,9.401,9.737,8.31,4.864,6.865,13.23,9.704,6.645,10.63,4.864,9.426,10.59,38.48,31.96,10.06,9.312,8.509,6.585
P75677,0.732,0.857,0.913,0.938,0.898,0.944,0.8140000000000001,0.679,0.501,0.8859999999999999,0.764,0.939,0.534,0.588,0.521,0.8859999999999999,0.556,0.428,1.02,1.029,0.933,0.989,1.041,0.496
Q47685,0.112,0.18,0.263,0.212,0.29100000000000004,0.354,0.6659999999999999,0.476,0.419,0.6779999999999999,0.524,0.464,0.254,0.13699999999999998,0.0837,0.6779999999999999,0.192,0.17,0.634,0.5429999999999999,0.453,0.563,0.282,0.422
P77601,0.224,0.507,0.393,0.33,0.438,0.398,0.648,0.484,0.421,0.397,0.395,0.648,0.789,0.49,0.7490000000000001,0.397,0.769,0.688,0.487,0.505,0.635,0.463,0.521,0.285
P75685,0.5479999999999999,0.927,0.713,0.7759999999999999,0.524,0.473,2.1630000000000003,1.24,1.063,0.69,0.535,1.26,0.947,0.609,0.733,0.69,0.835,0.7390000000000001,1.224,1.221,1.254,0.862,1.646,1.09
P77212,0.276,0.271,0.295,0.35100000000000003,0.3,0.256,0.484,0.619,0.5710000000000001,0.34,0.466,0.509,0.762,0.524,0.787,0.34,0.716,0.633,0.68,0.7759999999999999,0.332,0.318,0.44,0.271
P77379,0.455,0.403,0.512,0.631,0.417,0.332,0.7440000000000001,0.52,0.655,0.36,0.524,0.41,0.851,0.753,0.691,0.36,0.841,0.994,0.627,0.531,0.516,0.408,0.468,0.535
P77252,3.651,3.5410000000000004,7.4529999999999985,2.884,4.703,2.541,2.547,2.385,2.914,1.56,2.475,1.798,28.19,23.61,34.42,1.56,33.24,34.7,2.05,3.3,1.876,1.618,2.061,2.171
P77536,1.2919999999999998,1.0759999999999998,1.919,1.561,1.151,1.4480000000000002,0.948,0.459,0.898,0.443,0.607,0.391,11.72,5.839,14.64,0.443,15.44,14.15,0.664,0.68,0.779,0.627,0.579,0.591
P77433,3.692,2.6010000000000004,4.097,2.928,2.638,2.759,2.318,2.112,2.44,1.416,1.851,2.255,10.31,7.06,13.06,1.416,12.34,12.25,2.219,2.4330000000000003,1.998,2.256,1.337,2.012
P77180,0.377,0.436,1.128,0.7509999999999999,0.638,0.463,0.732,0.443,0.423,0.498,0.705,0.6729999999999999,0.562,0.317,0.621,0.498,0.5589999999999999,0.5920000000000001,0.338,0.507,0.315,0.304,0.385,0.455
P75687,0.103,0.23,0.193,0.223,0.289,0.129,0.405,0.32,0.384,0.338,0.46,0.565,0.327,0.233,0.273,0.338,0.205,0.301,0.965,0.932,0.398,0.262,0.322,0.276
P0AAL9,0.611,0.513,0.536,0.627,0.687,0.457,10.31,10.69,10.83,9.339,10.96,12.34,5.002,7.403,4.47,9.339,4.706,5.7410000000000005,10.49,7.6960000000000015,10.89,12.42,10.44,8.282
P71301,0.0245,0.0833,0.264,0.222,0.182,0.16399999999999998,0.377,0.354,0.341,0.373,0.363,0.32,0.379,0.214,0.107,0.373,0.11,0.15,0.633,0.665,0.339,0.293,0.23,0.264
P56257,0.188,0.285,0.422,0.152,0.252,0.208,0.659,0.715,0.622,0.49,0.515,0.593,0.247,0.175,0.154,0.49,0.17800000000000002,0.125,0.7759999999999999,0.6409999999999999,0.718,0.649,0.585,0.363
P0A7N1,0.282,0.279,0.28600000000000003,0.275,0.389,0.441,1.521,1.398,1.393,0.853,1.304,1.666,0.601,0.4,0.429,0.853,0.335,0.335,2.522,1.219,1.838,1.612,0.774,0.971
P77473,0.758,0.818,0.618,0.525,0.797,0.8809999999999999,0.946,0.8079999999999999,1.002,0.665,0.654,0.7929999999999999,0.746,0.616,0.604,0.665,0.546,0.594,0.397,0.225,0.6920000000000001,0.4370000000000001,0.463,0.835
P0AAS0,19.75,17.46,12.91,9.431,13.4,11.71,7.026,6.442,6.278,2.675,4.43,6.997999999999998,9.762,10.91,10.25,2.675,8.085,9.587,3.969,4.56,4.9430000000000005,4.458,2.8310000000000004,5.385
P77791,14.31,17.54,7.0779999999999985,6.568,8.782,7.677,3.62,4.1389999999999985,3.467,2.336,3.92,4.9860000000000015,12.97,15.62,13.33,2.336,12.13,14.23,2.485,2.235,3.576,3.219,2.805,4.235
P75713,0.56,0.55,0.878,0.652,0.7290000000000001,0.742,0.411,0.634,0.795,0.637,0.588,0.5870000000000001,0.846,0.961,0.852,0.637,0.778,0.841,0.589,0.8240000000000001,0.794,0.6709999999999999,0.841,0.6890000000000001
P77425,2.253,2.36,3.426,2.204,2.801,2.164,2.734,2.926,2.815,2.184,2.43,2.325,1.805,1.768,1.868,2.184,1.594,1.673,2.208,2.584,2.712,2.615,3.256,2.6210000000000004
P77555,0.0123,0.0182,0.102,0.0176,0.0862,0.118,0.0378,0.0208,0.0198,0.215,0.0828,0.0206,0.213,0.146,0.222,0.215,0.384,0.241,0.0172,0.0213,0.0652,0.0144,0.0811,0.0184
P77129,0.0291,0.0333,0.0566,0.0502,0.0483,0.0343,0.0792,0.0643,0.0439,0.0425,0.0535,0.0427,0.0413,0.0403,0.0293,0.0425,0.0323,0.0292,0.0577,0.0667,0.0522,0.0373,0.0875,0.0416
P0AAS5,0.274,0.715,0.421,0.562,0.34700000000000003,0.501,0.784,0.67,0.469,0.8909999999999999,0.353,0.591,0.545,0.404,0.255,0.8909999999999999,0.473,0.509,0.903,0.665,0.787,0.665,1.08,0.6659999999999999
P0ACZ8,1.953,2.459,1.37,2.552,3.384,2.305,2.501,1.928,2.384,0.985,1.842,2.71,2.199,2.476,2.073,0.985,2.405,2.458,2.536,2.041,2.331,2.681,2.002,1.801
P77211,0.311,0.154,0.255,0.3,0.0506,0.244,0.14800000000000002,0.285,0.301,0.387,0.317,0.322,0.209,0.224,0.187,0.387,0.211,0.304,0.154,0.343,0.304,0.195,0.231,0.256
P77214,0.0934,0.0802,0.21600000000000005,0.27,0.0931,0.179,0.52,0.569,0.28,0.429,0.58,0.596,0.304,0.28300000000000003,0.223,0.429,0.264,0.303,0.423,0.0933,0.407,0.525,0.0702,0.47
P77239,1.155,1.017,0.826,1.166,0.537,0.933,0.7190000000000001,0.774,0.564,0.815,0.528,0.58,0.913,0.878,0.785,0.815,0.785,0.92,0.785,0.935,0.609,0.653,0.386,0.5589999999999999
P77087,0.213,0.226,0.129,0.182,0.153,0.213,0.5920000000000001,0.875,0.852,0.599,0.6779999999999999,1.133,0.311,0.157,0.261,0.599,0.213,0.0626,0.485,0.271,0.728,0.617,0.57,0.537
P0AEI1,14.18,12.43,5.981,8.766,9.374,10.49,8.517000000000001,8.217,8.525,7.592,12.99,12.23,3.862,5.6720000000000015,3.979,7.592,5.153,6.1789999999999985,9.701,5.784,11.85,14.03,11.29,8.533
P75728,3.0380000000000003,2.7060000000000004,2.515,2.864,2.451,2.627,1.882,1.889,2.292,2.213,2.2880000000000003,1.89,2.722,2.898,3.064,2.213,3.258,3.589,1.96,1.843,2.264,2.303,2.88,1.939
P0AEI4,5.0,3.017,1.432,1.758,1.597,1.923,3.269,2.6860000000000004,2.972,2.062,3.777,3.472,0.898,1.32,0.758,2.062,0.595,0.741,2.553,2.917,3.4330000000000003,3.505,2.829,2.891
P75804,2.012,0.922,1.853,1.886,2.063,1.5,1.176,0.544,0.7070000000000001,1.538,1.097,1.035,1.5419999999999998,1.825,1.781,1.538,2.153,1.729,1.431,0.985,1.171,0.967,1.284,0.7979999999999999
P0ACA7,4.8580000000000005,3.104,3.746,4.4689999999999985,3.174,3.265,3.3510000000000004,2.927,3.133,1.897,2.237,2.491,3.748,3.695,3.375,1.897,3.4360000000000004,2.375,3.153,3.136,2.992,1.638,3.369,2.992
P0A8Q6,12.87,14.43,19.85,16.46,20.2,14.38,10.89,11.67,12.76,5.022,9.304,11.92,14.84,14.22,16.02,5.022,15.9,17.8,11.84,9.643,10.33,11.23,8.067,10.38
P0AB10,3.585,2.329,2.305,1.526,1.443,1.126,4.0760000000000005,4.751,5.2620000000000005,2.36,4.007,4.805,2.607,1.911,1.557,2.36,1.479,2.123,3.61,3.897,3.683,3.683,3.816,3.391
P75882,0.233,0.238,0.0877,0.399,0.232,0.236,0.637,1.246,1.034,0.752,0.769,0.647,0.39,0.778,0.618,0.752,0.8420000000000001,0.741,1.008,0.997,0.911,0.901,0.882,1.231
P75883,0.4,0.448,0.494,0.401,0.451,0.43,1.159,1.061,1.003,0.5429999999999999,0.67,1.018,0.762,0.937,0.7829999999999999,0.5429999999999999,0.807,0.7809999999999999,0.82,1.112,1.301,0.993,0.871,0.885
P75884,0.738,0.759,0.741,0.617,0.6990000000000001,0.664,1.937,1.658,1.5219999999999998,1.115,1.138,1.685,1.729,1.7380000000000002,1.5119999999999998,1.115,1.6669999999999998,1.504,1.206,1.195,1.319,1.199,1.754,1.656
P75885,1.545,1.255,1.231,0.957,1.287,1.167,1.6780000000000002,1.679,1.212,1.003,1.362,1.421,0.903,1.0659999999999998,0.802,1.003,0.5920000000000001,0.8340000000000001,2.017,1.571,1.401,1.367,1.503,1.4240000000000002
P75919,1.643,1.369,1.092,1.258,1.324,1.085,0.511,0.758,0.581,0.703,0.527,0.632,1.237,1.072,0.931,0.703,0.902,1.147,0.578,0.431,0.49,0.452,0.908,0.5720000000000001
P75920,2.709,2.855,1.3730000000000002,1.705,1.659,2.6060000000000003,1.615,1.5519999999999998,1.6740000000000002,1.223,1.75,2.119,0.795,0.907,0.677,1.223,0.721,0.747,0.962,0.984,1.826,1.584,2.08,1.6969999999999998
P75962,1.383,1.615,0.496,0.718,1.13,1.28,0.228,0.711,1.0,0.636,0.8759999999999999,0.706,0.409,0.645,0.225,0.636,0.251,0.32299999999999995,0.311,0.22,0.741,0.57,0.611,0.725
P75966,2.858,3.982,2.086,2.559,2.83,3.788,3.808,3.1260000000000003,3.023,1.482,2.806,3.939,1.996,2.286,2.317,1.482,2.789,2.276,2.237,1.991,3.277,4.777,3.719,4.072
P75967,0.392,0.55,0.456,0.16399999999999998,0.334,0.306,0.0343,0.12,0.213,0.0743,0.168,0.34,0.789,0.648,0.562,0.0743,0.416,0.763,3.382,2.395,0.103,0.073,0.1,0.134
P75968,1.133,1.7519999999999998,0.857,0.524,0.8740000000000001,0.5870000000000001,0.29,0.412,0.505,0.19,0.365,0.449,2.339,2.661,2.1630000000000003,0.19,1.706,2.137,1.65,1.236,0.335,0.189,0.192,0.46
P75971,0.907,0.4970000000000001,0.412,0.376,0.353,0.256,0.398,0.456,0.418,0.371,0.36,0.532,0.522,0.5870000000000001,0.25,0.371,0.289,0.415,14.69,9.977,0.452,0.482,0.285,0.507
P75972,0.948,1.352,1.14,1.241,1.187,1.4,0.942,1.009,0.825,0.512,1.019,1.6130000000000002,1.624,1.908,1.564,0.512,1.653,1.653,1.806,0.911,0.617,1.195,0.634,0.807
P75973,5.4929999999999986,5.4,0.434,0.226,0.324,0.231,1.203,1.423,0.726,0.537,0.726,0.7829999999999999,5.092,6.353,0.614,0.537,0.512,0.521,92.36,107.1,0.5529999999999999,0.73,0.519,0.701
P75976,3.2310000000000003,2.742,0.0858,0.0878,0.0724,0.0637,0.35,0.458,0.425,0.374,0.255,0.119,3.562,5.229,0.586,0.374,0.629,0.375,54.55,71.81,0.104,0.103,0.126,0.305
P75977,2.377,1.864,0.317,0.325,0.308,0.157,0.398,0.597,0.595,0.341,0.354,0.426,2.309,3.1630000000000003,0.28800000000000003,0.341,0.29600000000000004,0.397,39.54,50.2,0.444,0.329,0.335,0.482
P75978,2.979,2.519,0.206,0.401,0.157,0.179,0.35700000000000004,0.462,0.14400000000000002,0.603,0.34600000000000003,0.327,1.842,2.593,0.125,0.603,0.247,0.159,28.15,17.29,0.141,0.292,0.507,0.334
P75980,3.426,2.162,0.987,0.466,0.469,0.329,0.691,0.841,0.956,0.62,0.752,0.5479999999999999,1.52,1.962,0.5820000000000001,0.62,0.423,0.413,30.88,34.42,0.562,0.532,0.882,0.611
P75979,1.472,1.475,0.413,0.67,0.462,0.879,0.8590000000000001,0.688,0.285,0.778,0.552,0.251,1.936,2.781,0.8140000000000001,0.778,1.227,0.8959999999999999,27.68,24.91,0.181,0.657,0.91,0.518
P75992,0.706,0.892,1.595,0.737,0.841,0.241,2.569,4.3,4.687,3.037,2.312,3.408,6.985,6.468,8.796,3.037,7.824,8.189,7.766,9.703,4.284,3.318,3.209,3.666
P75993,0.173,0.0878,0.3720000000000001,0.223,0.268,0.17800000000000002,1.277,1.514,1.607,0.5,1.006,1.321,2.817,2.614,4.779,0.5,3.815,4.171,3.074,2.643,1.38,0.887,0.975,1.436
P75994,0.0613,0.01,0.101,0.0853,0.0471,0.038,0.179,0.182,0.204,0.138,0.199,0.161,0.557,0.3720000000000001,0.947,0.138,0.7509999999999999,0.605,0.265,0.132,0.149,0.135,0.16,0.149
P76011,0.0842,0.056,0.221,0.079,0.118,0.1,0.161,0.121,0.218,0.479,0.181,0.0572,0.733,0.659,0.904,0.479,0.6509999999999999,1.043,0.339,0.129,0.0652,0.0631,0.11,0.0819
P0ACV8,3.695,3.696,2.963,2.809,3.405,2.841,2.449,3.215,2.623,1.651,2.7030000000000003,3.1660000000000004,1.44,1.859,1.596,1.651,1.368,1.319,2.987,2.872,1.907,3.398,2.8110000000000004,3.158
P76073,0.374,0.406,0.43,0.233,0.221,0.34,0.236,0.17,0.199,0.342,0.195,0.165,0.168,0.0758,0.0801,0.342,0.0821,0.0543,0.165,0.221,0.152,0.155,0.0847,0.138
P37903,4.646,5.6320000000000014,4.322,2.424,2.8360000000000003,2.369,1.685,1.962,2.124,1.571,1.604,1.78,17.74,15.49,16.68,1.571,15.51,16.71,1.666,1.515,1.809,1.6869999999999998,1.6969999999999998,1.423
P64445,5.332000000000002,6.117000000000001,6.422999999999999,4.74,5.0,4.578,4.171,3.694,4.232,2.117,3.638,4.58,6.789,6.14,6.585,2.117,5.82,6.357,3.522,4.087,2.869,3.548,2.541,3.465
P76093,0.597,0.677,0.516,1.162,0.532,0.637,0.38,0.503,0.338,0.5770000000000001,0.348,0.407,0.5920000000000001,0.758,0.541,0.5770000000000001,0.733,0.643,0.242,0.516,0.515,0.447,0.3670000000000001,0.526
P64448,1.179,1.644,0.736,0.887,1.172,1.814,1.445,1.197,1.11,0.867,1.268,1.571,1.148,1.423,1.259,0.867,1.068,1.596,0.7040000000000001,0.617,1.182,1.497,1.123,0.743
P76078,0.386,0.615,1.581,1.2009999999999998,1.148,0.5429999999999999,0.17800000000000002,0.417,0.332,0.501,0.212,0.35200000000000004,1.4780000000000002,0.715,2.294,0.501,2.035,1.975,0.29100000000000004,0.539,0.332,0.327,0.312,0.199
P76113,0.711,0.7509999999999999,1.337,1.287,1.411,1.013,0.579,0.782,0.626,0.747,0.503,0.524,3.1860000000000004,2.8710000000000004,3.999,0.747,3.176,3.399,2.38,2.757,0.732,0.66,0.638,0.698
P76143,0.397,0.4270000000000001,0.975,1.134,1.094,1.042,0.465,0.564,0.518,1.109,0.198,0.62,0.8859999999999999,1.107,2.246,1.109,1.946,1.232,0.112,0.404,0.327,0.6920000000000001,0.171,0.412
P0A6W0,3.824,4.221,2.516,2.657,3.299,3.539,3.405,3.68,3.196,2.636,3.397,4.137,2.233,3.228,2.149,2.636,2.326,2.457,2.824,2.059,4.84,4.621,5.0310000000000015,4.328
P77309,0.16699999999999998,0.363,0.444,0.337,0.151,0.312,0.5529999999999999,0.535,0.522,0.5539999999999999,0.5,0.495,0.66,0.632,0.426,0.5539999999999999,0.754,0.715,0.233,0.624,0.614,0.555,0.679,0.5429999999999999
P67553,0.8420000000000001,0.863,1.479,0.873,1.108,1.246,1.372,1.501,1.652,0.7609999999999999,1.183,1.625,1.436,1.334,1.6469999999999998,0.7609999999999999,1.429,1.3130000000000002,0.959,0.877,1.706,1.659,1.171,1.169
P77559,1.262,1.163,1.078,1.544,1.3630000000000002,1.241,1.216,1.308,1.283,1.339,1.834,1.393,1.172,1.446,1.536,1.339,1.6130000000000002,1.442,1.263,1.229,1.329,1.4780000000000002,1.703,1.531
P43531,0.62,0.418,0.5770000000000001,0.578,0.602,0.5920000000000001,0.5770000000000001,0.608,0.569,0.644,0.607,0.6409999999999999,0.546,0.34600000000000003,0.363,0.644,0.419,0.507,0.404,0.452,0.612,0.733,0.716,0.684
P76194,2.596,3.896,2.36,3.487,3.172,3.617,1.4340000000000002,1.389,1.288,0.993,1.369,1.481,1.2009999999999998,1.128,1.314,0.993,1.642,1.237,2.418,1.349,1.4269999999999998,1.493,1.5519999999999998,1.183
P77689,2.576,3.007,3.635,3.91,4.023,4.024,2.216,2.596,2.012,1.56,1.917,1.805,1.256,1.581,2.2030000000000003,1.56,2.123,2.096,4.816,4.955,2.431,2.98,2.399,3.273
P77499,3.1060000000000003,3.178,4.5760000000000005,3.339,3.951,2.943,2.287,2.568,2.343,1.739,1.927,2.126,1.894,1.967,2.486,1.739,1.96,2.255,5.039,6.1320000000000014,2.942,2.755,2.313,3.284
P77522,4.732,4.663,5.497000000000001,5.5939999999999985,6.256,5.148,3.745,4.002,3.244,2.738,3.256,3.3310000000000004,2.628,2.742,3.87,2.738,3.3960000000000004,3.769,8.446,6.917000000000002,4.349,4.662,3.003,4.117
P76193,1.037,0.889,0.958,1.055,1.294,1.168,1.482,1.851,1.262,1.423,1.266,1.596,1.926,1.906,2.589,1.423,3.1660000000000004,2.858,2.321,2.812,1.568,1.367,2.05,1.825
P77247,5.438,5.989,4.355,5.294,5.667000000000002,5.577000000000001,2.945,2.9210000000000003,2.745,2.454,2.682,3.56,3.277,4.372,3.4530000000000003,2.454,3.221,3.944,3.655,3.113,3.902,3.968,2.805,3.445
P76222,2.59,1.682,2.101,1.763,2.221,2.0340000000000003,1.862,2.776,1.953,1.389,1.384,1.318,1.517,1.7280000000000002,2.117,1.389,1.493,2.0580000000000003,2.826,2.08,1.999,1.745,1.664,2.053
P0AEC0,0.836,0.6,1.002,1.092,1.262,1.2009999999999998,1.504,1.543,1.66,1.415,1.675,1.6969999999999998,1.036,0.943,1.243,1.415,1.133,1.192,1.591,1.975,1.352,1.462,1.6569999999999998,1.507
P64493,0.948,1.4369999999999998,1.4369999999999998,1.992,1.936,2.085,2.049,2.108,1.492,1.685,2.056,3.189,1.3119999999999998,1.375,1.3119999999999998,1.685,1.59,1.432,2.05,1.311,1.878,2.506,1.356,1.682
P64496,0.44,0.469,0.203,0.193,0.21600000000000005,0.209,0.174,0.202,0.17800000000000002,0.317,0.232,0.272,0.758,0.669,0.8420000000000001,0.317,0.795,0.6729999999999999,0.0473,0.135,0.177,0.448,0.0793,0.276
P76345,0.438,0.4270000000000001,0.563,0.391,0.49,0.34700000000000003,0.8859999999999999,0.588,0.866,1.14,0.643,0.726,0.6409999999999999,0.5670000000000001,0.7879999999999999,1.14,0.6920000000000001,0.67,0.512,0.616,0.728,0.6409999999999999,0.939,0.647
P0AD17,0.409,0.0712,0.394,0.0915,0.0195,0.231,0.468,0.13699999999999998,0.261,0.254,0.136,0.116,0.256,0.184,0.329,0.254,0.368,0.354,0.117,0.332,0.151,0.0913,0.118,0.211
P33366,0.706,0.925,0.871,0.792,1.107,1.063,0.617,0.623,0.695,0.7440000000000001,0.631,0.835,0.625,0.978,1.345,0.7440000000000001,1.307,1.239,1.067,1.172,0.938,0.763,0.584,0.838
P33368,0.158,0.238,0.217,0.201,0.17600000000000002,0.13,0.605,0.161,0.16,0.35600000000000004,0.205,0.254,0.298,0.415,0.455,0.35600000000000004,0.569,0.416,0.5720000000000001,0.923,0.289,0.173,0.21600000000000005,0.285
P33369,0.7609999999999999,0.612,0.328,0.475,0.325,0.448,0.628,0.404,0.279,0.54,0.398,0.6409999999999999,0.68,0.628,0.479,0.54,0.5479999999999999,0.531,0.428,0.433,0.34600000000000003,0.684,0.653,0.35
P33369,0.0781,0.151,0.107,0.1,0.0851,0.0808,0.196,0.0785,0.155,0.6,0.246,0.309,0.101,0.0487,0.0408,0.6,0.0481,0.0424,0.0843,0.116,0.29600000000000004,0.221,0.0957,0.188
P33371,4.755,1.731,3.026,2.892,3.418,3.38,4.768,5.3420000000000005,4.3610000000000015,4.017,4.888,5.43,0.701,1.223,0.743,4.017,0.8059999999999999,0.6659999999999999,4.914,6.3370000000000015,4.94,3.932,5.142,4.959
P60632,0.574,0.262,0.532,0.797,0.764,0.905,1.042,1.06,0.922,0.799,0.818,1.12,0.5670000000000001,0.348,0.462,0.799,0.483,0.35600000000000004,0.816,0.8109999999999999,0.813,1.17,0.933,0.636
P0AD19,0.925,0.483,0.931,0.919,1.045,1.032,1.476,1.36,1.133,1.095,1.165,1.061,0.995,0.8190000000000001,0.971,1.095,1.019,0.921,1.39,1.661,1.153,1.249,1.379,1.175
P64530,3.043,1.783,1.67,1.631,1.7,1.791,2.77,3.059,2.559,2.307,2.456,2.872,2.64,2.617,1.589,2.307,2.201,2.142,2.897,2.795,3.221,2.826,3.037,3.103
P76425,0.4920000000000001,0.406,0.109,0.381,0.275,0.381,0.149,0.0804,0.166,0.222,0.252,0.3720000000000001,0.214,0.0449,0.16699999999999998,0.222,0.0439,0.196,0.129,0.103,0.16899999999999998,0.255,0.116,0.138
P33940,9.897,7.223,7.8820000000000014,10.29,8.43,8.974,1.569,1.3869999999999998,1.577,1.3430000000000002,1.538,1.301,2.063,2.127,3.269,1.3430000000000002,3.44,3.2110000000000003,1.729,1.737,1.5830000000000002,1.786,1.442,1.686
P33941,6.819,4.842,3.872,2.844,4.307,3.367,6.034,7.945,6.167999999999998,4.694,5.714,6.539,0.8740000000000001,1.179,0.969,4.694,0.748,1.089,5.976,6.199,6.86,7.233,5.303,7.954
P0AB85,5.398,3.874,3.102,2.813,3.109,3.498,4.293,4.877,4.053,3.692,5.043,4.55,1.732,2.3080000000000003,1.329,3.692,1.43,1.404,3.7,2.415,4.545,5.278,3.549,4.408
P39838,20.26,24.5,21.37,19.3,23.78,22.44,14.02,16.32,14.34,8.822000000000003,14.54,18.0,10.9,13.1,12.22,8.822000000000003,12.04,13.3,19.07,14.34,17.43,16.81,12.87,15.78
P76561,1.821,1.084,1.669,0.962,1.449,1.047,2.341,1.971,1.72,1.594,1.849,2.089,1.529,1.519,1.288,1.594,1.08,1.621,2.164,3.64,1.754,2.522,1.71,2.0340000000000003
P76562,1.263,1.055,1.506,1.422,1.248,1.5019999999999998,1.078,1.142,1.052,0.914,1.206,1.236,1.327,1.183,1.259,0.914,1.183,1.222,1.294,0.976,1.085,1.365,0.932,1.001
P0AD47,0.338,0.5770000000000001,1.1740000000000002,0.8640000000000001,0.7390000000000001,0.763,0.792,0.867,0.804,0.6459999999999999,0.638,0.638,1.845,1.898,2.637,0.6459999999999999,2.213,2.375,1.188,1.433,0.675,0.774,0.446,0.636
P76584,0.931,0.784,0.893,1.151,1.031,0.84,1.625,0.921,1.024,0.923,1.067,0.902,1.072,0.964,0.8759999999999999,0.923,0.787,0.78,1.179,1.3730000000000002,1.054,0.965,0.928,1.067
P77360,0.763,0.721,0.392,0.6559999999999999,0.568,0.593,0.852,0.322,0.535,0.7659999999999999,0.906,0.718,0.55,0.579,0.56,0.7659999999999999,0.8,0.77,0.438,0.463,0.765,0.752,0.355,0.638
P77315,0.654,0.603,0.481,0.7240000000000001,0.584,0.56,0.7829999999999999,0.708,0.7709999999999999,0.636,0.691,0.8109999999999999,0.596,0.616,0.56,0.636,0.515,0.654,0.792,1.12,0.7829999999999999,0.745,0.7190000000000001,0.956
P77509,0.121,0.0924,0.322,0.122,0.177,0.233,0.362,0.118,0.104,0.6509999999999999,0.267,0.208,0.431,0.36,0.358,0.6509999999999999,0.412,0.339,0.486,0.319,0.341,0.217,0.251,0.104
P77269,0.68,0.445,0.5720000000000001,0.48,0.484,0.468,0.7140000000000001,0.698,0.833,1.011,0.894,0.757,0.8590000000000001,0.878,0.94,1.011,0.8290000000000001,0.976,0.861,1.107,0.8,0.782,0.875,0.7509999999999999
P76585,0.737,0.8079999999999999,0.501,0.7859999999999999,0.637,0.529,0.894,0.833,0.8859999999999999,0.823,0.606,0.877,1.026,0.933,0.759,0.823,0.879,0.875,1.126,0.513,0.484,0.64,1.116,1.078
P76586,0.773,0.6890000000000001,0.703,0.603,0.7559999999999999,0.6709999999999999,0.926,1.003,0.772,0.938,1.075,1.098,0.878,0.826,0.7,0.938,0.867,0.768,0.967,0.821,0.855,0.992,0.877,0.8270000000000001
P52143,0.675,0.462,0.8079999999999999,0.337,0.397,0.688,0.7559999999999999,0.799,0.779,1.128,0.778,1.232,0.42,0.75,0.5870000000000001,1.128,0.635,0.476,0.718,0.7709999999999999,0.747,0.862,1.036,0.883
Q46953,0.42,0.173,0.0924,0.204,0.0793,0.191,0.258,0.395,0.41,0.469,0.377,0.29,0.233,0.275,0.205,0.469,0.183,0.184,0.36,0.3670000000000001,0.377,0.42,0.234,0.324
P77475,3.668,3.59,2.795,3.218,3.285,3.055,1.807,1.994,2.2430000000000003,1.849,2.372,1.986,2.049,2.349,1.991,1.849,2.265,2.695,1.515,0.964,2.147,1.63,2.456,2.096
P0AA41,3.08,2.9610000000000003,1.473,1.66,1.779,2.056,2.353,2.58,2.727,2.295,2.672,2.9530000000000003,1.068,1.341,0.927,2.295,1.063,1.136,2.569,2.572,3.255,4.056,3.411,3.369
Q46920,3.528,4.878,2.679,2.878,2.793,3.656,4.305,3.636,3.897,3.391,4.378,4.6789999999999985,2.502,3.249,2.987,3.391,3.151,2.929,3.896,2.28,4.545,4.519,4.254,3.914
P77031,0.247,0.4970000000000001,0.462,0.292,0.313,0.267,0.417,0.513,0.541,0.917,0.53,0.388,0.682,0.329,0.603,0.917,0.618,0.583,0.435,0.339,0.405,0.341,0.23,0.336
Q46807,0.568,0.581,0.426,0.465,0.603,0.541,0.862,0.815,1.0,0.981,1.022,0.843,0.807,0.8009999999999999,0.6559999999999999,0.981,0.758,0.713,0.96,1.3130000000000002,0.768,0.889,1.079,0.861
Q46939,4.721,8.448,4.2010000000000005,2.7910000000000004,2.466,1.927,0.48,0.529,0.394,0.73,0.561,0.481,4.558,4.994,5.189,0.73,4.134,6.6110000000000015,0.312,0.359,0.541,0.504,0.227,0.14400000000000002
Q46941,0.21,0.18,0.146,0.112,0.109,0.18,0.464,0.35700000000000004,0.39,0.297,0.424,0.429,0.202,0.18600000000000005,0.125,0.297,0.256,0.183,0.491,0.601,0.274,0.315,0.157,0.235
Q46942,0.19,0.28,0.183,0.145,0.24,0.184,0.201,0.253,0.264,0.31,0.255,0.341,0.236,0.32,0.255,0.31,0.196,0.193,0.5,0.396,0.319,0.282,0.16899999999999998,0.244
Q46943,0.0658,0.0545,0.01,0.0401,0.0241,0.049,0.0214,0.0114,0.0998,0.0902,0.121,0.0366,0.154,0.0515,0.0308,0.0902,0.0655,0.0438,0.146,0.14300000000000002,0.0513,0.0388,0.0319,0.0853
P77136,0.0628,0.0363,0.066,0.0439,0.0149,0.0282,0.0214,0.108,0.0517,0.117,0.109,0.0542,0.106,0.0356,0.0386,0.117,0.0257,0.0369,0.122,0.14,0.103,0.07,0.0702,0.0559
P67603,7.519,6.534,7.311,5.228,7.48,5.04,12.34,13.89,12.74,7.6179999999999986,11.64,15.86,7.647,6.922999999999999,7.74,7.6179999999999986,6.877999999999999,7.3279999999999985,15.01,17.57,15.0,14.53,11.94,13.05
P64562,0.928,0.807,0.521,0.428,0.491,0.353,0.662,0.318,0.355,1.382,0.618,0.831,0.636,0.458,0.728,1.382,1.055,0.17800000000000002,0.767,0.192,0.825,0.208,0.257,0.628
Q46831,0.525,0.8079999999999999,0.252,0.687,0.518,0.926,0.417,0.253,0.395,0.523,0.6779999999999999,0.629,0.726,0.713,0.688,0.523,0.6890000000000001,0.682,0.688,0.141,0.589,0.8059999999999999,0.502,0.324
P64567,18.9,16.71,13.89,11.91,15.62,10.91,6.136,5.8610000000000015,5.283,4.157,5.4689999999999985,6.831,2.925,3.808,2.347,4.157,2.389,2.589,4.65,3.543,7.0120000000000005,7.564,5.444,5.5760000000000005
P64570,0.38,0.5870000000000001,0.382,0.51,0.305,0.7509999999999999,0.8290000000000001,0.508,0.598,0.583,0.865,0.8909999999999999,0.433,0.349,0.204,0.583,0.27,0.246,0.467,0.411,0.608,0.611,0.446,0.431
P46879,0.156,0.109,0.184,0.184,0.122,0.151,0.229,0.14400000000000002,0.101,0.342,0.228,0.105,0.334,0.126,0.154,0.342,0.129,0.101,0.195,0.139,0.14,0.13699999999999998,0.16399999999999998,0.16899999999999998
P0A8W5,6.851,6.1389999999999985,5.125,5.709,6.593,6.231,3.82,2.764,3.259,2.947,4.21,4.487,3.714,3.434,3.639,2.947,3.678,3.66,3.468,3.912,3.825,4.217,5.2360000000000015,4.9910000000000005
P0A8I1,8.856,5.985,7.882999999999999,6.478,8.059,6.61,5.143,5.353,5.975,5.283,5.744,5.417000000000002,2.984,3.0580000000000003,3.003,5.283,2.6660000000000004,3.0580000000000003,4.67,4.705,5.968,5.265,6.745,6.814
P67244,6.643,7.305,5.886,4.838,6.049,5.626,9.641,11.03,11.18,6.556,9.56,10.04,7.375,8.463,6.937,6.556,6.017,7.797999999999999,9.746,11.03,11.75,11.08,10.76,10.87
Q46855,1.804,1.814,1.926,1.5719999999999998,1.941,1.6769999999999998,3.607,4.8180000000000005,3.4330000000000003,3.026,2.783,3.389,2.819,3.257,3.056,3.026,3.24,3.295,3.787,4.293,3.908,4.621,3.87,3.796
Q46856,4.187,3.767,5.737,5.211,6.497999999999998,5.2810000000000015,4.874,5.858,4.887,4.134,4.658,4.987,7.134,7.4460000000000015,7.688,4.134,8.607999999999999,8.454,11.2,14.12,6.807,8.041,5.542000000000002,6.002999999999999
Q46857,1.364,1.485,2.525,2.053,2.053,1.867,2.607,2.136,1.793,1.848,1.897,2.073,3.285,3.154,4.452,1.848,4.303,4.141,3.2710000000000004,3.653,2.302,2.69,2.033,2.269
Q46858,0.542,0.513,0.748,0.28600000000000003,0.479,0.334,0.6920000000000001,0.588,0.5660000000000001,1.425,0.407,0.318,0.45,0.507,0.457,1.425,0.457,0.322,0.383,0.563,0.4920000000000001,0.642,0.552,0.49
P65298,0.282,0.14800000000000002,0.337,0.28800000000000003,0.202,0.236,0.251,0.235,0.196,0.486,0.325,0.24,0.212,0.195,0.125,0.486,0.117,0.135,0.263,0.0747,0.354,0.32299999999999995,0.0929,0.33
P0A8Z7,7.308,10.02,5.952000000000001,10.56,8.628,10.34,6.287000000000001,7.045,5.721,3.188,6.359,8.416,6.308,8.357000000000001,7.704,3.188,7.749,8.471,5.3439999999999985,3.843,8.946,12.01,4.437,6.452000000000001
P0ADU7,10.43,7.827000000000001,11.25,9.314,10.57,8.702,10.12,13.88,13.19,7.095,10.87,11.86,7.354,7.896,7.795,7.095,6.619,8.602,10.36,11.93,13.42,12.65,9.224,12.89
Q93K97,4.067,4.704,3.638,4.292,6.002000000000002,4.61,3.889,4.332,3.286,2.28,3.994,5.029,3.2430000000000003,3.898,4.0360000000000005,2.28,3.706,3.452,3.959,3.8,4.5539999999999985,5.042,3.3960000000000004,4.737
P76655,0.184,0.256,0.259,0.26,0.272,0.179,0.555,0.568,0.578,0.472,0.518,0.404,0.406,0.266,0.21600000000000005,0.472,0.326,0.165,0.342,0.541,0.418,0.363,0.516,0.546
P77616,0.16699999999999998,0.112,0.114,0.15,0.092,0.06,0.235,0.32299999999999995,0.23,0.382,0.342,0.249,0.172,0.313,0.149,0.382,0.14300000000000002,0.177,0.223,0.18,0.191,0.206,0.197,0.313
P76656,0.0812,0.0878,0.124,0.132,0.13,0.121,0.292,0.29100000000000004,0.261,0.511,0.358,0.34700000000000003,0.221,0.204,0.18600000000000005,0.511,0.14,0.151,0.399,0.456,0.246,0.293,0.303,0.212
P0AA63,7.401,7.5379999999999985,6.505,6.765,7.325,7.377999999999999,6.756,6.431,6.527,5.7429999999999986,6.549,6.835,4.635,5.188,4.641,5.7429999999999986,4.541,4.799,4.657,3.639,6.875,7.4,6.2429999999999986,6.484
P42615,1.902,2.807,1.86,2.944,3.209,3.411,1.972,2.461,2.1,1.891,2.383,2.359,1.355,1.713,1.4169999999999998,1.891,1.513,1.608,1.442,1.128,2.381,2.631,2.245,2.353
P42616,15.72,14.31,17.73,15.97,22.33,17.27,16.47,19.91,17.69,14.24,16.06,19.49,17.53,18.49,20.42,14.24,20.64,18.8,27.26,33.31,22.02,21.7,21.54,22.48
P64581,17.89,14.75,20.09,15.17,24.41,17.86,20.18,23.56,18.58,16.84,19.44,22.13,22.85,21.55,27.51,16.84,29.82,22.83,37.65,40.97,24.79,24.36,27.78,25.48
P64585,3.723,4.9460000000000015,3.987,5.182,6.0920000000000005,5.718,4.799,4.823,5.064,3.634,5.716,6.341,8.865,8.974,11.72,3.634,13.02,10.86,8.639,5.949,6.5310000000000015,7.484,5.752999999999999,5.162000000000001
P42619,0.8440000000000001,0.6920000000000001,0.574,0.655,0.67,0.625,1.011,1.099,1.084,1.231,1.004,1.198,0.517,0.5329999999999999,0.423,1.231,0.527,0.328,1.4369999999999998,1.032,0.958,0.888,1.178,1.141
P42620,0.945,1.136,1.01,0.774,0.923,0.877,0.991,0.633,1.2009999999999998,1.291,0.977,0.91,0.8490000000000001,0.87,1.053,1.291,1.075,0.984,0.959,1.012,0.846,0.768,1.1840000000000002,1.022
Q46871,3.611,3.832,4.027,4.904,5.737,4.312,4.1080000000000005,3.93,3.623,1.763,3.177,4.484,1.838,1.847,2.052,1.763,1.6469999999999998,2.509,3.472,1.987,4.158,5.688,1.892,2.99
P64588,3.2430000000000003,2.4090000000000003,2.741,2.527,3.067,2.276,4.2010000000000005,5.662000000000001,5.355,2.949,4.437,5.996,3.946,4.4,3.958,2.949,3.033,3.698,6.296,4.816,6.806,7.277,2.737,4.789
P42913,0.7290000000000001,0.494,0.341,0.362,0.402,0.32,0.8190000000000001,1.142,0.926,0.974,1.15,1.158,0.551,0.612,0.607,0.974,0.309,0.659,1.431,0.649,0.7929999999999999,0.7440000000000001,0.7490000000000001,0.738
P42914,0.0628,0.123,0.17600000000000002,0.177,0.114,0.0992,0.391,0.203,0.192,0.7020000000000001,0.361,0.17800000000000002,0.326,0.16699999999999998,0.18,0.7020000000000001,0.121,0.203,0.231,0.192,0.223,0.159,0.0547,0.228
P42915,0.16699999999999998,0.13,0.0434,0.14,0.194,0.181,0.328,0.17800000000000002,0.161,0.125,0.142,0.161,0.219,0.16,0.15,0.125,0.153,0.204,0.156,0.13699999999999998,0.0931,0.198,0.117,0.138
P43319,0.389,0.274,0.17800000000000002,0.317,0.182,0.294,0.425,0.482,0.4920000000000001,0.5770000000000001,0.715,0.542,0.398,0.328,0.336,0.5770000000000001,0.245,0.368,0.401,0.3670000000000001,0.679,0.557,0.35100000000000003,0.512
P67087,2.637,2.421,1.974,1.268,2.672,1.996,2.5540000000000003,2.949,2.547,1.932,2.639,3.077,1.422,1.366,1.662,1.932,1.057,1.6030000000000002,2.662,2.957,3.5460000000000003,3.334,2.307,3.4210000000000003
P45464,6.825,5.252000000000002,4.074,3.966,5.408,4.167,6.916,7.426,5.841,5.674,7.1560000000000015,6.734,3.994,4.149,3.812,5.674,3.81,4.6530000000000005,5.292000000000002,5.296,8.916,8.619,5.6110000000000015,8.458
P45465,5.9220000000000015,7.325,5.287000000000001,5.7,6.497999999999998,6.55,5.089,5.438,5.681,3.648,5.313,5.172999999999999,5.165,5.937,5.702000000000001,3.648,6.43,5.729,4.962,5.484,5.97,6.8420000000000005,5.004,5.965
P66817,8.519,11.41,8.482000000000001,9.443,10.03,8.693,8.353,8.815,7.619,4.435,8.293,8.709,11.73,12.28,10.32,4.435,11.09,11.92,11.51,8.577,8.9,10.57,7.234,8.363999999999999
P64596,7.553,7.649,9.345,6.142,7.211,6.244,8.853,9.682,9.558,5.956,8.144,8.914,10.51,10.35,9.33,5.956,7.832000000000002,11.48,11.19,12.56,11.34,10.81,9.887,11.18
P45468,2.815,2.104,1.4169999999999998,1.939,1.595,2.001,2.447,1.84,1.778,1.716,2.106,2.033,1.058,1.26,0.882,1.716,1.097,1.069,2.121,1.535,2.112,2.279,1.761,1.4409999999999998
P45469,1.574,0.993,1.085,1.034,1.3769999999999998,1.154,2.001,1.661,1.626,1.31,1.6,1.306,1.471,1.442,1.773,1.31,1.842,1.526,2.397,2.613,1.4280000000000002,1.618,1.291,1.281
P0A9W6,25.75,23.68,23.48,16.33,24.0,18.96,25.99,29.32,28.75,15.15,24.79,28.58,10.34,11.36,9.636,15.15,8.124,10.96,30.63,32.87,28.38,25.27,27.61,27.13
P64602,11.64,11.08,8.673,9.248,9.92,11.02,10.02,9.307,10.01,5.787000000000001,10.56,11.29,6.9910000000000005,8.908999999999997,6.757999999999999,5.787000000000001,6.8020000000000005,7.644,10.2,10.28,10.94,12.11,9.788,11.72
P0ADV7,16.34,17.25,11.43,16.31,14.93,17.21,15.18,14.84,14.12,8.117,14.34,15.44,12.79,15.39,12.72,8.117,13.66,13.61,16.71,17.05,16.66,19.99,15.48,15.55
P64604,27.92,20.45,24.03,20.25,22.91,22.48,29.62,37.94,34.86,21.89,27.68,29.05,14.77,18.27,14.54,21.89,13.66,17.09,26.2,45.09,34.41,32.58,39.95,41.69
P64606,10.21,9.343,7.336,8.72,9.531,9.059,8.625,7.921,8.107999999999999,4.822,8.089,9.425,5.4460000000000015,6.566,5.658,4.822,5.627000000000002,6.356,7.972,6.103,9.935,12.61,8.281,9.426
P63386,9.565,10.03,9.833,10.72,11.9,9.989,12.37,12.68,12.31,9.989,11.74,13.86,5.752999999999999,6.658,6.044,9.989,6.489,7.4289999999999985,12.49,10.63,13.13,14.98,13.17,11.73
P45394,6.914,6.332000000000002,5.546,5.134,7.3210000000000015,5.454,8.766,9.674,8.003,6.891,8.872,9.352,4.961,4.923,4.6960000000000015,6.891,4.751,5.082,8.015,9.069,11.27,9.913,9.425,10.01
P45395,7.579,5.849,6.707999999999998,4.547,7.811,7.154,7.612,7.292999999999998,6.879,4.957,5.4460000000000015,6.542000000000002,5.013,8.463,6.143,4.957,6.385,6.727,5.957000000000002,7.457000000000002,7.46,8.475,7.772,8.044
P0ABZ4,12.55,11.49,10.84,10.82,15.0,11.16,11.36,10.45,10.8,8.366,10.85,11.95,9.043,9.587,9.818,8.366,9.702,9.837,12.38,13.58,13.07,15.24,11.55,13.74
P0ADV9,13.69,13.25,12.38,14.54,15.77,16.11,13.85,13.89,13.08,8.036,14.17,16.65,8.865,10.33,9.323,8.036,10.51,10.85,13.94,12.2,15.56,20.1,13.59,15.31
P64610,10.38,11.12,11.2,10.64,11.54,11.68,19.35,19.81,22.66,16.42,22.91,25.32,15.4,15.28,16.13,16.42,18.09,17.75,13.34,12.35,22.38,25.2,21.93,21.77
P0A9W9,7.3370000000000015,6.8279999999999985,13.46,10.64,13.98,12.89,8.779,8.798,9.224,7.206,9.049,9.282,11.67,10.66,14.06,7.206,11.83,12.58,7.566,6.9670000000000005,9.678,9.658,7.235,7.9
P45795,3.487,3.529,3.799,3.908,4.189,4.505,4.9,4.6110000000000015,4.294,3.633,5.095,5.5779999999999985,1.954,1.901,1.6769999999999998,3.633,1.654,1.795,3.372,3.379,4.416,4.604,4.649,4.5760000000000005
P45748,11.12,9.641,9.877,10.33,12.32,11.6,9.281,8.212,6.2410000000000005,5.25,7.5870000000000015,8.014,4.863,5.0,4.617,5.25,5.119,6.109,6.309,6.665,8.202,8.142999999999999,7.55,8.818
P45771,8.408999999999999,12.63,14.16,11.8,12.69,12.6,10.38,10.44,10.29,5.856,10.53,11.28,7.559,8.421,8.997,5.856,9.223,9.125,9.489,9.104,9.636,11.52,9.476,10.3
P45750,0.56,0.63,0.481,0.69,0.606,0.5329999999999999,0.565,0.541,0.358,1.226,0.865,0.6579999999999999,0.815,0.833,0.605,1.226,0.608,0.813,0.68,1.148,0.7440000000000001,0.795,0.648,0.86
P45751,0.6,0.239,0.42,0.449,0.428,0.42,0.31,0.407,0.36,0.688,0.493,0.342,0.878,0.644,0.6409999999999999,0.688,0.7070000000000001,0.601,0.444,0.653,0.298,0.244,0.302,0.389
P64634,0.493,0.374,0.127,0.34600000000000003,0.222,0.429,0.18600000000000005,0.306,0.0956,0.691,0.28800000000000003,0.236,0.475,0.51,0.324,0.691,0.633,0.473,0.602,0.495,0.33,0.375,0.274,0.0771
P45753,0.16699999999999998,0.374,0.115,0.618,0.134,0.104,0.132,0.355,0.326,0.934,0.522,0.478,0.742,0.825,0.5670000000000001,0.934,0.7090000000000001,0.813,0.374,0.397,0.363,0.374,0.348,0.162
P45799,4.4689999999999985,5.261,4.948,4.317,5.084,4.414,3.562,4.003,4.642,4.274,5.1720000000000015,6.013,3.657,3.415,3.444,4.274,3.769,3.856,3.044,3.184,4.664,4.472,4.675,4.623
P45800,1.836,2.74,2.446,2.139,3.1630000000000003,2.285,2.354,2.805,2.643,2.623,2.959,3.97,2.718,2.2430000000000003,2.039,2.623,2.387,2.5610000000000004,1.75,1.192,3.221,3.446,2.469,2.447
P64636,11.47,10.42,12.41,12.65,19.89,18.01,11.16,12.3,11.89,9.193,10.29,12.38,5.6389999999999985,6.207000000000002,7.569,9.193,7.387,6.704,8.917,8.484,13.15,12.88,11.95,12.04
P0ACG8,14.2,15.27,22.05,28.53,42.58,51.46,21.23,19.92,17.86,15.36,16.88,20.44,8.182,8.64,13.99,15.36,13.9,10.62,16.5,9.217,23.36,27.87,15.53,16.44
P0A6Y5,4.208,4.921,6.132999999999999,9.613,12.22,17.26,8.387,8.382,8.867,7.0360000000000005,8.326,7.68,1.887,2.764,4.224,7.0360000000000005,3.986,2.702,6.442,6.28,9.372,9.226,9.101,8.61
P46856,0.01,0.01,0.0462,0.0439,0.0368,0.0171,0.0635,0.0435,0.0765,0.189,0.128,0.0946,0.123,0.0515,0.0315,0.189,0.0431,0.0543,0.15,0.16399999999999998,0.0618,0.0471,0.0109,0.0668
P46857,0.227,0.0515,0.134,0.154,0.0655,0.06,0.631,0.552,0.552,0.503,0.6659999999999999,0.825,0.261,0.182,0.132,0.503,0.206,0.233,1.318,1.127,0.398,0.519,0.426,0.474
P56262,0.784,0.622,0.7659999999999999,1.002,0.853,0.6559999999999999,0.433,0.546,0.772,0.6970000000000001,0.889,0.865,0.659,0.7240000000000001,0.703,0.6970000000000001,0.8109999999999999,0.715,1.0,0.845,0.759,0.633,0.768,0.595
P76773,0.0276,0.0484,0.0594,0.07400000000000001,0.0184,0.0122,0.245,0.21600000000000005,0.232,0.29,0.28,0.252,0.13699999999999998,0.08800000000000001,0.0945,0.29,0.0257,0.0675,0.343,0.392,0.272,0.189,0.141,0.21
P39309,0.198,0.106,0.0396,0.14800000000000002,0.0333,0.129,0.14300000000000002,0.171,0.22,0.422,0.334,0.21,0.146,0.0833,0.0587,0.422,0.0431,0.0244,0.361,0.308,0.258,0.138,0.15,0.182
P39310,2.417,2.887,2.339,2.5780000000000003,2.385,2.719,2.951,2.022,2.778,2.302,3.039,3.034,2.748,3.503,2.807,2.302,3.197,2.901,2.573,2.207,2.331,2.939,3.904,2.8680000000000003
P69506,1.175,1.028,0.8009999999999999,0.782,0.944,0.873,1.4,1.361,1.315,1.342,1.281,1.3330000000000002,1.912,2.109,2.213,1.342,2.194,1.871,2.605,2.092,1.6269999999999998,1.457,1.5519999999999998,1.642
P39314,1.951,1.36,1.571,0.957,1.286,0.955,1.283,1.185,0.981,1.663,1.21,1.195,1.364,0.999,1.029,1.663,1.215,0.878,0.855,1.3159999999999998,0.8390000000000001,0.5489999999999999,1.178,0.894
P39315,1.325,1.073,0.905,0.992,1.009,1.215,0.875,0.8220000000000001,0.6990000000000001,0.484,0.7879999999999999,0.968,0.606,0.893,0.893,0.484,0.943,1.206,0.831,1.0,0.7,0.7509999999999999,0.863,0.665
P0ACN2,0.224,0.203,0.259,0.6859999999999999,0.8740000000000001,0.953,0.265,0.42,1.054,0.931,0.868,0.713,0.524,1.124,0.693,0.931,1.14,0.636,1.012,0.885,1.235,0.82,1.369,1.046
P39317,0.24,0.0802,0.209,0.139,0.177,0.113,0.146,0.304,0.327,0.4320000000000001,0.257,0.285,0.419,0.16899999999999998,0.255,0.4320000000000001,0.215,0.264,0.526,0.35100000000000003,0.409,0.277,0.19,0.236
P39187,3.539,3.479,4.103,4.128,4.569,3.874,2.695,3.194,2.719,2.105,3.004,3.093,5.194,3.856,5.307,2.105,4.466,5.252000000000002,3.185,2.28,3.682,2.946,2.339,3.173
P0ADE2,1.221,1.655,2.082,2.001,2.447,2.047,1.7919999999999998,2.026,1.72,0.995,1.694,1.904,4.368,2.865,5.257999999999999,0.995,3.58,4.28,3.229,2.333,2.526,2.39,1.226,1.787
P0AE45,2.712,2.233,1.1740000000000002,1.605,2.841,2.103,2.704,3.776,3.136,1.843,2.753,2.96,2.1,1.351,1.6569999999999998,1.843,1.477,1.683,3.198,2.9730000000000003,3.712,4.376,2.389,3.956
P0ADE4,1.933,1.794,2.32,2.258,2.274,1.769,2.371,2.358,2.448,1.4409999999999998,2.501,1.642,1.967,1.981,2.306,1.4409999999999998,2.085,2.401,1.867,2.672,1.943,2.909,2.892,2.756
P39321,5.749,4.283,6.393,4.918,7.38,4.173,9.233,11.81,10.22,6.629,9.087,9.889,4.2780000000000005,3.817,4.083,6.629,3.391,4.56,7.1789999999999985,8.465,10.63,10.61,10.17,11.64
P0AE48,5.688,6.1389999999999985,7.247999999999998,6.255,7.141,6.375,16.34,18.4,18.46,10.9,17.22,19.22,7.073,7.442,7.545,10.9,6.934,8.12,17.55,14.12,16.22,18.38,15.72,15.92
P39325,2.113,2.522,3.735,1.925,2.093,1.956,1.339,1.419,1.48,2.084,1.439,1.324,12.93,9.138,16.49,2.084,16.09,17.31,1.19,1.717,1.523,1.62,1.855,1.878
P39328,0.168,0.7859999999999999,0.581,0.47,0.476,0.584,0.382,0.312,0.36,0.958,0.47,0.32299999999999995,0.754,0.418,0.774,0.958,0.8390000000000001,0.665,0.182,0.303,0.361,0.313,0.417,0.412
P76692,3.464,3.958,1.856,3.633,2.732,4.909,0.821,0.882,0.775,1.501,0.865,0.875,0.723,0.753,0.688,1.501,0.813,0.7929999999999999,0.7929999999999999,0.8390000000000001,0.6659999999999999,0.895,0.745,0.701
P77173,7.029,6.377000000000002,7.669,6.362,7.666,6.871,10.27,11.33,12.66,6.172999999999999,10.93,11.38,5.272,5.737,4.952,6.172999999999999,5.367000000000001,5.29,6.856,7.747000000000001,12.99,12.83,10.4,11.99
P37617,1.896,2.374,1.815,2.331,2.07,2.353,3.714,3.377,3.2230000000000003,2.556,3.358,3.547,2.992,3.655,3.1710000000000003,2.556,3.213,4.0539999999999985,2.9560000000000004,3.0610000000000004,4.144,3.895,3.349,3.192
P0AC53,12.38,10.66,9.766,10.51,12.14,10.53,10.89,10.14,10.65,7.947,12.69,13.36,7.296,7.838999999999999,7.907999999999999,7.947,7.114,7.387,17.67,10.86,13.05,14.74,10.08,10.19
