Gene,Label
Q9W283,0
P29555,1
V9H1H6,0
X2JGR4,0
Q9VKM4,0
P10083,0
Q8T0K7,0
P24350,0
Q9VAD0,0
P09478,0
P16395,0
Q9VZC4,0
P17644,0
X2JCP8,0
P02572,0
P53501,0
P02574,0
P10981,0
P83967,0
P35421,0
X2J516,0
P00334,0
X2JAH0,0
Q95TD6,0
Q06453,0
Q9VEH1,0
Q86NZ4,0
Q7KSX2,0
Q5BID9,0
Q9U4H5,0
Q9BPS9,0
Q2VYA3,0
P22464,0
P22465,0
O76879,0
P21663,0
Q01842,1
P19889,0
P14599,0
X2J8L3,0
Q960Z4,0
P25160,0
P48610,0
Q95NY7,0
Q9NHE9,0
X2J8V5,0
Q5BIJ0,0
P09775,0
Q94545,0
Q9VC45,0
O76922,0
Q9VGF9,0
Q8IH27,0
O97132,0
X2J8B3,0
P20009,0
P22745,0
X2JFU8,0
P09081,0
P35128,0
X2JI97,0
P23645,0
Q9U9Q7,0
Q24009,0
P16568,0
Q8MSJ2,0
P25439,0
Q5G1Y7,0
Q24157,0
Q9VR17,0
Q9VMS6,0
Q8IGX1,0
Q8SXR3,0
Q9VIE7,0
P12428,0
Q9VHC3,0
Q9VF37,0
Q9VAG5,0
Q03017,0
P09085,0
P62152,0
Q9VQV9,0
Q9Y1I2,0
Q9NGY9,0
P17336,0
P12370,0
P16911,0
C0HKQ7,0
C0HKQ8,0
Q6LAH5,0
O16829,0
Q24478,0
Q8T3L9,1
Q9VKH3,0
Q9NI49,1
P08120,0
P07668,0
Q9NK54,0
P25843,0
Q6W4E3,0
Q9V3Z6,0
Q9VMQ9,0
X2JC31,0
Q8MQK0,0
Q9W2F4,0
O76928,0
A1Z746,0
P49858,0
P46461,0
Q960N3,0
O16844,0
P07185,0
P22977,0
P07184,0
P07186,0
P07182,0
P07183,0
Q9VID3,0
O76906,0
P17886,0
P29349,0
P25157,0
X2J9P9,0
Q9W494,0
Q9W2H2,0
P14785,0
P20439,0
P19967,0
Q24533,0
P22058,0
P98081,0
Q9Y125,0
P05031,0
Q24297,0
P18171,0
P07548,0
Q03042,0
P32748,0
Q8SXA4,1
Q9NGX9,0
X2JAX9,0
Q9VFQ9,0
Q9VG79,0
P23792,0
P16621,0
P33270,0
Q9VED8,0
Q9W4T4,0
Q24314,0
Q194S5,0
P07713,0
Q03372,0
Q5G232,0
P09040,0
P23023,0
Q9W4V9,0
Q23985,0
Q9VDC6,0
Q61677,0
P13582,0
Q0KHS8,0
X2JFQ7,0
Q9W0T1,0
Q7K7E6,0
Q9W032,0
P34021,0
Q9VQW7,0
X2JGZ5,0
P27780,0
P05303,0
P13060,0
P15370,0
Q9W1K4,0
Q07892,0
Q7KUN2,0
Q7JXZ2,0
Q95SX3,1
Q95SD4,0
V9GZB5,0
Q5BIB4,0
P02836,0
Q8T4F7,0
P15007,0
Q95TF0,0
Q24338,0
P13098,0
P08171,0
P18167,0
P06602,0
P40427,0
P28750,0
Q27272,0
Q9VYX1,0
Q9VTX7,1
P42124,0
O61674,0
X2JCI0,0
X2JAT7,0
Q04691,0
X2J986,0
P11450,0
P54360,0
Q7YU22,0
Q9Y091,0
P18091,0
Q24020,0
Q8T0U6,0
P10552,0
P40795,0
Q8MRK0,0
Q8WRX4,0
O62589,0
P13468,0
Q8SZA4,0
P25028,0
Q9W4W2,0
Q9VIW0,0
Q7JVY2,1
Q95RM5,0
V9GZB7,0
P33244,0
P23647,0
Q9VYR4,0
O16868,0
P18537,0
Q6NR32,1
P54362,0
Q9VMJ5,0
P29746,0
P07486,0
P07487,0
Q8IMY1,0
P22468,0
P20353,0
P26308,0
P13496,0
P33438,0
Q9VUI0,0
P16378,0
P20354,0
Q8IHB4,0
Q9VQ61,0
P13706,0
Q9U405,0
Q24352,0
P42287,0
P91623,0
P16371,0
P20477,0
X2JJG8,0
P09083,0
P09082,0
P20432,0
P39572,0
P14003,0
Q02308,0
P10035,0
Q8SYZ9,0
Q02870,0
P05084,0
Q9VJJ6,0
Q9W330,0
Q9GTU5,0
Q9W568,0
P08985,0
Q24185,0
Q9XZ33,0
Q59E23,0
P07909,0
Q8IH88,0
P11146,0
P29844,0
P29845,0
Q95TH9,0
P02515,0
P02516,0
X2JGG6,0
X2JC82,0
P05812,0
P22978,0
P22979,0
O97125,0
P02828,0
O46339,0
P22817,0
Q9VSI6,0
P12080,0
Q9VSJ0,0
P29681,0
Q9VHW8,0
Q9VU62,0
Q3YMW0,0
Q95028,0
Q9VPH0,0
Q24008,0
P05527,0
Q7KBL8,0
P20348,0
Q7JX43,0
P18289,0
Q9VG39,0
P21525,1
Q04652,0
P17210,0
Q9I7P4,0
Q9GPN8,0
X2JAH4,0
P56721,0
X2JGX8,0
Q9VH23,0
P13054,0
Q9VW47,0
P07247,0
X2JCE0,0
Q9W5E4,0
Q95ST6,0
O97454,0
Q9VRI0,0
Q4PLW2,0
Q94515,0
Q02748,1
O97182,0
P26675,0
Q9VJU2,0
Q8MVS5,0
Q9V3Y2,0
P40798,0
Q3YND2,0
Q9VJP2,0
Q9Y134,0
Q9NK80,0
Q9V3W2,0
Q9VJN5,0
Q24270,0
X2JA13,0
Q9V406,0
Q9V3D0,0
Q9VJ10,0
Q9V3A4,0
Q9VJ02,0
P24156,0
P18487,0
Q9VIV2,0
Q9XYM1,0
P08111,0
Q7KVH7,0
Q8IRG6,0
Q9VV77,0
P40304,1
Q04164,0
Q9VG00,0
O76324,0
P51592,0
P52302,0
Q9VB52,0
Q9VTY8,0
Q8ST83,0
P10105,0
Q9V3F2,0
P08928,0
Q00174,1
P02839,0
P07187,0
P07188,0
P07189,0
Q8MT27,0
Q9VQ08,0
Q9V4Z9,0
P09774,0
P11995,0
X2J8F5,0
P11997,0
X2JCV2,0
Q8MT46,0
Q8T0G8,0
P07191,0
P07190,0
P07192,0
Q9N658,0
Q9W349,0
Q9VYU8,0
Q56LZ6,0
X2JC35,1
X2JKU5,0
O97177,0
P08570,1
Q56LI3,0
Q06559,1
P04359,1
P13095,0
Q56K83,0
O97179,0
P13097,0
X2JFY7,0
P21519,1
Q8IMF5,0
Q03019,0
T2FFI3,0
Q8MR81,0
Q24141,0
Q7KPA5,0
Q9VG32,0
Q9VYW2,0
O97178,0
Q01069,0
Q01071,0
Q01070,0
P49028,0
P06742,0
P18432,0
P24785,0
P50536,0
Q9Y1A7,0
Q8IGX8,0
Q8MSJ7,0
Q9VF03,0
P26270,1
P14318,0
Q9W1E5,0
Q9VBA8,0
Q9VP40,0
P10333,0
X2J8T8,0
P08175,0
P16548,0
Q9VAW8,0
P04357,0
P11956,0
Q9W061,0
Q9VY43,0
Q9VY97,0
Q9I7N6,0
Q9GSR1,0
Q9VSE2,0
Q9VVN4,0
O18475,0
Q9VGI8,0
Q9VS48,0
Q53YG3,0
R9PY25,0
P13607,0
Q4V6U8,0
Q5UHE2,0
P98159,0
Q9U5W7,0
Q9VPI8,0
P29503,0
P23938,0
Q540W6,0
Q9VFS2,0
P10676,0
Q8MS21,0
P06002,0
P22807,0
Q9VVV9,0
X2JEV2,0
Q8SY38,0
P16554,0
P23803,1
O76460,0
P39768,0
Q9W1E8,0
Q24434,0
Q9VDU9,0
P25158,0
Q27421,0
P10383,0
P51521,0
Q9U7D8,0
Q541F9,0
Q24459,0
P14484,0
P18490,0
Q9W4J1,0
Q9VX65,0
Q9VFU0,0
Q9W1V3,0
Q9V9U0,0
P20007,0
P07663,0
P52034,0
P52029,0
Q9VUY9,0
P11346,0
Q7JY97,0
Q6BF93,0
Q24454,0
Q86BJ3,0
Q3YNB2,0
P05130,0
Q95T78,0
Q868J0,0
Q629J6,0
Q9VEZ8,0
P51023,0
P52304,0
P23757,0
Q4V720,0
Q05547,0
P48461,0
Q95SR4,0
Q27884,0
P11612,0
P48611,0
P06601,0
P35416,0
X2JI50,0
P48596,0
P25822,0
Q95T01,0
A1Z6W9,0
Q9W244,0
Q23989,0
X2JFG0,0
Q07152,0
P08646,0
P04388,0
X2J5A2,1
Q9W4K1,0
X2JF93,0
Q9VF30,0
P14199,0
Q86P71,0
P04950,0
Q8MYV5,0
Q7KF43,0
Q9NDI1,0
P40417,0
Q01637,0
Q5LK30,0
P10181,0
Q9V9W7,0
Q9Y0A7,0
P05389,1
Q24320,0
Q8SXM3,0
P20028,0
P09180,0
X2JCF8,0
Q9VTK2,0
Q9W0F8,0
X2JEJ3,0
P32870,1
P50445,0
P10351,0
P42519,0
Q9VGH1,0
P21750,0
Q95U21,0
Q05319,0
Q9U1H9,1
P21520,0
O44386,0
Q9VB08,0
Q9VHA0,0
P09077,1
X2JFL9,0
Q9VIW3,0
Q7JPB9,0
C0HKF7,0
Q5BI60,0
P17207,0
X2JB48,0
Q6SDN2,0
Q7KVY5,0
Q9Y0E9,0
P02840,0
Q00725,0
P07701,0
P02841,0
P02842,0
Q95SS6,0
B7YZF2,0
Q8SYL2,0
Q9VUF8,0
X2JED7,0
Q24298,1
X2JE15,0
Q8SZT5,0
Q9W1I9,0
X2JB60,0
Q9VZ09,0
Q7KTX8,0
Q9VXH3,0
Q04499,0
Q95T95,0
Q961V5,0
Q8SXP5,0
Q86PA9,0
Q8SY91,0
P08044,0
P43332,0
P05049,0
Q9VUE5,0
Q95T66,1
P61851,0
Q24025,0
P27398,0
X2J709,0
Q27297,0
Q8SZF1,0
Q9VF26,0
Q9VRM7,0
Q8IMP8,0
Q9VED3,0
P08630,0
P52172,1
P07666,0
P07665,0
P07664,0
Q9VEV9,0
P40423,0
P45843,0
P38979,0
P25159,0
P20483,1
P92189,0
Q9V877,0
Q9Y0H4,0
P25991,0
P08970,0
X2JDA8,0
P20193,0
P05205,0
Q9XYM5,0
P12297,0
Q8MRP3,1
X2JLF7,0
P40688,0
Q9U969,0
P18489,0
P12613,0
Q541G1,0
P20227,0
P42286,0
P48613,0
P10735,0
Q9VMT1,0
Q7YU36,0
P18102,0
Q95TA3,0
Q8SZW1,0
P18475,0
Q59E32,0
P19018,0
Q9NBK5,0
Q9W497,0
Q9W2M2,0
Q24155,0
P19334,0
P20659,0
P04814,0
P54356,0
P22265,0
P40689,0
Q8T3M3,0
P22812,0
P06603,1
P06605,1
P06604,1
P08841,0
P61857,0
Q9VAX7,0
P25823,0
Q8IGE8,0
Q9Y0Z9,0
P10627,0
Q7JYK1,1
P15357,0
Q99351,1
P83949,0
Q9VRF2,0
P16163,0
Q9VPQ6,0
P20153,0
Q6SIW5,0
Q8T9B1,0
Q8SZF8,0
Q9W1R5,0
Q9VIP8,0
P11449,0
X2J4V0,0
Q06521,0
Q94918,0
P10090,0
Q24106,0
O44342,0
P09957,0
X2JD55,0
X2JEX8,0
Q9VFU8,0
Q7YU84,1
P22469,0
P09089,0
Q0IGT0,0
P10379,0
X2JEF0,0
P22769,0
P17719,0
Q24535,1
P22810,0
P12982,0
P23572,0
P23573,1
P23654,0
Q7KQF8,0
P09491,0
P25162,0
Q8T9B6,0
Q8MSU1,0
P32845,0
Q9VZQ3,0
P28285,0
X2JBP9,0
P10084,0
Q24404,0
Q01642,0
Q01643,0
Q01644,0
Q01645,0
X2JDI1,0
Q03751,0
Q9U6L5,0
Q8MQN5,0
Q8SXB8,0
X2JFR1,0
P23487,0
P48810,0
P24492,0
X2J979,0
Q7JPT1,0
Q9VBA5,0
P28465,0
Q05783,1
Q94920,0
Q961H0,0
Q9VXG8,0
X2JCK2,0
Q9VAL5,0
P35992,0
Q9VZW3,0
Q9W0R8,0
Q9VIP4,0
Q0PQ31,0
Q9VSW5,0
Q9VRK9,0
P46867,0
Q9VB25,0
P40794,0
P48423,0
Q9VXV3,0
X2J9L4,0
Q86B79,0
Q5BII1,0
X2JAB9,0
Q7JXA8,0
P41073,0
C0HKA0,1
X2JCX8,1
Q27607,0
Q9VJV8,0
P23488,1
P23128,0
Q08694,0
P83971,0
P83972,0
P37159,0
P29615,0
P37160,0
Q95S46,0
P23625,0
P25153,0
Q8T962,0
X2JDJ5,0
P25167,0
Q9V420,0
Q9XTL9,0
P30430,0
Q04688,0
Q9VYU7,0
Q00449,0
Q8MRC4,0
P22270,0
P20228,0
P61855,0
P27781,0
P26802,0
P32031,0
Q00805,0
P20905,0
Q07327,0
Q5BIE8,0
Q01603,0
P41044,0
Q9W1I2,0
Q07436,0
P27864,0
P26686,0
Q9VUS3,0
Q7JPH4,0
Q9VUS6,0
Q27241,0
Q9VUS8,0
Q9VUS9,0
Q9VUT0,0
Q8MSD4,0
P25008,0
P30432,0
P28166,0
P28167,0
P25455,0
Q8MSC5,0
Q03445,0
Q9VMP4,0
P30975,0
P29829,0
P23779,0
Q540V7,0
P08645,0
Q08012,0
Q9W4X9,0
Q02936,0
P27716,0
Q7Z1J3,0
X2J9Z1,0
P98163,0
O76904,0
Q8IN81,1
Q95NF4,0
X2JAA8,0
P13709,0
X2JE30,0
P05709,0
Q95SW7,0
Q24595,0
Q8MRD2,0
O97063,0
O97062,0
O97061,0
O97060,0
Q8SZL4,0
Q9V3L8,0
P13677,0
Q24573,0
Q960U8,0
Q9VIR9,0
C0HL67,0
P28518,0
X2JAI1,0
P48809,0
Q6AWJ9,0
P30974,0
P25931,0
Q9VW60,0
Q24256,1
P36958,0
P39736,1
Q9VJS8,0
Q6J8P4,0
Q9W523,0
Q5U0W8,0
Q53YH4,0
Q9VD99,0
Q24592,0
P45447,1
P31009,0
Q9VLB7,0
Q9W0K7,0
X2J7U0,0
Q8MSX1,0
Q9Y1A8,0
Q7M3M8,0
Q9VZK2,1
Q9VCN7,1
Q9VC47,0
Q94522,0
P36872,0
Q9VQS7,0
Q9VQU9,0
Q02360,0
Q02361,0
P32028,0
P32029,0
Q27601,0
Q6NR27,0
Q8SWR6,0
Q06849,0
Q95TC2,0
P35600,0
X2J9X1,0
P29052,0
Q06003,0
P38040,0
X2JKD2,0
P41375,0
Q9VWW4,0
Q9VWV9,0
X2JG03,0
Q9VW83,0
P40320,0
X2J7P4,0
Q9VG38,0
Q9VW15,0
Q9W451,0
X2JB25,0
Q24562,0
Q24312,0
P17704,0
Q9VUX7,0
Q9U8F7,0
Q8IM96,0
P17971,0
Q9U916,0
P25228,0
X2JB15,0
X2J5G6,1
P25992,0
P40656,0
P40657,0
P48994,0
P50534,0
X2J6S0,0
Q05733,0
P35820,0
P18459,0
P55824,0
P35554,0
Q9W186,0
Q02637,0
Q9XTK9,0
P15619,0
Q7KNF2,1
Q9VCE3,0
Q9Y1B4,0
Q868I9,0
P29774,0
P29775,0
P29776,0
Q9VKE2,0
X2JD89,0
Q8MS75,0
P31409,0
Q01083,0
P28668,0
Q9VJK6,0
Q9VKW2,0
P39413,0
Q01820,0
Q9VB62,0
X2J9V3,0
Q6AWM0,0
Q9W2A5,0
Q9VQL9,0
P45437,0
Q9W2P8,1
Q9VFQ3,1
Q9VDA2,0
P48451,0
P48456,0
Q9V3S0,0
Q9VG98,0
Q9VG97,0
Q9VG96,0
Q9VG95,0
Q9VG94,0
Q9VG93,0
Q9VG92,0
P29993,0
Q9BMT7,0
Q95U55,0
P48159,1
P42271,0
Q9VIE8,0
Q24139,0
Q26263,0
Q9N2M8,0
Q09101,0
Q24492,0
X2JL29,0
X2J5N3,0
P48149,1
Q00637,0
X2JBG9,0
X2JH42,1
Q07886,0
Q04448,0
Q05337,0
Q07171,0
P41043,0
Q06943,0
P46824,0
Q24372,0
Q08832,0
Q5BI62,0
Q23979,0
P35875,0
Q9VFT3,0
Q9VQJ0,0
X2J950,1
X2JAZ3,0
Q05344,0
P47825,0
Q05913,0
Q27896,0
P35122,0
P51406,0
P40139,0
P40140,0
P40141,0
Q8MQJ9,0
X2JJV1,0
Q24118,0
P41046,0
Q24152,0
Q9VXM1,1
Q8SZG6,0
Q9VZP3,0
P54366,0
Q9VB55,0
X2JIW9,0
P40792,0
P32234,0
P81928,0
P40793,0
Q7K180,0
P61209,0
X2JC55,0
Q9VVC5,0
P51123,0
P49846,0
P35004,0
C0HKA2,0
C0HKA3,0
Q8INB9,0
Q960F2,0
P54733,1
Q95078,0
P36192,0
P42281,0
P36193,0
Q07407,0
Q9U5L1,0
Q3YNE7,0
Q03427,0
Q9VKU0,0
Q24418,0
Q23971,0
Q23970,0
Q9VSC3,0
Q24488,0
Q95RG1,1
P41093,1
P41094,1
P39018,1
P51905,0
P49415,0
X2JE29,0
P49847,0
P41900,0
P20232,0
P47948,0
X2JCI6,0
P35005,0
Q23973,0
P48987,0
Q9V8R9,0
Q9W0X0,0
P54622,0
Q05652,0
Q9VU51,0
P40589,0
Q9XZ54,0
Q967D7,0
Q9V9A9,0
Q0E996,0
Q9VKC9,0
O02002,0
Q7JX82,0
Q9VL75,0
Q9BLY4,0
Q8T0K8,0
P91660,0
Q0E924,0
Q9VPU1,0
Q95SA6,1
Q9V7Y2,0
Q7KNM2,0
Q9VMX2,0
Q7K4Q9,0
Q9VKM3,0
Q7K5M6,0
Q7KKI0,0
Q9W1V8,0
Q8SXW0,0
Q8MRP7,0
Q9VTE5,0
Q9V3D9,0
Q9VN55,0
Q960V1,0
Q9VDZ3,0
Q9VDE5,0
Q9VNG4,0
Q9V3E7,0
Q9W0G4,0
Q9U4Y1,0
Q9VA18,0
Q9VHW4,0
Q9VSK5,0
Q9VNR6,0
Q9VE96,0
Q9VRM3,0
X2JC06,0
Q9W002,0
Q9VEJ2,0
Q9VUZ0,0
Q9VI72,0
P48608,0
Q9VPG5,0
Q6NN06,0
P48612,0
P35381,1
Q95UI6,0
Q01989,0
Q9XY35,0
Q9VLT5,0
Q9VLC0,0
O77459,1
Q8MZ67,0
Q9VPS5,0
Q24322,0
Q24323,0
Q9VGB6,0
P41126,0
P49258,0
P98149,0
Q9W4X2,0
Q9W4I4,0
Q9VDA1,0
P54191,0
P54192,0
P54193,0
P54194,0
P54195,0
X2JGM9,1
Q24498,0
P36975,0
P52654,0
P49905,0
P49906,0
Q27377,0
P54185,0
P82147,0
Q27333,0
Q7YU60,0
Q8SYR3,0
Q9XZ61,0
Q9VTT2,0
Q9XZ53,0
Q94519,0
Q9VTU2,0
Q9VFK6,0
Q9VF98,0
Q9VEB9,0
Q9VSN9,0
P42279,0
P42278,0
P42280,0
X2J8Y6,0
Q9W4X8,0
Q9VT91,0
P48603,0
Q86NM8,0
X2JI29,0
P61849,0
P41596,0
X2J9A4,0
Q24337,0
Q23974,0
Q24342,0
O18412,0
Q9VR07,0
Q24368,0
Q9XZ29,0
Q8T8V5,0
Q94901,0
Q9N675,0
P42003,0
Q9VZH2,0
Q9U010,1
P40791,0
Q8T0N1,0
Q8T9C0,0
P46150,0
Q9VBQ1,1
Q9VBL6,0
Q9VBL7,0
Q9V3J3,0
Q5U196,0
Q9W2R4,0
Q27571,0
Q9VZF5,0
Q9VV42,0
Q23982,0
Q9W1C9,0
Q7KSE4,0
P48591,0
P48592,0
O44252,0
Q24475,0
Q24509,0
Q540V5,0
Q24090,0
X2JDD7,0
P55965,0
Q9VCB6,0
P45594,0
P54350,0
Q9VA38,1
Q24451,0
P45890,0
P45888,0
P45891,0
P45889,0
Q95TB3,0
Q95UF0,0
X2JEJ4,0
Q24255,0
Q8SX77,0
X2JDR5,0
Q24317,0
Q7KPZ3,0
Q8T0P0,1
P46415,0
P37193,0
P36951,0
P55162,0
Q23976,0
Q9VC96,0
Q9VSR5,0
Q9V3C4,0
Q8T030,0
Q9NLA6,0
Q9W5G3,0
Q7KVQ0,0
Q7JPT8,0
Q9VZZ4,0
Q9VRD0,0
Q24325,0
P47980,0
Q9VP61,0
Q9VLC5,0
X2J8C3,0
Q95UA1,0
Q11002,0
Q9VS37,1
Q9VH98,0
Q8MYL2,1
P54397,0
Q95PA9,0
P82910,0
P02825,0
Q8INI8,0
Q9BIS2,0
Q9BIR7,0
Q9V3S3,0
Q9VJR1,0
P42325,0
Q95T37,0
P40807,0
P40808,0
X2JCX9,0
P46222,0
Q960T2,0
Q9W0C2,0
Q24547,0
P52656,0
P47947,0
O46098,0
X2J8L2,0
Q8IGS3,0
Q95T29,1
Q9VTD3,0
P91641,0
Q24371,0
Q9Y090,0
Q9VNA2,0
P00850,0
P84345,0
P00399,0
P00408,0
P00417,0
Q9ME01,0
V9H007,0
Q7GHL2,0
P18930,0
P18934,0
Q9G472,0
P18933,0
Q9VVR1,0
Q9VUD7,0
Q8T098,0
Q27934,0
P40797,0
Q6NQZ5,0
Q9U479,0
Q94899,0
P40945,0
P40946,0
Q8IRC7,0
Q24040,0
Q2XYL8,0
Q961T0,0
Q24210,0
P48609,0
Q23997,0
Q7KVG9,0
P54623,0
Q26377,0
Q95029,0
Q27594,0
Q963E0,0
Q9V769,0
Q86LC7,0
V9GZG7,0
V9GZM8,0
V9GZT0,0
V9GZI5,0
Q8SY52,0
Q9VC29,0
P48375,0
Q07093,0
Q9VA09,0
A0A0B4KFZ9,1
Q7K4Z4,0
Q8T9D6,0
Q9VDG5,0
Q94887,0
Q9VIQ4,0
P54399,0
Q9VDS9,0
P16620,0
Q9U5D5,0
Q9V3I2,0
P48554,0
Q94527,0
X2J5R5,0
P48148,0
Q95S53,0
Q8T3V6,0
Q9W4D2,0
X2JCS6,1
P21914,0
P54359,0
Q9W3Z3,0
O76752,0
Q9V3H7,0
Q9VW51,0
Q9VZA8,0
Q09332,0
X2J9F7,0
Q9NK57,0
Q9VIP9,0
Q9VYV8,0
Q9VDT9,1
Q9VEN1,0
Q53YH1,0
Q95RI5,0
Q27403,0
Q8T0J6,0
Q7KYD3,0
O02193,0
Q9VND0,0
Q9VU01,0
O46106,1
Q9U519,0
Q24192,0
O44783,0
Q9VXN2,0
Q9VR52,0
P49021,0
Q9W552,0
Q9VLL5,0
Q9VAN0,0
Q26416,0
X2JF40,0
Q5BI73,0
Q9W3E8,0
Q9W3E7,0
Q27606,0
Q9VUT2,0
Q24077,0
Q9VUT3,0
Q6TXQ1,1
P49869,0
P49735,0
Q24400,0
Q24395,0
Q24319,0
Q9VAN7,0
Q960R6,0
P48604,0
P53997,0
Q9W5B5,0
Q24093,0
O76206,0
Q8T053,0
Q9VCY0,0
Q24173,0
P52905,0
Q9VEQ5,0
Q9VY18,0
Q7KSG0,0
P48605,0
P54367,0
Q9VUU3,0
Q9VMS1,0
Q9VA27,0
Q9VS79,0
Q9V4T5,0
Q9VL92,0
O46054,0
Q9V558,0
Q9V4I0,0
Q9V4I1,0
Q9W130,0
Q9VNV3,0
Q683T1,0
Q9VA83,0
Q8I0T0,0
Q9VD73,0
P53403,0
Q24142,0
Q24143,0
O02649,0
Q24307,0
Q9W1G7,0
Q9VBJ2,0
Q24168,0
Q24169,0
Q9W1M7,0
Q9VTN5,0
P48601,1
P55035,1
Q962I2,0
P50887,1
Q24145,0
Q9V3C8,0
P49963,0
Q9VLR5,0
Q24536,0
Q9VLF5,0
Q541C3,0
X2JAX3,0
Q9V3C0,0
Q9VXD4,0
Q9V3I6,0
Q9VER8,0
Q24050,0
Q7KVA1,0
Q7YU81,0
Q9V3C2,0
Q95WV5,0
P54353,0
Q27324,0
Q9VML1,0
Q9V3A7,0
Q9U3Z7,1
Q9XTP7,0
Q9VK54,0
Q9VKG1,0
Q8ISD9,0
A1Z7S0,0
Q24311,0
Q9VCH4,0
Q9W3G6,0
Q8MS20,0
O76927,0
Q7JRH7,0
Q8SYH5,0
O61345,0
Q9V3E9,0
P43248,0
O16867,0
Q24558,0
Q9U6L4,0
Q4V5A3,0
Q9VIC3,0
Q9I7L5,0
Q961N0,0
Q8SZW5,0
Q9VIC0,0
Q9VIB6,0
Q9VIB5,0
Q9VIB3,0
Q9VIB1,0
Q9V3T9,0
O46197,0
O46199,0
O46200,0
Q9VVW1,0
Q9VAS9,0
Q9VC44,0
Q9VQM0,0
Q94513,0
Q4ABF0,0
Q24214,0
Q9VXE9,0
Q9VT57,0
Q9VPT8,0
Q9VAL7,0
Q8IPJ7,0
Q9I7I0,0
Q9VQT0,0
Q94883,0
Q9V770,0
Q86PC9,0
Q9VB46,0
Q7KNS3,0
X2JDU0,1
O62618,0
X2JCI8,0
X2J946,0
X2JEZ9,0
Q95SP5,0
Q24046,0
Q24048,0
Q9VFT4,0
Q9V3F8,0
O15971,0
Q8IGH2,0
Q8T046,0
O18339,0
Q9W4A0,0
O76742,0
X2J5T3,0
Q94913,0
Q9VIN1,0
Q94517,0
Q9VJ43,0
Q9W424,0
O96880,0
O96881,0
Q9VIB7,0
Q8MRA6,0
Q9V5Z7,0
Q9W1M6,0
Q86NL5,1
Q9VPW1,0
P54269,0
Q27367,0
Q9U6Y9,0
Q8T9K5,0
Q5BI95,0
Q24570,0
Q9NDU2,0
Q9VZI8,0
Q9VRK8,0
Q24188,0
Q9VNS0,0
Q9VS36,0
Q9N6W9,0
Q9U4L6,0
Q9BMD5,0
Q8SZ69,0
Q8SXK5,0
Q7KK54,0
Q9VB35,0
Q23972,0
Q9VMV5,0
Q9VMS4,0
Q9V576,0
Q9U3V8,0
Q9VT28,0
Q24407,0
Q24251,0
Q9VLJ6,0
Q24238,0
Q8IGW6,0
Q94877,0
Q9W2F3,0
Q9VEG4,0
X2J9F2,0
Q9VFP6,0
Q9VIX1,0
Q94886,0
Q27415,0
O77460,0
Q24439,0
Q94919,0
Q9TW49,0
Q9VPC0,0
Q95083,1
Q9VQQ0,0
Q8MSX0,0
Q94915,0
Q8SXW1,0
Q95TH4,0
Q95RT0,0
Q24239,0
Q9VZZ9,0
Q9VVX3,0
Q24151,0
Q9V9R6,0
Q9VMR4,0
Q9VPW8,0
Q9V3D5,0
Q9V574,0
X2JGF5,0
Q24211,0
Q95SE2,0
P17133,0
Q9VS62,0
Q9W2R3,0
Q7JR24,0
Q94981,0
Q9VSM4,0
P92204,0
P91659,0
P52487,0
Q94535,0
Q9W265,0
P55830,1
Q94547,0
Q9VM76,0
Q27575,0
P91622,0
X2JJC8,0
Q94511,0
Q9VF27,0
P91891,0
Q9VGW6,0
P91664,0
Q5BIL1,1
Q9VGI5,0
Q9VCT4,0
Q94514,0
Q94546,0
Q94521,0
Q94516,0
Q9XZC2,0
Q9VS54,0
O61267,0
Q9VLA2,0
Q2PNW1,0
Q9VQG4,0
Q9V414,0
O18405,0
Q4V3S6,0
Q9W314,0
P91931,0
P55828,0
P91875,0
O01668,0
O17432,0
Q9VCA2,0
P91929,0
P91928,0
O01349,0
O01382,0
Q94529,0
X2JBI2,0
Q9V9X8,0
Q9VC52,0
Q9VSK2,0
O01666,1
Q7KN85,0
P92177,0
Q9W0F1,0
Q9XYA7,0
Q9V3L1,0
Q9VZ23,0
Q9W214,0
Q8SX41,0
Q9XZU2,0
Q7JY80,0
Q9XYZ4,0
X2JG23,0
O02372,0
Q9VCX2,0
Q86S05,0
Q8T8Z9,0
Q9VP79,0
Q9VFI0,0
Q9VVN7,0
Q9VPU3,0
Q9VPU8,0
Q9NDJ2,0
Q9W268,0
Q95R99,0
Q7K4B6,0
O18413,0
Q9V6K1,0
Q9VJP1,0
Q9UAI4,0
Q9U3W0,0
R9PY21,0
Q9VGZ6,0
X2JHT0,0
O96553,0
Q9W0V1,0
Q9VTZ1,0
Q9VW48,0
Q9V6K3,0
Q9VEX4,0
Q9VEX5,0
Q9V3I5,0
X2JA18,0
Q9V3D4,0
Q8MM24,0
Q9VMP3,0
Q9U5Y2,0
Q9VK85,0
Q9GZ10,1
Q8SZT4,0
O46036,0
Q9TVM2,0
X2JAQ4,0
O18408,0
Q9VY19,0
O46202,0
Q9Y0S9,0
Q9I7S8,0
Q9W143,0
O18391,0
Q9VM62,0
Q9W2Q1,0
O18640,0
Q95RE0,0
Q960L7,0
Q7KTZ2,0
Q9VC05,0
Q9XYU0,0
Q8IGZ1,0
C0HL64,0
P92194,0
P91942,0
Q8IGZ8,0
P92181,0
C0HL63,0
C0HL62,0
P91940,0
Q9VCE7,0
P91938,0
Q9VTX5,0
Q8SYL3,0
Q9VQY4,0
Q8T4G6,0
Q7JND6,0
Q95TD3,0
Q9VLX5,0
Q9NJG9,0
Q9VMX7,0
O16158,0
Q8MSI2,0
P56175,0
O16797,1
Q7KRT5,0
Q7K579,0
Q9TW47,0
Q9VZ44,0
Q9VF85,0
Q9NBD7,0
Q9V463,0
X2JHT7,0
O18404,0
Q9W3F4,0
Q9VVA6,0
Q9VDR7,0
Q7KLX3,0
Q9VK45,0
Q9VQV2,0
Q9V359,0
Q7K2D2,0
Q7KN74,0
Q9VID7,0
Q8MLW7,0
Q9VPR4,0
Q9W1A3,0
Q9W1I6,0
Q9VQ29,0
X2J9R2,0
Q9VQR2,0
Q8MLS7,0
Q7KK34,0
Q9U9Q4,0
Q7JXV9,0
Q8MQK4,0
Q9VJZ7,0
Q9V7D2,0
Q9VQZ1,0
Q7K569,0
Q9XZU1,0
Q9V998,0
Q8SYL1,0
Q9XZT6,0
Q8MMC4,0
Q9VES8,0
Q9V9U3,0
Q9VWV6,0
O96299,0
Q9V4D9,0
Q95SE3,0
Q9VRV4,0
Q9W2M6,0
Q9W092,0
Q9VTV3,0
Q9VXU0,0
Q9VWY6,0
Q0IGU7,0
Q960C3,0
Q9W4H8,0
O17452,0
O16810,0
Q9VW26,0
O17468,0
Q9VF02,0
Q9VBW3,0
O16043,0
Q9VRV5,0
O76513,0
Q7K4N3,0
Q9V3L6,0
Q95T63,0
Q8T996,0
Q8T0E5,0
Q9TZN6,0
Q9W254,0
Q9W255,0
Q7KNS5,0
O97148,0
Q9VS24,0
Q9VND9,0
O61735,0
Q9W1B0,0
Q9VE62,0
Q8INT5,0
M9PDD7,0
O61734,0
Q9VU53,0
Q0E8P6,0
Q9VDK5,0
O46341,0
Q8T0L3,0
O44437,0
Q7KK41,0
O16130,1
Q7JY33,0
Q8T9E3,0
Q9VUJ1,1
Q9V5C6,0
X2JG90,0
O96690,0
Q9VBC7,0
Q9Y1B2,0
Q9Y1B3,0
M9MS20,0
Q8MYX5,0
Q7YU50,0
Q7K119,0
X2JDM5,0
O46043,0
Q9VIF7,0
O16102,0
Q9VJX3,0
O46203,0
Q9V9R3,0
Q9BJZ5,0
Q9W425,0
Q9W1G0,0
Q9VSU2,0
Q9XZU0,0
O46108,0
X2JDS0,0
O44424,0
Q7K511,0
Q95R90,0
Q9W542,0
Q9W543,0
Q7JUF8,0
Q9W541,0
X2JA69,0
Q9W550,0
Q9W554,0
Q7KW08,0
X2JC94,0
Q8IRW8,0
Q9W547,0
O46080,0
O46079,0
Q9I7X6,0
O46077,0
X2JDK7,0
Q95R34,0
O46070,0
Q9W4Z9,0
Q8T3U4,0
O46067,0
Q9W569,0
Q7KW14,0
Q8MYW2,0
Q9W5F2,0
Q9W5F6,0
Q7KW39,0
O46052,0
O46051,0
Q9UB80,0
Q8T4E1,0
Q9W509,0
Q9W508,0
Q9Y1V0,0
Q9VRX6,0
Q9VZI9,0
Q9VRH6,0
Q9V426,0
X2JFX5,0
Q9GQF1,0
Q9NHD5,0
Q9V4Y0,1
X2J8R0,0
Q9VZU2,0
Q7KMS3,0
Q9VEZ5,0
Q9VKN7,0
P25722,0
Q2XXX2,0
P27091,0
Q9VSL7,0
Q95RN9,0
X2JD31,0
Q9V422,0
Q9XTN2,0
Q9XZC7,0
Q9XTN4,0
Q86NW8,0
Q9VAT0,0
Q9VL71,0
Q9VA17,0
Q960H1,0
Q9VK34,0
Q9U5W8,0
Q8MQZ7,0
Q9VPY2,0
Q9V7S5,0
O61365,0
X2J9B0,0
Q9VFK4,0
Q7KPX5,0
Q9VE37,0
Q8MSX2,0
Q9VPN5,0
Q7KW16,0
O46101,0
Q95RC0,1
Q8MR29,0
O46100,0
Q8T011,0
X2J9B3,0
Q94524,0
Q9VEX9,0
Q9V3J4,0
Q8T626,0
Q9U9Q2,0
Q9VFS5,0
Q95TV3,0
Q8IN02,0
Q9VJD3,0
Q9V726,0
Q8MR31,0
Q6NR36,0
O61231,1
Q95VY8,0
X2J9C9,0
O61491,0
Q8SYQ3,0
Q9W0S9,0
Q9W5S7,0
X2JD84,0
Q9VWA1,0
O62531,0
Q9V5N8,0
O76454,0
O61443,0
Q9VPH4,0
Q9U1H6,0
Q9V3N9,0
Q9VHY5,0
O76339,0
O61643,0
Q541C9,0
Q9VRV8,0
Q9VXA3,0
Q9W3E2,0
Q7JQF1,0
O76464,0
Q9VQI8,0
Q8SX08,0
Q9VGZ3,0
Q9VCV4,0
Q94900,0
O76912,0
Q960Q9,0
Q8MTN4,0
O76896,0
Q9W511,0
O76878,0
O76877,0
X2JA35,0
Q7K7G5,0
Q9W4W3,0
Q9W4W8,0
Q9W4W7,0
Q9W4W6,0
Q9W4W5,0
O76863,0
Q9W4W4,0
Q8MYX2,0
O76462,0
O62526,0
X2JE33,0
Q95TI1,0
Q8MRP8,0
Q9W1H7,0
O77475,0
O77477,0
Q9W1H8,0
Q9VTE2,0
Q95RW8,0
O76994,0
Q7KN61,0
Q8MRL2,0
O76902,0
Q9W585,0
Q9W586,0
Q9W4J0,0
Q5BI31,0
O76894,0
O76892,0
Q7K7F3,0
Q9W579,0
Q9V674,0
O96433,1
Q9VEK7,0
Q9XYF7,0
Q9VYG2,0
Q7JVE7,0
O77293,0
Q9W0K4,0
Q9XYQ2,0
O77286,0
Q9VEJ1,0
Q8SXA5,0
O77237,0
P82384,0
O77410,0
O77150,0
Q9W0U0,0
Q9VM96,0
Q9VJ58,0
Q9W4I5,0
X2JCJ0,0
O77277,0
Q9W5D2,0
O77436,0
Q9W5D3,0
O77262,0
Q9W532,0
Q9W531,0
Q9W528,0
Q960D4,0
O77263,0
X2JI07,0
Q9W534,0
Q9W533,0
X2JHS3,0
Q9W5E2,0
Q9W5E6,0
O77430,0
X2JA05,0
Q9W5E0,0
O77425,0
Q9W5A4,0
O77424,0
Q9W4V1,0
O76870,0
Q9W4U8,0
Q961D1,0
Q9W0N3,0
Q9V438,0
Q0IGQ2,0
O77059,0
Q9VQK0,0
Q9W0H8,0
Q9VPJ9,0
Q9VQZ7,0
Q9VPN2,0
Q8T8W2,0
Q8T0G1,0
Q9VM10,0
Q9VL69,0
Q9VNV0,0
Q7K4A1,0
Q8T0T9,0
Q7K012,0
O96539,0
O62621,0
Q9W0B8,0
X2J9E1,0
Q9W4I7,0
Q9V4A7,0
Q9V491,0
Q9VMI9,0
Q9VXE5,0
Q963L0,1
Q9VM94,0
Q9VCN6,0
Q9W1I0,0
Q9TZQ2,0
Q9VGH9,0
O96533,0
Q8SYV6,0
Q9VXP4,0
Q8SY70,0
Q9V461,0
Q8SXQ3,0
Q9VGJ2,0
Q9VNC2,0
Q8SY65,0
A1ZAK1,0
Q7K7A9,0
Q8MT40,0
X2JHQ0,0
X2JC00,0
Q9XZS5,0
Q9W4X1,0
Q8SYB3,0
Q9W3D3,0
Q9VDF4,0
O96395,0
Q9XZB7,0
Q9VH14,0
O97477,0
Q9Y1J0,0
X2JEB4,0
Q9VDG2,0
Q9VX20,0
Q9VEZ0,0
Q9W438,0
Q9VV72,0
Q9VGQ0,0
Q9VGP9,0
Q9VXN1,0
Q9VNL0,0
Q9W4M9,0
Q960X4,0
Q9W4M7,0
Q8IRS7,0
Q9W4M8,0
X2JHZ2,0
O97420,0
Q9W551,0
O96824,0
O96863,0
O96860,0
O96989,0
Q7KVU4,0
Q9VKL9,0
Q9VKM0,0
O76857,0
Q9VJG0,0
Q9VTB8,0
Q9VWC5,0
Q9VWC4,0
Q7KJ69,0
Q9VP80,0
X2JKQ8,0
P82295,0
Q9VA65,0
O97111,0
Q9VM69,0
Q9XZ62,0
Q9Y111,1
Q9GYU8,0
A1Z6E0,0
Q9VE16,0
Q9VEA1,0
Q9VIE2,0
Q9NHY8,0
Q9VZP5,0
Q8WTC1,0
Q9XZU7,0
Q9XZU6,0
Q9XYN2,0
Q9UAS6,0
X2JE74,0
Q9XYN3,0
Q9XYN4,0
Q7K738,0
Q9VCC9,0
Q9XYR0,0
Q9V3S6,0
X2JFZ3,0
Q9XZT7,0
Q95S25,0
Q7KLG8,0
Q960V6,0
O97143,0
Q9W0A8,0
Q8IP63,0
Q9XYY9,0
Q9VX32,0
Q9U4U5,0
Q9V8W3,0
Q9Y0B6,0
Q9XYN7,1
P81923,0
P81922,0
P81921,0
Q9V3N2,0
P81917,0
P81916,0
P81915,0
P81918,0
P81913,0
P81912,0
P81911,0
P81910,0
P81909,0
Q9VAU9,0
Q7PLI2,0
Q9V7W9,0
A1Z877,0
Q9XYF4,0
Q9XZE4,0
Q9V472,0
X2JEB6,0
Q9XTN5,0
Q9XZT5,0
Q960Y9,0
Q9XYX1,0
X2JG40,0
Q9VKU7,0
Q9VTS3,0
Q9VXU8,0
Q9VPS6,0
Q5BIC0,0
Q9VF92,0
Q9VQE0,0
Q8T0D3,0
Q8SY75,0
Q9VI49,0
O97069,0
O97067,0
Q9W047,0
Q961B8,0
Q9VXG1,1
Q9VCE0,0
Q9VID9,0
Q9W2K8,0
Q9VZL8,0
Q9W043,0
Q9V407,0
Q9Y1T2,0
Q7JWW6,0
Q9VF33,0
Q9V6G5,0
Q9XZL7,0
Q9VVX5,0
Q9VF78,0
Q8T3X9,1
Q9W3E1,0
Q9W4A7,0
Q9VY54,0
Q8T9K7,0
Q95S22,0
Q960Y4,0
Q9XZ64,0
Q9XYY2,0
Q9XY36,0
Q9XZF0,0
Q9Y095,0
Q7K7B0,0
Q9VMG1,0
Q9VIM9,0
Q9XZF9,0
Q8MSU6,0
Q9XZE0,0
Q9VQD4,0
Q9XZH4,0
Q9XYZ3,0
Q9XZT2,0
Q9XZT1,0
Q9XZT0,0
Q9XZS9,0
Q9XZS4,1
Q9XZS3,0
Q9XYW6,0
Q9XZ58,0
Q9V345,0
Q8SYG2,0
Q9VVU5,0
Q9XZ57,0
Q9VJ45,0
Q9W2J4,0
Q9VJ47,0
Q960E6,0
Q9VV60,0
Q9VKB0,0
Q9VZY9,0
Q9VFL5,0
Q9W327,0
Q9VZ82,0
Q8MSW0,0
Q9VUK8,0
Q9Y105,0
Q7KN90,0
Q9VXN4,0
Q9VLM8,0
Q9XZ63,0
P83102,0
Q9V3W6,0
Q9VR82,0
Q9V427,0
Q9VET0,0
Q9Y0V9,0
Q9VYX4,0
X2JLN4,0
Q9W3M4,0
Q9VXU2,0
Q9VWH4,0
Q9W501,0
Q9VXQ5,0
X2JD07,0
Q9VR89,0
X2JL40,0
Q9V455,0
Q8IG96,0
Q9NBW1,0
X2JC46,0
Q9V3S9,0
Q7KLE5,0
Q9Y0V3,0
X2JB87,0
Q9W2D6,0
Q9XTL2,0
Q9Y1P6,0
Q9Y1H2,0
Q9XTM8,0
Q9Y0I1,0
Q9XTL3,0
Q9VLL1,0
Q9Y0G0,0
Q9VB23,0
Q9Y0Y2,0
Q9VB14,0
Q7KMH5,0
Q9Y0Y5,0
Q9Y0Y6,0
Q9Y0Y7,0
Q7KMH9,0
Q9VV79,0
Q9Y0Z1,0
Q7KMI3,0
Q9VKB9,0
Q9NDR1,0
Q7KMI7,0
Q9VBP3,0
Q9VQ78,0
Q9XZ32,0
Q9XZ31,0
Q9XZ30,0
Q9XZ28,0
Q9XZ25,0
Q9XZ22,0
Q9XZ19,0
Q7KN79,0
Q9XZ16,0
Q9XZ15,0
X2JFT2,0
Q95SJ5,0
Q9XZ11,0
Q9XZ08,0
Q9XZ06,0
Q7KN92,0
Q9VC35,0
Q9Y104,0
Q9Y106,0
Q9Y107,0
Q95SU9,0
Q9Y109,0
Q9Y110,0
Q9Y112,0
Q9Y113,0
Q9Y114,0
X2JFT8,0
Q9Y117,0
Q9Y119,0
Q7KMK4,0
Q9Y121,0
Q9Y122,0
Q9Y123,0
Q9Y124,0
Q9VT61,0
Q9VKY2,0
Q9Y128,0
A0A0B4K692,0
Q7KML2,0
Q8IMP6,0
Q9Y133,0
Q9Y136,0
Q9Y137,0
Q86NV1,0
Q9Y138,0
Q9Y139,0
Q9Y140,0
Q9Y141,0
Q9Y142,0
Q9Y143,0
X2JG22,0
Q7KMM4,0
Q7KMM5,0
Q9XYZ9,0
Q9Y149,0
Q9Y151,0
Q7KMM8,0
Q9Y153,0
Q9Y154,0
Q9Y155,0
Q9Y156,0
Q9VXZ8,0
X2JKW3,0
Q9VWK5,0
Q7KNA0,0
Q9Y164,0
Q9Y165,0
Q9Y166,0
Q9VKV1,0
Q9Y171,0
Q9VZQ1,0
Q9XYZ6,0
Q7K550,0
Q9Y0W1,0
X2JED9,0
Q9TVP3,0
Q9V3N4,0
Q9VF15,0
Q9VVG3,0
Q9V3J1,0
X2J591,0
Q8T0F9,0
Q9V437,0
Q9V3L7,0
Q9V3Y4,0
Q7KM13,1
Q9W080,0
Q9W589,0
Q9W591,0
Q9W592,0
Q9W593,0
Q9U982,0
Q9U9K4,0
Q9VE52,0
Q9VTU8,0
Q9V396,0
Q9V3I8,0
Q9V3X2,0
Q9V468,0
Q9V466,0
Q9U9P7,0
Q9V3D6,0
Q9V431,0
Q7KRY6,0
Q9W088,0
Q9VJU9,0
A0A126GUP6,0
Q9VLL3,0
Q9U616,0
Q9VEZ3,0
Q9VHB7,0
Q9VNF7,0
X2JEL4,0
Q9W4H6,0
Q9W335,0
Q9W2V9,0
Q9W324,0
Q9W2X6,0
X2JCC5,0
X2JCT3,0
Q9W4T9,0
Q9V430,0
Q9W205,0
Q9U904,0
Q9VG55,0
Q9V3R8,0
Q9U5V6,0
Q9VSD3,0
Q9VVY4,0
Q9VET9,0
Q9V3G3,0
Q9VM15,0
Q9VLJ4,0
Q8IN44,0
Q9VXJ9,0
Q9U5W9,0
Q9VV58,0
Q9U6P7,0
Q9VP85,0
Q9V3H0,0
Q9U786,0
Q9U787,0
Q9VK37,0
Q9V3H8,0
Q9VKG3,0
P81829,0
Q9VZ07,0
Q9TVI0,0
Q9GZ72,0
Q9VKC2,0
Q8MKW7,0
Q9V400,0
Q9V3C7,0
Q962F3,0
Q95S37,0
Q9U6M0,0
Q9U4F8,0
Q9V395,0
Q9V3H9,0
Q9V411,0
Q9V3Y5,0
Q9V415,0
Q8I077,0
Q9V397,0
Q9V3S7,0
Q9V3X5,0
Q9U4G1,0
Q9VZI2,0
Q9V3X1,0
Q9VKG4,0
X2JCG8,0
Q9U4H1,0
Q9U4H2,0
Q9W1Q6,0
Q9VEB8,0
Q9V3C5,0
Q9VZZ7,0
Q9VJK9,0
Q9V3K7,0
Q9NGC3,0
Q9VJW8,0
Q8IP30,0
Q9V3V9,0
Q9V471,0
Q9VJN8,0
Q9VJM3,0
Q7KT58,0
Q9VJL5,0
Q9V3Y7,0
Q9VJW7,0
Q9V3F3,0
Q9VJT3,0
Q9V3H6,0
Q9V3P4,0
Q9V3U5,0
Q9VJW1,0
Q960V4,0
X2JAD3,0
Q9V3N6,0
Q9VJU8,0
Q7KTA1,0
Q9V3Z9,0
Q9V428,0
Q9XZS8,1
Q9U6R9,0
Q9V3V0,0
Q7K2U8,0
Q8T3V4,0
Q9U622,0
Q7KK97,0
Q9W0F0,0
Q9VJ18,0
Q9VQA6,0
X2J9D4,0
Q9VTR6,0
Q8T6B9,0
Q9V9A8,0
Q9U5X8,0
Q9VS85,0
O61351,0
Q7K3W4,0
Q9VJM4,0
Q9VJM9,0
Q9VA73,0
Q9VBR8,0
Q9V3E3,0
Q9V3R6,0
Q9VFE3,0
Q9VP18,0
Q9VZG7,0
Q8IQG3,0
Q9VTI6,0
Q8IHG5,0
Q9VE75,0
Q9XZ10,0
Q9VL32,0
Q9TVQ5,0
Q9XZC3,1
Q9W414,1
Q9V405,1
Q7KMQ0,1
Q9V3G7,1
Q7KLV9,0
Q7KMP8,0
Q9V3P6,1
Q9V436,1
Q9V3H2,1
Q9VW54,1
O17445,1
Q9V3T3,0
Q9U9Q1,0
Q9VM99,0
Q9U6A0,0
Q9VKB3,0
Q9V451,0
Q9U8B9,0
Q9NFU0,0
O96827,0
Q9W103,0
O96837,0
O96838,0
Q8T017,0
Q7K0Y1,0
Q8SYT4,0
Q9U8L5,0
Q9VBI2,0
Q9V4S8,0
Q9VCY3,0
Q9VJR9,0
Q9VJK8,0
Q9VJS6,0
Q9VJW5,0
Q8MR87,0
Q9VJP6,0
Q9V3I9,0
Q9V3T7,0
Q9VJS1,1
Q9VJM6,0
Q7KT67,0
Q9V3Q0,0
Q9V3J9,0
X2J9Z3,0
Q7KT83,0
Q9V3Q1,0
Q9V3K5,0
Q9V3P9,0
Q9VJU1,0
Q8T7V5,0
Q7KT79,0
X2JE80,0
Q9VJP0,0
Q9VJM2,0
Q9VJR4,0
Q9V453,0
Q9VJQ0,0
Q9V3Z7,0
Q8T908,0
Q9VJL6,0
Q9VJL7,0
Q9V3Z8,0
Q9VJL9,0
Q7KT60,0
Q7KT68,0
Q4LDP4,0
Q9V3M9,0
Q9V3B1,0
Q9VJS5,0
X2JE45,0
Q9V412,0
Q9V3A0,0
Q9VJQ5,0
Q8SYW8,0
X2J600,0
Q9VJN2,0
Q9VJU6,0
Q9V3G8,0
Q9VJU4,0
Q9V419,0
Q9V458,0
Q9VJX2,0
Q9V3U7,0
Q9VJN9,0
Q9V3R0,0
Q9V3Q2,0
Q9V402,0
Q9V421,0
Q9V3M3,0
Q9V445,0
F0JAI6,0
Q6NR30,0
Q8IH47,0
Q9V818,0
Q9VRJ1,0
Q9V6H2,0
Q9VK43,0
Q8I0G5,0
Q9W555,0
Q9XZ68,0
Q9U3V9,0
Q9V3Z1,0
Q9U3V5,0
Q8T0D4,0
Q9W420,0
Q7JV69,0
Q9VFC2,0
X2JAJ8,0
Q7YTY6,0
Q9V3N1,0
Q95V81,0
Q9VEK8,0
Q9NJB5,0
Q9VH94,0
Q9V3B8,0
Q9W0S4,0
Q9U3W6,0
Q9V853,0
X2JEK6,0
A1ZAW5,0
Q9V787,0
Q9U599,0
Q9VNJ5,0
Q9VNW7,0
Q7JUY7,0
Q7K485,0
Q9V464,0
Q9VPU7,0
Q9W1F1,0
Q9VSD9,0
Q9V477,0
Q9U4F3,0
Q9V470,0
Q9U1H8,0
Q9VLH8,0
Q9V9C8,0
Q9V3P3,0
Q9NHX7,1
Q9VKB1,0
Q9W288,0
Q9V3U2,0
Q9VP20,0
Q9U1J2,0
Q9U1J3,0
Q9VB69,0
Q8SWW1,0
Q7JQW6,0
Q9V3U9,0
Q9VU94,0
Q9VB86,0
Q9VTD4,0
X2J5E8,0
Q9Y169,0
Q9NJH0,0
Q9W164,0
Q9W3W4,0
Q9VCC0,0
Q9W3Q5,0
Q8SY17,0
Q7JWV7,0
Q9U3V4,0
Q9VG70,0
Q9W0F9,0
Q59E78,0
Q9W5G6,0
Q9W5G0,0
Q9I7Z9,0
Q9I7Z8,0
Q9W5E7,0
Q8SXG9,0
Q9W5D7,0
Q9W5C9,0
Q9W5C5,0
Q9W5B8,0
Q9W5A7,0
Q9W5A2,0
Q9W587,0
Q9W567,0
Q4V5I6,0
Q9W560,0
Q9W549,0
Q9W530,0
Q9W510,0
M9PDL5,0
Q9W503,0
Q9W4X7,0
Q9W4V3,0
Q9W4U9,0
Q9W4U7,0
Q9W4U6,0
Q9W4U5,0
Q9W4U4,0
Q9W4U3,0
Q9W4U2,0
Q9W4U0,0
Q9V3N5,0
Q8IRU2,0
Q9W4S5,0
Q9W4S4,0
Q9W4S3,0
Q9W4S2,0
Q9W4S1,0
Q9W4S0,0
Q9W4R9,0
Q9W4R8,0
Q9W4R7,0
X2JI73,0
Q9W4R4,0
Q9W4R2,0
Q86DS1,0
Q9W4P9,0
Q9W4P4,0
Q9W4P0,0
Q9W4N9,0
Q9W4N8,0
X2JAF1,0
Q9W4N6,0
Q9W4N5,0
T2GGJ9,0
Q9W4N1,0
Q9W4M5,0
Q9W4M4,0
Q9W4M0,0
Q9W4L9,0
Q9W4L8,0
Q9W4L5,0
Q9W4L0,0
Q9W4K8,0
M9NFW1,0
Q9W4K2,0
Q9W4K0,0
Q9W4J9,0
Q9W4J8,0
Q9W4J7,0
Q9W4J6,0
Q9W4J5,0
Q9W4J4,0
Q9W4J3,0
Q9W4J2,0
Q9W4I3,0
Q9W4I1,0
Q9W4I0,0
Q9W4H4,0
Q9W4H3,0
Q9W4H1,0
Q9W4G9,0
Q9W4G8,0
Q9W4G7,0
Q9W4G6,0
Q9W4G5,0
Q9W4G4,0
Q9W4G1,0
Q9W4F8,0
Q9W4F7,0
Q9W4F3,0
Q9W4E6,0
Q9W4E5,0
Q9W4E4,0
Q9W4E0,0
Q9W4D8,0
X2JID2,0
X2JE64,0
Q9W4D3,0
Q9I7W5,0
X2JCL3,0
X2JIE0,0
Q9W4C5,0
Q9W4C3,0
Q9W4C2,0
Q9W4C1,0
Q8SWR3,0
Q9W4B8,0
Q9W4B7,0
Q9W4B6,0
Q9W4A9,0
Q8IRR5,0
Q9W499,0
Q9W495,0
Q9W493,0
Q9W487,0
Q9W484,0
Q9W483,0
Q9W482,0
Q9W481,0
Q9W478,0
Q9W475,0
Q9W473,0
Q9W472,0
Q9W471,0
Q9W470,0
Q9W469,0
Q9W468,0
Q9W466,0
Q9W465,0
Q9W464,0
Q9W462,0
Q9W461,0
Q9W459,0
Q9W458,1
Q9W457,0
X2JDV1,0
Q9W455,0
Q9W454,0
Q9W453,0
Q9W452,0
X2JIJ6,1
X2JDV7,0
Q9W445,0
Q9W444,0
Q9W443,0
Q9W442,0
Q9W441,0
X2JEA2,0
Q9W439,0
Q9W437,0
Q9W436,0
Q9W430,0
Q9W429,0
X2JCR6,0
Q9W422,0
Q8SY77,0
Q9W415,0
Q9W413,0
Q9W412,0
Q9W411,0
Q9W410,0
Q9W408,0
X2JIM3,0
Q9W404,0
Q9W403,0
Q9W402,0
Q7YU24,0
Q9W3Z5,1
Q9W3Z4,0
Q9W3Y8,0
Q9W3Y7,0
Q9W3Y6,0
Q9W3Y5,0
Q9W3Y4,0
Q9W3Y3,0
Q9W3Y0,0
Q9W3X8,0
Q9W3X7,0
Q9W3X5,0
Q961J3,0
Q9W3X3,0
X2JIP7,0
Q9W3X1,0
Q9W3X0,0
Q9W3W9,0
X2JIQ5,0
Q9W3W7,0
Q9W3W1,0
Q9W3V9,1
Q9W3V8,0
Q9W3V7,0
Q9W3V5,0
Q9W3V3,0
Q9W3V2,0
Q9W3V1,0
Q9W3V0,0
X2JAQ5,0
Q9W3U2,0
Q9W3U0,0
Q9W3T9,0
Q9W3T3,0
Q9W3T2,0
Q9W3T1,0
Q9W3T0,0
Q9W3S8,0
Q9W3S5,0
Q9W3S4,0
Q9W3S3,0
R9PY46,0
Q9W3S0,0
X2JE07,0
Q9W3R8,0
Q9W3R7,0
Q9W3R6,0
Q7KVU5,0
Q9W3R4,0
Q9W3R3,0
Q9W3R2,0
Q9W3R1,0
Q9W3R0,0
Q9I7W4,0
Q9W3Q7,0
Q9W3Q4,0
Q9W3Q2,0
Q9W3Q1,0
Q9W3Q0,0
Q9W3P8,0
Q9W3P7,0
Q9W3P6,0
Q9W3P5,0
Q9W3P4,0
Q9W3P2,0
Q9W3P0,0
Q9W3N9,0
Q9W3N8,0
Q9W3N7,0
Q9W3N2,0
Q9W3N1,0
Q9W3N0,0
Q9W3M9,0
Q9W3M7,0
Q9W3M2,0
Q9W3M1,0
Q9W3L5,0
Q9W3L4,0
Q9W3L1,0
Q9W3L0,0
Q9W3K9,0
Q9W3K8,0
Q7JW03,0
Q9W3K6,0
Q9W3K4,0
Q9W3K3,0
X2JCY5,0
Q9W3J9,0
Q9W3J8,0
Q0IGR3,0
Q9W3J6,0
Q9W3J5,0
Q9W3J4,0
R4GRV8,0
Q9W3J2,0
Q9W3J1,0
Q9W3J0,0
Q9W3I8,0
Q9W3I7,0
Q9W3I6,0
Q9W3I5,0
Q9W3I4,0
Q95UN8,0
Q9W3H5,0
Q9W3H4,0
Q9W3H0,0
Q9W3G9,0
Q9W3G8,0
X2JEI6,0
Q9W3G3,0
Q9W3G1,0
Q9W3G0,0
Q9W3F7,0
X2JEJ0,0
Q9W3F5,0
Q9W3F3,0
Q9W3F1,0
Q9W3E0,0
Q7KVS9,0
Q9W3D8,0
Q7K3Y1,0
Q9W3D6,0
Q9W3D5,0
Q9W3D1,0
Q9W3C9,0
Q9W3C8,0
S5WMX5,0
Q9W3C6,0
Q9W3C3,0
Q9W3C2,0
Q9W3C0,0
Q9W3B8,0
Q9W3B3,0
Q9W3B2,0
Q9W3A7,0
Q95R56,0
Q9W3A5,0
X2JD14,1
Q9W3A0,0
Q9W397,0
Q9W396,0
Q9W393,0
Q9W392,0
X2JJ32,0
Q9W389,0
Q9W388,0
Q9GNL3,0
Q7YZA2,0
Q9W385,0
Q9W384,0
Q9W379,0
Q9I7W3,0
Q9W377,0
Q9W376,0
Q9I7W2,0
Q9W375,0
Q9W373,0
Q9W372,0
Q9W371,0
Q9W370,0
Q9W368,0
Q9W367,0
Q9W366,0
X2JE93,0
Q8T3Y1,0
Q9W352,0
Q9W351,0
X2JEM4,0
Q9W333,0
Q9W329,0
Q9W322,0
Q8SWU7,0
Q9W311,0
Q9W310,0
Q9W309,0
Q9W308,0
Q9W306,0
A8JUN7,0
Q9W304,0
Q9W302,0
Q9W301,0
Q9W2Z8,0
Q9W2Z4,0
Q9W2Y8,0
Q9W2Y4,0
Q9W2Y3,0
M9PJG3,0
Q9W2X7,0
Q9W2X5,0
Q9W2X1,0
Q9W2W5,0
Q9W2W2,0
Q9W2V8,0
Q9W2V7,0
Q9W2V3,0
Q9W2V1,0
Q9W2U9,0
Q9W2U6,0
Q9W2U5,0
Q9W2U4,0
Q9W2T5,0
Q9W2T3,0
Q9W2T2,0
Q9W2S9,0
Q9W2S8,0
Q9W2S7,0
Q9W2S6,0
Q9W2S3,0
Q9W2R9,0
Q9VZ71,0
Q9VZ66,0
Q9VZ64,0
Q9VZ63,0
Q9VZ62,0
Q9VZ61,0
Q9VZ60,0
X2JEE5,0
X2JB52,0
Q9VZ55,0
Q9VZ54,0
X2JJD6,0
Q9VZ41,0
X2JES6,0
Q9VZ39,0
Q9VZ38,0
Q9VZ37,0
Q9VZ35,0
Q9VZ34,0
Q9VZ30,0
Q960Z0,0
Q9VZ27,0
Q9VZ26,0
Q9VZ25,0
Q9VZ24,0
Q9VZ22,0
Q9VZ20,0
Q9VZ18,0
Q9VZ17,0
Q9VZ15,0
Q9VZ12,0
Q9VZ08,0
Q9VZ04,0
Q9VZ03,0
Q9VZ02,0
Q9VZ01,0
X2JEU3,0
Q9VYZ8,0
Q9VYZ3,0
Q9VYZ2,0
Q9VYZ1,0
Q9VYY8,0
Q9VYY7,0
Q9VYY4,0
Q9VYY3,0
Q9VYY2,0
Q7KV35,0
Q9VYX8,0
X2JEI8,0
Q9VYX5,0
Q9VYX3,0
Q9VYX2,0
Q9VYX0,0
Q9VYW8,0
Q9VYW6,0
Q9VYW7,0
Q9VYW5,0
Q9VYW4,0
Q9VYV9,0
Q9VYV6,0
Q9VYV5,0
Q9VYV4,0
Q9VYV3,0
Q7K187,0
Q9VYV0,0
Q9VYU9,0
Q9VYU5,0
Q8MRI4,0
Q9VYT9,0
Q9VYT8,0
Q9VYT7,1
Q9VYT6,0
Q9VYT5,0
Q9VYT4,0
Q9VYT3,0
Q9VYT2,0
Q9VYT1,0
Q9VYT0,0
M9PJJ5,0
Q9VYS8,0
Q7Z2C4,0
X2JJK8,0
X2JBC1,0
Q9VYS0,0
Q9VYR9,0
Q9VYR5,0
Q9VYR3,0
Q9VYR2,0
Q9VYR1,0
Q9VYR0,0
Q9VYQ9,0
X2JEX7,0
Q9VYQ7,0
Q9VYQ5,0
Q9VYQ3,0
Q9VYQ0,0
Q9VYP9,0
Q9VYP6,0
Q9VYP5,0
Q9I7S9,0
Q9VYN5,0
Q9VYN4,0
Q9VYN3,0
Q9VYN0,0
Q9VYM9,0
Q9VYM8,0
Q9VYM5,0
Q9VYM3,0
Q9VYM2,0
Q9VYM0,0
Q9VYL7,0
Q9VYL5,0
Q95S92,0
X2JDF2,0
Q9VYL0,0
Q9VYK9,0
Q9VYK8,0
Q9VYK7,0
Q9VYK6,0
Q9VYJ8,0
Q9VYJ7,0
Q9VYJ5,0
Q9VYJ4,0
Q9VYJ1,0
Q9VYI8,0
Q9VYI5,0
Q9VYI4,0
Q9VYI3,0
Q9VYI2,0
Q9VYI1,0
Q9VYH9,0
Q9VYH8,0
Q9VYH7,0
Q9VYH6,0
Q9I7S5,0
Q9VYH4,0
X2JER0,0
Q9VYH1,0
Q9VYG8,0
Q9VYG7,0
Q9VYG4,0
Q9VYG3,0
X2JBJ9,0
Q9VYF9,0
X2JES4,0
Q9VYF5,0
Q9VYF2,0
Q7KV24,0
Q9VYF0,0
X2JF51,0
Q9VYE3,0
Q9VYE0,0
Q9VYD9,0
Q9VYD8,0
X2JEU5,0
Q9VYD6,0
Q9VYD5,0
Q9VYD4,0
Q8MRM0,0
Q9VYD2,0
Q9VYD1,0
Q9VYC3,0
Q9VYC2,0
Q9VYC1,0
Q9VYC0,0
Q9VYB2,0
Q9VYB1,0
Q9VYB0,0
Q9VYA9,0
Q9VYA8,0
X2JEW2,0
Q9VYA6,0
Q9VYA5,0
Q9VYA4,0
Q9VYA3,0
Q9VYA2,0
Q9VYA1,0
Q9I7S2,0
Q9VYA0,0
Q9VY98,0
Q9VY93,0
Q9VY92,0
Q9VY91,0
Q9VY87,0
Q9VY86,0
Q9VY84,0
Q9VY83,0
Q9VY79,0
Q9VY78,0
Q9VY77,0
Q9VY68,0
Q9VY64,0
Q9VY63,0
Q9VY62,0
Q9VY61,0
Q8IR58,0
Q9VY59,0
Q9VY58,0
Q9VY57,0
Q9VY55,0
Q9VY49,0
Q9VY48,0
Q9VY45,0
Q9VY46,0
Q9VY44,0
Q9VY42,0
Q9VY41,0
Q9VY39,0
Q9VY38,0
Q9VY34,0
Q9VY31,0
Q9VY30,0
Q9VY28,0
Q9VY27,0
X2JK78,0
Q9VY24,0
Q9VY22,0
Q9VY21,0
Q9VY20,0
X2JF03,0
Q9VY15,0
Q9VY14,0
Q8SXQ5,0
Q8SXY8,0
Q9VY11,0
Q9VY10,0
Q9VY09,0
Q9VY08,0
Q9VY06,0
Q9VY05,0
Q9VY04,0
Q9VY03,0
Q9VY02,0
Q9VY01,0
Q9VY00,0
Q9VXZ7,0
X2JF19,0
Q9VXZ2,0
Q9VXZ0,0
Q9VXY8,0
X2JKC1,0
Q9VXY5,0
Q9VXY4,0
Q9VXY3,0
Q9VXY2,0
Q9VXY1,0
Q9VXY0,0
Q9VXX8,0
X2JBY1,0
Q8T4F2,0
Q9VXX2,0
Q9VXX1,0
Q9VXX0,0
Q9VXW9,0
Q9VXW5,0
Q9VXW4,0
Q9VXW3,0
Q9VXW2,0
Q9VXV9,0
Q9VXV4,0
Q9VXV2,0
Q9VXV1,0
Q9VXV0,0
Q9VXU9,0
Q9VXU7,0
X2JF48,0
Q9VXU4,0
Q9VXT7,0
Q9VXT6,0
X2JKF2,0
Q9VXT3,0
Q9VXT2,0
Q9VXT1,0
Q9VXT0,0
Q9VXS8,0
Q7Z1Z0,0
Q9VXS6,0
Q9VXS5,0
Q9VXS4,0
Q9VXS3,0
Q9VXS2,0
Q9VXR9,0
Q9VXR8,0
Q8SX37,0
Q9VXR6,0
Q9VXR5,0
X2JKH0,0
X2JKH9,0
Q9VXR2,0
Q9VXR1,0
Q9VXQ8,0
Q9VXQ7,0
Q9VXQ6,0
Q9VXQ3,0
Q9VXQ1,0
X2JDY8,0
Q9VXQ0,0
A8JUY3,0
Q9VXP8,0
Q9VXP5,0
Q9VXP3,0
Q9VXP1,0
Q4QQ70,0
Q9VXN9,0
Q9VXN8,0
Q9VXN5,0
Q9VXN3,0
Q9VXN0,0
X2JFM8,0
Q9VXM4,0
Q8SXX0,0
Q9VXM0,0
Q9VXL9,0
Q9VXL5,0
Q9VXL4,0
Q9VXL0,0
Q9VXK9,0
Q9VXK8,0
Q9VXK7,0
Q9VXK6,0
Q9VXK5,0
Q9VXK3,0
Q9VXK2,0
Q9VXK1,0
Q9VXK0,0
Q9VXJ8,0
Q9VXJ3,0
X2JFD6,0
Q9VXI6,0
Q9VXI3,0
Q7YU03,0
A8JV07,0
Q9VXH9,0
Q9VXH7,0
X2JE28,0
Q9VXH4,0
Q9VXH0,0
Q9VXG9,0
Q9VXG7,0
Q9VXG6,0
Q9VXG5,0
Q9VXG4,0
X2JKP3,0
Q9VXF9,0
Q9VXF5,0
Q9VXF4,0
Q9VXF0,0
Q9VXE7,0
Q9VXE4,0
Q9VXE2,0
X2JC86,0
Q9VXD6,0
Q9VXD3,0
Q9VXD2,0
Q9VXC9,0
Q9VXC8,0
Q9VXC7,0
Q9VXC6,0
Q9VXC5,0
X2JFS7,0
Q9VXC2,0
Q9VXB5,0
Q9VXB4,0
X2JKS9,0
Q8T4A9,0
Q9VXB1,0
Q9VXB0,0
Q9VXA9,0
Q9VXA8,0
Q9VXA7,0
Q86LG1,0
Q9VXA5,0
Q9VXA4,0
Q9VXA2,0
Q8SY58,0
Q9VXA0,0
Q9VX99,0
Q9VX98,0
Q9VX97,0
Q9VX96,0
Q9VX95,0
Q9VX94,0
Q9VX93,0
Q9VX92,0
Q9VX91,0
R9PY73,0
Q9VX87,0
Q9VX85,0
Q9VX86,0
Q9VX84,0
Q9VX83,0
Q9VX74,0
Q9VX73,0
Q9VX71,0
Q9VX69,0
Q8SXV9,0
Q9VX67,0
B7Z101,0
Q9VX63,0
Q9VX62,0
Q9VX58,0
Q9VX57,0
Q9VX56,0
Q9VX51,0
Q9VX50,0
Q9VX49,0
Q9VX46,0
Q9VX43,0
Q9VX42,0
Q9VX39,0
Q9VX38,0
Q9VX36,0
X2JFW6,0
Q9VX34,0
Q9VX31,0
Q9VX29,0
X2JFX0,0
Q9VX24,0
Q9VX18,0
Q9VX17,0
Q9VX15,0
X2JL00,0
Q9VX13,0
Q9VX12,0
Q9VX10,0
Q9VX09,0
Q9VX08,0
Q9VX04,0
Q9VX05,0
Q9VX02,0
Q9VX01,0
Q9VWZ8,0
Q9VWZ7,0
Q9VWZ4,0
Q9VWZ2,0
Q9VWZ1,0
Q9VWY9,0
X2JCF3,0
Q9VWY7,0
Q9VWY5,0
P37236,0
Q9VWX9,0
Q9VWX7,0
Q9VWX6,0
Q9VWX2,0
Q9VWX1,0
Q9VWW3,0
Q9VWW2,0
Q9VWV8,0
Q8T4D9,0
Q9VWU7,0
A8JUP7,0
Q9VWU1,0
Q9VWU0,0
Q9VWT8,0
Q9VWT7,0
X2JEA3,0
Q9VWT5,0
Q9VWT3,0
Q9VWT2,0
Q9VWS9,0
Q9VWS8,0
Q9VWS7,0
Q9VWS5,0
X2JCG6,0
Q9VWS2,0
Q9VWS1,0
Q9VWS0,0
Q9VWR8,0
Q9VWR6,0
Q9VWR2,0
Q9VWR1,0
Q9VWR0,0
Q7M3J6,0
Q9VWQ7,0
Q9VWQ6,0
Q9VWQ3,0
Q9VWQ1,0
Q9VWP9,0
Q9VWP7,0
X2JCH3,0
Q9VWP4,0
Q9VWP2,0
Q9VWP1,0
Q9VWP0,0
X2JL49,0
Q9VWN4,0
Q9VWN3,0
X2JEB8,0
Q9VWM7,0
Q9VWM5,0
Q9VWM4,0
Q9VWM3,0
Q9VWM2,0
Q9VWM1,0
Q9VWM0,0
Q9VWL5,0
Q9VWL4,0
Q9VWL3,0
X2JFR0,0
Q9VWL0,0
Q9VWK9,0
Q9VWK8,0
Q9VWK7,0
X2JG21,0
Q9VWK4,0
Q9VWK3,0
Q9VWK2,0
Q8SWR0,0
Q9VWK0,0
Q9VWJ9,0
Q9VWJ8,0
Q9VWJ7,0
X2JL73,0
Q9VWJ4,0
Q9VWJ2,0
Q9VWJ1,0
Q9VWJ0,0
Q9VWI6,0
Q9VWI4,0
Q9VWI2,0
Q9VWI0,0
Q9VWH9,0
Q9VWH5,1
Q9VWH2,0
Q8IQW6,0
Q9VWG7,0
Q9VWG6,0
Q9VWG5,0
Q9VWG4,0
Q9VWG2,0
Q9VWG1,0
X2JL95,0
Q9VWG0,0
Q9VWF8,0
Q9VWF7,0
Q9VWF6,0
Q9VWF5,0
Q9VWF4,0
Q9VWF3,0
Q7JVP2,0
Q9VWF0,0
X2JCL6,0
Q9VWE8,0
Q9VWE7,0
X2JG50,0
Q9VWE5,0
Q9VWE4,0
Q9VWE1,0
Q9VWD9,0
Q9VWD8,0
Q9VWD7,0
Q9VWD6,0
Q9VWD5,0
Q9VWD4,0
Q9VWD3,0
Q9VWD2,0
Q9VWD1,0
Q8SX43,0
Q9VWC8,0
Q9VWC7,0
Q9VWC3,0
Q9VWB9,0
Q8IQV9,0
Q9W5Y1,0
Q9W5Y0,0
Q9W5X9,0
Q9W5X6,0
Q9W5X5,0
Q9W5X2,0
Q9W5X1,0
Q9W5X0,0
Q9W5W9,0
Q9W5W8,0
Q9W5W7,0
Q9W5W6,0
Q9VR79,0
Q9VR80,0
X2JFY0,0
Q9VR83,0
Q9VR84,0
Q9VR87,0
Q9VR88,0
Q9VR90,0
Q9VR91,0
Q9VR92,0
Q9VR94,0
Q9VR95,0
Q9VR96,0
Q9VR99,0
Q9VRA1,0
Q8IQ31,0
Q9VRA4,0
X2JEI9,0
Q9VRA7,0
X2JGA6,0
Q9VRB4,0
Q9VRB5,0
Q9VRB7,0
Q9VRB8,0
Q9VRC1,0
Q9VRC3,0
Q9VRC8,0
Q9VRD1,0
Q9VRD3,0
Q9VRD4,0
Q9VRD5,0
Q9VRD6,0
Q9VRD7,0
Q9VRD9,0
Q9VRE0,0
Q9VRE2,0
X2JCU6,0
Q9VRE9,0
Q7JUQ5,0
Q9VRF3,0
Q9VRF5,0
Q9VRF6,0
Q9VRG1,0
Q9VRG3,0
Q9VRG4,0
Q9VRG5,0
Q9VRG8,0
Q9VRI1,0
Q9VRI3,0
Q9VRI8,0
Q9VRI9,0
X2JLL7,0
Q9VR51,0
X2JLM6,0
Q9VR55,0
Q9VR56,0
Q9VR57,0
Q9VR58,0
Q9VR62,0
Q9VR63,0
Q9VR64,0
Q9VR65,0
Q9VR70,0
Q9VPI2,0
Q9VPI6,0
Q9VPI7,0
Q9VPI9,0
Q9VPJ0,0
Q9VPJ6,0
Q9VPJ7,0
Q9VPK4,0
Q9VPK7,0
Q7K1C0,0
Q9VPL0,0
Q9VPL3,0
Q9VPL4,0
Q9VPL5,0
Q9VPL8,0
Q9VPM1,0
Q9VPM2,0
Q9VPM3,0
Q9VPM9,0
Q9VPN1,0
Q9VPN3,0
Q9VPN7,0
Q9VPN8,0
Q9VPP0,0
Q9VPP2,0
Q9VPP5,0
Q9VPP7,0
Q9VPP8,0
Q9VPP9,0
Q9VPQ2,0
Q9VPQ3,0
Q9VPQ4,0
Q9VPQ7,0
Q9VPQ8,0
Q9VPR1,0
Q9VPR2,0
Q9VPR3,0
Q9VPR5,1
Q9VPR6,0
Q9VPR7,0
Q9VPS0,0
Q9VPS3,0
X2J962,0
Q9VPS8,0
Q9VPT0,0
Q9VPT2,0
Q9VPT4,0
Q9VPT5,0
Q9VPT6,0
Q9VPT7,0
Q9VPT9,0
Q9VPU0,0
Q9VPU4,0
Q9VPU5,0
Q9VPU6,0
Q9VPV1,0
Q9VPV8,0
Q9VPV6,0
Q9VPV7,0
Q9VPW2,0
Q9VPW3,0
Q9VPW5,0
Q9VPW6,0
Q9VPW9,0
Q9VPX0,0
Q8SWU4,0
Q9VPX2,0
Q9VPX4,0
Q9VPX5,0
Q9VPX8,0
Q7K3E2,0
Q9VPY0,0
Q8SYK1,0
Q9VPY3,0
Q9VPY4,0
Q8IPW6,0
Q9VPY7,0
Q9VPY8,0
Q9VPY9,0
Q9VPZ0,0
Q9VPZ2,0
Q9VPZ5,0
Q9VQ00,0
Q9VQ01,0
Q9VQ02,0
Q9VQ04,0
Q9VQ06,0
Q8T909,0
Q9VQ16,0
Q9VQ17,0
Q9VQ22,0
Q9VQ27,0
Q9VQ34,0
Q9VQ35,0
Q9VQ37,0
Q9VQ39,0
Q9VQ40,0
Q9VQ43,0
Q9VQ44,0
Q9VQ46,0
Q9VQ51,0
Q9VQ53,0
Q9VQ54,0
Q9VQ56,0
Q9VQ58,0
Q9VQ59,0
Q9VQ60,0
Q9VQ62,0
Q9VQ67,0
Q9VQ73,0
Q9VQ75,0
Q9VQ76,0
Q9VQ77,0
Q9VQ79,0
Q9VQ80,0
Q9VQ84,0
Q9VQ86,0
Q95TS8,0
Q9VQ89,0
Q9VQ91,0
A8DYT6,0
Q9VQA0,0
Q9VQA2,0
Q9VQA4,0
Q9VQA5,0
Q9VQA7,0
Q9VQA8,0
M9PBU9,0
Q9VQB3,0
Q9VQB4,0
Q8SXK0,0
Q9VQB6,0
Q9VQB8,0
Q9VQB9,0
Q9VQC0,0
Q9VQC2,0
Q9VQC4,0
Q9VQD0,0
Q9VQD1,0
Q8SYK5,0
Q9VQD6,0
Q9VQD7,0
Q9VQD8,0
Q8MZ85,0
Q9VQE3,0
Q8T8U1,0
Q9VQE5,0
Q9VQE6,0
Q9VQE8,0
Q9VQF1,0
Q960X8,0
Q9VQF4,0
Q9VQF5,0
Q9VQF7,0
Q9VQF8,0
Q9VQF9,0
Q9VQG0,0
Q9VQG1,0
Q9VQG2,0
Q8STA5,0
Q9VQG6,0
Q9VQG9,0
Q9VQH0,0
Q9VQH1,0
Q9VQH3,0
Q9VQH4,0
Q9VQH5,0
Q9VQH6,0
Q9VQH7,0
Q9VQH8,0
Q9VQH9,0
Q9VQI0,0
Q9VQI1,0
Q9VQI2,0
Q9VQI4,0
Q9VQI6,0
Q9VQI7,0
Q9VQJ6,0
Q9VQJ7,0
Q9VQJ8,0
Q9VQK1,0
Q8MRW0,0
Q9VQK3,0
Q9VQK4,0
Q9VQK5,0
Q9VQK7,0
Q9VQK8,0
X2J6Q6,0
Q9VQL0,0
Q9VQL1,0
Q9VQL2,0
Q9VQL4,0
Q9VQL5,0
Q4V6K4,0
Q9VQM2,0
Q9VQN1,0
X2JD17,0
Q95SS9,0
Q8MRL3,0
Q9VQN6,0
Q8IQ00,0
Q9VQN8,0
Q9VQN9,0
Q9VQP1,0
Q9VQP2,0
Q9VQP5,0
Q4V5G0,0
Q9VQP9,0
Q6WV19,0
Q9VQQ3,0
Q9VQQ5,0
X2J8I7,0
Q9VQQ7,0
Q961G1,0
Q9VQR0,0
Q9VQR3,0
Q9VQR5,0
Q9VQR9,0
Q9VQS0,0
Q9VQS2,0
Q9VQS3,0
Q9VQS4,1
Q9VQS5,0
Q9VQT1,0
Q9VQT5,0
Q9VQT6,0
Q9VQT7,0
Q9VQT8,0
Q9VQT9,0
Q9VQU0,0
Q4V4A5,0
Q9VQU3,0
Q9VQU7,0
M9NDE3,0
Q9VQV3,0
Q9VQV6,0
Q9VQV7,0
Q9VQW4,0
Q9VQW5,0
Q9VQX0,0
Q9VQX4,0
Q9VQX6,0
Q9VQX9,0
Q9VQY5,0
Q9VQY7,0
Q9VQY8,0
Q9VQZ0,0
Q8SZ87,0
Q9VQZ3,0
Q9VQZ5,0
Q9VQZ6,0
Q9VQZ8,0
Q8SXG7,0
Q9VR03,0
Q9VR04,0
Q9VR05,0
Q9VR06,0
Q9VR13,0
Q9VR15,0
X2JD52,0
Q9VR19,0
Q9VR20,0
Q9VR21,0
X2J8L7,0
Q9VR25,0
Q9VR26,0
Q9VR28,0
Q9VR29,0
Q9VR30,0
Q9VR31,0
Q9VR32,0
Q9VR33,0
Q9VR34,0
Q9VR35,0
Q9VR36,0
Q8MSS7,0
Q9VR38,0
Q9VR42,0
Q9VR43,0
Q9VR44,0
Q9VR45,0
Q9VR48,0
Q9VMY2,0
Q9VMY1,0
Q9VMY0,0
Q9VMX9,0
Q9VMX8,0
Q9VMX6,0
Q9VMX3,0
Q9VMX1,0
Q9VMX0,0
Q9VMW9,0
Q9VMW8,0
Q9VMW7,0
Q7K4I5,0
Q9VMV7,0
Q9VMV6,0
Q7K1W8,0
Q9VMV0,0
Q9VMU8,0
Q9VMU7,0
Q9VMU6,0
Q6WV17,0
Q9VMU2,0
Q9VMU1,0
Q9VMU0,0
Q9VMT6,0
Q9VMT5,0
X2J8N3,0
X2JD70,0
Q9VMS9,0
Q9VMS8,0
Q9VMS7,0
Q9VMS5,0
Q9VMS3,0
Q9VMS2,1
Q9VMR9,0
Q9VMR8,0
Q7K3S3,0
Q9VMR6,0
Q9VMR1,0
Q9VMR0,0
Q9VMQ8,0
X2J4N6,0
Q9VMQ5,0
Q9VMQ3,0
Q9VMQ2,0
Q9VMP9,0
Q9VMP8,0
Q9VMP7,0
Q9VMP6,0
Q9VMP5,0
Q9VMP2,0
Q9VMP1,0
Q9VMP0,0
Q9VMN9,0
Q9VMN5,0
Q9VMN4,0
X2JD86,0
Q9VMN2,0
Q9VMN1,0
Q9VMN0,0
Q9VMM9,0
Q9VMM8,0
Q9VMM7,0
Q9VMM6,0
Q7JRE1,0
Q9VMM4,0
Q9VMM3,0
X2J9G3,0
Q9VML8,0
X2JDB2,0
Q9VML5,0
Q8T3P5,0
Q9I7P2,0
Q9VMK9,0
Q9VMK8,0
Q9VMK2,0
Q9VMK1,0
Q9VMK0,0
Q9VMJ7,0
Q9VMJ6,0
Q9VMJ4,0
Q9VMJ2,0
Q9VMJ1,0
X2JDC2,0
Q9VMI8,0
Q9VMI6,0
Q9VMI5,0
Q9VMI4,0
Q9VMI3,0
Q9VMI2,0
Q9VMI1,0
Q9VMI0,0
Q9VMH9,0
Q9VMH8,0
Q9VMH7,0
Q9VMH4,0
Q6NL34,0
Q8T4D4,0
Q9VMG8,0
Q9VMG6,0
Q9VMG0,0
Q9VMF9,0
Q9V3V3,0
Q9VMF1,0
Q9VMF0,0
Q9VME9,0
Q9VME8,0
Q9VME7,0
Q9VME6,0
Q9VME3,0
Q9VME0,0
Q9VMD7,0
Q9VMD6,0
Q9VMD5,0
Q9VMD4,0
Q9VMD3,0
Q9VMD2,0
Q9VMD0,0
X2J8X6,0
Q9VMC8,0
Q9VMC6,0
Q9VMC4,0
Q9VMC0,0
Q9VMB9,0
Q9VMB8,0
Q8MS69,0
Q9VMB5,0
X2J9P4,0
Q9VMB3,0
Q4V3F0,0
Q9VMA4,0
Q9VMA0,0
Q9VM98,0
Q9VM97,0
Q9VM95,0
Q9VM92,0
Q9VM91,0
Q9VM90,0
Q9VM89,0
Q8IPJ3,0
Q9VM87,0
Q9VM81,0
Q9VM80,0
Q9VM79,0
Q9VM74,0
Q9NGK5,0
Q9VM71,0
Q9VM67,0
Q9VM65,0
Q9VM64,0
Q9VM63,0
X2JDF6,0
Q9VM60,0
Q9VM59,0
Q9VM58,0
Q9VM57,0
Q9VM55,0
Q9VM51,0
Q9VM50,0
X2JDG0,0
Q9VM47,0
Q9VM45,0
Q9VM44,0
Q9VM43,0
A2VEI2,0
Q9VM37,0
Q9VM36,0
Q9VM35,0
Q95SN2,0
Q9VM30,0
Q9VM26,0
Q9VM25,0
Q9VM22,0
Q9VM21,0
Q9VM20,0
Q9VM19,0
Q9VM18,0
Q9VM17,0
Q9VM16,0
Q9VM12,0
Q9VM11,0
Q9VM07,0
Q9VM05,0
Q9VLZ7,0
Q9VLZ6,0
Q9VLZ2,0
Q9VLZ1,0
Q9VLY5,0
Q9VLY4,0
Q9VLY3,0
Q9I7N9,0
Q9VLY1,0
Q9VLY0,0
Q9VLX9,0
X2JDH2,0
Q9VLX3,0
Q9VLX2,0
X2J9T3,0
Q9VLW9,0
Q9VLW8,0
X2J9T8,0
Q9VLW3,0
X2J924,0
Q8SZP2,0
Q9VLV7,0
Q9VLV6,0
Q9VLU9,0
M9PCW1,0
Q9VLU7,0
Q9VLU6,0
X2J7F1,0
Q9VLU4,0
X2JDI9,0
Q9VLU2,0
Q9VLU1,0
Q9VLU0,0
Q9VLT8,0
Q9VLT7,1
X2J9V1,0
X2J564,0
Q9VLT0,0
Q9VLS9,0
Q9VLS8,0
X2JDJ3,0
Q9VLS4,0
Q9VLS1,0
Q9VLS0,0
Q9VLR9,0
Q9VLR8,0
Q9VLR7,0
Q9VLR4,0
Q9VLR3,0
Q9VLR2,0
Q8T8Y3,0
Q9VLR0,0
Q9VLQ9,0
Q9VLQ8,1
Q9VLQ6,0
Q9VLQ4,0
Q9VLQ0,0
Q9VLP9,0
Q8SY53,0
Q9VLP7,0
Q9VLP6,0
Q9VLP5,0
Q9VLP3,0
Q9VLP2,0
Q9VLP1,0
Q9VLP0,0
Q9VLN9,0
Q9VLN8,0
Q9VLN6,0
Q7K3Z8,0
Q9VLN1,0
Q9VLN0,0
Q9VLM9,0
Q9VLM7,0
Q9VLM6,0
Q9VLM4,0
Q9VLL7,0
Q9VLL6,0
Q9VLL4,0
Q8T4E7,0
Q9VLK4,0
Q9VLK3,0
Q9VLK2,0
Q9VLK1,1
Q9VLK0,0
Q9VLJ9,1
Q9VLJ8,0
Q9VLJ7,0
Q9VLJ2,0
Q9VLJ1,0
Q9VLJ0,0
Q9VLI6,0
Q9VLI3,0
Q9VLI2,0
Q9VLI1,0
Q9VLI0,0
Q9VLH9,0
Q9VLH5,0
Q9VLH1,0
Q9VLH0,0
Q9VLG9,0
Q86BM0,0
Q7K237,0
Q9VLG6,0
Q9VLG5,0
Q9VLG3,0
Q9VLG2,0
Q9VLG1,0
Q9VLF8,0
Q9VLF7,0
Q9VLF4,0
Q8MT42,0
Q9VLF2,0
Q9VLF1,0
Q9VLE7,0
Q9VLE6,0
Q9VLE5,0
Q9VLE1,0
Q8SYU0,0
Q9VLD7,0
Q9VLD6,0
Q9VLD1,0
Q9VLC9,0
Q9VLC8,0
Q9VLC4,0
Q9VLC3,0
X2J5D8,0
Q9VLB9,0
Q95S66,0
Q9VLB4,0
Q9VLB3,0
Q9VLB1,0
Q9VLB0,0
A9UN61,0
Q966S5,0
Q9VLA6,0
Q9VLA4,0
Q9VLA3,0
Q9VLA1,0
Q8MRJ0,0
Q9VL96,0
Q9VL94,0
Q9VL93,0
Q9VL87,0
Q9VL86,0
Q9VL83,0
Q9VL81,0
Q9VL80,0
Q9VL79,0
Q9VL77,0
Q9VL76,0
Q9VL73,0
Q9VL72,0
Q9VL68,0
Q9VL67,0
Q9VL66,0
Q9VL65,0
Q7KTG0,0
Q9VL61,0
Q9VL60,0
X2JA03,0
X2J7M7,0
Q9VL58,0
Q9VL56,0
Q9VL48,0
Q9VL47,0
Q9VL44,0
Q9VL41,0
Q9VL37,0
Q9VL34,0
Q9VL33,0
Q9VL31,0
Q9VL28,0
Q9VL27,0
Q9VL26,0
Q9VL25,0
Q9VL22,0
Q9VL21,0
Q9VL20,0
Q9VL18,0
Q9VL16,0
Q9VL14,0
Q95TN1,0
Q9VL11,0
Q9VL06,0
Q9VL05,0
Q8SYF0,0
Q9VL03,0
Q9VL01,0
Q9VL00,0
Q9VKZ8,0
Q9VKZ7,0
Q9VKZ6,0
Q9VKZ5,0
A8DYY6,0
Q9VKZ1,0
Q9VKZ0,0
Q9VKY8,0
Q9VKY7,0
Q9VKY4,0
Q9VKY3,0
Q9VKY1,0
Q9VKY0,0
Q9VKX8,0
Q9VKX7,0
Q9VKX6,0
Q9VKX4,0
Q9VKW8,0
Q9VKW5,0
Q9VKW4,0
Q9VKW3,0
Q9VKW1,0
Q9VKV9,0
Q9VKV8,0
Q9VKV6,0
Q9VKV5,0
Q9VKV4,0
Q9VKV3,0
Q9VKV2,0
Q9VKU8,0
Q95TN4,0
Q9VKU5,0
Q9VKU4,0
Q9VKU3,0
Q9VKU2,0
Q9VKT9,0
Q9VKT8,0
Q9VKT7,0
Q8T3Y9,0
Q9VKT4,0
Q9VKT2,0
Q9VKS7,0
Q9VKS3,0
Q9VKS2,0
Q9VKS1,0
Q8SYE0,0
Q9VKR9,0
Q9VKR8,0
Q9VKR7,0
Q9VKR4,0
Q9VKR3,0
Q9VKR2,0
Q9VKR1,0
Q9VKR0,0
Q9VKQ9,0
Q9VKQ8,0
Q9VKQ7,0
Q9VKQ6,0
Q9VKQ5,0
Q9VKQ3,0
Q9VKQ2,0
Q9VKP7,0
Q9VKP6,0
Q9VKP5,0
Q9VKN6,0
Q9VKN5,0
Q9VKN4,0
Q8T3Y2,0
Q9VKN2,0
Q9VKM9,0
X2JA36,0
Q9VKM5,0
Q8SX32,0
Q9VKL0,1
A8DYZ1,0
Q9VKK6,0
Q9VKK5,0
X2J7V2,0
Q9VKK3,0
Q9VKK2,0
Q8MQS4,0
Q9VKJ8,0
Q9VKJ5,0
Q9VKJ4,0
Q9VKJ1,0
Q9VKI8,0
Q9VKI2,0
Q9VKH6,0
Q9VKH4,0
Q9VKH0,0
Q9VKG9,0
Q9VKG8,0
Q95SU6,0
Q9VKG6,0
Q9VKG5,0
Q9VKG2,0
X2J5P7,0
Q9VKF9,0
Q9VKF8,0
Q9VKF7,0
Q9VKF6,0
Q9VKF5,0
Q9VKF4,0
Q9VKF3,0
Q9VKF2,0
Q9VKF0,0
Q9VKE6,0
Q8SYS2,0
Q9VKE1,0
Q9VKD9,0
Q9VKD8,0
Q9VKD6,0
Q9VKD5,0
Q9VKD3,0
Q9VKD2,0
Q9VKD0,0
Q9VKC8,0
Q9VKC7,0
Q9VKC6,0
Q9VKC5,0
Q9VKC4,0
Q9VKC3,0
Q9VKC1,0
Q9VKB8,0
Q9VKB7,0
Q8T9H4,0
Q9VKB4,0
Q9VKB2,0
Q9VKA7,0
X2J9K6,0
Q9VKA5,0
Q9VKA2,0
Q9VKA1,0
Q9VKA0,0
Q9VK99,0
Q9VK96,0
Q9VK91,0
Q9VK90,0
Q9VK89,0
Q9VK88,0
Q9VK84,0
Q9VK83,0
Q9VK82,0
Q9VK81,0
Q9VK72,0
Q9VK69,0
Q9VK68,0
Q9VK67,0
X2JDZ1,0
Q9VK65,0
Q9VK64,0
Q9VK63,0
Q9VK62,0
Q9VK61,0
Q9VK60,0
Q9VK59,0
Q9VK58,0
Q9VK56,0
Q9VK55,0
Q9VK49,0
Q9VK47,0
Q9VK46,0
Q9VK44,0
Q9VK41,0
Q9VK40,0
Q9VK39,0
Q9VK36,0
Q9VK35,0
Q9VK33,0
Q9VK31,0
Q9VK30,0
Q9VK29,0
Q9VK28,0
Q9VK27,0
Q8SWW4,0
Q9VK25,0
Q9VK23,0
Q9VK22,0
Q9VK21,0
Q9VK20,0
Q9VK19,0
Q9VK18,0
Q9VK17,0
Q9VK16,0
Q9VK15,0
Q9VK14,0
Q9VK13,0
Q9VK12,0
Q9VK11,0
Q9VK07,0
Q9VK02,0
Q9VK00,0
Q9VJZ9,0
Q9VJZ8,0
Q9VJZ6,0
Q9VJZ4,0
X2J875,0
Q9VJZ2,0
Q9VJZ1,0
X2JAB1,0
Q9VJY8,0
Q9VJY7,0
X2JE06,1
Q9VJY5,0
Q9VJY4,0
Q9VJY3,0
Q9VJY1,0
Q9VJY0,0
Q9VJX8,0
Q9VJX7,0
Q9VJX1,0
Q9VJW0,0
Q9VJV2,0
Q8SXX2,0
Q8SZM2,0
X2JAH5,0
Q7KT84,0
Q9VJR3,0
X2J664,0
Q9VJP4,0
Q9VJM8,0
Q9VJL8,0
Q9V3W1,0
Q9VJK4,1
Q9VJK3,0
Q9VJK1,0
Q9VJJ7,0
Q9VJJ1,0
Q9VJJ0,1
Q9VJI9,0
Q9VJI8,0
X2JED0,0
Q9VJI5,0
Q9VJI4,0
Q9VJI1,0
Q9VJH7,0
Q9VJH1,0
Q9VJH0,0
Q8IGQ3,0
Q9VJG8,0
Q9VJG5,0
Q9VJG2,0
Q9VJF6,0
Q9VJF5,0
Q4V424,0
Q9VJF1,0
Q6IH99,0
Q9VJE7,0
X2JA56,0
Q9VJE4,0
Q9VJE3,0
Q9VJE1,0
Q9VJD8,0
Q9VJD7,0
Q9VJD6,0
Q9VJD4,0
Q9VJD2,0
Q9VJD1,0
Q9VJD0,0
Q9VJC8,0
Q9VJC7,0
Q9VJC5,0
Q9VJC4,0
Q9VJC3,0
Q9VJC2,0
Q9VJC1,0
Q9VJC0,0
Q9VJB9,0
X2JEH3,0
Q9VJB3,0
Q9VJB0,0
Q9VJA6,0
Q9VJA5,0
Q9VJA4,0
Q8MSH1,0
Q9VJA0,0
Q9VJ99,0
Q9VJ98,0
X2JEJ1,0
Q9VJ90,0
Q9VJ85,0
Q9VJ84,0
Q9VJ83,0
Q9VJ81,0
Q9VJ80,0
X2JEK7,0
Q9VJ75,0
Q9VJ74,0
Q9VJ73,0
Q9VJ72,0
Q9VJ71,0
Q9VJ70,0
Q8INX3,0
Q9VJ64,0
Q9VJ63,0
Q9VJ62,0
Q9VJ61,0
Q9VJ60,0
Q9VJ59,0
Q9VJ57,0
X2JAW9,0
Q9VJ55,0
Q9VJ53,0
Q9VJ46,0
Q9VJ44,0
Q9VJ42,0
Q9VJ40,0
Q9VJ38,0
Q9VJ39,0
X2J6U8,0
Q9VJ34,0
X2J935,0
Q9VJ32,0
Q9VJ31,0
Q9VJ29,0
Q9VJ28,0
Q9VJ27,0
X2J6X1,0
Q9VJ25,0
X2J957,0
Q9VJ23,0
Q9VJ17,0
Q9VJ16,0
Q8SYD0,0
Q9VJ11,0
Q9VJ08,0
Q9VJ07,0
Q9VJ06,0
Q9I7M5,0
Q9VJ04,0
Q8SXE1,0
Q9VJ01,0
Q9VIY9,0
Q9VIY3,0
X2J6Y3,0
Q9VIY0,0
Q9VIX9,0
Q9VIX8,0
Q9VIX7,0
Q9VIX6,0
Q9VIX4,0
Q9VIW9,0
Q9VIW8,0
Q9VIW7,0
Q9VIW6,0
Q9VIW5,0
Q9VIW1,0
Q9VIV9,0
Q9VIV8,0
Q7KT36,0
Q9VIV6,0
Q9VIV5,0
Q9VIV3,0
Q9VIV0,0
Q9VIU9,0
Q9VIU8,0
Q9VIU7,0
Q9VIU5,0
Q9VIU6,0
Q9VIU3,0
Q9VIU2,0
Q9VIU0,0
Q9VIT6,0
Q9VIT5,0
Q9VIT2,0
M9PBE2,0
Q9VIT0,0
Q9VIS9,0
Q9VIS7,0
Q8ST61,0
Q9VIS5,0
Q9I7M2,0
Q9VIS4,0
X2JES1,0
Q9VIS1,0
Q9VIS0,0
Q9VIR7,0
Q7KT29,0
Q9VIQ8,0
Q9VIQ7,0
Q9VIQ6,0
Q9VIQ5,0
Q9VIQ1,0
Q9VIQ0,0
Q9VIP6,0
Q9VIP3,0
Q9VIP2,0
Q9VIP1,0
Q9VIP0,0
Q9VIN9,0
Q9V3B5,0
Q7KT25,0
Q9VIN6,0
Q9VIM8,0
Q95TY4,0
Q9VIM6,0
X2JAI2,0
Q9VIM4,0
Q9I7L8,0
Q9VIM0,0
Q9VIL6,0
Q9VIL5,0
Q9VIL4,0
Q9VIL2,0
Q9VIL1,0
Q9VIK9,0
Q9VIK6,0
Q9VIK5,0
Q9VIK3,0
Q9VIK2,0
Q9VIK1,0
Q9VIK0,0
Q9VIJ9,0
Q8SWT2,0
Q9VIJ5,1
Q9VIJ3,0
Q9VIJ1,0
Q9VIJ0,0
Q9VII8,0
Q8T4H6,0
Q9VII3,0
Q9VII2,0
Q9VII1,0
Q9VIH9,0
Q9VIH8,0
Q9VIH7,0
Q9VIH1,0
Q9VIH0,0
Q7YU06,0
Q9VIG6,0
Q9VIG5,0
Q9VIG3,0
E1JHN0,0
Q9VIG0,0
Q9VIF6,0
Q95PE4,0
Q9VIF3,0
Q9VIF2,0
Q9VIF1,0
Q9VIF0,0
Q9VIE6,0
Q9VIE0,0
Q9VIE1,0
Q9VID5,0
Q9VID4,0
Q9VID1,0
Q9VIC9,0
Q86NM2,0
Q9V9S0,0
Q9V9R4,0
Q9V9R2,0
Q9V9R1,0
Q9V9Q4,0
Q9V9Q1,0
Q9V9P9,0
Q9V9P8,0
Q9V9P7,0
Q9V9P6,0
Q9V9P5,0
Q9V9P3,0
Q9V9P1,0
X2J9D7,0
Q9V9N9,0
Q9V9N4,0
Q9V9N3,0
Q9V9M8,0
Q9V9M7,1
Q9V9M6,0
Q5LJP9,0
Q8MRI3,0
Q9V9E3,0
Q8SX87,0
Q7K3G5,0
Q7JZ62,0
Q95RL9,0
Q8T4H8,0
Q7K4Q5,0
Q8SZM6,0
Q7JWI7,0
Q7K126,0
Q8SXH2,0
Q8SY89,0
Q7K5M0,0
Q8T8Q1,0
Q9V9I2,0
Q1ECC3,0
Q9V9I4,0
Q0IGX4,0
Q8MS84,0
Q7KRR5,0
Q7KHK9,0
Q8N0B6,0
Q7JRB2,0
A1Z6J5,0
Q8MZC8,0
Q4V622,0
Q29QN4,0
Q8T3Z4,0
Q9V9K7,0
Q9V9L1,0
Q7JWF7,0
A1Z6K7,0
Q8SXL7,0
A1Z6L1,0
Q95RU1,0
Q95V23,0
Q7JX41,1
Q4QPU3,0
Q8MLL3,0
C3KGM6,0
Q7K0P4,0
Q4V5H1,0
A1Z6N3,0
Q8SXI3,0
Q95U69,0
Q8T043,0
Q7K9B7,0
A1Z6P0,0
Q8SYQ8,0
Q7JVH6,0
Q4V665,0
Q86P30,0
A1Z6Q3,0
A1Z6R3,0
Q8T3Z2,0
Q8SZF4,0
Q7JUN9,0
Q9V979,0
Q7JQT8,0
Q9NB13,0
Q7K010,0
Q86NW7,0
Q8SXU7,0
Q9NB12,0
Q7K3Z2,0
A1Z6U3,0
Q7K527,0
Q7JYY8,0
Q8MYU5,0
Q8SY31,0
Q8SZ98,0
Q1EC46,0
A0A0B4LEE2,0
Q4V3S3,0
A8DY51,0
Q7K2W2,0
Q8MYS8,0
A1Z6W6,0
Q7JVP4,0
Q960I1,0
Q9NBA1,0
Q7K3M5,0
A8DY52,0
A1Z6Y1,0
Q7JRJ1,0
A1Z6Y2,0
Q8T428,0
Q7JX95,0
Q8SZB2,0
Q86P09,0
Q6NLL1,0
Q7JRM5,0
Q7K3Z3,0
Q960H5,0
Q7K3V6,0
Q95TL6,0
Q8MSB3,0
Q8T0U3,0
Q961L4,0
A1Z707,0
Q8IH28,0
A1Z709,0
A1Z713,0
Q6NR22,0
Q7K1D7,0
Q7K4J7,0
Q9V4Q0,0
Q8MZG9,0
Q7JYX2,0
Q960C7,0
Q7K130,0
A1Z731,0
Q7JWG9,0
Q7JXE4,0
Q9V4Q8,0
Q8IGL5,0
Q7JYK2,0
Q7K1C2,0
A1Z739,0
Q4V4P2,0
A8DY57,0
Q0E9G3,0
Q7JVG6,0
Q7JQU9,0
Q8MR50,0
Q8MSH0,0
Q9V333,0
Q8T9J4,0
Q7K3W2,0
Q7K0S1,0
Q8IHA0,0
A9UNB1,0
Q86P95,0
Q7K035,0
Q95RK3,0
Q7JV23,1
Q7K2X8,0
Q8T406,0
Q7JVQ2,0
Q7K2X5,0
Q8SZH3,0
Q7JZM1,0
Q7JQU5,0
Q6NP91,0
Q961E0,0
Q7JYM2,0
Q7K0D8,0
A1Z7A8,0
Q7JVF1,0
Q7K084,0
Q7K509,0
Q7K519,0
Q7K5K0,0
Q4V5I9,0
Q7JRA5,0
A1Z7C5,0
A1Z7C7,0
Q7JWT0,0
Q7JRQ4,0
Q5BI51,0
Q4V3X2,0
Q7K2U6,0
Q7K3V9,0
Q9V4T3,0
A1Z7E8,0
A1Z7F2,0
Q8MS80,0
A0ZWY4,0
Q9V4U9,0
A1Z7G2,0
Q8MYV9,0
Q7K2N0,0
A1Z7G6,0
E1JH11,0
A1Z7G9,0
Q9V4W1,0
Q7JWR9,0
Q8MSK6,0
Q8MQM9,0
Q7JY68,0
Q8SZV0,0
A1Z7I1,0
A1Z7I2,0
C0HK99,0
Q8T907,0
Q7K0V7,0
Q961K5,0
Q7K078,0
Q7K003,0
Q960H3,0
Q7K2L3,0
Q8SYP8,0
Q8SWV3,0
Q7JXC6,0
Q8SYK9,0
Q8SWW0,0
A1Z7L0,0
A1Z7L1,0
A1Z7L2,0
Q95RJ1,0
Q7K036,0
Q8IGG4,0
Q8MS52,0
A1Z7M5,0
A1Z7M6,0
Q7JZK6,0
Q8MS05,0
Q9V521,0
Q8MRD1,0
A1Z7N0,0
A1Z7N3,0
Q8MZH6,0
Q7JW73,0
Q8MYZ0,0
Q7JWW5,0
Q961V6,0
Q95X10,0
Q9V535,0
Q7KKH3,0
Q8SYG4,0
Q7JVI6,0
Q95S61,0
Q7K0G5,0
Q95R72,0
A1Z7R8,0
Q95T49,0
Q8SXI4,0
Q9V557,0
Q9V559,0
Q7K0K1,0
Q9V564,0
Q7K105,0
Q95T54,1
Q9V568,0
A1Z7U1,0
A1Z7U2,0
A1Z7U5,0
Q9V579,0
Q7JWH6,0
Q9V589,0
Q7K3X8,0
Q7K3S2,0
Q7K4R6,0
Q9V595,0
A8DY83,0
Q8MR45,0
Q7K1M4,0
Q8SXZ7,0
Q8MPP3,0
Q7K2L4,0
A1Z7Y4,0
Q7JY31,0
Q7K330,0
Q8IGD2,0
B7YZS1,0
Q7K568,0
Q4V6W8,0
Q8MRZ3,0
Q8SXE5,0
Q95RI0,0
Q7JQT9,0
Q6NN40,0
Q7JZC5,0
Q7JUR5,0
Q95R66,0
E1JH23,0
Q7K3T3,0
Q4QQ01,0
A1Z823,0
A1Z824,0
Q7JZ37,0
Q8MYV2,0
Q960T3,0
Q7JW66,0
Q8T8Q2,0
A1Z838,0
Q7K0A0,0
Q7JQR2,0
Q95SU3,0
Q8MUJ1,0
Q8IGF6,0
Q7K1Q7,0
Q7K2J4,0
Q4V3G1,0
Q8T404,0
Q0IGZ2,1
Q8T4G7,0
Q29QP5,0
A1Z863,0
Q8MT45,0
Q7K2R1,0
Q966V1,0
Q7K0D3,0
A1Z875,0
Q7JWU6,0
A1Z882,0
A1Z884,0
Q9GPQ0,0
Q7JW46,0
Q9GPQ1,0
Q8SY26,0
A1Z897,0
Q9V5L3,0
Q9BII5,0
Q8MKJ6,0
Q7JVK6,0
Q7K2L7,0
Q8T008,0
Q95RG8,0
Q7K4B3,0
Q8MS82,0
Q8MS78,0
Q8SZN5,0
Q95SG1,0
Q7JW07,0
Q9V5P6,0
Q7JZM5,0
Q7JV61,0
Q7K2B1,0
A1Z8C4,0
Q7KR04,0
Q9V5Q4,0
Q5U0X8,0
Q8SWZ1,0
Q9V5R2,0
Q8MKK6,0
Q7JW60,0
Q7JZK1,0
Q7JZF5,0
Q4V5R4,0
A1Z8E4,0
Q7K508,0
A1Z8E9,0
Q7JVS8,0
A1Z8F1,0
Q7K4G8,0
Q8SZ85,0
Q7K4C2,0
A1Z8G1,0
A1Z8G2,0
A1Z8G3,0
Q7JWM4,0
Q7K0A3,0
A1Z8G6,0
Q8MYT6,0
A1Z8G8,0
A1Z8H1,0
Q7K0A2,0
A1Z8H3,0
A1Z8H4,0
A1Z8H5,0
Q8MQM6,1
A1Z8H7,0
A1Z8I0,0
Q1LZ08,0
Q6NP72,0
Q961T2,0
Q7JRP4,0
A1Z8I9,0
E8NH71,0
Q7K3E9,1
A1Z8J9,0
Q8T0N9,0
Q7YU31,0
A1Z8K6,0
A1Z8K7,0
Q7JR71,0
Q95RZ8,0
Q95TS2,0
Q9BMQ0,0
Q7JXG9,0
Q5BI22,0
A1Z8N0,0
Q8MKK4,0
Q7JUW8,0
A1Z8N9,0
Q6Q7J0,0
A1Z8P1,0
A1Z8P2,0
Q6Q7I9,0
Q1WWB7,0
Q95TY2,0
Q7JZ56,0
Q5U154,0
Q8SZ76,0
Q9NBW3,0
Q95TG7,0
Q95T75,0
Q8SWW2,0
Q8SYD6,0
Q7YU38,0
Q9V637,0
Q8MQY3,0
Q7JY99,0
Q7K0Q0,0
Q7K3N4,0
Q7JWU2,0
A1Z8T3,0
Q29QP4,0
Q7K175,0
A1Z8T9,0
Q960V2,0
Q7JXB9,0
Q9V668,0
Q7JW27,0
A1Z8U7,0
Q9V675,0
Q9V676,0
Q9V677,0
Q0E9B6,0
Q4QPW4,0
Q8SX94,0
A1Z8V3,0
Q8MZ86,0
Q8T8S0,0
Q8SYT9,0
Q7K3Y9,0
Q4V619,0
Q0E9B5,0
Q95S96,0
Q7JUX2,0
Q7K2E1,0
Q8MRB3,0
Q7JWN2,0
A1Z8Y4,0
Q8SXN6,0
Q960H8,0
A1Z8Y8,0
Q9V6A9,0
Q95RB2,0
A1Z8Z2,0
A1Z8Z3,0
A1Z8Z7,0
A1Z8Z8,0
A1Z8Z9,0
Q7K4T8,0
Q7K209,0
Q8MT22,0
Q9V6B9,0
Q7JQI1,0
Q9GT70,0
Q7K4B4,0
Q8T9K3,0
A1Z910,0
Q4V3E9,0
Q7K380,0
Q7JR08,0
Q8MS33,0
Q7K2X0,0
Q7K264,0
Q9V6D6,0
Q7JYV7,0
Q7JZ25,0
Q8MQV5,0
Q8WSN1,0
Q7K2W3,0
A1Z934,0
Q8SZB0,0
Q8SZ72,0
A1Z945,0
Q8T911,0
Q8T0N5,0
Q8MZ81,0
Q1EC11,0
Q7JYV3,0
Q9V6H1,0
Q7K087,0
Q961J5,0
Q7JWR4,0
Q7K0S9,0
Q95TH2,0
Q8T8S1,0
Q7JQL2,0
Q7JZZ3,0
Q4V4H7,0
A1Z979,0
Q7JQT0,0
Q7JY04,0
Q7K2X4,0
Q7JYM7,0
E2QCN8,0
Q9NAZ3,0
Q7K014,0
Q8SZS8,0
Q7KY01,0
Q059A4,0
Q95TW6,0
A1Z9A2,0
Q95SJ3,0
Q8T401,0
Q7JQR3,0
Q0IGS7,0
A1Z9A8,0
Q7JYX0,0
Q6NQX6,0
Q8T0V1,0
Q7JRN6,0
A1Z9B5,0
Q8MS88,0
A1Z9B9,0
Q4QPY0,0
Q7K4A8,0
Q8MRN6,0
Q5BIL9,0
Q7K284,0
Q8T9C6,0
Q7K3L1,0
E1JH59,0
Q8SZX6,0
A1Z9E8,0
A1Z9E9,0
Q8SZX5,0
Q7K275,0
A1Z9F8,0
A1Z9G2,0
Q8T4F1,0
A1Z9G4,0
A1Z9G6,0
Q8MZ89,0
A1Z9G8,0
Q8T3R1,0
A1Z9H0,0
Q7JZ94,0
Q500X4,0
Q7K2P1,0
Q8SZQ2,0
Q7K188,0
Q7JYA0,0
Q7K0S6,0
Q8T3M8,0
Q7JYV2,0
Q7JR58,0
Q4V6B0,0
Q9V6U9,0
Q7K199,0
A1Z9J4,0
Q7K2G1,0
A1Z9J8,0
Q7K2Q5,0
Q8MQQ9,0
Q95R77,0
Q7K1S1,0
Q4V6I0,0
Q8T076,0
Q8SYY4,0
Q7K3P0,0
Q9V6X7,0
Q7JVI3,0
Q7JZE8,0
A1Z9L9,0
Q8T9H5,0
Q9V6Y3,0
A1Z9M6,0
Q8T3U2,0
Q7K1L4,0
Q960G5,0
Q8T0I2,0
Q7K561,0
Q7K0W1,0
Q961R5,0
Q8SZ14,0
Q95SN1,0
Q7K4P0,0
Q7K1U0,0
Q7JV70,0
Q960E8,0
A1Z9Q6,0
Q8SWX5,0
Q8MZF3,0
Q4V6X9,0
Q9V719,0
Q5BI76,0
Q7JZW0,0
Q8T016,0
Q4V4P1,0
Q8SZ05,0
Q8T0L5,0
A1Z9T0,0
Q7K5M2,0
Q8MZ84,0
Q8T465,0
A1Z9T6,0
Q4V4X4,0
Q8SX39,0
Q7K5M3,0
Q6IDF5,0
Q7JWV5,0
Q7JVV8,0
Q961H8,0
Q8SY73,0
Q7K3Q3,0
Q7K1Y4,0
Q7K3N1,0
Q9V771,0
Q95RX9,0
Q9V773,0
Q9V774,0
Q9V776,0
Q9V778,0
Q9V780,0
Q8SWZ6,0
Q8T948,0
Q9V785,0
Q9V784,0
Q8MZ12,0
Q4V3F5,0
Q7K3B9,0
Q3ZAN1,0
Q7K490,0
Q960P7,1
Q4V6L4,0
Q7K1H5,0
Q7JZM8,0
Q7K0W0,0
Q9V7A4,0
Q8T495,0
Q9V7A7,0
Q960U5,0
A1Z9Z9,0
Q8SZ23,0
A1ZA01,0
Q95TU8,0
Q7K3C2,0
Q29QW0,0
A1ZA14,0
Q6WV20,0
Q7K1W5,0
Q9GQ88,0
Q8T0F0,0
Q8T3W0,0
Q7K3M9,0
Q8T407,0
Q8SXU3,0
Q8SZ00,0
Q95SZ1,0
A1ZA55,0
Q8MSR0,0
Q7JXE1,0
Q9NKV0,0
A1ZA64,0
Q9V7G5,0
Q8SXR5,0
Q7K3T4,0
Q7JZE1,0
Q8SZE6,0
Q9V7H4,0
Q7K1Z5,0
Q8T484,0
Q95TH5,0
Q29QQ9,0
A1ZA83,0
Q8MSU3,0
Q8T4G2,0
Q8MRR5,0
Q9NGV2,0
Q7K4L9,0
Q9GT67,0
A1ZA92,0
Q9GQ82,0
Q1W1Y0,0
A1ZAA9,0
Q29QS8,0
Q95RL4,0
Q7JVH0,0
A1ZAB3,0
Q7K1V1,0
Q95RN1,0
Q7JUZ6,0
A1ZAB8,0
Q8MRB2,0
Q95SN0,0
Q7JR82,0
A1ZAC2,0
Q7JYP8,0
Q95TQ3,0
Q8T419,0
Q7JWE4,0
Q4QPV3,0
A1ZAD2,0
A1ZAD3,0
Q7K231,0
Q961S5,0
Q95R60,0
Q8T092,0
Q7K127,0
Q7JXF5,0
Q4V6W7,0
Q8IHG4,0
A1ZAF4,0
A1ZAG1,0
Q7K3R0,0
A1ZAG3,0
A1ZAG4,0
A1ZAG7,0
Q7K5K9,0
Q9GT68,0
Q7K4Y6,0
Q8SZT8,0
Q7JZW2,1
Q4V3U8,0
Q6NPB2,0
Q8SX00,0
Q960W6,0
A1ZAI3,0
Q8T0U2,0
E1JH83,0
A1ZAI8,0
Q6GUS1,0
A1ZAJ3,0
Q9V7U0,0
Q95RX1,0
A1ZAJ7,0
Q8SYS3,0
Q7JYZ0,0
Q4V625,0
A1ZAL5,0
A1ZAL6,0
Q8T9F0,0
Q7JY07,0
Q8IHA2,0
Q7K172,0
Q7JZR5,0
Q7K161,0
Q8MR93,0
Q7K581,0
Q8MSC1,0
A1ZAP0,0
Q8MSQ2,0
Q8MRI1,0
Q7K1C3,1
Q95S39,0
Q4V3G2,0
Q8MZ95,0
A1ZAQ7,0
Q7JV39,0
A1ZAQ9,0
Q7K533,0
Q7JZR0,0
A1ZAR2,0
Q7JQV9,0
Q8MZB2,0
Q8T8T8,0
Q8MRA9,0
Q7K4W1,0
Q9V813,0
Q95RV3,0
Q8SZN4,0
Q9V817,0
Q8MR00,0
Q8T0B0,0
Q7JZ51,0
Q7K0L5,0
Q7K5N8,0
Q95S44,0
Q9V831,0
Q7JZ53,0
Q0E940,0
Q9GU55,0
Q7JWU9,0
Q7JXU4,0
Q500Y7,0
Q95YG3,0
Q7K3P6,0
Q4QPR8,0
Q8IGY7,0
Q5U0T0,0
Q7JWM6,0
A1ZAW9,0
A1ZAX1,0
Q7JXC4,0
Q8MT61,0
Q8SXT3,0
Q7K1B3,0
Q8IGN9,0
Q8MSD9,0
B7YZJ4,0
Q8T0C9,0
Q7K1C5,0
Q7JUM3,0
Q960B0,0
A1ZAY9,0
Q1RKU8,0
Q7K4I4,0
Q961K2,0
Q7K110,0
A1ZAZ6,0
A1ZAZ7,0
A1ZB08,0
Q9V895,0
A1ZB12,0
A1ZB13,0
A1ZB15,0
A1ZB17,0
Q8SZ01,0
Q8MQI3,0
Q7JYK5,0
A1ZB21,0
A1ZB23,0
Q8SXS5,0
Q7JW48,0
Q7K1H9,0
Q8SZQ0,0
Q6AWG9,0
Q8SXJ4,0
Q7K3G2,0
Q8SZ15,0
Q8SX68,0
A1YK11,0
Q7K1R6,0
Q8SZH1,0
Q7K2X1,0
Q5BIF1,0
Q7K174,0
A1ZB54,0
A1ZB55,0
A1ZB56,0
A1ZB57,0
A1ZB58,0
Q9V8F3,0
Q9V8F5,0
Q8MZG7,0
Q8SYA4,0
Q8SYA7,0
Q7KK90,0
Q95RC4,0
Q7YU86,0
Q9V8I2,0
Q7JUX9,0
A1ZB91,0
Q7JVZ8,0
Q7JXB5,0
Q7K157,0
Q8SX15,0
Q7JVK8,0
Q7JY26,0
A1ZBA8,0
Q95SA3,0
Q7JY94,0
Q7K3D4,0
Q8MSD1,0
Q7K0S5,0
A1ZBC3,0
Q8SYU8,0
Q8MSY4,0
A1ZBC8,0
Q6NN18,0
Q8T400,0
Q9V8M2,0
Q7JZN2,0
Q9V8M5,0
Q7YU46,0
Q6NR28,0
Q95SG2,0
Q8IH99,0
Q4QQ49,0
Q4QQB9,0
Q7JYX3,0
A1ZBE8,0
Q8MRS4,0
Q7K0F0,0
A1ZBF1,0
Q8SZM7,0
Q8MMJ5,0
Q9GN49,0
Q965D9,0
A0A0B4JD40,0
A1ZBG2,0
Q4V6H2,0
Q8MZ38,0
Q7K173,0
Q8IGB6,0
Q8IGV0,0
Q95TV9,0
Q7K2B0,0
Q8T3Z8,0
Q8SXZ6,0
A1ZBI6,0
A1ZBI8,0
A1ZBI9,0
Q7K159,0
A1ZBJ2,0
Q8T389,0
Q8IHB1,0
Q8IH56,0
Q8SX46,0
Q8MT48,0
Q7K0K8,0
Q8SZG3,0
Q4V5E4,0
A1ZBK6,0
A1ZBK7,0
A1ZBK9,0
Q95R39,0
Q7K1S6,0
Q8MZ45,0
Q8MZ25,0
Q7JW12,0
A1ZBM7,0
A1ZBM8,0
A1ZBM9,0
Q8T420,0
A1ZBN7,0
Q4V5L1,0
A1ZBN9,0
Q4QQ29,0
Q7JXG2,0
Q8MSN1,0
Q9V8Y2,0
Q8SY61,0
Q7K088,0
Q7K037,0
Q9V8Y7,0
A1ZBQ4,0
Q9V8Y9,0
Q7KIN0,0
Q8T8S6,0
Q4QPW2,0
Q7K3M6,0
Q8T8W7,0
A1ZBR3,0
A1ZBR5,0
Q8SX34,0
Q7JXU8,0
A1ZBR8,0
Q7K2N1,0
Q7K3B7,0
Q86LH3,0
Q494G1,0
Q960T4,0
A1ZBS3,0
Q8SWV5,0
Q4V3Z5,0
Q6NQY9,0
Q7JUS9,0
Q5BI42,0
Q7JZJ3,0
Q7K0F7,0
Q8T4G0,0
A1ZBT3,0
A1ZBT5,0
Q960E4,0
Q4V671,0
Q8MZD5,0
A1ZBU1,0
Q9V931,0
A1ZBU4,0
A1ZBU5,0
Q8IGD1,0
Q8T8T5,0
A1ZBV0,0
Q4QPX2,0
Q7K5J8,0
Q7K1E3,0
A1ZBV5,0
Q8MZ02,0
Q9NGK4,0
Q7JZC9,0
Q7JYQ4,0
Q8MSC9,0
A1ZBW7,0
Q7JR73,0
Q8T4E2,0
Q4QPP9,0
Q4QQ12,0
Q7K3D8,0
A1ZBX6,0
A1ZBX7,0
D0IQL1,0
A1ZBX9,0
A1ZBY1,0
Q9V968,0
A1ZBY2,0
Q8MZF9,0
A1ZBY5,0
Q9W2R5,0
Q9W2R2,0
Q9W2R1,0
Q9W2R0,0
Q9W2Q5,0
Q9W2Q2,0
Q4V664,0
Q9W2P5,0
Q9W2P4,0
Q8MSJ9,0
Q9W2P2,0
Q9W2P1,0
Q9W2P0,0
Q9W2N8,0
Q9W2N6,0
Q9W2N5,0
Q7JYH3,0
Q9W2N0,0
Q9W2M9,0
Q9W2M8,0
Q9W2M7,0
Q9W2M5,0
Q9W2M4,0
Q9W2M0,0
Q9W2L6,0
Q9W2L2,0
Q9W2L0,0
Q9W2K7,0
Q9W2K4,0
Q9W2K3,0
Q9W2K0,0
Q9W2J7,0
Q9W2J3,0
Q9W2J2,0
Q9W2I6,0
Q9W2I5,0
Q9W2I2,0
Q9W2H9,0
Q9W2H8,0
Q8MYT3,0
Q9W2H4,0
Q9W2H3,0
Q9W2H1,0
Q9W2H0,0
Q9W2G9,0
Q9W2G8,0
Q9W2G5,0
Q9W2G2,0
Q9W2F9,0
Q9W2F6,0
Q9W2F5,0
Q9W2F2,0
Q9W2F1,0
Q9W2F0,0
Q9W2E9,0
Q9W2E8,0
Q9W2E7,0
Q9W2E6,0
Q9W2E4,0
Q9W2E3,0
Q8T965,0
Q9W2D9,0
Q9W2D7,0
Q8MLV1,0
Q9W2D1,0
Q9W2D0,0
Q9W2C9,0
Q9W2C8,0
Q8MLU9,0
Q9W2C5,0
Q9W2C4,0
Q9W2C3,0
Q7KVM3,0
Q9W2C1,0
Q9W2B7,0
Q8MZA7,0
Q9W2B3,0
Q9W2A6,0
Q9W2A4,0
Q9W2A3,0
Q9W2A0,0
Q9W299,0
Q9W298,0
Q8MR94,0
Q9W295,0
Q9W294,0
Q9W293,0
Q9W289,0
Q9W286,0
Q9W282,0
Q9W281,0
Q9W280,0
Q9W279,0
Q9W278,0
Q9W277,0
Q95S79,0
Q9W275,0
Q9W273,0
Q9W272,0
Q9W270,0
Q9W269,0
Q7JWP9,0
Q9W266,0
Q9W263,0
Q9W262,0
Q9W261,0
Q9W259,0
Q9W258,0
Q9W257,0
Q9W256,0
Q9W253,0
Q9W252,0
Q9W251,0
Q9W250,0
Q9W249,0
Q9W247,0
Q9W246,0
Q9W245,0
Q9W243,0
Q9W242,0
Q9W240,0
Q9W224,0
Q9W239,0
Q9W238,0
Q9W237,1
Q9W236,0
Q9W235,0
Q9W232,0
Q9W230,0
Q9W227,0
Q9W225,0
Q9W223,0
Q9W221,0
Q9W220,0
Q9W218,0
Q9W215,0
Q86BF9,0
Q9W209,0
Q9W208,0
Q9W207,0
Q9W200,0
Q9W1Z9,0
Q9W1Z2,0
Q9W1Z1,0
Q9W1Z0,0
Q9W1Y9,0
Q9W1Y8,0
Q9W1Y4,0
Q9W1Y3,0
Q9W1Y1,0
F3YDF1,0
Q9W1X9,0
Q9W1X7,0
Q9W1X6,0
Q9W1X5,0
Q8T8S2,0
Q8T8R1,0
Q9W1W9,0
Q9W1W8,0
Q9W1W5,0
Q9W1W4,0
Q9W1V7,0
Q9W1V2,0
Q9W1V1,0
Q9W1U9,0
Q9W1U8,0
Q9W1U7,0
Q9W1U4,0
Q9W1U3,0
Q9W1U2,0
Q9W1U1,0
Q9W1U0,0
Q9W1T9,0
Q9W1T5,0
Q9W1T4,0
Q9W1T3,0
Q9W1T1,0
Q9W1T0,0
Q9W1S9,0
Q9W1S7,1
Q9W1S6,0
Q9W1S5,0
Q9W1S3,0
Q8T3X8,0
Q9W1R8,0
Q8MSH5,0
Q9W1R4,1
Q9W1R3,0
Q9W1R0,0
Q9W1Q8,0
Q9W1Q5,0
Q9W1Q4,0
Q9W1Q2,0
Q9W1Q0,0
Q9W1P8,0
Q9W1P7,0
Q9W1P5,0
Q9W1P1,0
Q9W1N9,0
Q9W1N4,0
Q9W1N3,0
Q9W1N1,0
Q9W1M9,0
Q9W1M8,0
Q9W1M3,0
Q9W1M2,0
Q8MLR2,0
Q9W1L8,0
Q9W1L1,0
Q7KVH9,0
Q9W1K5,0
Q9W1K6,0
Q9W1K3,0
Q9W1K1,0
Q9W1K0,0
Q9W1J9,0
Q9W1J7,0
Q9W1J6,0
Q9W1J5,0
Q9W1J3,0
Q9W1J2,0
Q9W1J1,0
Q9W1J0,0
Q9W1I8,0
Q9W1I7,0
P56538,0
P82804,0
Q9W1H9,0
Q9W1H6,0
Q9W1H5,0
Q9W1H3,0
Q9W1H2,0
Q9W1H1,0
Q9W1G8,0
Q9W1G4,0
Q9W1G1,0
Q9W1F8,0
Q9W1F7,0
Q9W1F6,0
Q9W1F5,0
Q9W1F4,0
Q9W1F2,0
Q9W1F0,0
Q9W1E9,0
Q9W1E7,0
Q8MLQ3,0
Q9W1E4,0
Q95SH0,0
Q9W1D9,0
Q8SYM5,0
Q9W1D3,0
Q6IDE2,0
Q9W1D1,0
Q9W1C8,0
Q7JRE4,0
Q9W1C6,0
Q9W1C5,0
A8DYP2,0
Q9W1C1,0
Q9W1B9,1
Q45VV3,0
Q9W1B5,0
Q9W1B3,0
Q9W1B2,0
Q7JRF0,0
Q9W1A9,0
Q9W1A8,0
Q9W1A6,0
Q9W1A2,0
Q9W1A0,0
Q9W199,0
Q9W197,0
Q9W196,0
Q9W195,0
Q9W191,0
Q9W189,0
Q9W188,0
Q9W187,0
Q9W185,0
Q4V4I1,0
Q9W179,0
Q9W174,0
Q9W173,0
Q9W172,0
Q9W171,0
Q9W170,0
Q0E8W8,0
Q9W168,0
Q9W167,0
Q9W166,0
Q9W165,0
Q9W161,0
Q9W158,0
Q9W155,0
Q8MZ72,0
Q2PE14,0
Q9W152,0
Q9W151,0
Q9W149,0
Q9W148,0
Q9W147,0
Q960Q8,0
Q9W145,0
Q9W142,0
Q9W141,0
Q9W140,0
Q9W139,0
Q9W138,0
Q9W137,0
Q9W133,0
Q9W134,0
Q9W131,0
Q9W128,0
Q9W127,0
Q9W125,0
Q9W123,0
Q9W122,0
Q9W121,0
Q9W116,0
Q9W115,0
Q9W112,0
Q9W111,0
Q9W108,0
Q9W107,0
Q9W106,0
Q9W101,0
Q9W100,0
Q9W0Z7,0
Q9W0Z4,0
Q9W0Z1,0
Q8SX59,0
Q9W0Y9,0
Q9W0Y2,0
Q9W0Y1,0
Q9W0Y0,0
Q9W0X9,0
Q9W0X7,0
Q9W0X5,0
Q9W0X3,0
Q9W0X2,0
Q9W0X1,0
Q961K6,0
Q9W0W6,0
Q8MLN4,0
Q9W0V5,0
Q9W0V0,0
Q95U71,0
Q9W0U6,0
Q8SYW4,0
Q9W0U4,0
Q7YZH1,0
X2J8G3,0
Q9W0T9,0
Q8IRJ8,0
Q9W0T7,0
Q9W0T6,0
Q9W0T5,0
Q9W0S8,0
Q9W0S7,0
Q9W0S6,0
Q9W0S3,0
Q9W0R6,0
Q9W0R5,0
Q9W0R2,0
Q9W0Q9,0
Q9W0Q8,0
Q9W0Q5,0
Q9W0Q3,0
Q9W0Q2,0
Q9W0Q1,0
Q9W0Q0,0
Q9W0P9,0
Q9W0P8,1
Q8SYC4,0
Q9W0P5,0
Q9W0P4,0
Q9W0P3,0
Q9W0P2,0
Q9W0P1,0
Q9W0P0,0
Q9W0N9,0
Q9W0N8,0
Q9W0N7,0
Q9W0N5,0
Q9W0N4,0
Q9W0N2,0
Q9W0N1,0
Q9W0M9,0
Q9W0M7,0
Q9W0M5,0
Q9W0M4,0
Q9W0M3,0
X2JCA9,0
Q9W0M1,0
Q9W0M0,0
Q9W0L9,0
Q9W0L8,0
Q9W0L6,0
Q9W0L3,0
Q7KVC9,0
Q9W0K9,0
Q9W0K3,0
Q9W0K2,0
Q9W0J9,0
Q9W0J0,0
Q9W0I9,0
Q9W0I7,0
Q9W0I5,0
Q8IRH9,0
Q9W0I3,0
Q9W0I2,0
Q9W0H6,0
X2JCB6,0
Q7K0X3,0
Q9W0H3,0
Q9W0H2,0
Q9W0H1,0
Q9W0G7,0
Q9W0G6,0
Q8MSC8,0
Q8IRH5,0
Q9W0F7,0
Q9W0F6,0
Q9W0F5,0
Q9W0E3,0
Q9W0E2,0
Q9W0E1,0
Q9W0D9,0
Q9W0D8,0
Q9W0D7,0
Q8MSA5,0
Q9W0D6,0
Q960F6,0
Q9W0D3,0
X2JG46,0
Q2MGL7,0
Q95T35,0
Q9W0C9,0
Q9W0C7,0
Q9W0C4,0
Q9W0C3,0
Q86BS6,0
Q9W0B7,0
Q9W0B6,0
Q9W0B3,0
Q9W0B2,0
X2J8K5,0
Q9W0A9,0
Q9W0A7,0
Q9W0A6,0
Q8SZ38,0
Q4V4Q7,0
Q9W0A2,0
Q9W099,0
Q9W098,0
Q9W097,0
Q9W096,0
Q9W095,0
Q9W093,0
Q9W091,0
Q9W089,0
Q9W087,0
Q9W086,0
Q9W083,0
Q9W079,0
Q9W078,0
Q9W077,0
Q9W076,0
Q8SZU6,0
Q9W073,0
Q9W072,0
Q9W070,0
R9PY22,0
Q961Q9,0
Q9W062,0
Q9I7U5,0
Q9W058,0
Q9W057,0
Q9W056,0
Q9W049,0
Q9W048,0
Q9W045,0
Q9W044,0
Q9W042,0
Q9W041,0
Q9W040,0
Q9I7U2,0
Q9W033,0
Q8SXL5,0
Q9W028,0
Q9W025,0
Q9W024,0
Q9W023,0
Q9W022,0
Q9W021,0
Q9W020,0
Q9W019,0
Q9W012,0
Q9W011,0
Q9W009,0
Q9W004,0
Q9VZZ6,0
Q9VZZ5,0
Q8T078,0
Q9VZZ2,0
Q9VZZ1,0
Q9VZZ0,0
Q9VZY0,0
Q9VZX9,0
Q9VZX8,0
Q9VZX6,0
Q6WV16,0
Q9VZX1,0
Q9VZX0,0
Q9VZW8,0
Q9VZW7,0
Q9VZW6,0
Q9VZW5,0
Q9VZW2,1
Q9VZW1,0
Q9VZV9,0
Q9VZV8,0
Q9VZV3,0
Q9VZV2,0
Q9VZU9,0
Q9VZU8,0
Q9VZU7,0
Q9VZU3,0
Q9VZU1,0
Q9VZT9,0
Q9VZT8,0
Q9VZT5,0
Q960J7,0
Q9VZT2,0
Q9VZS7,0
Q9VZS6,0
Q9VZS5,1
Q9VZS3,0
Q9I7T7,0
Q9VZS1,0
Q9VZS0,0
Q8SWZ5,0
Q9VZR8,0
Q9VZR7,0
Q9VZR6,0
Q9VZR5,0
Q7K3K5,0
Q9VZR2,0
Q9VZR1,0
Q9VZR0,0
Q9VZQ9,0
Q9VZQ8,0
Q9VZQ7,0
Q95SH7,0
Q8IRD1,0
Q9VZP9,0
Q9VZP8,0
Q9VZP2,0
Q9VZN7,0
Q9VZN6,0
Q9I7T6,0
Q9VZN1,0
Q8SX86,0
Q9VZM7,0
Q9VZM5,0
Q9VZL7,0
Q9VZL6,0
Q9VZL5,0
Q9VZL3,0
Q9VZL1,0
Q9VZK9,0
Q9VZK7,1
Q9VZK6,0
Q9VZK5,0
Q9VZK4,0
Q8SZN0,0
Q9VZK1,0
Q9VZJ9,0
Q9VZJ8,0
Q9VZJ6,0
Q9VZJ4,0
Q9VZJ2,0
Q9VZJ1,0
X2JCH6,0
Q9VZI5,0
Q9VZI4,0
Q9VZI3,0
Q9VZI1,0
Q9VZH5,0
Q4V5U6,0
Q9VZG9,0
Q9VZG4,0
Q9VZG2,0
Q9VZG1,0
Q9VZG0,0
Q9VZF9,0
Q9VZF6,0
Q9VZF3,0
Q9VZF2,0
Q9VZF1,0
Q9VZF0,0
Q9VZE9,0
Q9VZE8,0
Q9VZE7,0
Q9VZE6,0
Q9VZE4,0
Q9VZE2,0
Q8SZA8,0
Q9VZD8,0
Q9VZD7,0
Q9VZD5,0
Q9VZD2,0
Q9VZD1,0
Q95RQ1,0
Q9VZC9,0
Q9VZC8,0
Q9VZC7,0
Q9VZC5,0
Q9VZC2,0
Q8SXX8,0
Q9VZC0,0
Q8SWU6,0
Q9VZB8,0
Q9VZB5,0
Q9VZB4,0
Q9VZB3,0
Q9VZB2,0
Q9VZB1,0
Q9VZB0,0
Q9VZA7,0
Q9VZA6,0
Q9VZ99,0
Q9VZ94,0
Q9VZ93,0
Q9VZ92,0
Q9VZ90,0
Q9VZ88,0
Q9VZ87,0
Q9VZ85,0
Q9VZ84,0
Q9VZ81,0
Q9VZ80,0
Q9VZ77,0
Q8SX23,0
Q8SXS4,0
Q9VZ73,0
Q9VZ72,0
Q9VRJ2,0
X2JAP0,0
Q9VRJ4,0
Q9VRJ5,0
Q9VRJ6,0
Q9VRJ7,0
Q9VRJ8,0
Q9VRJ9,0
Q9VRK2,0
Q9VRK6,0
Q9VRL0,0
Q9VRL3,0
Q9VRL4,0
Q9VRL7,0
Q9VRL8,0
Q9VRM0,0
Q9VRM1,0
Q9VRM2,0
Q9VRM6,0
Q9VRM8,0
Q9VRM9,0
Q9VRN0,0
Q9VRN1,0
Q9VRN2,0
Q9VRN3,0
Q9VRN4,0
Q9VRN5,0
Q9VRN6,0
Q9VRP2,0
Q9VRP3,0
Q9VRP4,0
Q9VRP8,0
Q8T3Z0,0
Q9VRQ1,0
Q9VRQ2,0
Q9VRQ4,0
Q9VRQ5,0
Q9VRQ6,0
Q9VRQ7,0
Q9VRQ8,0
Q9VRR0,0
Q9VRR1,0
Q9VRR2,0
Q9VRR9,0
Q9VRS0,0
Q9VRS3,0
Q9VRS5,0
Q9VRS7,0
Q9VRS8,0
Q9VRS9,0
Q9VRT1,0
Q9VRT2,0
Q9VRT5,0
Q9VRT6,0
Q9VRT7,0
Q9VRT8,0
Q9VRT9,0
Q9VRU0,0
Q9VRU1,0
Q9VRU8,0
Q9VRU9,0
Q9VRV0,0
Q9VRV1,0
Q9VRV2,0
Q9VRV3,0
Q9VRV6,0
Q9VRV7,0
Q9VRV9,0
Q9VRW1,0
Q9VRW2,0
Q9VRW4,0
Q9VRW5,0
Q9VRW7,0
Q9VRX0,0
Q9VRX1,0
Q9VRX2,0
Q9VRX8,0
Q9VRY0,0
Q9NGV3,0
Q9VRY2,0
Q9VRY4,0
Q9VRY5,0
Q9VRY6,0
Q9VRZ3,0
Q9VRZ4,1
Q8T0I3,0
Q9VRZ6,0
Q9VRZ7,0
Q9VS00,0
Q9VS01,0
Q9VS02,0
Q9VS03,0
Q9VS07,0
Q9VS10,0
Q9VS11,0
Q9VS12,0
Q8MZ06,0
Q9VS14,0
Q9VS19,0
Q9VS20,0
Q9VS21,0
Q9VS31,0
Q9VS32,0
Q9VS34,1
Q9VS38,0
Q9VS39,0
Q9VS41,1
Q9VS44,0
Q9VS45,0
Q9VS46,0
Q9VS47,0
Q9VS50,0
Q9VS51,0
Q9VS52,0
Q9VS55,0
Q95SF7,0
Q9VS57,0
Q9NFP5,0
Q9VS63,0
Q9VS64,0
Q9VS66,0
Q9VS67,0
Q961J8,0
Q9VS70,0
Q9VS73,0
Q8MZG8,0
Q9VS75,0
Q9VS76,0
Q9VS78,0
Q9VS80,0
Q9VS81,0
Q9VS83,0
Q9VS86,0
Q8IQ88,0
Q9VS89,0
Q9VS90,0
Q9VS91,0
Q8MSF1,0
Q95SS8,0
Q9VS97,0
Q9VS98,0
Q9VSA3,0
T2GGE0,0
Q9VSA5,0
H1UUH0,0
Q9VSA8,0
Q9VSA9,0
Q9VSB6,0
Q9VSB8,0
Q9VSB9,0
Q9VSC1,0
Q9VSC4,0
Q9VSC5,0
Q9VSC6,0
Q9VSC9,0
Q9VSD7,0
Q9VSD8,0
Q9VSE1,0
Q9VSE3,0
Q9VSE5,1
Q9VSE8,0
Q9VSE9,0
Q9VSF0,0
Q9VSF2,0
Q8SZX1,0
Q9VSF3,0
Q9VSF4,0
Q9VSF5,0
Q8SZ49,0
Q9VSF7,0
Q9VSF9,0
Q9VSG0,0
Q9VSG2,0
Q9VSG7,0
Q9VSG8,0
Q9VSG9,0
Q9VSH0,0
Q9VSH2,0
Q9VSH3,0
Q9VSH4,0
Q9VSH5,0
Q9VSH7,0
Q9VSH8,0
Q9VSH9,0
Q9VSI1,0
Q9VSI2,0
Q9VSI3,0
Q9VSJ1,0
Q9VSJ2,0
Q9VSJ3,0
Q95U58,0
Q9VSJ5,0
Q9VSK4,0
Q9VSK8,1
Q9VSK9,0
Q9VSL0,0
Q9VSL1,0
Q9VSL2,0
Q9VSL5,0
Q9VSL6,0
Q9V3A8,0
Q9VSL9,0
Q9VSM5,0
Q9VSM6,0
Q9VSM8,0
Q9VSN2,0
Q9VSM9,0
Q9VSN5,0
Q9VSN7,0
Q9VSP0,0
Q9VSP8,0
Q9VSP9,0
Q9VSQ2,0
Q9VSQ3,0
Q9VSQ5,0
Q9VSQ6,0
Q9VSQ7,0
Q7Z020,0
Q9V3E5,0
Q9VSR6,0
Q9VSR7,0
Q9VSR8,0
Q8IQC1,0
Q8SZY7,0
Q9VSS2,0
Q9VSS3,0
Q9VSS4,0
Q95R98,0
Q9VSS7,0
Q9VSS9,0
Q9VST0,0
Q9VST1,0
Q9VST2,0
Q9VST4,0
Q9VST7,0
Q9VST8,0
Q9VSU6,0
Q9VSU7,0
Q9VSV1,0
Q9VSV2,0
Q9VSV3,0
Q9VSV4,0
Q95T64,0
Q9GNK5,0
Q8SXQ7,0
Q9VSW2,0
Q9VSW4,0
Q9VSW7,0
Q9VSX2,0
Q9VSX7,0
Q9VSY0,0
Q9VSY1,0
Q9VSY2,0
Q9VSY3,1
Q9VSY4,0
Q9VSY9,0
Q9VSZ1,0
Q9VSZ2,0
Q9VSZ3,0
Q9VSZ5,0
Q9VSZ6,0
Q9VT00,0
Q9VT01,0
Q9VT04,0
Q9VT05,0
Q9VT08,0
Q9VT09,0
Q9VT14,0
Q9VT15,0
Q9VT16,0
Q9VT19,0
Q9VT20,0
Q9VT21,0
Q9VT23,0
Q9VT24,0
Q9VT25,0
Q9VT29,0
Q9VT31,0
Q9VT33,0
Q9VT34,0
Q9VT35,0
Q9VT39,0
Q9VT41,0
Q95SX8,0
Q9VT44,0
Q9VT48,0
X2JGI5,0
Q9VT51,0
Q9VT59,0
Q9VT60,0
Q9VT66,0
Q9VT67,0
Q9VT69,0
Q9VT73,0
Q9VT74,0
Q9VT78,0
Q9VT82,0
Q9VT84,0
Q9VT87,0
Q9VT90,0
Q9VT92,0
Q9VT94,0
Q9VT95,0
Q9VT97,0
Q9VTA1,0
Q8T0B1,0
Q9VTA5,0
Q9VTA7,0
Q9VTA8,0
Q9VTB3,0
Q9VTB5,0
Q9VTB7,0
Q9VTC1,0
Q9VTC2,0
Q9VTC3,0
Q9VTC4,0
Q9VTC6,0
Q9VTC7,0
Q9VTC8,0
Q7JVG2,0
Q9VTD2,0
Q9VTD7,0
Q9VTD9,0
Q9VTE0,0
Q8T4C9,0
Q9VTE6,0
Q9VTE8,0
A8JNR0,0
Q9VTF3,0
Q9VTF5,0
Q95RS1,0
Q9VTF8,0
Q9VTF9,0
Q7KUE8,0
Q95ST2,0
Q9VTG5,0
Q9VTG6,0
Q9VTG7,0
Q9VTG8,0
Q8SX06,0
Q9VTH0,0
X2JCB2,0
Q9VTH5,0
Q8MS56,0
Q9VTH7,0
Q9VTH8,0
Q9VTH9,0
Q9VTI0,0
Q9VTI1,0
Q9VTI2,0
Q9VTI3,0
Q8T4I0,0
Q9VTI5,0
X2JAZ6,0
Q9VTJ3,0
Q9VTJ5,0
Q9VTJ8,0
Q7KUG1,0
Q7KUG0,0
Q9VTK5,0
Q9VTK6,0
Q9VTK7,0
Q86NZ8,0
Q9VTL0,0
Q9VTL1,0
Q9VTL4,0
Q9VTL5,0
Q9VTL6,0
Q9VTL9,0
Q9VTM0,0
Q9VTM1,0
Q9VTM2,0
Q9VTM3,0
Q9VTM4,0
Q9VTM6,0
Q7K566,0
Q5BIG2,0
Q9VTN2,0
Q9VTN3,0
Q9VTN4,0
Q9VTN6,0
Q9VTN7,0
Q9VTN9,0
Q9VTP1,0
X2JGK6,0
Q95TV5,0
Q9VTP4,1
Q9VTP5,0
Q9VTQ1,0
Q9VTQ2,0
Q9VTQ3,0
B7FNL9,0
Q9VTQ5,0
Q8SX97,0
Q9VTQ9,0
Q9VTR0,0
Q9VTR1,0
Q9VTR2,0
Q9VTR3,0
Q9VTR4,0
M9NF90,0
Q9VTR7,0
Q9VTS0,0
Q9VTS1,0
Q8MR62,0
X2JCC3,0
Q7K155,0
Q9VTS7,0
Q9VTT1,0
Q9VTT3,0
Q9VTT4,0
Q9VTT6,0
Q9VTU0,0
Q9VTU1,0
Q9VTU3,0
Q9VTU4,0
Q9VTU6,0
Q9VTU7,0
Q9VTU9,0
Q9VTV1,0
Q9VTV2,0
Q9VTV4,0
Q9VTV9,0
X2JGL7,0
Q9VTW2,0
Q9VTW3,1
Q9VTW6,0
Q9VTW7,0
Q9VTW8,0
Q9VTX2,0
Q8T0M4,0
Q9VTX8,0
A8JNS0,0
Q9VTY0,0
Q9VTY1,0
Q9VTY2,0
Q9VTY4,0
Q9VTY5,0
Q9VTY7,0
Q9VTZ4,0
Q9VTZ5,0
Q9VTZ6,0
Q9VTZ7,0
Q960W9,0
Q8T0E7,0
Q95RI2,0
Q8MQK1,0
Q9VU11,0
Q9VU12,0
Q9VU15,0
Q9VU17,0
Q9VU18,0
Q9VU19,0
Q9VU20,0
Q9VU21,0
Q9VU22,0
Q9VU24,0
X2J912,0
Q9VU26,0
Q9VU28,0
Q9VU29,0
Q9VU30,0
Q9VU31,0
Q8MRG5,0
Q9VU33,0
Q9VU34,0
Q9VU35,0
Q9VU36,0
Q9VU37,0
Q9VU39,0
Q9VU43,0
Q9VU45,0
Q9VU46,0
Q9VU47,0
Q9VU49,0
Q9VU50,0
Q9VU57,0
Q9VU59,0
Q9VU60,0
Q9VU61,0
Q8SXH1,0
Q9VU64,0
Q9VU65,0
Q9VU67,0
Q9VU70,0
Q9VU71,0
Q9VU72,0
Q8SY30,0
Q9VU74,0
Q9VU75,0
Q9VU76,0
Q9VU77,0
Q9VU78,0
Q9VU79,0
Q9VU80,0
Q9VU84,0
Q9VU85,0
Q9VU86,1
Q9VU88,0
Q9VU89,0
Q9VU92,0
Q9VU95,0
Q9VU96,0
Q9VUA0,0
Q9VUA5,0
Q9VUA6,0
Q8SWY4,0
Q9VUB0,0
Q9VUB1,0
Q8SZ13,0
Q9VUB3,0
Q9VUB4,0
Q9VUB5,1
Q9VUB9,0
Q95TY8,0
Q9VUC3,0
Q9VUC4,0
Q9VUC9,0
Q9VUD1,0
Q9VUD5,0
Q7K2I4,0
Q9VUD8,0
Q9VUD9,0
Q9VUE1,0
Q9VUE3,0
Q9VUE4,0
Q8T0A1,0
Q9VUE9,0
Q9VUF0,0
Q9VUF3,0
Q9VUF9,0
Q9VUG2,0
Q9VUG3,0
Q9VUG4,0
Q9VUG5,0
Q9VUG6,0
Q7KUL3,0
Q9VUG9,0
Q9VUH0,0
Q9VUH4,0
Q9VUH5,0
Q9VUH6,0
Q9VUH7,0
Q9VUH8,0
Q9VUH9,0
Q7KUK9,0
Q9VUI7,0
Q9VUI8,0
A4IJ72,0
Q9VUJ0,0
Q9VUJ2,0
Q9VUJ4,0
Q9VUJ7,0
Q9VUJ8,0
Q9VUJ9,0
Q9VUK0,0
Q9VUK2,0
Q9VUK5,0
Q9VUK7,0
Q9VUL2,0
Q960T6,0
Q9VUL4,0
Q9VUL5,0
Q9VUL6,0
Q9VUL8,0
Q9VUL9,0
Q9VUM0,0
Q9VUM1,0
Q9VUM2,0
Q9VUM3,0
Q9VUM4,0
Q9VUM6,0
Q9VUM7,0
Q5BIL5,0
Q9VUN0,0
Q7KUM2,0
Q9VUN2,0
Q9VUN3,0
Q9VUN5,0
Q7KUM9,0
Q9VUN7,0
Q9VUN8,0
Q9VUP0,0
Q9VUP6,0
Q9VUP8,0
Q9VUQ1,0
Q9VUQ7,0
Q9VUQ8,0
Q9VUR0,0
Q9VUR2,0
Q9VUR3,0
Q9VUR4,0
Q9VUR6,0
Q9VUR7,0
Q9VUR8,0
Q9VUS0,0
Q8IA44,0
Q8IA41,0
Q9VUT6,0
Q7KUN6,0
Q9VUU1,0
Q9VUU4,0
Q9VUU6,0
Q9VUU7,0
Q9VUU8,0
Q9VUV4,0
Q9VUV6,0
Q9VUV8,0
Q9VUW0,0
Q9VUW1,0
Q9VUW2,0
Q9VUW3,0
Q9VUW4,0
Q9VUX0,0
Q9VUX1,0
Q9VUX4,0
Q9VUX8,0
Q9VUY0,0
Q9VUY1,0
Q9VUY2,0
Q8T4C4,0
Q9VUY4,0
Q95TS5,0
Q9VUY8,0
Q9VUZ2,0
Q9VUZ3,0
Q9VUZ4,1
Q8IQN0,0
Q961B9,0
Q9VUZ8,0
Q9GYU7,0
Q9VV01,0
Q9VV02,0
M9MRW7,0
Q9VV06,0
Q9VV09,0
Q9VV10,0
Q9VV11,0
Q9VV13,0
Q9VV14,0
Q8SWS3,0
Q9VV17,0
Q9VV18,0
Q9VV19,0
Q9VV20,0
Q9VV21,0
Q9VV22,0
Q9VV23,0
Q9VV24,0
Q9VV25,0
Q9VV26,0
Q9VV27,0
Q9VV29,0
Q9VV30,0
Q9VV31,0
Q9VV32,0
Q9VV33,0
Q9VV35,0
Q9VV38,0
Q9VV40,0
Q9VV44,0
Q9VV45,0
Q9VV46,0
Q9VV47,0
Q9VV48,0
Q9VV49,0
Q9VV51,0
Q9VV52,0
Q9VV55,0
Q9VV59,0
Q9VV70,0
Q9VV71,0
Q9VV73,0
Q9VV74,0
Q9VV76,0
Q9VV83,0
Q9VV90,0
X2JCH7,0
Q9VV94,0
Q9VV95,0
Q9VV98,0
Q9VV99,0
Q9VVA0,0
Q9VVA1,0
Q9VVA4,0
Q9VVA5,0
Q9VVA7,0
Q9VVA8,0
Q9VVA9,0
Q8T8R4,0
Q9VVB4,0
Q7KUQ4,0
Q9VVC0,0
Q9VVC1,0
Q9VVC2,0
Q9VVC3,0
Q7KUQ3,0
Q9VVC7,0
Q9VVC8,0
Q9VVC9,0
Q9VVD0,0
Q9VVD2,0
Q9VVD3,0
Q4V5V6,0
Q8T3L6,0
Q9VVD9,0
Q9VVE0,0
Q9VVE2,0
Q9VVE3,0
Q8T4G5,0
Q9VVE7,0
Q9VVE8,0
Q9VVE9,0
Q9VVF0,0
Q9VVF1,0
Q9VVF2,0
Q9VVF3,0
Q9VVF4,0
Q9VVF5,0
Q8T8Z2,0
Q9VVF7,0
X2JD11,0
Q9VVG0,0
Q9VVG1,0
Q9VVG2,0
Q9VVH0,0
Q9VVH2,0
Q9VVH3,0
Q9VVH4,0
Q9VVH5,0
Q9VVH6,0
Q9VVH7,0
Q9VVH8,0
Q9VVH9,0
Q9VVI0,0
Q9VVI1,0
Q9VVI2,0
Q8T4A8,0
Q9VVI9,0
Q9VVJ0,0
Q9VVJ1,0
Q9VVJ7,0
Q9VVJ8,1
Q9VVK1,0
Q9VVK2,0
Q9VVK4,0
Q9VVK5,0
Q9VVK8,0
Q9VVL0,0
Q9VVL1,0
Q8SXC0,0
Q9VVL5,0
X2J969,0
Q9VVL7,0
Q9VVL8,0
Q9VVM0,0
Q9VVM1,0
Q9VVM2,0
Q9VVM3,0
Q9VVM4,0
Q7JZI2,0
Q9VVM6,0
Q9VVM7,0
Q9VVM8,0
Q9VVN1,0
Q9VVN2,0
Q95S56,0
Q7K121,0
Q9VVN6,0
Q9VVN9,0
Q9VVP0,0
Q9VVP2,0
Q9VVP3,0
Q9VVP4,0
Q9VVP5,0
Q9VVP8,0
Q9VVP9,0
Q8MTX9,0
Q9VVQ1,0
Q9VVQ2,0
Q9VVQ4,0
Q9VVQ6,0
Q9VVQ7,0
Q9VVR0,0
Q8SY34,0
Q9VVR6,0
Q95SH2,0
X2JB94,0
Q9VVS0,0
Q9VVS1,0
Q9VVS2,0
Q9VVS3,0
Q9VVS4,1
Q9VVS5,0
Q9VVS6,0
Q8MT12,0
Q7JWP6,0
Q9VVT2,0
M9NDV6,0
Q9VVT4,0
Q9VVT5,0
Q9VVT6,0
Q9VVT8,0
Q9VVT9,0
Q9VVU1,0
Q9VVU2,1
Q8SWX0,0
Q9VVU4,0
Q9VVU6,0
Q9VVU7,0
Q9VVU8,0
Q9VVU9,0
Q9VVV0,0
Q9VVV1,0
Q9VVV2,0
Q9VVV3,0
Q9VVV4,0
Q9VVV6,0
Q9VVV7,0
Q9VVV8,0
Q9VVW2,0
Q9VVW3,0
Q9VVW5,0
Q9VVW6,0
Q9VVW7,0
Q9VVW8,0
Q9VVW9,0
Q9VVX0,0
M9PFM8,0
Q9VVX4,0
Q8MSW4,0
Q8SXQ1,0
Q9VVX9,0
Q9VVY0,0
Q9VVY1,0
Q9VVY2,0
Q9VVY3,0
Q9VVZ0,0
Q9VVZ4,0
Q9VVZ5,0
Q9VVZ6,0
Q9VVZ7,0
Q9VVZ8,0
X2JBA7,0
Q9VW00,0
Q9VW01,0
Q9VW02,0
Q9VW03,0
Q4V6L8,0
Q9VW05,0
Q86NU4,0
Q9VW10,0
X2JGV8,0
Q9VW13,0
Q9VW14,0
Q9VW18,0
Q9VW19,0
Q960X9,0
Q9VW21,0
Q9VW23,0
Q9VW24,0
Q9VW25,0
Q9VW27,0
Q9VW28,0
Q8T497,0
Q9VW38,0
Q9VW40,0
Q9VW41,0
Q9VW43,0
Q9VW45,0
M9PD06,0
Q9VW52,0
Q9VW53,0
Q9VW56,0
Q9VW57,0
Q9VW58,0
Q9VW59,0
Q9VW61,0
M9MS64,0
Q8T3W6,0
Q9VW64,0
Q9VW66,0
Q9VW68,0
Q95RF6,0
Q9VW70,0
Q9VW72,0
Q9VW73,0
Q9VW75,0
Q9VW76,0
Q9VW77,0
Q9VW78,0
Q9VW79,0
Q9VW80,0
Q9VW81,0
Q9VW82,0
Q9VW84,0
Q9VW87,0
Q9VW89,0
Q9VW90,0
Q9VW91,0
Q9VW92,0
Q9VW93,0
Q9VW94,0
Q9VW95,0
Q9VW98,0
Q9VWA0,0
Q9VWA2,0
Q9VWA6,0
Q9VWA8,0
Q9VWB1,0
Q9VWB4,0
Q9VPH8,0
Q9VPH7,0
Q9VPH6,0
Q9VPH3,0
Q9VPH1,0
Q9VPG9,0
Q9VPG7,0
Q9VPG2,0
Q9VPG1,0
Q9VPG0,0
Q9VPF9,0
Q9VPF8,0
Q9VPF6,0
X2JBC3,0
Q9VPF3,0
Q9VPF2,0
Q9VPF1,0
Q9VPF0,0
Q9VPE9,0
Q9VPE8,0
Q9VPE4,0
Q86PD7,0
Q9VPE3,0
Q9VPE2,0
Q9VPE0,0
Q9VPD9,0
Q9VPD8,0
Q9VPD6,0
Q9VPD5,0
Q9VPD4,0
Q9VPD3,0
Q9VPD2,0
Q8SXY5,0
Q9VPD0,0
Q9VPC7,0
Q9VPC5,0
Q9VPC4,0
Q9VPC3,0
Q9VPC1,0
Q9VPB9,0
Q9VPB8,0
Q9VPB7,0
Q9VPB6,0
Q9VPB4,0
Q9VPB3,0
Q9VPB2,1
Q9VPB1,0
Q9VPB0,0
Q9VPA9,0
Q9VPA5,0
Q9VPA2,0
Q9VP96,0
Q9VP95,0
Q9VP94,0
Q8T429,0
X2JCP6,0
Q8MRS7,0
X2JD62,0
Q9VP87,0
Q9VP86,0
Q9VP84,0
Q9VP78,0
Q9VP77,0
Q9VP67,0
Q9VP66,0
Q9VP65,0
Q7KTW5,0
Q9VP62,0
Q9VP58,0
Q9VP56,0
Q9VP55,0
Q9VP53,0
Q9VP52,0
Q9VP50,0
Q9VP47,0
Q9VP46,0
Q9VP44,0
Q9VP42,0
Q7K204,0
Q9VP36,0
Q86P32,0
M9PFW2,0
Q9VP30,0
Q9VP29,0
Q9VP25,0
Q9VP23,0
Q9VP22,0
Q7K0L4,0
Q8MTA4,1
Q9VP16,0
Q8ITC7,0
Q8T4A3,0
Q9VP13,0
Q9VP10,0
B5RJJ4,0
Q9VP08,0
Q9VP06,0
Q9VP05,0
Q9VP04,0
Q9VP00,0
Q9VNZ9,0
Q9VNZ8,0
Q9VNZ7,0
Q9VNZ4,0
Q9VNZ3,0
Q9VNZ2,0
Q9VNZ1,0
Q9VNZ0,0
Q9VNY9,0
Q9VNY8,0
Q9VNY7,0
Q9VNY6,0
Q9VNY5,0
Q9VNY4,0
Q9VNY3,0
Q9VNY1,0
Q9VNX9,0
Q9VNX8,0
Q9VNX6,0
Q9VNX4,0
Q9VNX3,0
Q9VNX2,0
Q9VNX1,0
Q9VNX0,0
Q9VNW8,0
Q9VNW6,0
Q9VNW4,0
Q9VNW2,0
Q9VNW1,0
Q9VNW0,0
Q6NP60,0
Q9VNV2,0
Q9VNU3,0
Q9VNU2,0
Q9VNU1,0
Q9VNU0,0
Q9VNT9,0
Q9VNT8,0
Q9VNT6,0
Q9VNT5,0
A0A0S0WP43,1
Q9VNT3,0
Q9VNT0,0
Q9VNS9,0
Q9VNS8,0
Q9VNS5,0
Q9VNS3,0
Q9VNS2,0
Q9VNS1,0
Q9VNR9,0
Q9VNR8,0
Q9VNR7,0
Q7KTU3,0
Q9VNR1,0
Q8T452,0
Q9VNQ5,0
Q9VNQ3,0
Q9VNQ1,0
Q9VNP8,0
Q9VNP7,0
Q9VNP6,0
Q9VNP5,0
Q9VNP4,0
Q9VNP3,0
Q9VMY3,0
Q9VMY5,0
Q9VMY7,0
Q9VMY8,0
Q95RB1,0
Q9VMZ3,0
Q9VMZ5,0
Q9VMZ6,0
Q9VMZ8,0
Q9VMZ9,0
Q9VN01,0
Q9VN02,0
Q9VN03,0
Q95RI8,0
Q960K3,0
Q9VN08,0
Q9VN12,0
Q9VN13,0
Q9VN14,0
Q9VN16,0
Q9VN18,0
Q8T0F7,0
Q8IPM1,0
Q9VN25,1
Q960G1,0
Q9VN27,0
Q9VN28,0
Q9VN30,0
Q9VN31,0
Q9VN36,0
Q9VN39,0
Q8IH24,0
Q9VN41,0
Q9VN45,0
Q9VN50,0
Q9VN56,0
Q9VN57,0
Q7JZB4,0
Q9I7P3,0
Q9VN63,0
Q9VN64,0
Q9VN65,0
Q9VN71,0
Q9VN73,0
Q9VN74,0
Q9VN75,0
Q9VN77,0
Q9VN80,0
Q8MT24,0
Q8T915,0
Q9VN84,0
Q9VN86,0
Q9VN88,0
Q968K4,0
Q9VN94,0
Q9VN95,0
Q9VN97,0
Q9VNA0,0
Q9VNA3,0
Q9VNA4,1
Q9VNA6,0
Q8MYW5,0
Q9VNB1,0
Q9VNB3,0
Q8I099,0
Q9VNB5,0
Q7JWT4,0
Q9VNB7,0
Q9NIV1,0
Q9VNB9,1
Q9VNC0,0
Q9VNC1,0
Q9VNC3,0
Q9VNC9,0
Q9VND2,0
Q9VND3,0
Q9VND4,0
Q8T0D6,0
Q9VNE0,0
Q9VNE1,0
Q9VNE3,0
Q9VNE8,0
Q9VNE9,1
Q9VNF3,0
Q9VNF5,0
Q9VNF9,0
Q9VNG0,0
Q9VNG1,0
Q7KTS2,0
Q9VNG6,0
Q9VNG7,0
Q9VNH1,0
Q9VNH2,0
Q8MR05,0
Q8MSU4,0
Q9VNH5,0
Q7K1V5,0
Q9VNI0,0
Q0KIB3,0
Q9VNI3,0
Q9VNI4,0
Q9VNI5,0
Q9VNI8,0
Q9VNI9,0
Q9VNJ0,0
Q9I7P6,0
Q8T0T6,0
Q8MRR0,0
Q9VNJ3,0
Q960F7,0
Q9VNK5,0
Q9VNK6,0
Q9VNK8,0
Q9VNK9,0
Q9VNL3,0
Q9VNL6,0
Q9VNL8,0
Q9VNM1,0
Q9VNM2,0
Q9VNM3,0
Q9VNM4,0
Q9VNM5,0
Q9VNM6,0
Q9VNM7,0
Q9VNM8,0
Q9VNM9,0
Q9VNN1,0
Q9VNN2,0
Q9VNN3,0
Q9VNN4,0
Q9VNN5,0
Q9VNN7,0
Q9VNN9,0
Q9VNP0,0
Q9VI06,0
Q9VI07,0
Q9I7L3,0
Q9VI08,0
Q9VI09,0
Q8SX24,0
Q9VI12,0
Q9VI15,0
Q9VI16,0
Q9VI20,0
Q9VI21,0
Q9VI23,0
Q9VI24,0
Q9VI25,0
Q9VI26,0
Q9VI27,0
Q9VI32,0
Q9VI33,0
Q9VI34,0
Q4V5H8,0
Q9VI39,0
Q9VI40,0
Q9VI51,0
Q9VI52,0
Q9VI53,0
Q9VI54,0
Q9VI55,0
Q9VI56,0
Q9VI57,0
Q9VI58,0
Q9VI64,0
Q9VI65,0
Q9VI67,0
Q9VI69,0
Q9VI70,0
Q9ND98,0
Q9VI74,0
Q8T3W3,0
Q9VI78,0
Q9VI79,0
Q9VI80,0
Q9VI81,0
Q9VI82,0
Q9VI83,0
Q9VI84,0
Q9VI85,0
Q9VI96,0
Q9VI98,0
Q9VIA5,0
Q9VIA6,0
Q9VIA7,0
Q8STI6,0
Q9VIB2,0
Q9VI05,0
Q9VI04,0
Q9VI03,0
Q9V3Z2,0
Q9VI02,0
Q8SYU5,0
Q9VI00,0
Q9VHZ9,0
Q9VHZ8,0
Q9VHZ7,0
Q95SM3,0
Q8SXK2,0
Q8SXF0,0
Q9VHY2,0
Q9VHX9,0
Q9VHX7,0
Q9VHX6,0
Q9VHX5,0
Q9VHX4,0
Q9VHX2,0
Q9VHX1,0
Q9VHX0,0
Q9VHW9,0
Q9VHW6,0
Q9VHW5,0
Q9VHW1,0
Q9VHW0,0
Q9VHV9,0
Q7K4L8,0
Q9VHV6,0
Q9VHV5,0
Q9VHV3,0
Q9VHV2,0
Q9VHV1,0
Q8I8V0,0
Q95T08,0
Q9VHU1,0
Q9VHT9,0
Q9VHT8,0
Q9VHT6,0
Q9VHT5,0
Q9VHT2,0
Q9VHT1,0
Q9VHT0,0
Q8MSM9,0
Q9VHS8,0
Q9VHS7,0
Q9VHS4,0
Q9VHS3,0
Q9VHS0,0
Q9VHR9,0
Q9VHR8,0
Q9VHR7,0
Q9VHR5,0
Q9VHR4,0
A0A1Z1CGZ7,0
Q9VHQ7,0
Q9VHQ6,0
Q9VHQ5,0
Q9VHQ2,0
Q9VHP4,0
Q9VHP3,0
Q9VHP1,0
Q9VHN8,0
Q9VHN7,0
Q9VHN6,0
Q9VHN5,0
Q9VHN4,0
Q9VHN3,0
Q8MYW9,0
Q9VHN1,0
Q9VHN0,0
Q8INQ3,0
Q9VHM8,0
Q9VHM7,0
Q9VHM6,0
Q9VHM5,0
Q9VHM4,0
Q9VHM3,0
Q9VHM2,0
Q0KIA2,0
Q9I7K6,0
Q9VHM0,0
Q9VHL9,0
Q8SZ60,0
Q9VHL4,0
Q9VHL2,0
Q9VHL1,0
Q9VHL0,0
Q9VHK9,0
Q9VHK6,1
Q9VHK5,0
Q9VHJ8,0
Q9VHJ7,0
Q9VHJ5,0
Q9VHJ4,0
Q9VHJ2,0
Q9VHJ0,0
Q9VHI8,0
Q9VHI7,0
Q9VHI6,0
Q95RX5,0
Q9VHI3,0
Q9VHI1,0
Q9VHH9,0
Q9VHH8,0
Q9VHH7,0
Q9VHH5,0
Q9VHH1,0
Q9VHH0,0
Q9VHG8,0
Q9VHG7,0
Q9VHG6,0
Q9VHG5,0
Q9VHG4,0
Q9VHG3,0
Q9VHG0,0
Q9VHF9,0
Q9VHF8,0
Q9VHF7,0
Q9VHF6,0
Q9VHF5,0
Q9VHF2,0
Q9VHF0,0
Q9VHE6,0
Q9VHE5,0
Q9VHE4,0
Q9VHE3,0
Q8MRQ4,0
Q9VHE0,0
Q9VHD3,0
Q9VHD2,0
Q9VHD1,0
Q9VHC8,0
Q9VHC4,0
Q9VHC5,0
Q9VHC2,0
Q9VHC0,0
Q9VHB9,0
Q9VHB8,0
Q9VHB6,0
Q9VHB4,0
Q9VHB3,0
Q9VHB2,0
Q9VHB1,0
Q9VHB0,0
Q9VHA9,0
Q9VHA8,0
Q709R6,0
Q9VHA6,0
Q9VHA5,0
Q9VHA4,0
Q9VHA2,0
Q9VH99,0
Q9VH97,0
Q9VH95,0
Q9VH93,0
Q9VH90,0
Q9VH85,0
Q9VH84,0
Q9VH82,0
Q9VH80,0
Q9VH79,0
Q9VH78,0
Q9VH75,0
Q59DX8,0
Q9VH72,0
Q9VH71,0
Q9VH70,0
A8JQW5,0
Q9VH66,0
Q9VH65,0
Q9VH64,0
Q9VH63,0
Q9VH62,0
Q9VH61,0
Q9VH60,0
Q9VH59,0
Q9VH58,0
Q9VH57,0
Q4V3H4,0
Q9VH55,0
Q9VH54,0
Q9VH48,0
Q9VH46,0
Q9VH45,0
Q9VH39,0
Q9VH38,0
Q9VH37,0
Q9VH36,0
Q8T913,0
Q9VH32,0
Q9VH31,0
Q9VH28,0
Q9VH26,0
Q9VH20,0
Q9VH18,0
Q9VH17,0
Q9VH13,0
Q9VH12,0
Q9VH09,0
Q9VH08,0
Q9VH02,0
Q9VH00,0
Q8INM3,0
Q9VGZ8,0
V9HVU8,0
Q9VGZ4,0
Q9VGZ2,0
Q9VGZ1,0
Q9VGZ0,0
Q9I7K3,0
Q9VGY8,0
Q9VGY5,0
Q9VGY3,0
Q9VGY1,0
Q9VGY0,0
Q9VGX9,0
Q9VGX7,0
Q9VGX5,0
Q9VGX0,0
Q9VGW7,0
Q9VGW4,0
Q9VGW3,0
Q9VGW2,0
Q9VGW0,0
Q9VGV9,0
Q9VGV8,0
Q9VGV7,0
Q9VGV6,0
Q9VGV5,0
Q9VGV3,0
Q9VGV1,0
Q9VGV0,0
Q7K0L7,0
Q9VGU7,0
Q9VGU5,0
Q9VGU4,0
Q9VGU3,0
Q9VGT9,0
Q8T4D6,0
Q9VGS6,0
Q9VGS3,0
Q9VGS2,0
Q9VGS1,0
A8JQX6,0
Q9VGR8,0
Q9VGR7,0
Q9VGR2,0
Q9VGR1,0
Q9VGR0,0
Q9VGQ9,0
Q9VGQ8,0
Q9VGQ7,0
Q9VGQ4,0
Q9VGQ3,0
Q9VGQ2,0
Q9VGQ1,0
Q9VGP7,0
Q9VGP4,0
Q9VGP3,0
Q9VGP2,0
Q9VGP1,0
Q9VGP0,0
Q9VGN9,0
Q9VGN8,0
Q9VGN7,0
Q9VGN6,0
Q8INK6,0
Q961T8,0
Q9VGM5,0
Q9VGM4,0
Q7KSQ0,0
Q9VGM2,0
Q9VGM0,0
Q9VGL9,0
Q9VGL8,0
Q9VGL7,0
Q95RA7,0
Q8MRF5,0
Q9VGL2,0
Q9VGL1,0
Q9VGL0,1
Q9VGK7,0
Q9VGK3,0
Q9VGK1,0
Q9VGJ9,0
Q9VGJ8,0
Q9VGJ7,0
Q9VGJ6,0
Q9VGJ5,0
Q9VGJ3,0
Q9VGJ1,0
Q9VGJ0,0
Q8T4A5,0
Q8T088,0
Q9VGI6,0
Q9VGI1,0
Q9VGI0,0
Q8SXC2,0
Q9VGH2,0
Q9VGH0,0
Q9VGG8,0
Q9VGG6,0
Q9VGG5,0
Q9VGG4,0
Q8INJ3,0
Q8MYX4,0
Q9VGF3,0
Q9VGF1,0
Q9VGE8,0
Q9VGE6,0
Q9VGE4,0
Q9VGE3,0
Q9VGE2,0
Q9VGD8,0
Q9VGD7,0
Q9VGD6,0
Q95TZ4,0
Q9VGD4,0
Q9VGD1,0
Q9VGD0,0
Q9VGC7,0
Q8T3U8,0
Q9VGC5,0
Q9VGC3,0
Q9VGC2,0
Q9VGC1,0
Q9VGC0,0
Q9VGB9,0
Q9VGB8,0
Q9VGB5,0
Q9VGB4,0
Q9VGB3,0
Q9VGB2,0
Q9VGB1,0
Q9VGA8,0
Q9VGA7,0
Q95RN0,0
Q9VGA5,0
Q9VGA4,0
Q9VGA3,0
Q9VGA2,0
Q9VGA0,0
Q9VG91,0
Q8SXQ9,0
Q9VG87,0
Q9VG86,0
Q9VG81,0
Q9VG80,0
Q9VG77,0
Q9VG76,0
Q9VG74,0
Q9VG73,0
Q9VG72,0
Q9VG69,1
Q8T4G9,0
Q9VG64,0
Q9VG63,0
Q9VG62,0
Q9VG61,0
Q9VG60,0
Q9VG59,0
Q4LBB9,0
Q9VG51,0
Q0KI77,0
Q9VG48,0
Q9VG47,0
Q9VG46,0
Q9VG45,0
Q9VG44,0
Q9VG43,0
Q9VG42,0
Q9VG40,0
Q9VG36,0
Q4V5X1,0
Q9VG33,0
Q9VG30,0
Q9VG29,0
Q9VG28,0
Q9VG24,0
Q9VG23,0
Q9VG22,0
Q9VG21,0
Q9VG19,0
Q9VG17,0
Q8INI2,0
Q9VG15,0
Q9VG14,0
Q9VG13,0
Q9VG11,0
Q9VG08,0
Q9VG07,0
Q9VG06,0
Q9VG05,0
Q9VG03,0
Q9VG04,0
Q8MS90,0
A8JQZ4,0
Q9VFZ4,0
Q9NG27,0
Q9VFY6,0
Q9VFY5,0
Q9VFY4,0
Q9VFY3,0
Q9VFY2,0
Q9VFY1,0
Q9VFX8,0
Q9VFX6,0
Q9VFX5,0
Q9VFX4,0
Q9VFX3,0
Q9VFX2,0
Q9VFX1,0
Q9VFX0,0
Q9VFW9,0
Q9VFW6,0
Q9VFW5,0
Q9VFW3,0
Q8INH2,0
Q9VFW0,0
Q9VFV9,0
Q9VFV8,0
Q8SXL2,0
Q9VFV5,0
Q95RA9,0
Q9VFV3,0
Q9VFV2,0
Q9VFV0,0
Q9VFU7,0
Q9VFU4,0
Q9VFU3,0
Q9VFU2,0
Q9VFU1,0
Q9VFT9,0
Q9VFT7,0
Q9VFS9,0
Q9VFS8,0
Q8T9L5,0
Q9VFS6,0
Q9VFS4,0
Q9VFS1,0
Q9VFS0,0
Q9VFR4,0
Q9VFR3,0
Q9VFR2,0
Q9VFR0,0
Q9VFQ4,0
Q9VFP9,0
Q9VFP8,0
Q9VFP7,0
Q9VFP5,0
Q9VFP1,0
Q9VFP0,0
Q9VFN9,0
Q95V55,0
Q9VFN7,0
Q4V4I9,0
Q9VFN5,0
Q8ITC9,0
Q9VFN3,0
Q9VFN2,0
Q9VFN1,0
Q7KSK2,0
Q9VFM9,0
Q9VFM6,0
Q9VFM5,0
Q9VFM2,0
Q9VFM0,0
Q9VFL8,0
Q9VFL7,0
Q9VFL4,0
Q9VFL3,0
Q9VFL2,0
Q9VFL0,0
Q9VFK5,0
O77134,0
Q9VFK3,0
Q9VFJ3,0
Q9VFJ2,0
Q9VFJ1,0
Q9VFJ0,0
Q9VFI9,0
Q4V5L4,0
Q9VFI7,0
Q9VFI6,0
Q9VFI5,0
Q9VFI4,0
Q9VFI3,0
Q8T3L3,0
Q9VFH8,0
Q9VFH5,0
Q9VFH6,0
Q8SX54,0
Q9VFH2,0
Q8MSC4,0
Q9VFG7,0
Q9VFG5,0
Q9VFG4,0
Q9VFG2,0
Q9VFG1,0
Q9VFG0,0
Q9VFF6,0
Q95T10,0
Q9VFF3,0
Q9VFF0,0
Q9VFE9,0
Q9VFE8,0
Q9VFE7,0
Q9VFE6,0
Q9VFE4,0
Q9VFE2,0
Q9VFE1,0
Q9VFE0,0
Q9VFD9,0
Q9VFD6,0
Q9VFD5,0
Q9VFD1,0
Q9VFD0,0
Q9VFC9,0
Q9VFC7,0
Q8INF0,0
Q9VFC4,0
Q9VFC0,0
Q9VFB9,0
Q8MRT7,0
Q9VFB7,0
Q9VFB6,0
Q9VFB3,0
Q9VFB2,0
Q9VFA9,0
Q9VFA3,0
Q9VFA2,0
Q9VFA0,0
Q9VF94,0
Q9VF93,0
Q9VF91,0
Q9VF89,0
Q9VF87,0
Q9VF86,0
Q9VF81,0
Q9VF80,0
Q960K8,0
Q9VF77,0
Q9VF72,0
Q9VF70,0
Q9VF71,0
Q9VF68,0
Q9VF65,0
A8JR17,1
Q9VF59,0
Q4V645,0
Q9VF56,0
Q9VF55,0
Q8IND5,0
Q9VF51,0
Q9VF50,0
Q9VF46,0
Q9VF45,0
Q9VF44,0
Q9VF43,0
Q8T485,0
Q9VF41,0
Q9VF40,0
Q9VF39,0
Q9VF38,0
Q9VF36,0
Q9VF34,0
Q9VF31,0
Q9VF28,0
Q9VF25,0
Q9VF23,0
Q9VF20,0
Q9VF19,0
Q9VF16,0
Q9VF14,0
Q9VF10,0
Q9VF09,0
Q9VF08,0
Q9VF06,0
Q9VF05,0
Q9VF04,0
Q9VF00,0
Q9VEZ7,0
Q9VEZ6,0
Q9VEZ4,0
Q9VEZ2,0
Q9VEY9,0
Q9VEY5,0
Q9VEY4,0
Q9VEY3,0
Q9VEY1,0
Q9VEY0,0
Q961R9,0
Q9VEX1,0
Q9VEW9,0
Q9VEW8,0
Q9VEW7,0
Q9VEW6,0
Q9VEW5,0
Q9VEW3,0
Q9VEW2,0
Q9VEW1,0
Q9VEW0,0
Q9VEV7,0
Q9VEV6,0
Q9VEV5,0
Q9VEV4,0
Q9VEV3,0
Q9VEV2,0
Q4V5J3,0
Q9VEU9,0
Q9VEU6,0
Q9VEU5,0
Q8SZ16,0
Q9VEU2,0
Q9VEU1,0
Q9VEU0,0
Q9VET4,0
Q9VET3,0
Q9VET2,0
Q9VES9,0
Q9VES7,0
Q9VES6,0
Q9VES5,0
Q9VES4,0
Q9VES1,0
Q9VES0,0
Q9VER7,0
Q9VEQ6,0
Q9VEQ3,0
Q9VEQ2,0
Q9VEQ1,0
Q9VEQ0,0
Q9VEP8,0
Q95TJ6,0
Q9VEP4,0
Q9VEP3,0
Q9VEP2,0
Q9VEP1,0
Q9VEP0,0
Q8MT06,0
Q9VEN6,0
Q9VEN5,0
Q8SX89,0
Q9VEN2,0
Q9VEN0,0
Q9VEM8,0
Q9VEM7,0
Q9VEM6,0
Q9VEM5,0
Q9VEM4,0
Q8IH13,0
Q9I7J2,0
Q9VEM1,0
Q9VEM0,0
Q9VEL9,0
Q9VEL7,0
Q9BMG9,0
Q9VEL2,0
Q9VEK6,0
Q9VEK5,0
Q9VEK4,0
Q9VEK3,0
Q9VEK2,0
Q9VEK1,0
A8JR34,0
Q9VEJ9,0
Q9VEJ7,0
Q9VEJ4,0
Q9VEJ3,0
Q9VEJ0,0
Q9VEI6,0
Q9VEI3,0
Q9VEI2,0
Q9VEH9,0
Q9VEH8,0
Q9VEH7,0
Q9VEH6,0
Q9VEH5,0
Q9VEH4,0
Q9VEH3,0
Q9VEH2,0
Q9VEH0,0
Q9VEG9,0
Q9VEG5,0
Q9VEG3,0
Q9VEG2,0
Q9VEG1,0
Q9VEF5,0
Q9VEF4,0
Q9VEF3,0
Q9VEF1,0
Q9VEF0,0
Q9VEE9,0
Q9VEE3,0
Q9VED7,0
Q9VED6,0
Q9VED4,0
Q9VED2,0
Q9VED1,0
Q9VED0,0
Q960M4,0
Q9VEC8,0
Q9VEC4,0
Q9VEC3,0
Q9VEC2,0
Q9VEC1,0
Q9VEC0,0
Q9VEB7,0
Q9VEB5,0
Q9VEB6,0
Q9VEB4,0
Q9VEB3,0
Q9VEB2,0
Q9VEA9,0
Q9VEA7,0
Q9VEA6,0
Q9VEA3,0
Q9VEA2,0
Q9VEA0,0
Q9VE99,0
Q9VE98,0
Q9VE97,0
Q9VE94,0
Q9VE92,0
Q9VE91,0
Q9VE88,0
Q9VE87,0
Q9VE86,0
Q9VE85,0
Q9VE80,0
Q9VE79,0
Q9VE78,0
Q9VE77,0
Q9VE71,0
Q9VE68,0
Q9VE63,0
Q9VE61,0
Q9VE59,0
Q9VE58,0
Q9VE57,0
Q9VE56,0
Q9VE49,0
Q8T0F3,0
Q9VE46,0
Q9VE45,0
Q59DW1,0
Q9VE40,0
Q9VE39,0
Q9VE38,0
Q8SYL0,0
Q9VE34,0
Q86P61,0
Q9VE32,0
Q9VE31,0
Q9VE30,0
Q8T975,0
Q9VE26,0
Q8T390,0
Q9VE24,0
Q7KSC4,0
Q9VE19,0
Q9VE12,0
Q9VE11,0
Q9VE10,0
Q9VE08,0
Q9VE07,0
Q9VE04,0
Q9VE02,0
Q9VE01,0
Q9VE00,0
Q9VDZ9,0
Q9VDZ8,0
Q9VDZ2,0
Q9VDZ1,0
Q9V3Q7,0
Q9VDY7,0
Q9VDY6,0
Q9VDY5,0
Q9VDY4,0
Q9VDY3,0
Q9VDY0,0
Q8SXS7,0
Q9VDX6,0
Q9VDX5,0
Q8MSG8,0
Q9VDX1,0
Q9VDW9,0
Q9VDW7,0
Q9VDW5,0
Q4V480,0
Q9VDW0,0
Q9VDV9,0
Q9VDV8,0
Q9VDV7,0
Q9VDV6,0
Q9VDV5,0
Q9VDV4,0
Q9VDV3,0
Q9VDV2,0
Q9VDV0,0
Q9VDU8,0
Q9VDU4,0
Q9VDU3,0
Q9VDU2,0
Q9VDU1,0
Q9VDU0,0
Q9VDT8,0
Q9VDT6,0
Q9VDT5,0
Q9VDT4,0
Q9VDT3,0
Q9VDT2,0
Q9VDT1,0
Q9I7J1,0
Q9VDS7,0
Q9VDS5,0
Q9VDS3,0
Q9VDS2,0
Q9VDS1,0
Q9VDS0,0
Q9VDR9,0
Q9VDR6,0
Q9VDR5,0
Q9VDR1,1
Q8MSE6,0
Q8MSG5,0
Q9VDQ6,0
Q9VDQ5,0
Q9VDQ4,0
Q9VDQ3,0
Q8T0D9,0
Q9VDP9,0
Q9VDP8,0
Q9VDP7,0
Q9I7J0,0
Q9VDP6,0
Q8MSA3,0
Q9VDN6,0
Q9VDN4,0
Q9I7I7,0
Q9VDN3,0
Q9VDN2,0
Q9VDM7,0
Q9VDM6,0
Q9VDM3,0
Q9VDM1,0
Q7K2N3,0
Q9VDL3,0
Q9VDL4,0
Q9VDL2,0
Q9VDL1,0
Q9VDL0,0
Q9VDK9,0
Q9VDK7,0
Q9VDK6,0
Q9VDK3,0
Q9VDK2,1
Q9VDJ9,0
Q8T062,0
Q9VDJ8,0
Q9VDJ7,0
Q9VDJ3,0
Q9VDI8,0
Q8MYL1,0
Q9VDI6,0
Q9VDI5,0
Q9VDI3,0
Q8SY05,0
Q9VDH9,0
Q9VDH8,0
Q9VDH5,0
Q9VDH4,0
Q9VDH3,0
Q9VDH2,0
Q8SXY1,0
Q9VDG4,0
Q9VDG3,0
Q9VDF9,0
Q9VDF7,0
Q9VDF6,0
Q9VDF1,0
Q9VDF0,0
Q9VDE9,0
Q9VDE8,0
Q9VDE4,0
Q9VDE2,0
Q9VDE1,0
Q8SZZ8,0
Q9VDD9,0
Q9VDD8,0
Q9VDD5,0
Q9VDD4,0
Q9VDD1,0
Q9VDD0,0
Q9VDC9,0
Q9VDC8,0
Q86NP2,0
Q9VDC5,0
Q9VDC4,0
Q9VDC2,0
Q9VDC1,0
Q9VDC0,0
Q9VDB8,0
Q8IN35,0
Q9VDB7,0
Q9VDA5,0
Q4V551,0
Q9VDA0,0
Q9VD98,0
Q8T3R9,0
Q9VD92,0
Q9VD91,0
Q9VD87,0
Q9VD83,0
Q9VD82,0
Q9VD81,0
Q9VD71,0
Q9VD68,0
Q9VD66,0
Q9VD65,0
Q9VD64,0
Q9VD63,0
Q9VD61,0
Q9VD59,0
Q9VD58,0
Q8MS27,0
Q95SI7,0
Q9VD55,0
Q9VD53,0
Q9VD52,0
Q9V3B4,0
Q9VD50,0
Q9VD49,0
Q9VD47,0
Q9VD44,0
Q9VD40,0
Q9VD35,0
Q9VD34,0
Q9VD33,0
Q9VD32,0
Q9VD31,0
Q9VD30,0
Q9VD29,0
Q9VD28,0
Q9VD26,0
Q9VD25,0
Q9VD23,0
Q9VD22,0
Q4V4S9,0
Q8T8W6,0
Q9VD17,0
Q9VD16,0
Q9VD15,0
Q9VD14,0
Q961E2,0
Q95RA8,0
Q9VD09,0
Q9VD08,1
Q9VD07,0
Q9VD02,0
Q9VD01,0
Q9VD00,0
Q9VCZ9,0
Q9VCZ8,0
Q9VCZ7,0
Q9VCZ5,0
Q9VCZ4,0
Q9VCZ3,0
Q9VCZ2,0
Q9VCZ0,0
Q9VCY8,0
Q9VCY6,0
Q9VCY1,0
Q9VCX6,0
Q9VCW5,0
Q8IMZ9,0
Q9VCW3,0
Q9VCW1,0
Q9VCW0,0
Q9VCV9,0
Q9VCV8,0
Q9VCV7,0
Q9VCV3,0
Q9VCV0,0
Q9VCU9,0
Q9VCU8,0
Q9VCU6,0
Q9VCU5,0
Q9VCU3,0
Q9VCU2,0
Q9VCU1,0
Q9VCT9,0
Q8MQR6,0
Q9VCT7,1
Q9VCT6,0
Q9VCT5,0
Q9VCT3,0
Q9VCT2,0
Q9VCS9,0
Q9VCS8,0
Q9VCS4,0
Q962I0,0
Q9VCS2,0
Q9VCS1,0
Q9VCS0,0
Q9VCR9,0
Q9N6D8,0
Q9VCR7,0
Q9VCR4,0
Q9VCR2,0
Q8T490,0
Q9VCR0,0
Q9VCQ9,0
Q9VCQ8,0
Q9VCR3,0
Q9VCQ7,0
Q9VCQ6,0
Q9VCQ3,0
Q9VCQ2,0
Q9VCP4,0
Q9VCP1,0
Q9VCP0,0
Q9VCN9,0
Q8MZ03,0
Q9VCN5,0
Q9VCN4,0
Q9VCN3,0
Q9VCM8,0
Q9VCM6,0
Q9VCM3,0
Q9VCM2,0
Q9VCM1,0
Q9VCM0,0
Q9VCL9,0
Q9VCL7,0
Q9VCL6,0
Q9VCL5,0
Q9VCL4,0
Q9VCL3,0
Q9VCL2,0
Q9VCL1,0
Q9VCK9,0
Q9VCK8,0
Q9VCK7,0
Q9VCK6,0
Q9VCK2,0
Q9VCK1,0
Q9VCJ9,0
Q9VCJ8,0
Q9VCJ6,0
Q9VCJ3,0
Q9VCJ2,0
Q9VCJ0,0
Q9VCI9,0
Q9VCI7,0
Q86BN8,0
Q9VCI5,0
Q9VCI4,0
Q9VCI3,0
Q9VCI0,0
Q9VCH9,0
Q9VCH8,0
Q9VCH7,0
Q9VCH5,0
Q9VCG6,0
Q9VCG4,0
Q9VCG3,0
Q9VCG0,0
Q7KS38,0
Q9VCF8,0
Q9VCF6,0
Q9VCF4,0
Q9VCF1,0
Q9VCF0,0
Q9VCE9,0
Q9VCE6,0
Q8IMX7,0
Q8I0P1,0
Q9VCD9,0
Q9VCD5,0
Q9VCD4,0
Q9VCD3,0
Q9VCD2,0
Q9VCD1,0
Q9VCD0,0
Q9VCC8,0
Q9VCC7,0
Q9VCC6,0
Q961G2,0
Q9VCC4,0
Q9VCC3,0
Q9VCC2,0
Q9VCC1,0
Q9VCB9,0
Q9VCB7,0
Q9VCB5,0
Q9VCB2,0
Q9VCB1,0
Q9VCA9,0
Q9VCA5,0
Q9VCA0,0
Q9VC98,0
Q9VC94,0
Q9VC93,0
Q9VC92,0
Q9VC90,0
Q9VC89,0
Q8SZ63,0
Q9VC87,0
Q9VC86,0
Q9VC84,0
Q9VC83,0
Q9VC81,0
Q9VC80,0
Q9VC79,0
Q9VC78,0
Q9VC77,0
Q9VC76,0
Q9VC75,0
Q9VC70,0
Q9VC68,0
Q9VC67,0
Q9VC66,0
Q9VC65,0
Q9VC63,0
Q9VC61,0
Q9VC60,0
Q9VC58,0
Q9VC57,0
Q9VC56,0
Q9VC54,0
Q9VC50,0
Q9VC49,0
Q9VC48,0
Q9VC40,0
Q9VC39,0
Q8MRW5,0
Q961C4,0
Q9VC36,0
Q9VC34,0
Q8IMV6,0
Q9VC30,0
Q9VC28,0
Q9VC27,0
Q8MZG0,0
Q9VC24,0
Q9VC23,0
Q9VC22,0
Q9VC20,0
Q9VC18,0
Q8MRJ2,0
Q9VC13,0
Q9VC09,0
Q9VC08,0
Q9VC07,0
Q9VC06,0
Q9VC03,0
D0UGE6,0
Q9VBZ9,0
Q9VBZ8,0
Q9VBZ6,0
Q9VBZ5,0
Q9VBZ2,0
Q8SWX6,0
Q9VBZ0,0
Q9VBY7,0
Q9VBY6,0
Q9VBY5,0
Q9VBY4,0
Q9VBY3,0
Q9VBY2,0
Q9VBX6,0
Q9VBX2,0
Q9VBX0,0
Q9VBW9,0
Q9VBW6,0
Q9VBW4,0
Q9VBW1,0
Q9VBW0,0
Q9VBV8,0
Q9VBV6,0
Q9VBV5,0
Q9VBV4,0
Q9VBV3,0
Q9VBV1,0
Q9VBU9,0
Q9VBU8,0
A0A0B4K7J2,0
Q9VBU6,0
Q9VBU5,0
Q9VBU4,0
Q9VBU2,0
Q9VBU0,0
Q8T4C5,0
Q9VBT8,0
Q9VBT7,0
Q9VBT6,0
Q7K025,0
Q9VBT3,0
Q9VBT2,0
Q9VBS9,0
Q9VBS7,0
Q9VBS5,0
Q9VBS4,0
Q9VBS3,0
Q961Q8,0
Q9VBS0,0
Q9VBR9,0
Q9VBR4,0
Q9VBR3,0
Q9VBR1,0
Q9VBR0,0
Q9VBQ9,0
Q9GQN5,0
Q9VBQ7,0
Q9VBQ5,0
Q9VBQ4,0
Q9VBQ3,0
Q9VBQ2,0
Q9VBP8,1
Q9VBP7,0
Q9VBP6,0
Q9VBP5,0
Q9VBP0,0
Q9VBN9,0
Q9VBN8,0
Q9VBN7,0
Q8MT18,0
Q9VBN5,1
Q8MZC4,0
Q9VBM8,0
Q9VBM7,0
Q9VBM6,0
Q9VBM5,0
Q9VBM4,0
Q9VBM3,0
Q9VBM1,0
Q9VBM0,0
Q9VBL8,0
Q9VBL5,0
Q9VBL3,0
Q9VBL2,0
Q9VBL1,0
Q9VBK9,0
Q9VBK8,0
Q9VBK7,0
Q9VBJ9,0
Q868T3,0
Q9VBJ6,0
Q9VBI3,0
Q9VBI1,0
Q9VBI0,0
Q8MSE4,0
Q9VBH8,0
Q9VBH7,0
Q9VBH6,0
Q9VBH3,1
Q9VBH0,0
Q9VBG8,0
Q9VBG6,0
Q9VBG4,0
Q9VBG1,0
Q9VBF9,0
Q9VBF6,0
Q9VBF5,0
Q9VBF0,0
Q9VBE8,0
Q9VBE7,0
Q9VBE6,0
Q9VBE5,0
Q9VBE2,0
Q9VBE1,0
Q9VBE0,0
Q9VBD9,0
Q9VBD8,0
Q9VBD7,0
Q9VBD6,0
Q9VBD5,0
Q9VBD3,0
Q9VBD2,0
Q9VBC8,0
Q9VBC6,0
Q9VBC5,0
Q9VBC4,0
Q9VBC2,0
Q9VBC0,0
Q4V5R2,0
Q9VBB3,0
Q9VBA6,0
Q9VBA2,0
Q9VBA1,0
Q9VBA0,0
Q9VB99,0
Q9VB98,0
Q9VB97,0
Q9VB95,0
Q9VB94,0
Q9VB93,0
Q9VB92,0
Q9VB91,0
Q9VB90,0
Q9VB89,0
Q9VB88,0
Q95SM2,0
Q9VB83,0
Q9VB82,0
Q9VB81,0
Q9VB80,0
Q9VB79,0
Q9VB77,0
Q9VB76,0
Q9VB75,0
Q9VB74,0
Q9VB73,0
Q9VB72,0
Q9VB71,0
Q9VB70,0
Q9VB68,0
Q9VB66,0
Q9VB61,0
Q9VB59,0
Q9VB58,0
Q9VB54,0
Q9VB53,0
Q9VB51,0
Q9VB49,0
Q9VB48,0
Q0KI05,0
Q9VB43,0
Q9VB32,0
Q9VB31,0
Q9VB30,0
Q9VB29,0
Q9VB28,0
Q9VB27,0
Q9VB24,0
Q9VB21,0
Q9VB20,0
Q8SXF2,0
Q9VB18,0
Q9VB17,0
Q7JWS8,0
Q9VB11,0
Q9VB10,0
Q9VB09,0
Q9VB02,0
Q8IH09,0
Q9VAZ3,0
Q9VAZ0,0
Q9VAY9,0
Q9VAY7,0
Q9VAY6,0
Q8MT36,0
Q9VAY4,0
Q9VAY3,0
Q9VAY2,0
A1A708,0
Q9VAY0,0
Q9VAX9,0
Q9VAX8,0
Q9VAX6,0
Q9VAW7,0
Q9VAW6,0
Q9VAW3,0
Q9VAW2,0
Q9VAW0,0
Q9VAV8,0
Q9VAV6,0
Q9VAV2,0
Q9VAU6,0
Q9VAU5,0
Q9VAU4,0
Q9VAU3,0
Q9VAU2,0
Q9VAU1,0
Q9NBC8,0
Q8MYY6,0
Q9VAT8,0
Q9VAT7,0
Q9VAT6,0
Q7KRW8,0
Q9VAT2,0
Q9VAT1,0
Q9VAS4,0
Q9VAS2,0
Q9VAS1,0
Q9VAS0,0
Q9VAR7,0
Q9VAR6,0
Q9VAR2,0
Q9VAR1,0
Q9VAR0,0
Q9VAQ8,0
Q9VAQ7,0
Q9VAQ5,0
Q9VAQ4,0
Q9VAQ3,0
Q9VAQ2,0
Q9VAQ1,0
Q9VAQ0,0
Q9VAP9,0
Q9VAP8,0
Q8IML6,0
Q9VAP6,0
Q9VAP3,0
Q9VAP2,0
Q9VAP1,0
Q9VAP0,0
Q9VAN9,0
Q9VAN8,0
Q961D3,0
Q9VAN4,0
Q8MQS2,0
Q9VAN1,0
Q9VAM9,0
Q9VAM8,0
Q9VAM5,0
Q8IML0,0
Q9VAM2,0
Q9VAL8,0
Q9VAL2,0
Q9VAL1,0
Q7JZY1,0
Q9VAK8,0
Q9VAK7,0
Q7KRW1,0
Q9VAK5,0
Q9VAK3,0
Q9VAK2,0
Q9VAK0,0
Q9VAJ9,0
Q9VAJ7,0
Q9VAJ6,0
Q9VAJ5,0
Q9VAJ4,0
Q9VAJ3,0
Q9VAJ1,0
Q9VAJ0,0
Q9VAI9,0
Q9VAI8,1
Q9VAI7,0
Q9VAI6,0
Q8MZB6,0
Q9VAI4,0
Q9VAI2,0
Q9VAI1,0
Q9VAI0,0
Q9VAH9,0
Q9VAH4,0
Q9VAH2,0
Q8MR58,0
Q9VAG9,0
Q9VAG4,0
Q9VAG3,0
Q9VAF9,0
Q9VAF7,0
Q9VAF5,0
Q9VAF4,0
Q9VAF3,0
Q9VAF2,0
Q8MLY8,1
Q9VAF0,0
Q9VAE6,0
Q9VAE5,0
Q9NIP6,0
Q9VAD7,0
Q9VAD4,0
Q9VAD3,0
Q9VAD1,0
Q9VAC9,0
Q9VAC8,0
Q9VAC7,0
Q7K4R2,0
Q9VAC5,0
Q9VAC4,0
Q9VAC2,0
Q9VAC1,0
Q961U0,0
Q9VAB8,0
Q7K483,0
Q9VAB0,0
Q9VAA9,0
Q9VAA7,0
Q9VAA2,0
Q9VAA1,0
Q9VAA0,0
Q9VA97,0
Q9VA96,0
Q9VA94,0
Q9VA93,0
Q9VA92,0
Q9VA91,1
Q9VA88,0
Q9VA87,0
Q9VA86,0
Q9VA85,0
Q9VA82,0
Q9VA81,0
Q9VA80,0
Q9VA79,0
Q9VA78,0
Q9VA77,0
Q9VA76,0
Q9VA75,0
Q9VA71,0
Q9VA70,0
Q9VA69,0
Q9VA67,0
Q9VA66,0
Q9I7H5,0
Q9VA64,0
Q4V443,0
Q9VA61,0
Q9VA60,0
Q9VA55,0
Q9VA54,0
Q9I7H4,0
Q9VA53,0
Q9VA51,0
Q9VA48,0
Q9VA47,0
Q9VA45,0
Q9VA44,0
Q9VA43,0
Q9VA42,0
Q9VA41,0
Q9VA37,0
Q9VA34,0
Q9VA32,0
Q9VA31,0
Q9VA30,0
Q9VA29,1
Q9VA28,0
Q9VA25,0
Q9VA24,0
Q9VA23,0
Q9VA15,0
Q9VA14,0
Q8SZ78,0
Q8SZA1,0
Q9VA10,0
Q9VA02,0
Q9V9Z9,0
Q9V9Z8,0
Q6NN09,0
Q9V9Z6,1
Q9V9Z5,0
Q9V9Z4,0
Q9V9Z1,0
Q9V9Z0,0
Q9V9Y8,0
Q9V9Y5,0
Q9V9Y4,0
Q9V9Y0,0
Q9V9X7,0
Q9V9X5,0
Q9V9X4,0
Q9V9X3,0
Q9V9X1,0
Q9V9X0,0
Q95TK5,0
Q9V9W5,0
Q9V9W4,0
Q9V9W3,1
Q95TJ9,0
Q9V9V9,0
Q9V9V8,0
Q9V9V7,0
Q9V9V6,0
Q8T9C8,0
Q9V9V4,0
Q9V9V0,0
Q9V9U9,0
Q9V9U7,0
Q9V9U6,0
Q9V9U2,0
Q9V9U1,0
Q95SP2,0
Q8SXK7,0
Q9V9T5,0
Q9V9T2,0
Q9V9T0,0
Q9V9S7,0
Q9V9S4,0
Q9V9S3,0
Q9V4B2,0
Q7JUN3,0
Q9V4C0,0
Q9V4C1,0
Q9V4C4,0
Q9V4C6,0
Q9V4C8,0
Q961D9,0
Q9V4D6,0
Q9V4E0,0
Q7K4Y8,0
Q9V4E6,0
Q9V4E7,0
Q9V4E9,0
Q9V4F3,0
Q9V4F9,0
Q8SXX1,0
Q9V4A1,0
Q9V4A0,0
X2J9E8,0
Q9V493,0
Q9V492,0
Q1RKX1,0
Q7KQM6,0
Q9V481,0
Q9V480,0
Q7PLW4,0
Q9W5Q2,0
Q9W5Q1,0
Q8SYH8,0
A8Y5B0,0
Q86P48,0
Q8SY24,0
Q8SZ06,0
X2JEN8,0
Q7PLE9,0
B7YZT2,0
Q8SYU4,0
Q9W5Y4,0
Q95RI7,0
Q8SZ03,0
Q8T0G4,0
Q9W5H8,0
Q9W5N2,1
Q95RQ7,0
Q8SXJ8,0
Q9W5R5,0
Q9W5P1,0
Q5LJZ2,0
Q8IRZ1,0
Q7PLW3,0
Q6GKZ1,0
Q5LJP6,0
Q9VRS4,0
Q9NIU4,0
Q9VL70,0
Q9V3J8,0
Q9NHV9,0
Q9NFP1,0
Q9V429,0
Q9VEX7,0
Q9VV36,0
Q9V3K3,0
P82891,0
P82890,0
Q9VH07,0
Q9V3I3,0
Q9VB22,0
Q9W3N6,0
Q9V3Z3,0
Q9W228,0
Q7JY62,0
Q8MR48,0
Q9VKL8,0
Q9VLM0,0
Q9VLW1,0
Q9VQX3,0
Q9VQU4,0
Q9VPS1,0
Q9VPS2,0
Q9VY52,0
Q9V393,0
X2JKM9,0
Q9VN89,0
Q9VKJ0,0
Q9VBQ6,0
Q9VCK0,0
Q9VJQ6,0
Q9VUU5,0
Q9VKI0,0
X2J5P0,0
Q9W347,0
Q9V3B6,0
Q9W350,0
Q9VEX6,0
Q9V3J6,0
Q9V3L0,0
Q9VGS8,0
Q9VGT5,0
Q9VGS7,0
Q9VGT2,0
Q9VGT1,0
Q9VGT8,0
Q9VGT4,0
Q9VGT3,0
Q9VJH8,0
Q9VJH9,0
Q9VJI0,0
Q9NG98,0
Q9VEX0,0
Q9V460,0
Q9VNN6,0
Q9W0K0,0
Q9VCD8,0
Q9VXV6,0
Q9VSE6,0
Q9NHX0,0
Q9NHP2,0
Q9VUI5,0
Q9VIF9,0
Q9NI63,0
Q9VLZ3,0
X2JCQ6,0
Q9V3Q4,0
X2JF59,0
Q9NHP8,0
Q9W3K5,0
Q9NHA8,0
Q9VVR4,0
Q9NHB0,0
Q9V4E1,0
X2JI61,0
Q9W4X6,0
Q9V3X4,0
Q9W5B6,0
Q9V439,0
Q9W5C2,0
Q9V3J7,0
Q9V3E0,0
Q9V3D7,0
Q9V410,0
Q9U1L4,0
Q9V3R3,0
Q9V3T1,0
Q9W5C1,0
Q9U1L2,0
Q9V3J5,0
Q9NF73,0
Q9V459,0
Q9V404,0
Q9W4V4,0
Q9W4V2,0
Q9V3X3,0
Q9W5A6,0
Q9U1L6,0
Q9W5A9,0
Q9W5B0,0
Q9W5B1,0
Q9V3A3,0
Q9V3E4,0
Q9V3I0,0
Q9V3V1,0
Q9V3X8,0
Q9V3C6,0
Q9W5B3,0
X2JC14,0
Q9V3G9,0
Q9V3K8,0
X2JD78,0
Q9W4Y0,0
Q9W4Y1,0
X2JE14,0
Q9W5D6,0
X2JA11,0
Q9U1M2,0
Q9W4Y8,0
Q9W4Y6,0
Q9W4Z2,0
Q9W4Z5,0
Q9W4Z6,0
Q9V401,0
Q9W526,0
Q9W525,0
Q9U1K7,0
Q9V3U1,0
Q9W5B4,0
Q9NHV5,0
Q9VN42,0
Q9W381,0
Q9NCC3,0
Q9V6Q2,0
P83262,0
Q9NGX3,0
Q9V3D8,1
Q9VKS4,0
Q95SN4,0
A1Z8L7,0
Q8SWV4,0
Q9VK50,0
Q9W038,0
Q9VK53,0
Q9VK52,0
Q9VV89,0
Q9V4L4,0
Q7PLW5,0
Q9V9P2,0
Q9VHX3,0
Q9VHU7,0
Q9VHS2,0
A8JQV5,0
Q9VHK7,0
Q9VHI4,0
Q9VFX9,0
Q9VFV6,0
E1JIN4,0
Q8SXH7,0
Q9VDL5,0
Q9VD48,0
Q9VCU0,0
Q9VC43,0
Q9VC14,0
Q8SYK4,0
Q9VBF3,0
Q9VBC3,0
Q9VBC1,0
Q9VB45,0
Q9VAL0,0
Q9V9Y7,0
Q9V9Y6,0
Q9VPC2,0
Q9VPA4,0
Q9VP98,0
Q9VRD2,0
Q9VRA5,0
Q9VRA0,0
Q9VR93,0
P82705,0
Q2PE16,0
Q8SYU1,0
Q9W114,0
Q9VI60,0
A1Z6Q2,0
Q9VNK1,0
Q9VN78,0
Q9VN06,0
Q9W0V4,0
Q9VZN5,0
Q9VZH1,0
Q9VZG8,0
Q9VZB7,0
Q9VQ88,0
Q9VQ66,0
Q9VQ65,0
Q4V477,0
Q9VPZ1,0
Q9VPS9,0
Q8T603,0
A1ZBP6,0
Q4V473,0
Q95RA0,0
A1ZB64,0
A1ZB63,0
A1ZB62,0
Q9V8G0,0
A1ZB59,0
A1ZAJ6,0
A1Z9W8,0
Q4V429,0
Q961U4,0
Q7JVR7,0
Q7JW78,0
A8DYB2,0
A1Z8I5,0
A1Z8F3,0
Q8MR37,1
Q7JW00,0
Q8SY76,0
Q95R82,0
A1Z793,0
Q4V6A8,0
Q14WF3,0
Q9VW42,0
Q9VVG5,0
Q9VV37,0
Q4V434,0
Q7KUN9,0
Q9VV12,0
Q9VV08,0
Q6IL42,0
Q9VV03,0
Q7KUN0,0
P83263,0
Q9VU93,0
X2JB24,0
Q9VU56,0
Q9VTP8,0
Q9VTM7,0
X2J8X8,0
Q9VSU3,0
Q9VSP7,0
Q9VSF8,0
Q9VS26,0
Q9VRK1,0
Q9VRK0,0
A1Z6D6,0
Q9VZ67,0
Q9VY65,0
Q9VX52,0
Q9VWH8,0
Q9W5C8,0
Q9W513,0
Q9W512,0
Q9W4L7,0
Q9W4L6,0
Q9W4L4,0
Q9W4L1,0
Q9W423,0
Q9W3Q9,0
Q9W3Q8,0
Q9W3D4,0
Q9W380,0
Q9W2X3,0
Q9W2W8,0
Q9VMK7,0
Q9VMG7,0
Q9VLL9,0
Q9VLL8,0
Q9VLG0,0
Q9VLF6,0
Q9VKK9,0
Q9VKE7,0
Q9VK38,0
Q6IHK7,0
Q9VJL3,0
Q9VJB2,0
Q9VJ49,0
Q9VJ48,0
Q9VIN5,0
Q8SYF7,0
Q9NGZ2,0
Q9VLD9,1
Q9VTH4,0
Q9VTS9,0
Q9VPZ7,0
Q95TI4,0
Q9Y170,0
Q9VJP5,0
Q9VH29,0
Q9VQI9,0
Q9VZL2,0
Q9Y163,0
Q9VSC2,0
Q9VUT8,0
Q6J5K9,0
Q9VZF4,0
Q9V3C1,0
Q9VIT9,0
Q9VLY7,0
Q9VLZ0,0
Q9NFV8,0
Q9VJA1,0
Q9VAN6,0
Q8SWR8,1
Q9VND8,0
Q9VRZ1,0
Q9VK95,0
Q9GYV5,0
Q9VYF3,0
Q8IMQ6,0
Q8IMZ5,0
Q9VD76,0
Q9VTN0,0
Q8IQ72,0
Q9W1N6,0
Q9W1N5,0
Q9W1U5,0
P58985,0
Q9W2B2,0
Q9W2B1,0
P58962,0
Q9V969,0
P58961,0
A1Z881,0
Q9V4K2,0
P58960,0
Q9VKJ7,0
Q9VM09,0
P83292,0
P58954,0
Q9VPT1,0
Q9W4M3,0
P82713,0
Q7K4C7,0
Q95NH6,0
Q9V751,0
Q9W1A4,0
Q9U6B8,0
Q9NG60,0
Q9VUG1,0
Q8IPM8,0
P82986,0
Q9VU27,0
P82984,0
P82983,0
P82982,0
Q9I816,0
Q9NGX6,0
Q9W3C4,0
Q95S03,0
Q7JW01,0
Q9W1A7,0
Q9VNB0,0
Q9W029,0
Q9VG09,0
Q9VFV1,0
Q9W1R1,0
Q9VJQ3,0
Q76NQ1,0
Q9VTZ0,0
Q9VAQ9,0
X2J5L4,0
Q9VIX3,0
Q9V9A7,0
Q7KMJ0,0
Q9VM72,0
Q9VGU6,0
Q9I7V4,0
Q9I7K7,0
Q9I7L0,0
Q9I7K8,0
Q9I7L1,0
Q4V467,0
Q9I7I1,0
Q4V4D1,0
Q9I7H8,0
Q9I7Q9,0
Q8SYH3,0
Q9I7Q5,0
Q9I7N2,0
Q9I7N1,0
Q9I7N3,0
Q9I7M1,0
Q9I7T1,0
Q9I7R7,0
Q9I7L7,0
Q9I7D3,0
Q7JUR6,0
Q9I7R3,0
Q9I7R0,0
Q9I7Y5,0
A1Z758,0
Q9I7L9,0
Q9VV82,0
Q9I7R5,0
Q9I7T3,0
Q9I7V5,0
Q8MSK0,0
Q8IQ70,0
Q9VQ98,0
Q9VQ99,0
X2JDF3,0
Q8T956,0
Q9VZ91,0
Q9VV28,0
Q9I7J8,0
Q9VGA1,0
Q9VG50,0
Q9VAI3,0
Q9VQL6,0
Q9VUD3,1
Q95YI5,0
Q9VEC6,1
Q86P06,0
Q9NFT7,0
Q9NFT9,0
Q9W074,0
Q9V452,0
Q9V444,0
Q9VCJ5,0
Q9V6L9,0
Q9VDC3,0
Q9GRE6,0
Q9VG68,0
Q9I7V7,0
Q9VML2,0
Q9VPQ5,0
Q9VCE2,0
X2JDP6,0
Q8T479,0
Q9W0E8,0
Q7JPN9,0
Q9GP27,0
Q7KE33,0
Q8MVX7,0
Q7KE32,0
Q8MKJ4,0
Q8MKK0,0
Q8MMF9,0
Q8MVX6,0
Q8IQK9,0
Q9V4X2,0
C0HK98,0
Q9VV96,0
Q70PY2,0
Q9VP02,0
Q9VHD0,0
Q9W0Y5,0
Q9W409,0
Q8IMV0,0
Q8IQB7,0
Q9VKS9,0
Q8SZ36,0
Q9VME5,0
Q9W0F4,0
Q9VCA8,0
Q9V9W8,0
Q9VWE0,0
Q8SYY7,0
Q7JWH5,0
Q9VUX3,0
Q9VWI3,0
Q9W4Q9,0
Q9W4Z4,0
Q7KUD5,0
Q9VT53,0
Q9VT52,0
Q9VT50,0
Q9VLT9,0
Q8T9D1,0
Q8MSD7,0
Q8IQ56,0
Q9VZX7,0
Q8I0J3,0
Q8IN42,0
Q8IN41,0
Q9VIR2,0
Q8IN43,0
Q9NIV2,0
Q9VNE7,0
Q9VEV1,0
Q9VE50,0
P83088,0
Q5EAK6,0
Q9VLV9,1
Q8WSF3,0
Q9VIP7,0
Q7KUZ1,0
P83119,0
P83118,0
Q8IN22,0
Q9VD74,0
Q8IN23,0
Q8IN58,0
Q8INM9,0
Q8IPU5,0
Q7KV53,0
P83295,0
P83294,0
P83293,0
Q8MLS6,0
Q9W1V0,0
Q8INZ2,0
Q9VJF2,0
P58955,0
Q9VM08,0
P58953,0
P84180,0
P58951,0
P58950,0
Q9VS05,0
Q961V7,0
Q961W5,0
Q9VT37,0
Q9VJM5,0
Q9VJP8,0
P40809,0
Q8I7Z8,0
Q9VB04,0
Q8SXY6,0
Q9VC32,0
Q9VPV3,0
Q9VCW6,0
Q9VBX3,0
Q9VNG2,0
Q7K4X4,0
Q8T015,0
Q9W1S1,0
Q9VB07,0
Q8SXP1,0
Q9VTT9,0
Q9VNX7,0
Q9VJ22,0
Q95V49,0
P83101,0
P83097,0
X2JIG6,0
P83104,0
P83098,0
Q95V50,0
Q95V51,0
Q9VM93,0
P83103,0
Q9VDG1,0
Q95U06,0
Q8WTI6,0
Q9Y0Z8,0
Q8MZ07,0
Q9VNL2,0
Q9VNL1,0
A1ZBP9,0
A1ZBP7,0
Q8IMN6,0
Q9VB26,0
Q8INZ1,0
Q8SY67,0
Q9VTB4,0
Q8SYR5,0
Q8SYY6,0
Q8SZB7,0
Q95RF7,0
Q9VZ78,0
Q0E8H8,0
Q8T969,0
Q8T983,0
Q7K0B6,0
A1Z7Z8,0
A1Z7X7,0
Q8SXD1,0
Q8MKL1,0
Q95RY5,0
Q95U05,0
A1Z8C9,0
V9H0I1,0
Q8T032,0
Q8T5S9,0
Q86PD3,0
A1Z8J8,0
A1Z8L5,0
C0HKA4,0
Q8STB0,0
A1Z8N1,0
A1Z8R4,0
A1Z8R5,0
Q8MKJ7,0
A1Z8Y3,0
Q8MKL0,0
Q8T3H7,0
A8DRW0,0
Q8T988,0
Q058X1,0
A1Z8Z0,0
A1Z8X5,0
A1Z8Z4,0
A1Z903,0
Q7JVM1,0
Q058Y4,0
Q0E9A7,0
A1Z923,0
A1Z998,0
A1Z9D5,0
Q8T8X1,0
A1Z9Q2,0
Q95TJ2,0
A1Z9Q4,0
A1Z9Q3,0
A1Z9Q5,0
A1Z9Q7,0
A1Z9R9,0
A1Z9S1,0
Q8MKK8,0
A1Z9Y5,0
Q9XZ34,0
A1ZA39,0
A1ZA38,0
Q961E9,0
Q7JRM2,0
A1ZA34,0
Q4QPY7,0
Q7JR99,0
A1ZA99,0
Q4V6F7,0
Q4V653,0
A1ZAD5,0
A1ZAD7,0
Q7K0W4,0
Q8IHE8,0
Q8SZY4,0
Q8IGW9,0
A1ZAX0,0
A1ZAX2,0
Q6NLJ9,0
A1ZB10,0
A1ZB49,0
Q961L9,0
Q1WWC1,0
Q8MRW8,0
A1ZBG7,0
Q9V938,0
Q0E908,0
Q8MKJ9,0
Q8IGL1,0
A1ZBU7,0
Q5U0V4,0
Q4V6M7,0
Q8MQJ0,0
Q7K332,0
Q9W126,0
Q8MLN7,0
Q9W157,0
Q8MLP9,0
Q8MLQ8,0
Q8MLQ2,0
Q8MLR6,0
Q9W1L2,0
Q8MLR5,0
Q8MTU4,0
Q8MRF6,0
Q8T8S5,0
Q9W226,0
Q9W222,0
Q8MKJ5,0
Q3ZAL6,0
Q9W2F8,0
Q9W2E1,0
Q9W1Z3,0
Q9W206,0
Q9W217,0
Q8T3R0,0
Q8MMD6,0
Q8MME9,0
Q8MMD7,0
Q8MZE1,0
Q9W271,0
Q8MZF2,0
Q4V4U2,0
Q95SM8,0
Q8MLV6,0
Q8MLV4,0
Q8MLV9,0
Q8MLV8,0
Q8IRK6,0
Q8IRK5,0
Q8MKK3,0
Q95SK3,0
Q8T443,0
Q9W2Q7,0
Q9W2N4,0
A1ZB07,0
Q058Z8,0
A1ZB09,0
A1Z905,0
Q4QQ93,0
Q8SXR4,0
A1Z7X3,0
Q7JVL3,0
Q95SA1,0
Q961H2,0
Q1EC10,0
Q8SXT6,0
Q961L5,0
Q4QPY6,0
Q8T963,0
A1Z7I6,0
Q8IH95,0
Q8T0N3,0
A1Z7F1,0
Q70GQ8,0
Q7JVN4,0
A1Z7D9,0
A1Z7D7,0
Q8IHG1,0
Q6NLJ5,0
Q4QPU5,0
A1Z7D2,0
A1Z7A6,0
Q8IGB5,0
A1Z7D1,0
Q7JQU6,0
A1Z763,0
A1Z777,0
A1Z773,0
Q4QPY9,0
A8DY62,0
E1JGZ9,0
Q4V4T8,0
Q961R3,0
Q8IHD4,0
Q961P6,0
Q9W2I4,0
Q9W2J0,0
Q8T0V0,0
Q8T8Y8,0
Q8SY25,0
Q8MLV2,0
Q9W2B0,0
Q8SYZ5,0
Q961C9,0
Q8MLS2,0
Q8SZC2,0
Q8SXD3,0
Q8MLS3,0
C5WLM7,0
Q8MLS4,0
Q9W1S2,0
Q9W192,0
Q9W194,0
Q9W117,0
Q8MMD0,0
Q5BIH6,0
Q8MLN2,0
Q8MLN3,0
Q8MLN5,0
Q7YTY9,0
A1Z6K6,0
Q8SYL7,0
Q7K4E0,0
A1Z6F0,0
Q8IGS4,0
A1Z6N4,0
Q4V5M2,0
Q960B3,0
Q8SZD3,0
Q6NMX2,0
Q8MRQ9,1
Q8MTA6,0
Q7JV41,0
Q8MRC9,0
A1ZA17,0
A1ZA27,0
Q7K4H1,0
A1ZA16,0
A1ZA15,0
F7VJS4,0
A1ZA08,0
Q8ML92,0
Q3ZAP0,0
Q8MT63,0
A1Z9J6,0
A1Z9I2,0
Q8MZE9,0
A1Z959,0
Q6NN84,0
Q4V3Y4,0
P82712,0
Q8MKN0,0
A1Z726,0
Q7JRC9,0
Q95RV5,0
Q8SXY2,0
Q7JX94,0
Q9V9X9,0
Q0KHY3,0
Q9V9Z3,0
Q4V6F6,0
Q8IMH2,0
Q8T4G8,0
Q9VA50,0
Q9VA63,0
Q8T5S8,0
Q9VA52,0
Q961I8,0
Q8IMH9,0
Q8IMH8,0
Q8MRN4,0
Q9VA99,0
Q8IMJ2,0
Q8IMJ0,0
Q9VAE4,0
Q9VAE7,0
Q9VAD6,0
Q8IMK8,0
Q8IMM2,0
Q8IMM3,0
Q8IMM9,0
Q8T411,0
Q961F7,0
A8JPJ8,0
Q8IMN9,0
Q8IMR1,0
Q9VB96,0
Q8IMQ4,0
Q8IMQ3,0
Q9VBD4,0
Q8IMR6,0
Q9VBG7,0
Q9VBS6,0
Q8INC8,0
Q9VBK6,0
Q8IMS3,0
Q9VBN2,0
Q8T3V1,0
Q9VBT0,0
Q9VBT1,0
Q8T3Y5,0
Q9VHI9,0
Q8SY00,0
Q9VBV9,0
Q9VBT4,0
Q8IMV2,0
Q8IMT7,0
Q9VBX5,0
Q9VBY9,0
Q8IMU0,0
Q8IMU4,0
Q9VGH7,0
Q9VC31,0
Q9VC26,0
Q9VC17,0
Q9VE69,0
Q8T3J1,0
Q9VC53,0
Q8T4I5,0
Q95T19,0
Q9VCU4,0
Q9VCF2,0
Q8IMY2,0
A4VCL2,1
Q9VIC7,0
Q9VCJ4,0
Q3LHL9,0
Q9VFB5,0
Q9VCX7,0
Q8INH8,0
Q8MRV5,0
Q9VCX4,0
Q8T4E4,0
Q95RX2,0
Q8IN10,0
Q8MRZ4,0
Q9VD89,0
Q9VF17,0
Q8IMX8,0
Q9VDF8,0
Q9VDH1,0
Q8IN49,0
Q8IN25,0
Q9I7I3,0
Q95SN8,0
Q0KI42,0
Q8IMK0,0
Q8IMG8,0
Q8IN51,0
Q8IN59,0
Q8MSJ6,0
Q9VGG3,0
Q9VDR4,0
Q9VDU7,0
Q9VER6,0
A8JR43,0
Q8IN70,0
Q7JRL9,0
Q8SZR6,0
Q9VE54,0
Q8IMY8,0
Q8T959,0
Q8IN78,0
Q1WWA2,0
Q95SQ3,0
Q8MRN5,0
Q9VDX4,0
Q9VDX9,0
Q9VI66,0
Q9VEG8,0
Q8IN95,0
Q8IGQ0,0
Q9VHQ4,0
Q8IN99,0
Q9VEM9,0
Q86NZ6,0
Q8INA0,0
Q8INA5,0
Q8INA1,0
Q9VGX6,0
Q8INA6,0
Q9VGY2,0
Q8INB4,0
Q8IMZ6,0
Q8T3Y4,0
Q8INB8,0
Q8IMT4,0
Q8T423,0
Q8IND6,0
Q8SZQ8,0
Q9VF83,0
Q8SZN1,0
Q8INF7,0
Q8SX07,0
Q8SYP1,0
Q95R29,0
Q8SY93,0
Q8ING1,0
Q8SXS2,0
Q86NY5,0
Q8SWX4,0
Q95U32,0
Q9VG26,0
Q8INI3,0
Q9VH91,0
Q9VG58,0
Q8MSB1,0
Q9VGD9,0
Q8MZ28,0
Q9VGD3,0
Q9I7K0,0
Q8T051,0
Q9VGG9,0
Q9VBS8,0
Q8IMI4,0
Q8INL3,0
Q9VGN5,0
Q8IMS4,0
Q9VGQ5,0
Q9GYV9,0
Q8MSL1,0
Q8IN72,0
Q8INM8,0
Q9VH33,0
Q8IMY3,0
Q8INN3,0
Q9VEL5,0
Q9VEL4,0
Q8IN08,0
Q8IN09,0
Q8IMT3,0
Q8IMT0,0
Q8IMS9,0
Q9VGQ6,0
Q95SR0,0
Q8SYQ9,0
Q9VHQ0,0
Q8SX76,0
Q8INQ8,0
Q8T0D1,0
Q8MZ88,0
Q8INQ7,0
Q9VHT7,0
Q8INR2,0
Q8IN16,0
Q8INL4,0
Q8ING6,0
Q9VHZ5,0
Q8INR5,0
Q9VDY9,1
Q9VH24,0
P31264,0
Q9VI35,0
Q8INT0,0
Q8ING5,0
Q9VI97,0
Q8T4H7,0
Q9VBX4,0
Q9VCM5,0
Q8I0K2,0
Q9VN29,0
Q95T98,0
Q8IPL9,0
Q8T0K3,0
Q8ING2,0
Q8I0F1,0
Q8MZB8,0
Q9VNF4,0
Q9VNC7,0
Q8IPP8,0
Q8SX57,0
Q9VNC5,0
Q8IPP9,0
Q9VNL4,0
Q9VNN8,0
Q8IPR4,0
Q8IMF0,0
Q8IPG8,0
Q8IPF1,0
Q9V9Q2,0
X2JEX4,0
Q9VIE3,0
Q8SXU6,0
Q8INU1,0
Q9VM77,0
Q9VMA6,0
Q8SY02,0
Q9VMA9,0
Q8IPJ5,0
Q9VMC3,0
Q9VMC7,0
Q8IPJ8,0
Q95TG2,0
Q960W0,0
X2JD93,0
Q9VMN6,0
Q9VMQ6,0
Q8IPW3,0
Q8IPX4,0
Q9VR40,0
Q9VQ14,0
Q9VQ52,0
Q9VQ45,0
Q9VQ47,0
Q8IPY0,0
X2J9A5,0
Q8INU6,0
Q8SXV2,0
Q9VII5,0
Q8INV0,0
Q9VIK7,0
Q9VQ95,0
Q8T971,0
Q8IPY7,0
Q8T4D7,0
Q9Y168,0
E1JHM5,0
Q9VQE9,0
Q8T0L2,0
Q9VQI5,0
Q8INW1,0
Q8MS99,0
Q8IME8,0
Q8IME7,0
Q8IPA4,0
Q8T0P4,0
Q9VLF0,0
Q8IPE7,0
Q8IPE4,0
Q9VL63,0
Q4V6M1,0
Q8MYY7,0
Q9VKX1,0
Q8T8T9,0
Q8IPB8,0
Q9VKV0,0
Q8IPD1,0
M9MRI4,0
X2JDZ6,0
Q8IP77,0
Q8MZA2,0
Q9VJH2,0
Q8T403,0
Q9VJA7,0
Q8INY4,0
Q8INX2,0
Q9VL52,0
Q8T471,0
Q9VKA4,0
Q8SZK5,0
Q9VQW0,0
Q9VQW1,0
Q8IA43,0
Q8IQ06,0
Q8SZI8,0
Q4V621,0
Q8INZ5,0
Q8INY2,0
Q8INX8,0
Q8INX9,0
Q8INX6,0
Q9VJ21,0
Q9VIY5,0
Q8INW8,0
Q8INX1,0
Q8T415,0
Q8T3V7,0
Q8INY9,0
X2J6G8,0
Q9VJF8,0
X2JAL6,0
Q8INZ8,0
Q8SX47,0
Q8IP11,0
Q8IP68,0
X2J5Z1,0
Q8IP16,0
Q8IP17,0
Q8IP27,0
Q9VJN0,0
Q8IP31,0
Q9VJN4,0
Q7KT80,0
Q8IP75,0
Q95RF3,0
Q8IP78,0
Q9VJZ5,0
Q8IP73,0
Q8IP85,0
Q9VKA3,0
Q8IP88,0
Q8IPA0,0
Q8IP99,0
Q8IPA1,0
Q8IPB0,0
Q9VKQ0,0
Q8T3Q4,0
Q9VKS5,0
Q9VKT1,0
Q8IPD2,0
Q8T8U8,0
Q8IPD8,0
Q8IPF4,0
Q95RH8,0
Q8MS63,0
Q0E8V6,0
Q8IPI4,0
Q8T9H8,0
Q8IPI2,0
Q8T421,0
Q8IPK2,0
Q8IPK4,0
Q8IPV8,0
Q8IPW7,0
Q8MZ65,0
Q9VQ13,0
Q9VQ11,0
Q9VQ50,0
Q9VQ26,0
Q8MZ75,0
Q8IPY6,0
Q8IPZ7,0
Q9VQQ4,0
Q8IQ10,0
Q8IQ04,0
Q8IA42,0
Q8IQ13,0
Q8IQ15,0
Q95TP0,0
Q9VPI4,0
Q9VPK3,0
Q8IPV2,0
Q9VPK1,0
Q8T0V8,0
Q9VMQ4,0
Q8SY33,1
Q8SYQ4,0
Q9V4B6,0
Q9V4B8,0
Q8T0G2,0
Q8SX31,0
Q8IH18,0
Q8IM93,0
Q8T481,0
Q4V6M5,0
Q8IQB0,0
Q8T0R3,0
Q9VSN3,0
Q9VT02,0
Q95RP1,0
Q8MZ33,0
Q8IQC7,0
Q9VT79,0
Q961E5,0
Q9VT89,0
Q9VT88,0
Q9VT83,0
Q8IQE2,0
Q9VT96,0
Q9VT99,1
Q95R35,0
Q7K1H0,0
Q6AWN0,0
Q9VTE1,0
Q9VTF1,0
Q5JZZ4,0
Q9VTF2,0
Q8IQE7,0
Q8SZY9,0
Q8T8L8,0
Q9VTD5,0
Q8T425,0
X2JCT5,0
Q9VTL8,0
Q8T4E3,0
Q8MR82,0
Q9VTM9,0
Q9VTL3,0
Q95U65,0
Q8SXB3,0
Q9VTV7,0
Q8MYZ2,0
Q9VTX3,0
Q9VTX1,0
Q9VTW5,1
Q8IQI2,0
Q8IQH3,0
Q9VU04,0
Q8IQH8,0
Q8IQI5,0
Q9VU08,0
Q8I0T1,0
Q8IQJ2,0
Q8T917,0
Q8IQJ5,0
Q9VUB7,0
Q8SWR2,0
Q8IQL2,0
Q9VUV0,0
Q8IQN1,0
Q8IQP0,0
X2J948,0
Q8I0S2,0
Q9VVG6,0
Q9VVG9,0
Q9VVJ5,0
Q9VVJ6,0
Q8MSM7,0
Q8IQR2,0
Q9VVK3,0
Q8IQR7,0
Q9VVK9,0
Q9VVK7,0
Q8IQS4,0
Q8IQR9,0
Q8IQS5,0
Q8IQT0,0
Q8IQS8,0
Q9VVQ9,0
Q8IQS7,0
Q4V604,0
Q3HKQ3,0
Q8IQT9,0
R9PY60,0
Q8IQU7,0
Q8IQU5,0
Q8IQU6,0
Q8IQU8,0
Q8MSL7,0
Q8IQV0,0
Q8IQV2,0
Q8IQV4,0
Q9VWB0,0
Q9VWA7,0
Q9VWA5,0
Q8SYJ2,0
Q8IRA1,0
Q9VZ79,0
Q9VZ97,0
Q8I0L0,0
Q8MZ22,0
Q8IRA7,0
Q8IRB1,0
Q8IRB2,0
Q9VZD9,0
Q8IRB5,0
P83297,0
Q4QQ81,0
Q8IRB8,0
Q9VZM6,0
Q8IRC8,0
Q9VZN2,1
Q8MSE9,0
Q8IRD0,0
Q9VZQ4,0
Q8SYS8,0
Q8IRE0,0
Q8IRE2,0
Q9VZQ5,0
Q8IRE1,0
Q9VZU0,0
Q7YXH9,0
Q95S57,0
Q8IRE4,0
Q8IRD7,0
Q8MS92,0
Q9VZY2,1
Q8IRF1,0
Q8MTV1,0
Q9W030,0
Q8IRF4,0
Q8IRF5,0
Q9W053,0
Q86BQ2,0
Q7KVC2,0
Q8IRH2,0
Q8IRH3,0
Q9W0I1,0
Q9W0R7,0
Q8SY39,0
Q8SX81,0
Q9VSM7,0
Q9VSK1,0
Q8IQA2,0
Q9VSB3,1
Q8IQ94,0
Q9VSB2,0
Q8IQA0,0
Q8SYF5,0
Q9VS87,0
Q9VS65,0
Q9VS60,0
Q9VS71,0
Q8IQ79,0
E1JI53,0
Q9VRY7,0
Q9VRX3,0
Q9VRU7,0
Q8I0P8,0
Q9VRS2,0
Q9VRR3,0
Q8MR24,0
Q9VRQ9,0
Q8I936,0
Q8SWS7,0
Q8MSV2,0
Q9VPE1,1
Q9VPE6,0
Q9VPA1,1
Q9VP43,0
Q9VP41,0
Q9VP12,0
Q8IPT5,0
Q8IPT1,0
Q8SYH1,0
Q8MR63,0
Q95RR1,0
Q9VNZ5,0
Q8IPS9,0
Q8MRL1,0
Q9VNR2,0
Q960E9,0
E2QCY3,0
Q9VNQ6,0
Q8IPS1,0
Q8IPS5,0
Q8IPZ0,0
Q9VFW7,0
Q9W0V7,0
Q8SYV9,0
Q9W0L7,0
Q8IRI8,0
Q9VZW0,0
Q8I941,0
Q9VZW4,0
Q8SXC9,0
Q9VR69,0
Q8IQ30,0
Q9VRE4,0
Q9VRF8,0
Q8IQ51,0
Q9VWD0,0
Q9VWC2,0
X2JL88,0
Q9VWI5,0
Q9VWJ3,0
Q8IQX0,0
Q8IQX3,0
Q59E37,0
Q9VWU8,0
Q9VWV5,0
Q8IQY1,0
Q8IQZ4,0
Q9VX11,0
X2JE68,0
Q8IR01,0
Q9VXB7,0
Q8IR09,0
Q8IR10,0
Q8IR11,0
Q9VXB8,0
Q9VXD7,0
Q8MSN0,0
Q8SYX1,0
Q8IR18,0
Q8IR22,0
Q8IR26,0
Q8T8R7,0
Q8IR45,0
Q8IR43,0
Q9VXZ4,0
Q8IR50,0
Q9VY33,0
B6VQA0,0
Q8IR52,0
Q8IR57,0
Q8IR64,0
X2JFA0,0
Q9VYB9,0
Q960J9,0
Q8IR72,0
Q8IR70,0
Q8IR75,0
Q8IR73,0
Q8IR74,0
Q9VYG5,0
Q9VYJ3,0
Q9VYI6,0
Q9VYI7,0
Q8IR82,0
X2JJP5,0
Q8IR83,0
X2JBD0,0
Q0KHT7,0
Q8IR95,0
Q8IR94,0
P83740,0
Q8IR98,0
Q9VZ47,0
X2JJA8,0
Q8IRK8,0
Q9W2S1,0
Q8SXD4,1
X2JB44,0
Q8IRL3,0
Q8IRL0,0
Q9W2V2,0
Q9W2Y5,0
Q8MSL5,0
Q9W2U2,0
Q8IRL8,0
X2JEN5,0
Q9W312,0
Q9W316,0
Q0KHU5,0
Q9W332,0
Q9W354,0
Q9W365,0
Q8IRM9,0
Q9W395,0
Q9W394,0
Q8IRN4,0
Q8IRN3,0
Q8IRP2,0
Q8IRP4,0
Q8IRP3,0
Q8MYU1,0
Q9W3U1,0
Q9W3T5,0
P83548,0
X2JDW2,0
Q8IRR3,0
Q95RH3,0
X2JIH1,0
Q8IRR6,0
Q9W4E8,0
X2JIB5,1
Q9W4M2,0
Q8IRS9,0
Q8IRT0,0
Q9W4R3,1
Q0KHW3,0
Q9W4V0,0
Q8IRW0,0
Q9W545,0
Q95SA4,0
Q8IRX1,0
Q8IRX5,0
Q9W5A0,0
Q8IRY5,0
Q8IRY9,0
Q8IRY8,0
Q8IRZ3,0
Q8IPI9,0
Q8IPA8,0
Q8INZ7,0
Q95SI6,0
A0A0B4JCV5,0
Q8SZ11,0
Q8IRJ5,0
Q8I942,0
Q8IQM1,0
Q8SX35,0
Q8INC0,0
Q8INC7,0
Q9VN23,0
Q86BB7,0
Q86BK9,0
Q9VLE4,0
Q9VLH6,0
Q86BL8,0
Q8MRT9,0
Q86BM4,0
Q86BM3,0
Q86BM2,0
Q86BM8,0
Q86BM9,0
A1Z8X9,0
Q8T445,0
Q86BI8,0
Q8IQQ4,0
Q9VP69,0
Q961L8,0
Q86BH3,0
Q86BI5,0
Q86BI6,0
X2JAJ7,0
Q86B65,0
A1Z7C4,0
Q8T0Q8,0
Q86B82,0
Q9VDI1,0
Q9VBX7,0
Q9VBX8,0
Q9VG88,0
Q86B83,0
Q8T3K5,0
Q9VCY2,0
Q9VCE8,0
Q9VFL9,0
Q9VCY5,1
Q9VCH2,0
Q9VMW4,0
Q9VIU4,0
Q8INV7,0
Q9VJ41,0
Q9VLV3,0
Q9VQ85,0
Q86BM7,0
Q9NAZ4,0
Q86B58,0
Q9VQ12,0
Q9VKM8,0
Q5U0V2,0
A1Z993,0
Q8T0H4,0
Q7JRQ1,0
Q9W233,0
Q7JR34,0
Q7JZU2,0
Q9V8L9,0
Q0E985,0
Q8IGP4,0
Q9VV61,0
Q9VZT0,0
Q9VZS9,0
Q8SY72,0
Q8IH85,0
Q86B53,0
Q86B54,0
X2JF29,0
Q9VJF7,0
X2JFC3,0
X2JE61,0
Q9V6L0,0
Q86BA8,0
Q961W9,0
Q8I9B4,0
Q9VCR6,0
Q8T0X8,0
Q9U3W7,0
Q86BE9,0
A1Z7L4,0
Q9N2P6,0
Q8MRE6,0
Q9VAS3,0
Q8SXK4,0
Q86BA1,0
Q9VAY8,0
Q8MS38,0
Q7KVT0,0
Q7KVM7,0
Q95RM0,0
Q7KVB0,0
Q8MZA6,0
A8JNI7,0
Q7KV13,0
Q7KV14,0
Q7KV18,0
Q7KV19,0
Q7KV22,0
Q7KV23,0
Q7KUX0,0
Q7KUP8,0
Q2PDZ1,0
Q0E8E7,0
Q7KUI9,0
Q7KUJ0,0
Q7KUI0,0
Q7KUG7,0
Q7KUG2,0
Q7KUG3,0
Q7KUG4,0
Q7KUG8,0
Q7KU86,0
Q8SY49,1
Q8SYV8,0
Q9VQP0,0
Q7KTX0,0
Q7KTX1,0
Q7KTX4,0
B7Z095,0
Q7KTW3,0
Q7KTW2,0
Q7KTW1,0
Q95TA8,0
Q7KTJ8,0
Q7KTG1,0
Q7KTF6,0
Q9VL46,0
Q8IPD5,0
Q8IH64,0
Q8IH33,0
Q961T9,0
Q7KT81,0
Q7KT77,0
Q8MSP5,0
Q7KSU5,0
Q7KSK1,0
Q7KSF2,0
Q7KS40,0
Q9VC85,0
Q8IMW8,0
Q7KS23,0
Q7KRX0,0
Q8T0X9,0
A1Z6S4,0
A1ZBI2,0
A1ZBI1,0
A1ZAG8,0
Q4V532,0
A1ZA41,0
A1ZA59,0
A1ZA51,0
A1Z9X7,0
A1Z9S4,0
A1Z9S3,0
Q8ML70,0
A1Z891,0
A1Z887,0
A1Z886,0
A1Z885,0
A8DZ28,0
Q7KRT9,0
Q8IHF8,0
Q8MST3,0
Q7KUE6,0
Q86P02,0
X2JCQ7,0
X2JCR4,0
Q7KUG9,0
Q7KR10,0
Q8MSW9,0
A1Z9W2,0
Q86LG9,0
Q59DY1,0
Q59DY2,0
Q59DY3,0
Q59DX6,0
X2JDW0,0
Q6NLM7,0
Q59E13,0
Q8IS44,0
Q8MT81,0
Q9VRR4,0
Q9VPU9,0
Q6IGX9,0
Q6IGA4,0
Q59DZ7,0
Q59DY6,0
Q59DY5,0
Q59E38,0
Q59E14,0
A1ZAJ5,0
Q9VEE5,1
X2JI38,0
Q59DY8,0
Q8I8U7,0
Q86NV5,0
Q59E67,0
E1JGY9,0
A1Z8Z5,0
A1Z8Z6,0
Q4AB38,0
Q4AB37,0
Q0E9B1,0
Q6II06,0
Q9VWX4,0
Q4ABG1,0
Q4ABG0,0
Q4ABF9,0
Q4ABF8,0
Q4ABF7,0
Q4ABF6,0
Q4ABJ8,0
X2JAG3,0
Q9NHE5,0
Q4AB39,0
Q4AB23,0
Q2MGP7,0
Q2MGP2,0
Q2MGP3,0
Q2MGP4,0
Q2MGP5,0
Q2MGP6,0
Q4ABI5,0
Q4ABF4,0
Q4ABK2,0
Q4ABJ3,0
Q4ABJ2,0
Q4ABJ1,0
Q4ABJ0,0
Q9VT27,0
Q4ABI6,0
Q4ABI7,0
Q4ABI8,0
Q4ABK3,0
Q4ABJ9,0
Q0KI29,0
Q4ABG8,0
X2JB11,0
A1Z922,0
A1Z7U8,0
A1Z7U7,0
Q2MGL5,0
Q4ABI0,0
Q4ABH9,0
Q4ABH8,0
Q4ABH7,0
Q4ABH6,0
Q4ABH5,0
Q4ABH4,0
Q4AB21,0
A1Z7U3,0
A1Z924,0
Q4ABK1,0
Q4AB36,0
Q4AB35,0
A1Z931,0
Q4ABJ4,0
Q4ABJ5,0
A1Z977,0
Q4ABE3,0
Q4ABD8,0
Q4AB94,0
Q4ABI1,0
A1Z6U0,0
A1Z6L8,0
Q4AB20,0
Q4ABI3,0
Q4ABI4,0
Q9VSZ0,0
Q4ABH2,0
Q4ABF1,0
A1ZB47,0
Q86NX3,0
Q2MGL9,0
Q2MGL8,0
Q95S02,0
Q9VBF7,0
Q2MGM0,0
Q2PDR0,0
Q2PDM3,0
Q7KUN4,0
Q2PDY7,0
Q2PDY8,0
Q9I7V0,0
Q6NR09,0
Q2MGK7,0
Q6IG52,0
Q2PDX2,0
Q2PDZ4,0
Q2PDU0,0
Q6IG80,0
Q2PDS0,0
Q6IJL2,0
Q2PDV0,0
Q2PDV5,0
Q6ILD8,0
Q6IIA4,0
A1Z8X1,0
Q2PE06,0
Q2PE22,0
Q2PDQ0,0
Q6III4,0
Q6IGZ9,0
Q6ILN6,0
Q6IGS3,0
E1JIS4,0
Q2PE11,0
A8E6W0,0
Q2PE19,0
Q2PDP5,0
Q0KIG0,0
A1ZBJ7,0
A8WHB7,0
Q6IH48,0
Q6IGP4,0
Q9W0L4,0
Q2PE09,0
Q8SYC3,0
Q8SYG3,0
Q7PLK6,0
Q95RS6,0
Q8MZH9,0
Q8SWU8,0
Q8IH77,0
Q7PLK1,0
Q7PL73,0
Q7PLV6,0
Q9W0Y6,0
Q8T414,0
Q95TC3,0
Q8MLQ0,0
Q9VXE6,1
A1Z8D3,0
Q7K2V9,0
A1Z933,0
Q8SYJ9,0
A1ZBX4,0
Q8T8S7,0
Q9VTH1,0
Q9VA00,0
Q9VRU2,0
Q9VUB8,0
Q9VA22,0
Q9VHS6,0
Q9W3X9,0
Q7JX57,0
Q9VAM6,0
Q8SX38,0
Q9VZZ8,0
Q8IRZ5,0
Q7JQ02,0
Q8MLY9,0
Q8I7C3,0
Q7K8X7,0
Q8T8R2,0
Q8MR33,0
Q7JZM3,0
Q5BI69,0
A1ZB69,0
Q8SYR1,0
Q7JYZ9,0
Q4V6J1,0
Q9VEY2,0
Q8SXQ8,0
Q8MQI6,0
Q8IRJ6,0
Q86BL4,0
Q9VRG6,0
Q0KHQ1,0
Q0KI47,0
Q9VRE6,0
Q6NL44,0
R9Q794,0
Q7KV62,1
Q8T0R7,0
Q9XZ12,0
Q3YMS6,0
Q9VX82,0
Q7KUZ2,0
Q86LG7,0
Q9VL84,0
Q86LH1,0
Q962S2,0
Q9VBN1,0
O97422,0
A1Z6S1,0
Q8SXX5,0
X2JLB5,0
Q9VZE0,0
Q8IRK9,0
Q9W297,0
Q7KT14,0
Q7KT13,0
B9A0M5,0
Q8MQV6,0
Q8INF2,0
Q9VFF2,0
Q9V474,0
Q7KSA5,0
Q9VDL7,0
Q9W5W4,0
Q9NB04,0
P82701,0
P83869,0
Q7KVM8,0
Q9I7K5,0
Q9VKP2,0
Q9W144,0
Q8SY69,0
Q5LJU1,0
A8Y4V5,0
Q6NNV7,0
Q9VA59,0
Q961J0,0
Q9VS59,0
Q9VG78,0
Q9VLZ8,0
Q9W2U8,0
Q9VWX8,0
Q45WI1,0
Q3HKQ0,0
Q8SXY7,0
Q6IHA3,0
Q0KI89,0
Q0IGY6,0
Q4V516,0
Q0KIB1,0
Q0KI85,0
Q0E906,0
Q0E8D0,0
Q0KI97,0
X2JG15,0
Q0E8T7,0
Q0E8T6,0
Q8IPL3,0
Q9VIC6,0
Q9VBG5,0
Q0KI07,0
Q0KI28,0
Q0E8V7,0
Q8IMK1,0
Q0E8L1,0
Q0KIA0,0
Q6IH25,0
Q0E8M3,0
A1A701,0
Q9VDP5,1
Q0E8K6,0
Q0E9E6,0
Q8IQI9,0
A8JUR3,0
R9PY33,0
Q0E959,0
A4V381,0
Q0KI27,0
Q0KI15,0
Q0KHY5,0
Q9NGL1,0
Q0E8M7,0
Q9VL29,0
A2VEK7,0
A8DYZ4,0
M9PDA5,0
Q6IHN1,0
Q6IHH7,0
Q8MYT4,0
Q6IHC3,0
Q9VJM1,0
A2VEH9,0
A8DZ13,0
X2JEK1,0
Q6IHY5,0
A8DZ22,0
Q6IHY4,0
A1A6N9,0
A8DYU5,0
A8DYV0,0
A8DYV1,0
X2J753,0
A8DYV9,0
A8DYY2,0
A8DYY3,0
A8DYY5,0
A8DYD4,0
A8DYD8,0
Q6IGD9,0
A8DYG6,0
A8DYH0,0
A8DYH2,0
A8DYH5,0
A8DYH6,0
A1ZAY5,0
Q6IG77,0
Q6IG37,0
Q6IM52,0
Q6IGW6,0
A8DYJ9,0
A8DYK0,0
A8DYK8,0
Q6IH01,0
Q9W287,0
A8DYL4,0
A8DYL6,0
A8DYL9,0
Q6IGY0,0
A8DY46,0
A8DY47,0
A2VEK1,0
Q6IGX8,0
A8DY49,0
A8DY55,0
Q6IGU9,0
A8DY73,0
A8DY89,0
A2VEI5,0
A8DYA0,0
Q6IGP6,0
Q6IGP5,0
A1Z8H0,0
Q6IGN6,0
A8DYA9,0
A8DYB1,0
Q6IGL8,0
A0A1B2AKX6,0
A8DYC7,0
A2VEM8,0
A8JNQ7,0
A1A6X2,0
A1A6Q4,0
C9QP99,0
Q6IL43,0
Q7KUP0,0
X2JB67,0
A1A716,0
A8JNV2,0
A8JNV4,0
C5WLR9,0
A8JNW0,0
Q6ILZ2,0
M9PFS9,0
A8JNW5,0
A8JNG8,0
Q6ILW3,0
A8JNL0,0
A1A6X5,0
A8JNH4,0
A8JNH5,0
A8JNL8,0
Q6IK18,0
A2VEQ2,0
Q9VF11,0
A8JQT7,0
Q6IJW6,0
A8JR30,0
A8JR33,0
Q9VEI0,0
Q9VE43,0
A8JR38,0
Q6IJR5,0
A1A724,0
A2VEQ4,0
Q6IJF3,0
B7Z0P3,0
A8JRA0,0
A8JRD6,0
Q6IJ53,0
A8JRE2,0
A8JRF1,0
Q6IJ01,0
A8JQU5,0
A1A709,0
A8JRH0,0
A8JRH2,0
Q6IKG0,0
A2VEV0,0
A8JQW9,0
A2VEX9,0
A1A711,0
A0A1Z1CK50,0
A8DYW4,0
A8DT49,0
A8DZ10,0
A8DYT9,0
A8DYC6,0
A1A6X9,0
A8JRG8,0
Q6IIF2,0
A8JUT0,0
A2VEV2,0
Q9VYC9,0
X2JFG6,0
A8JV30,0
Q6II68,0
Q9VWM9,0
Q7KUV4,0
X2JFW7,0
Q7KWG5,0
A8JUV4,0
A2VEW8,0
A8JV15,0
A0AVV3,0
X2J8Z1,0
E2QCY5,0
A8DYR4,0
E2QCZ6,0
Q9VZ05,0
Q059C4,0
A8JPQ1,0
E1JJ00,1
Q9VCG8,0
M9PF67,0
Q0IGY5,0
P33085,0
Q01583,0
Q9VAX3,0
R9PY39,0
M9PCS1,0
Q5U1A7,0
Q9W2B5,0
Q86P20,0
Q9W1T6,0
Q9VCS5,0
Q9VD05,0
X2J909,0
A1Z9P3,0
R9PY37,0
R4GRV6,0
Q29R15,0
A8JR03,0
E2QD61,0
A1Z6H9,0
Q1ECA0,0
Q4V427,0
Q6NN22,0
Q4QQ69,0
Q7K3Z6,0
Q9VQM8,0
R9PY62,0
X2JDY7,0
Q9W2L9,0
A8DYK6,0
X2JDL7,0
A8DWJ8,0
R9PY27,0
Q4V495,0
Q8IMA8,0
Q9VF74,0
Q9W0Y8,0
Q95TG6,0
X2JJ95,0
A8JPF3,0
X2JJX6,0
Q86BN4,0
Q8MQW8,0
Q8MS31,0
X2JIN0,0
X2JCJ4,0
Q961E6,0
R9PY26,0
Q9W1R6,0
Q8MLS1,0
A8JQT2,0
A8JNN8,0
A8JNN9,0
A8JNS2,0
A8JNS3,0
A8DY63,0
A8DY64,0
A8JRH4,0
A8JRH5,0
Q9W4B1,0
A8JRE8,0
A8JRF0,0
A8DYC5,0
Q9VLJ5,0
Q29QT4,0
A8DYD6,0
A8DYD7,0
Q4V6L7,0
A8DYM4,0
Q4V566,0
A8DYT7,0
X2JJ56,0
Q8MRK8,0
D5AEM5,0
A8JNT2,0
A8JNG7,0
A8JNG6,0
Q7KUC2,0
Q9VSW3,0
Q4V4V0,0
A8DYG0,0
A8DYG7,0
A8DYG8,0
A8JNN4,0
A8QIA9,0
G5CKU5,0
A8QI13,0
A0A0C4DHN0,0
A8Y548,0
A0A0C4DHN6,0
A8QI20,0
A8QI32,0
Q9XZ21,0
Q9VPT3,0
P40301,1
Q9VIF5,0
Q8T045,0
Q9VTK9,0
Q9VMK3,0
Q9VMK5,0
Q9VB05,0
Q23978,0
Q9VSL3,0
Q7K4M4,0
P29613,0
Q9N9Z9,0
Q8STG9,0
Q9NFL3,0
Q9VH19,0
Q9VAK1,0
Q9V9Y9,0
Q95R48,0
Q9W369,0
Q9W5D4,0
Q9XZL8,0
Q9VFW4,0
Q9VI75,0
Q8SYT2,0
X2JFU0,0
Q9W1Z6,0
Q9VJ14,0
Q9V434,0
Q9VIZ3,0
Q9VIZ2,0
Q9VIZ1,0
Q9VIZ0,0
Q9GRX1,0
Q9W374,0
Q9VM75,0
P48588,0
Q7JZV0,0
Q6NR46,0
Q9W418,0
Q8MYS2,0
Q9VN19,0
Q0KID5,0
Q7KS21,0
Q9I7Q6,0
Q9VDY1,0
Q7KHG2,0
Q8T0Q4,1
Q9V3Y8,0
Q9VJH6,0
Q9VYB7,1
Q9VYI0,0
Q9GQQ0,0
Q95NU8,0
U3PV63,0
P16241,0
Q8INX4,0
Q8SYI1,0
Q9VFH4,0
Q9U972,1
Q8T9E5,0
Q9V3W0,0
Q9W3W0,0
X2JGB3,0
Q9VNA8,0
Q9VQ36,0
Q9VA06,0
Q9VSS1,0
Q9VJ87,0
Q9VU83,0
Q9VJ19,0
Q9VJQ7,0
Q5U117,0
Q7K4K7,0
Q9VQ30,0
Q27869,0
Q9VWI9,0
Q9V9Q6,0
Q24049,0
Q8IGJ0,0
Q9VU87,0
Q9VPM7,0
Q8SXU0,0
A1Z9L3,0
Q7JUF2,0
Q94518,0
Q9I7U4,0
P04657,0
Q32KD2,0
Q9VJ68,0
Q9VPM5,0
Q9VP48,0
P16909,0
Q9VU52,0
A8Y592,0
Q9V496,0
Q9VN91,0
Q9VUE8,0
Q9VWF2,0
Q5BIB8,0
Q9VN38,0
Q9VN44,0
Q9V3V7,0
Q9VUQ5,0
Q9VSH1,0
P06606,0
B7YZW2,0
X2J6K6,0
Q9VDQ7,0
Q9VHV8,0
Q9VQL3,0
Q9VB78,0
Q8SX98,0
Q9VBD0,0
Q8INS9,0
Q9VNA5,1
Q9VNE2,0
Q8SXM6,0
Q9V9T1,0
Q9VBK2,0
Q8SWV9,0
Q00963,0
P13395,0
Q23983,0
Q9VV75,0
Q9VRS6,0
Q7PLK0,0
Q8MSS5,0
Q9VDD7,0
Q8T4B6,0
A1A6P9,0
Q9VEX2,0
Q8T4C7,0
A8JNR8,0
A2VEH6,0
A8DY71,0
Q9W5T4,0
Q3HKQ1,0
P81160,0
Q5U126,0
Q7KT82,0
Q9VQE1,0
Q9VS22,0
Q9V3I1,0
Q0E8X7,0
Q9VN72,0
Q9VQA3,0
Q8T499,0
P12881,1
X2J8F7,0
Q9VI77,0
Q4V6L1,0
Q0E8T1,0
Q9V3U6,0
Q8T0J9,0
Q86BY9,0
A1ZAZ9,0
X2JBI9,0
B7YZX8,0
B7YZJ3,0
Q7K0D1,0
Q9VYS2,0
Q9W4V8,0
Q7KA43,0
Q9W4B0,0
Q01604,0
Q9W5U2,0
Q9VBC9,0
Q4LBB6,0
B7Z0I5,0
A1A753,0
Q9VUI3,0
Q9VZ33,0
Q9W596,0
X2JE21,0
Q9VM32,0
P26019,0
Q9VGH5,0
Q9VTP0,0
X2JEY3,0
Q9W201,0
Q9VBJ3,0
B7Z085,0
Q9W477,0
B7Z0W9,0
P83474,0
Q9VBX1,0
Q9VRA9,1
Q9VT47,0
Q9VRT4,0
Q9VY47,0
Q8IQ55,0
X2JFM3,0
Q8IRL4,0
Q9VYJ0,0
Q9VS25,0
Q9VVI3,0
Q9VUH1,0
X2J847,0
Q8T8Q6,0
Q9W1Z4,0
B7YZH0,0
A1Z9K9,0
B7YZQ4,0
B7YZQ6,0
B7Z0X6,0
B7Z0X5,0
B7Z0Y1,0
Q9VQ68,0
B7Z0P2,0
Q9VCM4,0
Q9VXT4,0
Q9VXT8,0
A8JUP9,0
B7Z0I7,0
Q9VZY7,0
B7YZX3,0
B7YZK1,0
B7Z0C9,0
B7Z0X7,0
P53777,0
Q8MLN9,0
Q95RD9,0
Q9VN82,1
Q59DZ1,0
Q9V4C7,0
Q9VDH6,0
Q9V4C2,0
Q7K076,0
Q8T0I4,0
Q8T0M8,0
B7Z103,0
Q9VZP1,0
Q86P35,0
Q0KI81,0
X2JIR4,0
Q9VPZ4,0
B7YZU7,0
Q1M2P7,0
Q9VC42,0
Q95RQ6,0
Q9VUS2,0
Q9VD85,0
Q7JWT7,0
Q9VP73,1
Q9VZ43,0
R9PY17,0
Q9VPA7,0
E1JIM8,1
X2JCW3,0
Q8MRS3,0
Q95T81,0
Q9VL13,0
Q7K0E3,0
Q9VPH2,0
Q0KHN6,0
Q95SK9,0
Q9VYN1,0
Q7K1Q6,0
X2JAN0,0
P10040,0
Q9VXJ7,0
Q8IR21,0
B9A0M4,0
B7Z0I1,0
B7Z0I0,0
Q9VDZ4,0
Q9VDZ5,0
Q9W136,0
B7YZN1,0
Q1RKZ2,0
B7YZN3,0
Q8T3P2,0
Q9VL64,0
R9PY51,0
A4IJ70,0
Q9VME1,0
Q9VME2,0
B7YZZ0,0
B7YZH8,0
G4LTX2,0
B7Z0J4,0
B7Z107,0
B7YZN6,0
B7YZN4,0
B7YZN8,0
A1Z7R9,0
Q9W175,0
C0HJX4,0
C0HJX5,0
A3RLR0,0
A3RLR1,0
X2JAX8,0
Q9VJJ9,1
Q9VD46,0
B7YZH2,0
B7YZI3,0
B7Z064,0
Q6IKC0,0
B7Z137,0
Q9W135,0
Q9V4M2,0
Q6ILC6,0
Q9Y0Z0,0
Q9VP57,0
X2BZL0,0
Q9VVR2,0
Q8T3Y0,0
Q7K2S9,0
B8K3A5,0
Q9VPK5,0
H1UUM0,0
X2JDV0,0
Q9VFA8,0
Q9VUW9,0
A1A750,0
Q6IGM9,0
Q9V3F9,0
B3DN53,0
Q8WR59,0
Q9VJU5,0
E1JI70,0
Q8INB5,0
A8WH76,0
C0P8M9,0
Q960I4,0
E1JJH1,0
Q9VWP8,0
E1JI98,0
E1JIA5,0
Q7KU81,0
O44081,0
Q9VGZ5,0
B4ZJ89,0
C9QNZ6,0
B9EQU3,0
B4ZJ91,0
E1JHS1,0
E1JHS4,0
E1JHS5,0
E1JHS6,0
E1JHS7,0
B4ZJ93,0
C0PV13,0
E1JHF6,0
E1JHF7,0
E1JHF8,0
C9QPH0,0
E1JHG2,0
D1Z365,0
B4ZJ99,0
Q6IGA5,0
E1JGX1,0
B4ZJA2,0
B4ZJA3,0
E1JHZ6,0
B4ZJA4,0
B4ZJA5,0
E1JJ84,0
B4ZJA7,0
Q8MZ32,0
Q7K1T1,0
Q8MT58,0
Q9VJP9,0
Q9VJW9,0
Q8T085,0
Q59E55,0
E1JHG3,0
E1JIZ7,0
E1JIX4,0
E1JIF0,0
Q9W4A6,0
Q9W5U8,0
Q9W5U9,0
Q9VDW6,0
Q9VDD3,0
Q9VHY7,0
Q9U6W3,0
E1JH37,0
L7EET3,0
Q9V392,0
Q95U25,0
E1JIB5,0
A2VER2,0
Q9VU68,0
E1JGR4,0
E1JGR3,0
E1JIY8,0
Q9VFM4,0
E1JHL4,0
P0C919,0
E1JIJ2,0
E1JIJ1,0
E1JI01,0
E1JIQ5,0
E1JIG6,0
E1JJL6,0
Q9VHJ3,0
Q9I7R2,0
E1JH07,0
E1JGK8,0
F3YDE1,0
A8E795,0
Q9VW97,0
Q7JUY8,0
Q95TN8,0
P16914,0
A1ZB42,0
Q8IP62,0
Q6IDD5,0
E1JH75,0
M9PH57,0
E1JI94,0
E1JH38,0
Q8MT47,0
Q8IMI5,0
Q9VSL8,0
Q9V3G6,0
Q9V3Q9,0
Q9VXH6,0
Q0E8T4,0
Q9VMF5,0
Q9VKP4,0
Q9VKP3,0
Q9W1M5,0
Q9W124,0
Q9GN97,0
Q9VU69,0
Q9VW08,0
Q9VN93,0
Q9VH92,0
Q9VFR1,0
Q9VDQ0,0
Q8SXS0,0
Q9VAA6,0
Q9VMV3,0
Q8IGJ1,0
Q95R73,0
Q9W2G1,0
Q95TF4,0
Q8MRL6,0
Q8IPS7,0
Q9NCW8,0
C4NYP8,0
Q9VM04,0
Q9VB40,0
B5A5T4,0
P15330,0
Q9VCH1,0
Q24306,1
P23257,0
Q7KSY7,0
E1JIB1,0
E1JIB0,0
E1JJ70,0
E1JI09,0
Q8IPX7,0
Q9VW34,0
Q9VW22,0
X2JC20,1
Q8MS07,1
Q8INE9,0
X2JGC3,0
E1JJ79,0
Q9VGG0,0
Q9VGF8,0
Q9VGF7,0
Q9VGF5,0
Q9VGF0,0
Q9VGE7,0
X2JFJ0,0
X2JFU3,0
Q9VL07,0
Q9VL10,0
X2JDL2,0
Q9W0M6,0
E1JHX0,0
E1JHJ7,0
Q9VAD5,0
Q0KHZ2,0
Q4V3Z6,0
E1JGT6,0
E1JH94,0
A1ZAX7,0
Q9VI17,0
Q9W219,0
A8DYM6,0
E1JGV4,0
Q9W362,0
Q9W1A1,0
M9PFC9,0
E1JI06,0
Q9VE09,0
X2JEK3,0
Q9W363,0
Q9VFY9,0
Q9VN58,0
Q9VTG0,0
P32865,0
Q9NHP1,0
Q95RZ0,0
Q9VQM4,0
O77434,0
Q9VRL2,0
Q9VVX6,0
Q9W3M8,0
Q9VSY8,0
Q9VA95,0
Q9VLI9,0
Q9W0N6,0
Q8SWW8,0
E1JJ97,0
E1JJS0,0
Q6II41,0
Q6II39,0
E1JJR5,0
E1JJR7,0
Q9VW39,0
Q9V629,0
Q9VPR0,0
Q9V8V8,0
Q9VHH2,0
Q9VRP5,0
X2JC54,0
Q9VD72,0
Q9VTV6,0
Q9VCY7,0
Q9VVE5,0
Q02427,0
Q9VU14,0
E1JHI4,0
Q7JUM5,0
Q9VV87,0
Q9XYZ5,0
Q8MT20,0
Q9VU16,0
E1JI68,0
E1JI69,0
E1JJ15,0
Q9W3M3,0
E1JJG8,1
Q95SG9,0
P53034,0
X2JDV3,0
Q9UB09,0
Q9VAH7,0
Q95R61,0
A0A0C4DHN4,0
E1JHP6,0
D2A6L3,0
Q9VNE4,0
Q7KN62,0
Q8WTI8,0
A8DQW8,0
B7Z0L8,0
Q9VLQ1,0
Q95R75,0
Q9VEJ5,0
Q9VHB5,0
Q9VGW1,0
C4NAN9,0
Q6IHT7,0
C4NAP2,0
C4NAP3,0
M9PG65,0
E1JIS3,0
C4NAP6,0
Q9VLS5,0
Q9VE51,0
Q9W2K2,0
Q9VYE1,0
Q9VN04,0
Q9I7M6,0
Q9VUJ6,0
Q9VHR6,0
Q9VUR1,0
Q9VS33,0
Q9VTE9,0
Q9VE23,1
Q7KLW9,0
Q9VI63,0
Q05192,0
Q9W0E4,0
X2JDP4,0
Q9VXD1,0
Q9Y102,0
Q95SN5,0
Q9VNG9,0
Q9VE20,0
Q9VKD7,0
E1JH12,0
Q9V475,0
A1Z9N6,0
O18373,0
Q9V3A6,0
Q95U20,0
Q9VZ21,0
Q59DY7,0
Q9VD13,0
Q9VW37,1
Q9W3T7,0
Q8T950,0
Q8IH00,0
Q9VBQ0,0
Q9VAT5,0
Q2MGK0,0
Q4AB33,0
A1ZAG5,0
A1ZAG6,0
Q4ABJ6,0
Q9VW31,0
E1JHL3,0
P0DKM0,0
E1JII1,0
E1JHK5,0
Q4V3Y0,0
A4V243,0
Q9VW35,0
Q9W1V6,0
Q7KVF6,0
Q9VGW9,0
Q9VTM5,0
Q9W485,0
Q9V4P1,0
Q58L88,0
Q7PLI7,0
Q95U30,0
P18053,0
Q9VA12,0
P25161,1
Q94882,0
Q95V52,0
Q9VVL2,0
B7Z069,0
Q9Y148,0
Q9VN10,0
Q9VMY9,0
Q7KTH8,0
Q94523,0
Q9W5A5,0
Q95SJ7,0
Q9W5H1,0
Q8T0S6,0
Q9VPX7,0
Q9VWL9,0
Q95TX5,0
Q9V9U4,0
A0A0B4JD70,0
A0A0B4JD69,0
M9PG48,0
M9MSL9,0
C0PV67,0
X2J6N9,0
Q8IP58,0
M9MSG1,0
Q9U983,0
Q9VZA9,0
Q9VJT4,0
Q9VT40,0
M9MRQ3,0
Q9VEC5,0
X2J8E8,0
Q9V3P2,0
E0R7Q3,0
F0JAT1,0
A0A0B4JD61,0
Q8MRX6,0
Q9Y150,0
X2JEJ9,0
Q9I7I8,0
Q9GQN4,1
X2JGK1,0
Q9W2I0,1
Q8SXX4,0
Q9VW85,0
Q9XZ56,0
Q9VNI7,0
Q9W081,0
R9PY40,0
Q9W1X3,0
Q9VVB8,0
Q6IHI1,0
M9MRU4,0
M9MRP0,0
X2JKZ0,1
Q9VJS0,0
Q59E36,0
X2JCN4,0
Q9VBR6,0
